                                       1                                        2                                        3                                        4                                        5                                        6                                        7                                        8                                        9                                       10                                       11                                       12                                       13                                       14                                       15                                       16                                       17                                       18                                       19                                       20                                       21                                       22                                       23                                       24                                       25                                       26                                       27                                       28                                       29                                       30                                       31                                       32                                       33                                       34                                       35                                       36                                       37                                       38                                       39                                       40                                       41                                       42                                       43                                       44                                       45                                       46                                       47                                       48                                       49 
                            model_number                                num_zones                             initial_mass                                initial_z                                 star_age                                time_step                                     Teff                            photosphere_L                            photosphere_r                               center_eta                                center_h1                               center_he3                               center_he4                               center_c12                               center_n14                               center_o16                              center_ne20                                star_mass                                star_mdot                             star_mass_h1                            star_mass_he3                            star_mass_he4                            star_mass_c12                            star_mass_n14                            star_mass_o16                           star_mass_ne20                             he_core_mass                             co_core_mass                             fe_core_mass                   neutron_rich_core_mass                             dynamic_time                             kh_timescale                            nuc_timescale                           power_nuc_burn                             power_h_burn                            power_he_burn                                power_neu                                burn_min1                                burn_min2                             time_seconds                           version_number                                 compiler                                    build                         MESA_SDK_version                             math_backend                                     date                                     msun                                     rsun                                     lsun 
                                      65                                      942                  1.8360000000000001E+000                  2.0000000000000000E-002                  4.5562107288007557E+008                  1.0710248198998999E+007                  8.0636961158499516E+003                  1.2777367292476601E+001                  1.8314941875831536E+000                 -2.6440162337574540E+000                  5.1010559923502841E-001                  3.1215176813695005E-006                  4.6989323714825598E-001                  5.2087720405485216E-005                  8.9451674380267455E-003                  4.8385406874847650E-003                  2.0850244238701989E-003                  1.8360000000000001E+000                  0.0000000000000000E+000                  1.2292696098748603E+000                  3.2643882839496376E-004                  5.6938357453223387E-001                  3.6813482696862114E-003                  5.9289876130351835E-003                  1.6096156761045290E-002                  3.8281048422331215E-003                  0.0000000000000000E+000                  0.0000000000000000E+000                  0.0000000000000000E+000                  0.0000000000000000E+000                  1.8307499672762853E+004                  3.3921835067046122E+006                  1.4369157260440099E+009                  1.2789290180607445E+001                  1.2789290180607441E+001                  7.1525734690451016E-038                  7.3152218200429031E-001                  5.0000000000000000E+001                  1.0000000000000000E+003                  1.4378307569520272E+016                                "r26.4.1"                               "gfortran"                                 "15.2.0"                    "x86_64-linux-26.3.2"                                 "CRMATH"                               "20260701"                  1.9884098706980504E+033                  6.9570000000000000E+010                  3.8280000000000003E+033 

                                       1                                        2                                        3                                        4                                        5                                        6                                        7                                        8                                        9                                       10                                       11                                       12 
                                    zone                                     mass                                     logR                                     logT                                   logRho                                     logP                        x_mass_fraction_H                       y_mass_fraction_He                   z_mass_fraction_metals                                       pp                                      cno                                tri_alpha 
                                       1                  1.8360000000000001E+000                  2.6280554472889106E-001                  3.9081584069121402E+000                 -8.1676967624909622E+000                  3.5630613807454217E+000                  6.9999999973396276E-001                  2.8000000026603744E-001                  1.9999999999999796E-002                  9.9678152395332761E-028                  0.0000000000000000E+000                  0.0000000000000000E+000 
                                       2                  1.8359999999985310E+000                  2.6279836566351467E-001                  3.9109101527857622E+000                 -8.1509657277085772E+000                  3.5833167788831619E+000                  6.9999999973396276E-001                  2.8000000026603744E-001                  1.9999999999999796E-002                  1.0359346478709044E-027                  0.0000000000000000E+000                  0.0000000000000000E+000 
                                       3                  1.8359999999976133E+000                  2.6279404814572449E-001                  3.9131399112492584E+000                 -8.1389146662646628E+000                  3.5982799383538016E+000                  6.9999999973396276E-001                  2.8000000026603744E-001                  1.9999999999999796E-002                  1.0650853343658966E-027                  0.0000000000000000E+000                  0.0000000000000000E+000 
                                       4                  1.8359999999966952E+000                  2.6278984866250804E-001                  3.9154957507788146E+000                 -8.1275830492729586E+000                  3.6127452328918102E+000                  6.9999999973396276E-001                  2.8000000026603744E-001                  1.9999999999999796E-002                  1.0932436413413630E-027                  0.0000000000000000E+000                  0.0000000000000000E+000 
                                       5                  1.8359999999957770E+000                  2.6278575721796310E-001                  3.9179901778993393E+000                 -8.1169648368967291E+000                  3.6267447327874081E+000                  6.9999999973396276E-001                  2.8000000026603744E-001                  1.9999999999999796E-002                  1.1203044544829116E-027                  0.0000000000000000E+000                  0.0000000000000000E+000 
                                       6                  1.8359999999948589E+000                  2.6278176448207785E-001                  3.9206376969317041E+000                 -8.1070621772411400E+000                  3.6403075063392931E+000                  6.9999999973396276E-001                  2.8000000026603744E-001                  1.9999999999999796E-002                  1.1461449960939597E-027                  0.0000000000000000E+000                  0.0000000000000000E+000 
                                       7                  1.8359999999939409E+000                  2.6277786165089140E-001                  3.9241583358094960E+000                 -8.0956613656110452E+000                  3.6566867941261725E+000                  6.9999999973396276E-001                  2.8000000026603744E-001                  1.9999999999999796E-002                  1.1766338915303617E-027                  0.0000000000000000E+000                  0.0000000000000000E+000 
                                       8                  1.8359999999925638E+000                  2.6277215889709138E-001                  3.9284422116523685E+000                 -8.0845757266783451E+000                  3.6740189155726468E+000                  6.9999999973396276E-001                  2.8000000026603744E-001                  1.9999999999999796E-002                  1.2070574950022959E-027                  0.0000000000000000E+000                  0.0000000000000000E+000 
                                       9                  1.8359999999914163E+000                  2.6276752620708294E-001                  3.9322700292800867E+000                 -8.0766468577075763E+000                  3.6877032197891229E+000                  6.9999999973396276E-001                  2.8000000026603744E-001                  1.9999999999999796E-002                  1.2292989863195857E-027                  0.0000000000000000E+000                  0.0000000000000000E+000 
                                      10                  1.8359999999904986E+000                  2.6276388700002079E-001                  3.9382224024451493E+000                 -8.0668848614910225E+000                  3.7067385967687745E+000                  6.9999999973396276E-001                  2.8000000026603744E-001                  1.9999999999999796E-002                  1.2572463608496642E-027                  0.0000000000000000E+000                  0.0000000000000000E+000 
                                      11                  1.8359999999884329E+000                  2.6275588046224069E-001                  3.9465783783241419E+000                 -8.0597264864399527E+000                  3.7277148609521635E+000                  6.9999999973396276E-001                  2.8000000026603744E-001                  1.9999999999999796E-002                  1.2781428785360596E-027                  0.0000000000000000E+000                  0.0000000000000000E+000 
                                      12                  1.8359999999870562E+000                  2.6275062978879832E-001                  3.9542620349229094E+000                 -8.0571851380639199E+000                  3.7437964008918980E+000                  6.9999999973396276E-001                  2.8000000026603744E-001                  1.9999999999999796E-002                  1.2856447547106091E-027                  0.0000000000000000E+000                  0.0000000000000000E+000 
                                      13                  1.8359999999856791E+000                  2.6274540956206244E-001                  3.9610182428654412E+000                 -8.0581531357264709E+000                  3.7554789987203785E+000                  6.9999999973396276E-001                  2.8000000026603744E-001                  1.9999999999999796E-002                  1.2827821179211905E-027                  0.0000000000000000E+000                  0.0000000000000000E+000 
                                      14                  1.8359999999849905E+000                  2.6274279355372676E-001                  3.9659055028890879E+000                 -8.0601322616286044E+000                  3.7630965621269765E+000                  6.9999999973396276E-001                  2.8000000026603744E-001                  1.9999999999999796E-002                  1.2769491191171538E-027                  0.0000000000000000E+000                  0.0000000000000000E+000 
                                      15                  1.8359999999843020E+000                  2.6274016554916352E-001                  3.9703645468784821E+000                 -8.0629919782315724E+000                  3.7693441816694584E+000                  6.9999999973396276E-001                  2.8000000026603744E-001                  1.9999999999999796E-002                  1.2685676119128950E-027                  0.0000000000000000E+000                  0.0000000000000000E+000 
                                      16                  1.8359999999838430E+000                  2.6273840194481818E-001                  3.9746281789452498E+000                 -8.0664686515167343E+000                  3.7748913016753791E+000                  6.9999999973396276E-001                  2.8000000026603744E-001                  1.9999999999999796E-002                  1.2584519394139577E-027                  0.0000000000000000E+000                  0.0000000000000000E+000 
                                      17                  1.8359999999832690E+000                  2.6273617969015978E-001                  3.9797626970323030E+000                 -8.0716831695219575E+000                  3.7809729174235254E+000                  6.9999999973396276E-001                  2.8000000026603744E-001                  1.9999999999999796E-002                  1.2434308883286184E-027                  0.0000000000000000E+000                  0.0000000000000000E+000 
                                      18                  1.8359999999826953E+000                  2.6273393055761357E-001                  3.9853213273141241E+000                 -8.0784509200604155E+000                  3.7869706678115453E+000                  6.9999999973396276E-001                  2.8000000026603744E-001                  1.9999999999999796E-002                  1.2242026122974853E-027                  0.0000000000000000E+000                  0.0000000000000000E+000 
                                      19                  1.8359999999821215E+000                  2.6273164606582372E-001                  3.9913068377925973E+000                 -8.0869001767299711E+000                  3.7928868379963068E+000                  6.9999999973396276E-001                  2.8000000026603744E-001                  1.9999999999999796E-002                  1.2006137249685989E-027                  0.0000000000000000E+000                  0.0000000000000000E+000 
                                      20                  1.8359999999815477E+000                  2.6272931665666643E-001                  3.9976638507904965E+000                 -8.0970037977208271E+000                  3.7987236215515341E+000                  6.9999999973396276E-001                  2.8000000026603744E-001                  1.9999999999999796E-002                  1.1730021428268502E-027                  0.0000000000000000E+000                  0.0000000000000000E+000 
                                      21                  1.8359999999809737E+000                  2.6272693238097777E-001                  4.0042642899606289E+000                 -8.1084982631018772E+000                  3.8044831253379412E+000                  6.9999999973396276E-001                  2.8000000026603744E-001                  1.9999999999999796E-002                  1.1423609642829185E-027                  0.0000000000000000E+000                  0.0000000000000000E+000 
                                      22                  1.8359999999804000E+000                  2.6272448411732929E-001                  4.0109448919429633E+000                 -8.1209256650318444E+000                  3.8101673739915016E+000                  6.9999999973396276E-001                  2.8000000026603744E-001                  1.9999999999999796E-002                  1.1101327149709515E-027                  0.0000000000000000E+000                  0.0000000000000000E+000 
                                      23                  1.8359999999798264E+000                  2.6272196474103976E-001                  4.0159233091684436E+000                 -8.1305634392550949E+000                  3.8143823604755065E+000                  6.9999999973396276E-001                  2.8000000026603744E-001                  1.9999999999999796E-002                  1.0857662104201194E-027                  0.0000000000000000E+000                  0.0000000000000000E+000 
                                      24                  1.8359999999795396E+000                  2.6272067676872601E-001                  4.0192066623501859E+000                 -8.1370484746865355E+000                  3.8171698279672412E+000                  6.9999999973396276E-001                  2.8000000026603744E-001                  1.9999999999999796E-002                  1.0696723010947550E-027                  0.0000000000000000E+000                  0.0000000000000000E+000 
                                      25                  1.8359999999792527E+000                  2.6271936940793433E-001                  4.0240729865125928E+000                 -8.1467998089914619E+000                  3.8213178176342333E+000                  6.9999999973396276E-001                  2.8000000026603744E-001                  1.9999999999999796E-002                  1.0459203579549275E-027                  0.0000000000000000E+000                  0.0000000000000000E+000 
                                      26                  1.8359999999786789E+000                  2.6271669527644542E-001                  4.0304366165295891E+000                 -8.1596839161140124E+000                  3.8267876869411452E+000                  6.9999999973396276E-001                  2.8000000026603744E-001                  1.9999999999999796E-002                  1.0153446072247869E-027                  0.0000000000000000E+000                  0.0000000000000000E+000 
                                      27                  1.8359999999781051E+000                  2.6271394057200848E-001                  4.0366815201171224E+000                 -8.1723428907100057E+000                  3.8321896563445295E+000                  6.9999999973396276E-001                  2.8000000026603744E-001                  1.9999999999999796E-002                  9.8617385020748136E-028                  0.0000000000000000E+000                  0.0000000000000000E+000 
                                      28                  1.8359999999775314E+000                  2.6271110433598166E-001                  4.0428483201859322E+000                 -8.1847288341851190E+000                  3.8375253965811655E+000                  6.9999999973396276E-001                  2.8000000026603744E-001                  1.9999999999999796E-002                  9.5844360795101317E-028                  0.0000000000000000E+000                  0.0000000000000000E+000 
                                      29                  1.8359999999769574E+000                  2.6270818598887818E-001                  4.0520335456286150E+000                 -8.2026897382897914E+000                  3.8454082793692805E+000                  6.9999999973396276E-001                  2.8000000026603744E-001                  1.9999999999999796E-002                  9.1961124628936164E-028                  0.0000000000000000E+000                  0.0000000000000000E+000 
                                      30                  1.8359999999758103E+000                  2.6270210265928595E-001                  4.0614344808004992E+000                 -8.2202766869316957E+000                  3.8531510569199532E+000                  6.9999999973396276E-001                  2.8000000026603744E-001                  1.9999999999999796E-002                  8.8311242280019024E-028                  0.0000000000000000E+000                  0.0000000000000000E+000 
                                      31                  1.8359999999752361E+000                  2.6269893519172216E-001                  4.0677862261308126E+000                 -8.2314272972502565E+000                  3.8582374145753779E+000                  6.9999999973396276E-001                  2.8000000026603744E-001                  1.9999999999999796E-002                  8.6072527006409767E-028                  0.0000000000000000E+000                  0.0000000000000000E+000 
                                      32                  1.8359999999746623E+000                  2.6269568527365239E-001                  4.0742587727976369E+000                 -8.2421132369341112E+000                  3.8632650405336388E+000                  6.9999999973396276E-001                  2.8000000026603744E-001                  1.9999999999999796E-002                  8.3980378626709014E-028                  0.0000000000000000E+000                  0.0000000000000000E+000 
                                      33                  1.8359999999740888E+000                  2.6269235432280774E-001                  4.0808115436208752E+000                 -8.2521320755513639E+000                  3.8682352810520575E+000                  6.9999999973396276E-001                  2.8000000026603744E-001                  1.9999999999999796E-002                  8.2065054425907063E-028                  0.0000000000000000E+000                  0.0000000000000000E+000 
                                      34                  1.8359999999735150E+000                  2.6268894555694522E-001                  4.0873392787316067E+000                 -8.2612015565688406E+000                  3.8731494365618540E+000                  6.9999999973396276E-001                  2.8000000026603744E-001                  1.9999999999999796E-002                  8.0368919415480664E-028                  0.0000000000000000E+000                  0.0000000000000000E+000 
                                      35                  1.8359999999729411E+000                  2.6268546477364174E-001                  4.0936902241323354E+000                 -8.2690605850498589E+000                  3.8780087636049800E+000                  6.9999999973396276E-001                  2.8000000026603744E-001                  1.9999999999999796E-002                  7.8927535349987950E-028                  0.0000000000000000E+000                  0.0000000000000000E+000 
                                      36                  1.8359999999723673E+000                  2.6268192034241877E-001                  4.0997249549210482E+000                 -8.2755696038210242E+000                  3.8828144766654327E+000                  6.9999999973396276E-001                  2.8000000026603744E-001                  1.9999999999999796E-002                  7.7753341693779209E-028                  0.0000000000000000E+000                  0.0000000000000000E+000 
                                      37                  1.8359999999717935E+000                  2.6267832229994414E-001                  4.1053664626967485E+000                 -8.2807611090938273E+000                  3.8875677499407097E+000                  6.9999999973396276E-001                  2.8000000026603744E-001                  1.9999999999999796E-002                  7.6829356213022912E-028                  0.0000000000000000E+000                  0.0000000000000000E+000 
                                      38                  1.8359999999712198E+000                  2.6267468089774410E-001                  4.1118981647163908E+000                 -8.2857187860544954E+000                  3.8934373000247855E+000                  6.9999999973396276E-001                  2.8000000026603744E-001                  1.9999999999999796E-002                  7.5957239273949761E-028                  0.0000000000000000E+000                  0.0000000000000000E+000 
                                      39                  1.8359999999703591E+000                  2.6266915590978190E-001                  4.1188989815525350E+000                 -8.2896586071710150E+000                  3.9003779753563266E+000                  6.9999999973396276E-001                  2.8000000026603744E-001                  1.9999999999999796E-002                  7.5271241164692157E-028                  0.0000000000000000E+000                  0.0000000000000000E+000 
                                      40                  1.8359999999694985E+000                  2.6266358035858667E-001                  4.1262101330433616E+000                 -8.2923852300080991E+000                  3.9083380835791219E+000                  6.9999999973396276E-001                  2.8000000026603744E-001                  1.9999999999999796E-002                  7.4800115092244126E-028                  0.0000000000000000E+000                  0.0000000000000000E+000 
                                      41                  1.8359999999683512E+000                  2.6265609913296650E-001                  4.1353277725949740E+000                 -8.2937923128316626E+000                  3.9194631465133454E+000                  6.9999999973396276E-001                  2.8000000026603744E-001                  1.9999999999999796E-002                  7.4558143633460850E-028                  0.0000000000000000E+000                  0.0000000000000000E+000 
                                      42                  1.8359999999666299E+000                  2.6264484014889689E-001                  4.1460123112545029E+000                 -8.2924922464631017E+000                  3.9345760027198020E+000                  6.9999999973396276E-001                  2.8000000026603744E-001                  1.9999999999999796E-002                  7.4781684259705343E-028                  0.0000000000000000E+000                  0.0000000000000000E+000 
                                      43                  1.8359999999643350E+000                  2.6262987168562879E-001                  4.1560387421304954E+000                 -8.2881678557682026E+000                  3.9512296899280113E+000                  6.9999999973396276E-001                  2.8000000026603744E-001                  1.9999999999999796E-002                  7.5530077774831495E-028                  0.0000000000000000E+000                  0.0000000000000000E+000 
                                      44                  1.8359999999620398E+000                  2.6261505000297147E-001                  4.1645488914974953E+000                 -8.2822551806430589E+000                  3.9672704299149943E+000                  6.9999999973396276E-001                  2.8000000026603744E-001                  1.9999999999999796E-002                  7.6565481525518768E-028                  0.0000000000000000E+000                  0.0000000000000000E+000 
                                      45                  1.8359999999597447E+000                  2.6260042725475835E-001                  4.1719591147039274E+000                 -8.2754282999872544E+000                  3.9827417923569794E+000                  6.9999999973396276E-001                  2.8000000026603744E-001                  1.9999999999999796E-002                  7.7778645735392338E-028                  0.0000000000000000E+000                  0.0000000000000000E+000 
                                      46                  1.8359999999574499E+000                  2.6258603112840800E-001                  4.1768994199955740E+000                 -8.2698712277605075E+000                  3.9939955014998643E+000                  6.9999999973396276E-001                  2.8000000026603744E-001                  1.9999999999999796E-002                  7.8780338276799872E-028                  0.0000000000000000E+000                  0.0000000000000000E+000 
                                      47                  1.8359999999563024E+000                  2.6257892405441879E-001                  4.1815628809135479E+000                 -8.2642531160149026E+000                  4.0049656570826437E+000                  6.9999999973396276E-001                  2.8000000026603744E-001                  1.9999999999999796E-002                  7.9806148497845682E-028                  0.0000000000000000E+000                  0.0000000000000000E+000 
                                      48                  1.8359999999540075E+000                  2.6256489157448409E-001                  4.1872067634612193E+000                 -8.2564907721666678E+000                  4.0191761615450288E+000                  6.9999999973396276E-001                  2.8000000026603744E-001                  1.9999999999999796E-002                  8.1245487923604895E-028                  0.0000000000000000E+000                  0.0000000000000000E+000 
                                      49                  1.8359999999517125E+000                  2.6255110635095852E-001                  4.1923748861817183E+000                 -8.2486222125946274E+000                  4.0329381002267173E+000                  6.9999999973396276E-001                  2.8000000026603744E-001                  1.9999999999999796E-002                  8.2731020004427181E-028                  0.0000000000000000E+000                  0.0000000000000000E+000 
                                      50                  1.8359999999494176E+000                  2.6253756736183853E-001                  4.1983358519185510E+000                 -8.2388126392018872E+000                  4.0495510981476759E+000                  6.9999999973396276E-001                  2.8000000026603744E-001                  1.9999999999999796E-002                  8.4621100235056965E-028                  0.0000000000000000E+000                  0.0000000000000000E+000 
                                      51                  1.8359999999459753E+000                  2.6251771016142239E-001                  4.2037161321992533E+000                 -8.2289599289929320E+000                  4.0655548196936762E+000                  6.9999999973396276E-001                  2.8000000026603744E-001                  1.9999999999999796E-002                  8.6562961202727038E-028                  0.0000000000000000E+000                  0.0000000000000000E+000 
                                      52                  1.8359999999436800E+000                  2.6250476751014740E-001                  4.2077547087702003E+000                 -8.2212014504066548E+000                  4.0779477569687392E+000                  6.9999999973396276E-001                  2.8000000026603744E-001                  1.9999999999999796E-002                  8.8123383050290555E-028                  0.0000000000000000E+000                  0.0000000000000000E+000 
                                      53                  1.8359999999413852E+000                  2.6249205289389133E-001                  4.2125158269684295E+000                 -8.2116760549013978E+000                  4.0929593225127476E+000                  6.9999999973396276E-001                  2.8000000026603744E-001                  1.9999999999999796E-002                  9.0077696907656955E-028                  0.0000000000000000E+000                  0.0000000000000000E+000 
                                      54                  1.8359999999379426E+000                  2.6247339269868220E-001                  4.2169260710823888E+000                 -8.2022640590191731E+000                  4.1074717494131878E+000                  6.9999999973396276E-001                  2.8000000026603744E-001                  1.9999999999999796E-002                  9.2051312585656181E-028                  0.0000000000000000E+000                  0.0000000000000000E+000 
                                      55                  1.8359999999356478E+000                  2.6246121797311900E-001                  4.2219548913005722E+000                 -8.1913166567330009E+000                  4.1242716592154194E+000                  6.9999999973396276E-001                  2.8000000026603744E-001                  1.9999999999999796E-002                  9.4401355549560432E-028                  0.0000000000000000E+000                  0.0000000000000000E+000 
                                      56                  1.8359999999310577E+000                  2.6243747168926657E-001                  4.2281067885302832E+000                 -8.1770744431532751E+000                  4.1457106435040565E+000                  6.9999999973396276E-001                  2.8000000026603744E-001                  1.9999999999999796E-002                  9.7548715799914140E-028                  0.0000000000000000E+000                  0.0000000000000000E+000 
                                      57                  1.8359999999264678E+000                  2.6241448779915733E-001                  4.2337924721647076E+000                 -8.1633244918845858E+000                  4.1661451167994867E+000                  6.9999999973396276E-001                  2.8000000026603744E-001                  1.9999999999999796E-002                  1.0068681401668217E-027                  0.0000000000000000E+000                  0.0000000000000000E+000 
                                      58                  1.8359999999218777E+000                  2.6239221670942003E-001                  4.2377699553103403E+000                 -8.1532907811590043E+000                  4.1808667172773504E+000                  6.9999999973396276E-001                  2.8000000026603744E-001                  1.9999999999999796E-002                  1.0304030057548539E-027                  0.0000000000000000E+000                  0.0000000000000000E+000 
                                      59                  1.8359999999195826E+000                  2.6238133423908377E-001                  4.2416067372802750E+000                 -8.1435867943084954E+000                  4.1951070110117250E+000                  6.9999999973396276E-001                  2.8000000026603744E-001                  1.9999999999999796E-002                  1.0536876585700569E-027                  0.0000000000000000E+000                  0.0000000000000000E+000 
                                      60                  1.8359999999149927E+000                  2.6236004786187339E-001                  4.2452244674841104E+000                 -8.1340733329202557E+000                  4.2088978202272687E+000                  6.9999999973396276E-001                  2.8000000026603744E-001                  1.9999999999999796E-002                  1.0770258758339699E-027                  0.0000000000000000E+000                  0.0000000000000000E+000 
                                      61                  1.8359999999126975E+000                  2.6234963414305218E-001                  4.2475646149650981E+000                 -8.1278851486236015E+000                  4.2178551104402269E+000                  6.9999999973396276E-001                  2.8000000026603744E-001                  1.9999999999999796E-002                  1.0924833718290563E-027                  0.0000000000000000E+000                  0.0000000000000000E+000 
                                      62                  1.8359999999104026E+000                  2.6233936702195898E-001                  4.2509750514416593E+000                 -8.1188212954791865E+000                  4.2309551183291765E+000                  6.9999999973396276E-001                  2.8000000026603744E-001                  1.9999999999999796E-002                  1.1155253597553880E-027                  0.0000000000000000E+000                  0.0000000000000000E+000 
                                      63                  1.8359999999058128E+000                  2.6231925478414814E-001                  4.2552986966747515E+000                 -8.1070516884130654E+000                  4.2478319706674856E+000                  6.9999999973396276E-001                  2.8000000026603744E-001                  1.9999999999999796E-002                  1.1461726798186211E-027                  0.0000000000000000E+000                  0.0000000000000000E+000 
                                      64                  1.8359999999012226E+000                  2.6229967759564349E-001                  4.2594203827891635E+000                 -8.0956594076390083E+000                  4.2640803166311514E+000                  6.9999999973396276E-001                  2.8000000026603744E-001                  1.9999999999999796E-002                  1.1766391967339281E-027                  0.0000000000000000E+000                  0.0000000000000000E+000 
                                      65                  1.8359999998966328E+000                  2.6228060472703629E-001                  4.2643423259312634E+000                 -8.0819428500493942E+000                  4.2835748520507924E+000                  6.9999999973396276E-001                  2.8000000026603744E-001                  1.9999999999999796E-002                  1.2143980595071392E-027                  0.0000000000000000E+000                  0.0000000000000000E+000 
                                      66                  1.8359999998897476E+000                  2.6225288040633854E-001                  4.2692098889567056E+000                 -8.0680483952142232E+000                  4.3031488051889522E+000                  6.9999999973396276E-001                  2.8000000026603744E-001                  1.9999999999999796E-002                  1.2538822356933286E-027                  0.0000000000000000E+000                  0.0000000000000000E+000 
                                      67                  1.8359999998845837E+000                  2.6223273854870505E-001                  4.2727613022172974E+000                 -8.0578248429356893E+000                  4.3174943505989036E+000                  6.9999999973396276E-001                  2.8000000026603744E-001                  1.9999999999999796E-002                  1.2837522554614283E-027                  0.0000000000000000E+000                  0.0000000000000000E+000 
                                      68                  1.8359999998805676E+000                  2.6221743526364255E-001                  4.2759839718848314E+000                 -8.0485142749991176E+000                  4.3305279221900266E+000                  6.9999999973396276E-001                  2.8000000026603744E-001                  1.9999999999999796E-002                  1.3115734985812122E-027                  0.0000000000000000E+000                  0.0000000000000000E+000 
                                      69                  1.8359999998759777E+000                  2.6220031483307493E-001                  4.2793045135322307E+000                 -8.0388432244671169E+000                  4.3440144283725290E+000                  6.9999999973396276E-001                  2.8000000026603744E-001                  1.9999999999999796E-002                  1.3411105252417461E-027                  0.0000000000000000E+000                  0.0000000000000000E+000 
                                      70                  1.8359999998713876E+000                  2.6218356947530241E-001                  4.2837141229189788E+000                 -8.0259893549440697E+000                  4.3619027046825103E+000                  6.9999999973396276E-001                  2.8000000026603744E-001                  1.9999999999999796E-002                  1.3814005848252484E-027                  0.0000000000000000E+000                  0.0000000000000000E+000 
                                      71                  1.8359999998633554E+000                  2.6215511527339336E-001                  4.2882764270598548E+000                 -8.0124380843901477E+000                  4.3806167135132119E+000                  6.9999999973396276E-001                  2.8000000026603744E-001                  1.9999999999999796E-002                  1.4251880928510426E-027                  0.0000000000000000E+000                  0.0000000000000000E+000 
                                      72                  1.8359999998576177E+000                  2.6213541195663437E-001                  4.2915719785137503E+000                 -8.0026146075847731E+000                  4.3941437428479162E+000                  6.9999999973396276E-001                  2.8000000026603744E-001                  1.9999999999999796E-002                  1.4577954885249856E-027                  0.0000000000000000E+000                  0.0000000000000000E+000 
                                      73                  1.8359999998530279E+000                  2.6211999997358881E-001                  4.2944178768396490E+000                 -7.9941137242510196E+000                  4.4058255916501414E+000                  6.9999999973396276E-001                  2.8000000026603744E-001                  1.9999999999999796E-002                  1.4866143035941224E-027                  0.0000000000000000E+000                  0.0000000000000000E+000 
                                      74                  1.8359999998484378E+000                  2.6210488513792907E-001                  4.2971866006795656E+000                 -7.9858152770440736E+000                  4.4172029932617560E+000                  6.9999999973396276E-001                  2.8000000026603744E-001                  1.9999999999999796E-002                  1.5152963055842692E-027                  0.0000000000000000E+000                  0.0000000000000000E+000 
                                      75                  1.8359999998438479E+000                  2.6209005483917247E-001                  4.3003025175507954E+000                 -7.9764664588762333E+000                  4.4299987009870128E+000                  6.9999999973396276E-001                  2.8000000026603744E-001                  1.9999999999999796E-002                  1.5482721593412376E-027                  0.0000000000000000E+000                  0.0000000000000000E+000 
                                      76                  1.8359999998378236E+000                  2.6207100237217956E-001                  4.3038867757326722E+000                 -7.9656627722224078E+000                  4.4447427393760899E+000                  6.9999999973396276E-001                  2.8000000026603744E-001                  1.9999999999999796E-002                  1.5872746084969961E-027                  0.0000000000000000E+000                  0.0000000000000000E+000 
                                      77                  1.8359999998312253E+000                  2.6205064530607908E-001                  4.3072702064803678E+000                 -7.9554155774717126E+000                  4.4586862486471874E+000                  6.9999999973396276E-001                  2.8000000026603744E-001                  1.9999999999999796E-002                  1.6251756190511504E-027                  0.0000000000000000E+000                  0.0000000000000000E+000 
                                      78                  1.8359999998254879E+000                  2.6203335404674927E-001                  4.3107062018157016E+000                 -7.9450183757345929E+000                  4.4728164373345125E+000                  6.9999999973396276E-001                  2.8000000026603744E-001                  1.9999999999999796E-002                  1.6645565825273324E-027                  0.0000000000000000E+000                  0.0000000000000000E+000 
                                      79                  1.8359999998183161E+000                  2.6201224847942212E-001                  4.3151269715803497E+000                 -7.9316357643324125E+000                  4.4909722482462611E+000                  6.9999999973396276E-001                  2.8000000026603739E-001                  1.9999999999999796E-002                  1.7166531713381518E-027                  0.0000000000000000E+000                  0.0000000000000000E+000 
                                      80                  1.8359999998082757E+000                  2.6198359237855801E-001                  4.3190017011897917E+000                 -7.9197853839245109E+000                  4.5069777070246744E+000                  6.9999999973396276E-001                  2.8000000026603744E-001                  1.9999999999999796E-002                  1.7641446257700957E-027                  0.0000000000000000E+000                  0.0000000000000000E+000 
                                      81                  1.8359999998025380E+000                  2.6196765578276460E-001                  4.3217450462678029E+000                 -7.9114318274050390E+000                  4.5182600074752113E+000                  6.9999999973396276E-001                  2.8000000026603744E-001                  1.9999999999999796E-002                  1.7984096767097604E-027                  0.0000000000000000E+000                  0.0000000000000000E+000 
                                      82                  1.8359999997968006E+000                  2.6195202108976262E-001                  4.3250872150395825E+000                 -7.9012808807303747E+000                  4.5319647501019054E+000                  6.9999999973396276E-001                  2.8000000026603744E-001                  1.9999999999999796E-002                  1.8409443830549276E-027                  0.0000000000000000E+000                  0.0000000000000000E+000 
                                      83                  1.8359999997881944E+000                  2.6192910779763368E-001                  4.3289586025311193E+000                 -7.8894795987914517E+000                  4.5478625233011627E+000                  6.9999999973248972E-001                  2.8000000026751048E-001                  1.9999999999999796E-002                  1.8916606698290155E-027                  0.0000000000000000E+000                  0.0000000000000000E+000 
                                      84                  1.8359999997795884E+000                  2.6190680527268184E-001                  4.3330084522259167E+000                 -7.8771512658349021E+000                  4.5644560910912757E+000                  6.9999999973248972E-001                  2.8000000026751048E-001                  1.9999999999999796E-002                  1.9461348405429895E-027                  0.0000000000000000E+000                  0.0000000000000000E+000 
                                      85                  1.8359999997695475E+000                  2.6188150973660951E-001                  4.3369075423315966E+000                 -7.8652524579687082E+000                  4.5804425704060261E+000                  6.9999999973248972E-001                  2.8000000026751048E-001                  1.9999999999999796E-002                  2.0001983598762637E-027                  0.0000000000000000E+000                  0.0000000000000000E+000 
                                      86                  1.8359999997609413E+000                  2.6186041044461172E-001                  4.3406823548931683E+000                 -7.8537732779641392E+000                  4.5958643607249368E+000                  6.9999999973248972E-001                  2.8000000026751048E-001                  1.9999999999999796E-002                  2.0537782419128738E-027                  0.0000000000000000E+000                  0.0000000000000000E+000 
                                      87                  1.8359999997509009E+000                  2.6183643298836956E-001                  4.3448861278027353E+000                 -7.8410045541077693E+000                  4.6130075160383957E+000                  6.9999999973248972E-001                  2.8000000026751048E-001                  1.9999999999999796E-002                  2.1150651073833846E-027                  0.0000000000000000E+000                  0.0000000000000000E+000 
                                      88                  1.8359999997394258E+000                  2.6180981947468918E-001                  4.3481269010993779E+000                 -7.8311185060820980E+000                  4.6262540938517089E+000                  6.9999999973248972E-001                  2.8000000026751048E-001                  1.9999999999999796E-002                  2.1637692288134953E-027                  0.0000000000000000E+000                  0.0000000000000000E+000 
                                      89                  1.8359999997336887E+000                  2.6179681042396130E-001                  4.3513001817481261E+000                 -7.8215464840319884E+000                  4.6391100809192043E+000                  6.9999999973248972E-001                  2.8000000026751048E-001                  1.9999999999999796E-002                  2.2119947405382173E-027                  0.0000000000000000E+000                  0.0000000000000000E+000 
                                      90                  1.8359999997222134E+000                  2.6177135611709595E-001                  4.3553871146508039E+000                 -7.8091901053661106E+000                  4.6556838246131287E+000                  6.9999999973248972E-001                  2.8000000026751048E-001                  1.9999999999999796E-002                  2.2758411342840312E-027                  0.0000000000000000E+000                  0.0000000000000000E+000 
                                      91                  1.8359999997107384E+000                  2.6174661153092021E-001                  4.3593365778085023E+000                 -7.7972870592850061E+000                  4.6716518279368087E+000                  6.9999999973248972E-001                  2.8000000026751048E-001                  1.9999999999999796E-002                  2.3390872878855428E-027                  0.0000000000000000E+000                  0.0000000000000000E+000 
                                      92                  1.8359999996992635E+000                  2.6172253186898109E-001                  4.3631586105410864E+000                 -7.7858071383521796E+000                  4.6870568426869061E+000                  6.9999999973248972E-001                  2.8000000026751048E-001                  1.9999999999999796E-002                  2.4017497663180455E-027                  0.0000000000000000E+000                  0.0000000000000000E+000 
                                      93                  1.8359999996877885E+000                  2.6169907652712415E-001                  4.3677826740521732E+000                 -7.7720243175220158E+000                  4.7055790272354958E+000                  6.9999999973248972E-001                  2.8000000026751054E-001                  1.9999999999999796E-002                  2.4792041628580468E-027                  0.0000000000000000E+000                  0.0000000000000000E+000 
                                      94                  1.8359999996705760E+000                  2.6166498577963476E-001                  4.3722111389923795E+000                 -7.7587819927000670E+000                  4.7233489337798860E+000                  6.9999999973217264E-001                  2.8000000026782751E-001                  1.9999999999999796E-002                  2.5559731675552740E-027                  0.0000000000000000E+000                  0.0000000000000000E+000 
                                      95                  1.8359999996591010E+000                  2.6164293686834911E-001                  4.3765043425115824E+000                 -7.7460903086913921E+000                  4.7404236445069108E+000                  6.9999999973150184E-001                  2.8000000026849836E-001                  1.9999999999999796E-002                  2.6317801189106723E-027                  0.0000000000000000E+000                  0.0000000000000000E+000 
                                      96                  1.8359999996418888E+000                  2.6161081002998343E-001                  4.3802184408954519E+000                 -7.7350571189393431E+000                  4.7552414878805811E+000                  6.9999999973129989E-001                  2.8000000026870042E-001                  1.9999999999999685E-002                  2.6995055570662810E-027                  0.0000000000000000E+000                  0.0000000000000000E+000 
                                      97                  1.8359999996332825E+000                  2.6159514697442737E-001                  4.3826412913854904E+000                 -7.7279179000565907E+000                  4.7648477963689722E+000                  6.9999999973129989E-001                  2.8000000026870042E-001                  1.9999999999999685E-002                  2.7442544839084599E-027                  0.0000000000000000E+000                  0.0000000000000000E+000 
                                      98                  1.8359999996246763E+000                  2.6157973764009318E-001                  4.3854108540157686E+000                 -7.7197892908176655E+000                  4.7757945608995103E+000                  6.9999999973129989E-001                  2.8000000026870042E-001                  1.9999999999999685E-002                  2.7961088162966476E-027                  0.0000000000000000E+000                  0.0000000000000000E+000 
                                      99                  1.8359999996132013E+000                  2.6155957035813115E-001                  4.3892640588937146E+000                 -7.7085293717382255E+000                  4.7909719038775149E+000                  6.9999999973129989E-001                  2.8000000026870042E-001                  1.9999999999999685E-002                  2.8695612344070103E-027                  0.0000000000000000E+000                  0.0000000000000000E+000 
                                     100                  1.8359999995959890E+000                  2.6153008861327448E-001                  4.3929809927500694E+000                 -7.6976346736585395E+000                  4.8056406199445494E+000                  6.9999999973127836E-001                  2.8000000026872190E-001                  1.9999999999999796E-002                  2.9424674907078119E-027                  0.0000000000000000E+000                  0.0000000000000000E+000 
                                     101                  1.8359999995845138E+000                  2.6151091781464098E-001                  4.3958804814296535E+000                 -7.6891865019531069E+000                  4.8170309794316921E+000                  6.9999999973037741E-001                  2.8000000026962280E-001                  1.9999999999999796E-002                  3.0002745931353310E-027                  0.0000000000000000E+000                  0.0000000000000000E+000 
                                     102                  1.8359999995730387E+000                  2.6149211386861604E-001                  4.3994165726372509E+000                 -7.6789400811836126E+000                  4.8308636249339614E+000                  6.9999999973037652E-001                  2.8000000026962368E-001                  1.9999999999999796E-002                  3.0719125367449808E-027                  0.0000000000000000E+000                  0.0000000000000000E+000 
                                     103                  1.8359999995558265E+000                  2.6146456121904144E-001                  4.4040282641260697E+000                 -7.6656073943017180E+000                  4.8488696212748987E+000                  6.9999999973037563E-001                  2.8000000026962457E-001                  1.9999999999999796E-002                  3.1676953548736595E-027                  0.0000000000000000E+000                  0.0000000000000000E+000 
                                     104                  1.8359999995343108E+000                  2.6143115463008681E-001                  4.4079669817094951E+000                 -7.6541883143663023E+000                  4.8642759943350722E+000                  6.9999999973037563E-001                  2.8000000026962457E-001                  1.9999999999999796E-002                  3.2521016828061830E-027                  0.0000000000000000E+000                  0.0000000000000000E+000 
                                     105                  1.8359999995214014E+000                  2.6141162726232797E-001                  4.4113254361438603E+000                 -7.6445386108423374E+000                  4.8773246418207377E+000                  6.9999999973037563E-001                  2.8000000026962457E-001                  1.9999999999999796E-002                  3.3251804045410152E-027                  0.0000000000000000E+000                  0.0000000000000000E+000 
                                     106                  1.8359999995041891E+000                  2.6138615894620998E-001                  4.4156645584644414E+000                 -7.6321140392761073E+000                  4.8941383742444255E+000                  6.9999999973037563E-001                  2.8000000026962457E-001                  1.9999999999999796E-002                  3.4216974043780831E-027                  0.0000000000000000E+000                  0.0000000000000000E+000 
                                     107                  1.8359999994812390E+000                  2.6135315224597178E-001                  4.4204319665193488E+000                 -7.6184767309653196E+000                  4.9125947945040398E+000                  6.9999999973037563E-001                  2.8000000026962457E-001                  1.9999999999999796E-002                  3.5308635308724156E-027                  0.0000000000000000E+000                  0.0000000000000000E+000 
                                     108                  1.8359999994582892E+000                  2.6132115870561667E-001                  4.4250201722631433E+000                 -7.6054034107548132E+000                  4.9303038460495214E+000                  6.9999999973037563E-001                  2.8000000026962457E-001                  1.9999999999999796E-002                  3.6387835468296853E-027                  0.0000000000000000E+000                  0.0000000000000000E+000 
                                     109                  1.8359999994353391E+000                  2.6129010713667816E-001                  4.4294432651946867E+000                 -7.5928505931369648E+000                  4.9473237585248722E+000                  6.9999999973037563E-001                  2.8000000026962452E-001                  1.9999999999999796E-002                  3.7455099870261884E-027                  0.0000000000000000E+000                  0.0000000000000000E+000 
                                     110                  1.8359999994123890E+000                  2.6125993385352458E-001                  4.4331823987565491E+000                 -7.5822572313673353E+000                  4.9616918814946613E+000                  6.9999999973037563E-001                  2.8000000026962457E-001                  1.9999999999999796E-002                  3.8380087690794158E-027                  0.0000000000000000E+000                  0.0000000000000000E+000 
                                     111                  1.8359999993951768E+000                  2.6123784521932253E-001                  4.4363052652010104E+000                 -7.5734588721071061E+000                  4.9736424444081662E+000                  6.9999999972963112E-001                  2.8000000027036903E-001                  1.9999999999999796E-002                  3.9165682643644315E-027                  0.0000000000000000E+000                  0.0000000000000000E+000 
                                     112                  1.8359999993779641E+000                  2.6121619630556941E-001                  4.4398580651007551E+000                 -7.5635030191478236E+000                  4.9871840994825805E+000                  6.9999999972963067E-001                  2.8000000027036948E-001                  1.9999999999999796E-002                  4.0074040277760391E-027                  0.0000000000000000E+000                  0.0000000000000000E+000 
                                     113                  1.8359999993550142E+000                  2.6118798041314722E-001                  4.4437943251388612E+000                 -7.5524947720830555E+000                  5.0021640988492724E+000                  6.9999999972963023E-001                  2.8000000027036992E-001                  1.9999999999999796E-002                  4.1102964130935975E-027                  0.0000000000000000E+000                  0.0000000000000000E+000 
                                     114                  1.8359999993320644E+000                  2.6116046543703547E-001                  4.4476128905421390E+000                 -7.5418631197123878E+000                  5.0166481887607342E+000                  6.9999999972963023E-001                  2.8000000027036992E-001                  1.9999999999999796E-002                  4.2121761037289546E-027                  0.0000000000000000E+000                  0.0000000000000000E+000 
                                     115                  1.8359999993091143E+000                  2.6113361081513375E-001                  4.4513216338899859E+000                 -7.5315843760216721E+000                  5.0306681837131864E+000                  6.9999999972963012E-001                  2.8000000027036992E-001                  2.0000000000000018E-002                  4.3130744234601687E-027                  0.0000000000000000E+000                  0.0000000000000000E+000 
                                     116                  1.8359999992861644E+000                  2.6110737950830759E-001                  4.4558244298533154E+000                 -7.5192114170877815E+000                  5.0475837454038306E+000                  6.9999999972963023E-001                  2.8000000027036992E-001                  1.9999999999999796E-002                  4.4377411855214278E-027                  0.0000000000000000E+000                  0.0000000000000000E+000 
                                     117                  1.8359999992517393E+000                  2.6106912919918812E-001                  4.4610198431994394E+000                 -7.5049794697644838E+000                  5.0670560700607545E+000                  6.9999999972956628E-001                  2.8000000027043381E-001                  1.9999999999999907E-002                  4.5856016204638705E-027                  0.0000000000000000E+000                  0.0000000000000000E+000 
                                     118                  1.8359999992173144E+000                  2.6103210242157748E-001                  4.4651910281869744E+000                 -7.4935955913099637E+000                  5.0826467909743211E+000                  6.9999999972856941E-001                  2.8000000027143068E-001                  1.9999999999999907E-002                  4.7074113776690175E-027                  0.0000000000000000E+000                  0.0000000000000000E+000 
                                     119                  1.8359999991943643E+000                  2.6100805146260780E-001                  4.4700614045250431E+000                 -7.4805070881356546E+000                  5.1006495526473516E+000                  6.9999999972856941E-001                  2.8000000027143068E-001                  1.9999999999999907E-002                  4.8514653278030092E-027                  0.0000000000000000E+000                  0.0000000000000000E+000 
                                     120                  1.8359999991484641E+000                  2.6096136617991955E-001                  4.4762687158622878E+000                 -7.4638614409518551E+000                  5.1235576966258352E+000                  6.9999999972856919E-001                  2.8000000027143090E-001                  1.9999999999999907E-002                  5.0410560191950678E-027                  0.0000000000000000E+000                  0.0000000000000000E+000 
                                     121                  1.8359999991025644E+000                  2.6091642217288896E-001                  4.4822062002987320E+000                 -7.4480842201969164E+000                  5.1453265749524828E+000                  6.9999999972775717E-001                  2.8000000027224298E-001                  1.9999999999999796E-002                  5.2275908317198866E-027                  0.0000000000000000E+000                  0.0000000000000000E+000 
                                     122                  1.8359999990566642E+000                  2.6087306838825725E-001                  4.4864822638845450E+000                 -7.4367541307649017E+000                  5.1609719360366046E+000                  6.9999999972664573E-001                  2.8000000027335453E-001                  1.9999999999999796E-002                  5.3657909773096157E-027                  0.0000000000000000E+000                  0.0000000000000000E+000 
                                     123                  1.8359999990337144E+000                  2.6085194499678571E-001                  4.4906584500392013E+000                 -7.4258673109729987E+000                  5.1760761077576145E+000                  6.9999999972664551E-001                  2.8000000027335464E-001                  1.9999999999999796E-002                  5.5020253736613891E-027                  0.0000000000000000E+000                  0.0000000000000000E+000 
                                     124                  1.8359999989878144E+000                  2.6081073521429227E-001                  4.4946858820792412E+000                 -7.4153320312723476E+000                  5.1906780335258533E+000                  6.9999999972664551E-001                  2.8000000027335464E-001                  1.9999999999999796E-002                  5.6371533048478534E-027                  0.0000000000000000E+000                  0.0000000000000000E+000 
                                     125                  1.8359999989648641E+000                  2.6079061989013058E-001                  4.4986252535410021E+000                 -7.4051831209524339E+000                  5.2048075141005645E+000                  6.9999999972664551E-001                  2.8000000027335464E-001                  1.9999999999999796E-002                  5.7704633039439465E-027                  0.0000000000000000E+000                  0.0000000000000000E+000 
                                     126                  1.8359999989189644E+000                  2.6075131041389465E-001                  4.5036949230385899E+000                 -7.3921489824810411E+000                  5.2229654297599337E+000                  6.9999999972660254E-001                  2.8000000027339755E-001                  1.9999999999999907E-002                  5.9463070420554164E-027                  0.0000000000000000E+000                  0.0000000000000000E+000 
                                     127                  1.8359999988730642E+000                  2.6071315296605263E-001                  4.5085885093367333E+000                 -7.3796623409708868E+000                  5.2404005353506236E+000                  6.9999999972660254E-001                  2.8000000027339755E-001                  1.9999999999999907E-002                  6.1197884647785092E-027                  0.0000000000000000E+000                  0.0000000000000000E+000 
                                     128                  1.8359999988271642E+000                  2.6067606734618592E-001                  4.5127304976350553E+000                 -7.3691460012005203E+000                  5.2551073437190885E+000                  6.9999999972660254E-001                  2.8000000027339755E-001                  1.9999999999999907E-002                  6.2698165158311228E-027                  0.0000000000000000E+000                  0.0000000000000000E+000 
                                     129                  1.8359999987927391E+000                  2.6064891253250749E-001                  4.5161923534701378E+000                 -7.3604263469087581E+000                  5.2673315638866915E+000                  6.9999999972660254E-001                  2.8000000027339755E-001                  1.9999999999999907E-002                  6.3969982291035369E-027                  0.0000000000000000E+000                  0.0000000000000000E+000 
                                     130                  1.8359999987583142E+000                  2.6062229254574426E-001                  4.5195726680770232E+000                 -7.3519577730532326E+000                  5.2792239798949403E+000                  6.9999999972660254E-001                  2.8000000027339755E-001                  1.9999999999999907E-002                  6.5229870386118171E-027                  0.0000000000000000E+000                  0.0000000000000000E+000 
                                     131                  1.8359999987238891E+000                  2.6059618185522010E-001                  4.5239709366590120E+000                 -7.3410463567331385E+000                  5.2945939486328841E+000                  6.9999999972660254E-001                  2.8000000027339755E-001                  1.9999999999999907E-002                  6.6889840654285435E-027                  0.0000000000000000E+000                  0.0000000000000000E+000 
                                     132                  1.8359999986665141E+000                  2.6055373372861873E-001                  4.5298015295179406E+000                 -7.3266716470053366E+000                  5.3148847068640173E+000                  6.9999999972660254E-001                  2.8000000027339755E-001                  1.9999999999999907E-002                  6.9141349389021887E-027                  0.0000000000000000E+000                  0.0000000000000000E+000 
                                     133                  1.8359999985976643E+000                  2.6050443875047896E-001                  4.5348916752415347E+000                 -7.3141761153997233E+000                  5.3325505364080792E+000                  6.9999999972660254E-001                  2.8000000027339755E-001                  1.9999999999999907E-002                  7.1160012130013460E-027                  0.0000000000000000E+000                  0.0000000000000000E+000 
                                     134                  1.8359999985517641E+000                  2.6047249854235771E-001                  4.5388514961031232E+000                 -7.3045669645022677E+000                  5.3461873394170825E+000                  6.9999999972660254E-001                  2.8000000027339755E-001                  1.9999999999999907E-002                  7.2752381321163091E-027                  0.0000000000000000E+000                  0.0000000000000000E+000 
                                     135                  1.8359999985058644E+000                  2.6044125045980565E-001                  4.5427109035396382E+000                 -7.2952717627801942E+000                  5.3594127004829923E+000                  6.9999999972659599E-001                  2.8000000027340410E-001                  1.9999999999999907E-002                  7.4326625927524871E-027                  0.0000000000000000E+000                  0.0000000000000000E+000 
                                     136                  1.8359999984599642E+000                  2.6041065753966336E-001                  4.5464766435688757E+000                 -7.2862735041404045E+000                  5.3722507536690305E+000                  6.9999999972658400E-001                  2.8000000027341609E-001                  1.9999999999999907E-002                  7.5883025290352430E-027                  0.0000000000000000E+000                  0.0000000000000000E+000 
                                     137                  1.8359999984140642E+000                  2.6038068569164968E-001                  4.5501550550264369E+000                 -7.2775568856960335E+000                  5.3847235695167841E+000                  6.9999999972658400E-001                  2.8000000027341609E-001                  1.9999999999999907E-002                  7.7421783816507578E-027                  0.0000000000000000E+000                  0.0000000000000000E+000 
                                     138                  1.8359999983681641E+000                  2.6035130338178725E-001                  4.5541995802001569E+000                 -7.2680738937974425E+000                  5.3983438219102347E+000                  6.9999999972657334E-001                  2.8000000027342681E-001                  1.9999999999999796E-002                  7.9131295115057867E-027                  0.0000000000000000E+000                  0.0000000000000000E+000 
                                     139                  1.8359999983107891E+000                  2.6031536066153549E-001                  4.5585776278620269E+000                 -7.2579076160051432E+000                  5.4129975000533399E+000                  6.9999999972656601E-001                  2.8000000027343414E-001                  1.9999999999999796E-002                  8.1005934699616682E-027                  0.0000000000000000E+000                  0.0000000000000000E+000 
                                     140                  1.8359999982534141E+000                  2.6028024092423391E-001                  4.5628457276186607E+000                 -7.2481126648967598E+000                  5.4271773512491164E+000                  6.9999999972655880E-001                  2.8000000027344135E-001                  1.9999999999999796E-002                  8.2854102362077015E-027                  0.0000000000000000E+000                  0.0000000000000000E+000 
                                     141                  1.8359999981960391E+000                  2.6024589616277438E-001                  4.5670105382687822E+000                 -7.2386665853023215E+000                  5.4409131032234859E+000                  6.9999999972655069E-001                  2.8000000027344940E-001                  1.9999999999999907E-002                  8.4676377130734379E-027                  0.0000000000000000E+000                  0.0000000000000000E+000 
                                     142                  1.8359999981386641E+000                  2.6021228245946088E-001                  4.5710774242189585E+000                 -7.2295483506292060E+000                  5.4542317704494261E+000                  6.9999999972653648E-001                  2.8000000027346367E-001                  1.9999999999999796E-002                  8.6473417419424594E-027                  0.0000000000000000E+000                  0.0000000000000000E+000 
                                     143                  1.8359999980812891E+000                  2.6017935957084065E-001                  4.5770233837281635E+000                 -7.2164661325311465E+000                  5.4734796078495869E+000                  6.9999999972652760E-001                  2.8000000027347255E-001                  1.9999999999999796E-002                  8.9118510746105178E-027                  0.0000000000000000E+000                  0.0000000000000000E+000 
                                     144                  1.8359999979665391E+000                  2.6011544631202554E-001                  4.5827299876171708E+000                 -7.2039682304866286E+000                  5.4919210911449570E+000                  6.9999999972651028E-001                  2.8000000027348998E-001                  1.9999999999999796E-002                  9.1721005719106172E-027                  0.0000000000000000E+000                  0.0000000000000000E+000 
                                     145                  1.8359999979091641E+000                  2.6008438602052447E-001                  4.5873654171496829E+000                 -7.1940254376760029E+000                  5.5067166692756233E+000                  6.9999999972651028E-001                  2.8000000027348998E-001                  1.9999999999999796E-002                  9.3845619796750334E-027                  0.0000000000000000E+000                  0.0000000000000000E+000 
                                     146                  1.8359999978231019E+000                  2.6003883806321704E-001                  4.5927528796022079E+000                 -7.1825732751241542E+000                  5.5238377017726128E+000                  6.9999999972651028E-001                  2.8000000027348998E-001                  1.9999999999999796E-002                  9.6353828375006730E-027                  0.0000000000000000E+000                  0.0000000000000000E+000 
                                     147                  1.8359999977370394E+000                  2.5999446170803109E-001                  4.5988313256964828E+000                 -7.1698473981292095E+000                  5.5430024985007975E+000                  6.9999999972651028E-001                  2.8000000027348998E-001                  1.9999999999999796E-002                  9.9219723606944082E-027                  0.0000000000000000E+000                  0.0000000000000000E+000 
                                     148                  1.8359999976222892E+000                  2.5993698164019369E-001                  4.6054938186512873E+000                 -7.1560359376478742E+000                  5.5639279194829880E+000                  6.9999999972651028E-001                  2.8000000027348998E-001                  1.9999999999999796E-002                  1.0242664713091388E-026                  0.0000000000000000E+000                  0.0000000000000000E+000 
                                     149                  1.8359999975075392E+000                  2.5988127902495944E-001                  4.6102899372263328E+000                 -7.1461303207605305E+000                  5.5789934024791670E+000                  6.9999999972651028E-001                  2.8000000027348998E-001                  1.9999999999999796E-002                  1.0479030534806232E-026                  0.0000000000000000E+000                  0.0000000000000000E+000 
                                     150                  1.8359999974501642E+000                  2.5985404797570189E-001                  4.6134124910115171E+000                 -7.1397461187785503E+000                  5.5887567542569760E+000                  6.9999999972651028E-001                  2.8000000027348998E-001                  1.9999999999999796E-002                  1.0634252187686542E-026                  0.0000000000000000E+000                  0.0000000000000000E+000 
                                     151                  1.8359999973927892E+000                  2.5982720928790748E-001                  4.6179845238859274E+000                 -7.1304742997067647E+000                  5.6030056462929609E+000                  6.9999999972651028E-001                  2.8000000027348998E-001                  1.9999999999999796E-002                  1.0863785658850352E-026                  0.0000000000000000E+000                  0.0000000000000000E+000 
                                     152                  1.8359999972780392E+000                  2.5977465132208288E-001                  4.6238152968253710E+000                 -7.1185614875413501E+000                  5.6213135652203441E+000                  6.9999999972651028E-001                  2.8000000027348998E-001                  1.9999999999999796E-002                  1.1165987575667566E-026                  0.0000000000000000E+000                  0.0000000000000000E+000 
                                     153                  1.8359999971632894E+000                  2.5972349712122478E-001                  4.6293731156771942E+000                 -7.1071326751251886E+000                  5.6388889351456433E+000                  6.9999999972651028E-001                  2.8000000027348998E-001                  1.9999999999999796E-002                  1.1463810682815961E-026                  0.0000000000000000E+000                  0.0000000000000000E+000 
                                     154                  1.8359999970485394E+000                  2.5967365414261095E-001                  4.6333479380302931E+000                 -7.0988202371536930E+000                  5.6516246590914205E+000                  6.9999999972651028E-001                  2.8000000027348998E-001                  1.9999999999999796E-002                  1.1685402842971491E-026                  0.0000000000000000E+000                  0.0000000000000000E+000 
                                     155                  1.8359999969911645E+000                  2.5964919884213278E-001                  4.6372139983587939E+000                 -7.0907723696070182E+000                  5.6640002703269126E+000                  6.9999999972651028E-001                  2.8000000027348998E-001                  1.9999999999999796E-002                  1.1904022825780552E-026                  0.0000000000000000E+000                  0.0000000000000000E+000 
                                     156                  1.8359999968764145E+000                  2.5960117423179291E-001                  4.6421283868731491E+000                 -7.0803244166684509E+000                  5.6799778538927077E+000                  6.9999999972651028E-001                  2.8000000027348998E-001                  1.9999999999999796E-002                  1.2193954867467840E-026                  0.0000000000000000E+000                  0.0000000000000000E+000 
                                     157                  1.8359999967616643E+000                  2.5955427580425217E-001                  4.6468115144757638E+000                 -7.0702055608704262E+000                  5.6953949660419543E+000                  6.9999999972651028E-001                  2.8000000027348998E-001                  1.9999999999999796E-002                  1.2481485047850651E-026                  0.0000000000000000E+000                  0.0000000000000000E+000 
                                     158                  1.8359999966469143E+000                  2.5950844277913215E-001                  4.6512812060959874E+000                 -7.0603895999371185E+000                  5.7102896733410793E+000                  6.9999999972651028E-001                  2.8000000027348998E-001                  1.9999999999999796E-002                  1.2766886294708825E-026                  0.0000000000000000E+000                  0.0000000000000000E+000 
                                     159                  1.8359999965321643E+000                  2.5946362002422102E-001                  4.6576771094241272E+000                 -7.0462577576825058E+000                  5.7317242585218056E+000                  6.9999999972651028E-001                  2.8000000027348998E-001                  1.9999999999999796E-002                  1.3189273492726250E-026                  0.0000000000000000E+000                  0.0000000000000000E+000 
                                     160                  1.8359999963026643E+000                  2.5937680514790362E-001                  4.6635920918668905E+000                 -7.0325821185838739E+000                  5.7521664724974828E+000                  6.9999999972651028E-001                  2.8000000027348998E-001                  1.9999999999999796E-002                  1.3611327590643407E-026                  0.0000000000000000E+000                  0.0000000000000000E+000 
                                     161                  1.8359999961879143E+000                  2.5933472455364287E-001                  4.6678505729612167E+000                 -7.0227369343094033E+000                  5.7668960702180687E+000                  6.9999999972651028E-001                  2.8000000027348998E-001                  1.9999999999999796E-002                  1.3923504840142432E-026                  0.0000000000000000E+000                  0.0000000000000000E+000 
                                     162                  1.8359999960444766E+000                  2.5928328621057378E-001                  4.6728291942561935E+000                 -7.0110925146687784E+000                  5.7842538837522159E+000                  6.9999999972651028E-001                  2.8000000027348998E-001                  1.9999999999999796E-002                  1.4301989717944619E-026                  0.0000000000000000E+000                  0.0000000000000000E+000 
                                     163                  1.8359999958723519E+000                  2.5922317006492707E-001                  4.6792860158357410E+000                 -6.9958832314111685E+000                  5.8068704515559020E+000                  6.9999999972651028E-001                  2.8000000027348998E-001                  1.9999999999999796E-002                  1.4811885617499972E-026                  0.0000000000000000E+000                  0.0000000000000000E+000 
                                     164                  1.8359999956141644E+000                  2.5913605486305369E-001                  4.6861451278091160E+000                 -6.9794257837512177E+000                  5.8311737541491757E+000                  6.9999999972651028E-001                  2.8000000027348998E-001                  1.9999999999999796E-002                  1.5384127525392183E-026                  0.0000000000000000E+000                  0.0000000000000000E+000 
                                     165                  1.8359999953846644E+000                  2.5906145697219779E-001                  4.6922614700972165E+000                 -6.9646886492024143E+000                  5.8528827653136171E+000                  6.9999999972651028E-001                  2.8000000027348998E-001                  1.9999999999999796E-002                  1.5915292743264629E-026                  0.0000000000000000E+000                  0.0000000000000000E+000 
                                     166                  1.8359999951551642E+000                  2.5898931142536086E-001                  4.6980817919464242E+000                 -6.9506043812077758E+000                  5.8735714986494836E+000                  6.9999999972651028E-001                  2.8000000027348998E-001                  1.9999999999999796E-002                  1.6440059823850919E-026                  0.0000000000000000E+000                  0.0000000000000000E+000 
                                     167                  1.8359999949256642E+000                  2.5891943377447718E-001                  4.7025987624087309E+000                 -6.9395800618104415E+000                  5.8896945418716484E+000                  6.9999999972651028E-001                  2.8000000027348998E-001                  1.9999999999999796E-002                  1.6862861836361315E-026                  0.0000000000000000E+000                  0.0000000000000000E+000 
                                     168                  1.8359999947822270E+000                  2.5887683837389963E-001                  4.7059710509207617E+000                 -6.9313598232338141E+000                  5.9017066045908981E+000                  6.9999999972651028E-001                  2.8000000027348998E-001                  1.9999999999999796E-002                  1.7185184962328761E-026                  0.0000000000000000E+000                  0.0000000000000000E+000 
                                     169                  1.8359999946387895E+000                  2.5883502944179992E-001                  4.7095750580961049E+000                 -6.9225512971317391E+000                  5.9145519801306854E+000                  6.9999999972651028E-001                  2.8000000027348998E-001                  1.9999999999999796E-002                  1.7537417788504765E-026                  0.0000000000000000E+000                  0.0000000000000000E+000 
                                     170                  1.8359999944666645E+000                  2.5878585060234749E-001                  4.7152635508098051E+000                 -6.9086485922541732E+000                  5.9347941055014815E+000                  6.9999999972651028E-001                  2.8000000027348998E-001                  1.9999999999999796E-002                  1.8108105171473529E-026                  0.0000000000000000E+000                  0.0000000000000000E+000 
                                     171                  1.8359999941224143E+000                  2.5869054415330345E-001                  4.7211763394019819E+000                 -6.8937241380891345E+000                  5.9562497269824561E+000                  6.9999999972651028E-001                  2.8000000027348998E-001                  1.9999999999999796E-002                  1.8741422132537783E-026                  0.0000000000000000E+000                  0.0000000000000000E+000 
                                     172                  1.8359999938929146E+000                  2.5862911964671537E-001                  4.7279011686774650E+000                 -6.8766594120742788E+000                  5.9806845777177955E+000                  6.9999999972651028E-001                  2.8000000027348998E-001                  1.9999999999999796E-002                  1.9492753251654037E-026                  0.0000000000000000E+000                  0.0000000000000000E+000 
                                     173                  1.8359999934339144E+000                  2.5851093083740267E-001                  4.7349919094328765E+000                 -6.8574335192311322E+000                  6.0075844209218650E+000                  6.9999999972633886E-001                  2.8000000027366134E-001                  1.9999999999999796E-002                  2.0375387828423492E-026                  0.0000000000000000E+000                  0.0000000000000000E+000 
                                     174                  1.8359999930896644E+000                  2.5842606824180836E-001                  4.7396998373227399E+000                 -6.8442267620792547E+000                  6.0258410408923586E+000                  6.9999999972630866E-001                  2.8000000027369143E-001                  1.9999999999999907E-002                  2.1004744524894162E-026                  0.0000000000000000E+000                  0.0000000000000000E+000 
                                     175                  1.8359999928601642E+000                  2.5837116121180986E-001                  4.7441871463622522E+000                 -6.8314838417877572E+000                  6.0433697462055429E+000                  6.9999999972630278E-001                  2.8000000027369737E-001                  1.9999999999999796E-002                  2.1630421786357428E-026                  0.0000000000000000E+000                  0.0000000000000000E+000 
                                     176                  1.8359999925159143E+000                  2.5829114487345955E-001                  4.7492377397767127E+000                 -6.8166762974059081E+000                  6.0635255171938889E+000                  6.9999999972628979E-001                  2.8000000027371041E-001                  1.9999999999999796E-002                  2.2380925341745940E-026                  0.0000000000000000E+000                  0.0000000000000000E+000 
                                     177                  1.8359999921716641E+000                  2.5821376870535767E-001                  4.7547764261966980E+000                 -6.8000975721522323E+000                  6.0859315827659906E+000                  6.9999999972625315E-001                  2.8000000027374700E-001                  1.9999999999999796E-002                  2.3252145942687131E-026                  0.0000000000000000E+000                  0.0000000000000000E+000 
                                     178                  1.8359999917126644E+000                  2.5811440395683621E-001                  4.7591894630384770E+000                 -6.7863643323806428E+000                  6.1042740557647228E+000                  6.9999999972625315E-001                  2.8000000027374700E-001                  1.9999999999999796E-002                  2.3999465529639164E-026                  0.0000000000000000E+000                  0.0000000000000000E+000 
                                     179                  1.8359999914831644E+000                  2.5806624352231955E-001                  4.7620236756819319E+000                 -6.7774981084942141E+000                  6.1160908190216761E+000                  6.9999999972622662E-001                  2.8000000027377353E-001                  1.9999999999999796E-002                  2.4494650869399130E-026                  0.0000000000000000E+000                  0.0000000000000000E+000 
                                     180                  1.8359999912536642E+000                  2.5801904078139548E-001                  4.7647619230054570E+000                 -6.7688314454207745E+000                  6.1275994937607843E+000                  6.9999999972620008E-001                  2.8000000027380006E-001                  1.9999999999999796E-002                  2.4988565910867995E-026                  0.0000000000000000E+000                  0.0000000000000000E+000 
                                     181                  1.8359999910241642E+000                  2.5797275572616946E-001                  4.7687286772205697E+000                 -6.7562196018345908E+000                  6.1443171142442363E+000                  6.9999999972620008E-001                  2.8000000027380006E-001                  1.9999999999999796E-002                  2.5725167328136155E-026                  0.0000000000000000E+000                  0.0000000000000000E+000 
                                     182                  1.8359999905651641E+000                  2.5788279285550508E-001                  4.7724633203667493E+000                 -6.7439539865490241E+000                  6.1604280929724551E+000                  6.9999999972620008E-001                  2.8000000027380012E-001                  1.9999999999999796E-002                  2.6462373049819859E-026                  0.0000000000000000E+000                  0.0000000000000000E+000 
                                     183                  1.8359999903356641E+000                  2.5783904384172879E-001                  4.7748759464600941E+000                 -6.7360108333742259E+000                  6.1708501542590639E+000                  6.9999999972620008E-001                  2.8000000027380012E-001                  1.9999999999999796E-002                  2.6951019157624631E-026                  0.0000000000000000E+000                  0.0000000000000000E+000 
                                     184                  1.8359999901061641E+000                  2.5779607484721484E-001                  4.7772192018852691E+000                 -6.7282316479903477E+000                  6.1810319422311153E+000                  6.9999999972620008E-001                  2.8000000027380012E-001                  1.9999999999999796E-002                  2.7438324742247047E-026                  0.0000000000000000E+000                  0.0000000000000000E+000 
                                     185                  1.8359999898766639E+000                  2.5775385625114544E-001                  4.7806314026901342E+000                 -6.7168797439891188E+000                  6.1958762496545523E+000                  6.9999999972620008E-001                  2.8000000027380012E-001                  1.9999999999999796E-002                  2.8165290637938844E-026                  0.0000000000000000E+000                  0.0000000000000000E+000 
                                     186                  1.8359999894176642E+000                  2.5767156216182552E-001                  4.7849466360000283E+000                 -6.7022313429334179E+000                  6.2149250498909305E+000                  6.9999999972618565E-001                  2.8000000027381461E-001                  1.9999999999999796E-002                  2.9131902512633681E-026                  0.0000000000000000E+000                  0.0000000000000000E+000 
                                     187                  1.8359999889586640E+000                  2.5759195299149218E-001                  4.7890472648387536E+000                 -6.6881387241182750E+000                  6.2331864380698692E+000                  6.9999999972618310E-001                  2.8000000027381711E-001                  1.9999999999999796E-002                  3.0093142387992374E-026                  0.0000000000000000E+000                  0.0000000000000000E+000 
                                     188                  1.8359999884996641E+000                  2.5751484390523971E-001                  4.7919815375125205E+000                 -6.6778947225918177E+000                  6.2464048361058291E+000                  6.9999999972618310E-001                  2.8000000027381716E-001                  1.9999999999999796E-002                  3.0811725359972737E-026                  0.0000000000000000E+000                  0.0000000000000000E+000 
                                     189                  1.8359999882701639E+000                  2.5747717320152902E-001                  4.7948424562594960E+000                 -6.6679602597953931E+000                  6.2592371541521397E+000                  6.9999999972618310E-001                  2.8000000027381716E-001                  1.9999999999999796E-002                  3.1524983840674410E-026                  0.0000000000000000E+000                  0.0000000000000000E+000 
                                     190                  1.8359999878111639E+000                  2.5740350734083633E-001                  4.7984953481167025E+000                 -6.6550998950290250E+000                  6.2757886078929994E+000                  6.9999999972618310E-001                  2.8000000027381716E-001                  1.9999999999999796E-002                  3.2472894173066579E-026                  0.0000000000000000E+000                  0.0000000000000000E+000 
                                     191                  1.8359999873521640E+000                  2.5733195501913103E-001                  4.8011249653579897E+000                 -6.6457311834528916E+000                  6.2878087674178538E+000                  6.9999999972617388E-001                  2.8000000027382632E-001                  1.9999999999999796E-002                  3.3181342887333334E-026                  0.0000000000000000E+000                  0.0000000000000000E+000 
                                     192                  1.8359999871226640E+000                  2.5729692947482136E-001                  4.8036968192895886E+000                 -6.6366233118543914E+000                  6.2995089035278475E+000                  6.9999999972616467E-001                  2.8000000027383559E-001                  1.9999999999999796E-002                  3.3884884160404281E-026                  0.0000000000000000E+000                  0.0000000000000000E+000 
                                     193                  1.8359999866636638E+000                  2.5722830761485260E-001                  4.8078192370996451E+000                 -6.6219343283269732E+000                  6.3183464526353950E+000                  6.9999999972616300E-001                  2.8000000027383720E-001                  1.9999999999999796E-002                  3.5051113158079221E-026                  0.0000000000000000E+000                  0.0000000000000000E+000 
                                     194                  1.8359999859751637E+000                  2.5712874024383719E-001                  4.8117274578645768E+000                 -6.6077869124619530E+000                  6.3364170010888490E+000                  6.9999999972610827E-001                  2.8000000027389199E-001                  1.9999999999999796E-002                  3.6212283732396855E-026                  0.0000000000000000E+000                  0.0000000000000000E+000 
                                     195                  1.8359999855161639E+000                  2.5706445309693188E-001                  4.8139921365780776E+000                 -6.5995594061346843E+000                  6.3469152314466184E+000                  6.9999999972606608E-001                  2.8000000027393418E-001                  1.9999999999999796E-002                  3.6905182546687485E-026                  0.0000000000000000E+000                  0.0000000000000000E+000 
                                     196                  1.8359999852866637E+000                  2.5703290229446357E-001                  4.8162150028904209E+000                 -6.5915347302491654E+000                  6.3571686098243383E+000                  6.9999999972606608E-001                  2.8000000027393418E-001                  1.9999999999999796E-002                  3.7593772551244663E-026                  0.0000000000000000E+000                  0.0000000000000000E+000 
                                     197                  1.8359999848276638E+000                  2.5697093593204989E-001                  4.8205130665267273E+000                 -6.5760218228428693E+000                  6.3769875795161806E+000                  6.9999999972606608E-001                  2.8000000027393418E-001                  1.9999999999999796E-002                  3.8961566602310886E-026                  0.0000000000000000E+000                  0.0000000000000000E+000 
                                     198                  1.8359999839096635E+000                  2.5685127689046633E-001                  4.8249256906934637E+000                 -6.5597949063617786E+000                  6.3976243140969382E+000                  6.9999999972606186E-001                  2.8000000027393823E-001                  1.9999999999999907E-002                  4.0445612504013884E-026                  0.0000000000000000E+000                  0.0000000000000000E+000 
                                     199                  1.8359999833271283E+000                  2.5677808086349718E-001                  4.8275750494150165E+000                 -6.5500447795116195E+000                  6.4100200983830389E+000                  6.9999999972604376E-001                  2.8000000027395644E-001                  1.9999999999999796E-002                  4.1364375955198143E-026                  0.0000000000000000E+000                  0.0000000000000000E+000 
                                     200                  1.8359999829740927E+000                  2.5673468901185353E-001                  4.8305035351881660E+000                 -6.5393456258705216E+000                  6.4236438768049426E+000                  6.9999999972604376E-001                  2.8000000027395644E-001                  1.9999999999999796E-002                  4.2396607581154581E-026                  0.0000000000000000E+000                  0.0000000000000000E+000 
                                     201                  1.8359999822680220E+000                  2.5664997969639697E-001                  4.8342500497965446E+000                 -6.5255443963822968E+000                  6.4411819752876367E+000                  6.9999999972604376E-001                  2.8000000027395644E-001                  1.9999999999999796E-002                  4.3766266600086476E-026                  0.0000000000000000E+000                  0.0000000000000000E+000 
                                     202                  1.8359999815619512E+000                  2.5656787269956299E-001                  4.8378481375707443E+000                 -6.5122607082245461E+000                  6.4580517469146219E+000                  6.9999999972604376E-001                  2.8000000027395644E-001                  1.9999999999999796E-002                  4.5126348525436922E-026                  0.0000000000000000E+000                  0.0000000000000000E+000 
                                     203                  1.8359999808558805E+000                  2.5648819456506394E-001                  4.8413100828558555E+000                 -6.4994582805292653E+000                  6.4743023578185150E+000                  6.9999999972604376E-001                  2.8000000027395644E-001                  1.9999999999999796E-002                  4.6477148199709087E-026                  0.0000000000000000E+000                  0.0000000000000000E+000 
                                     204                  1.8359999801498097E+000                  2.5641078896965008E-001                  4.8446468414618646E+000                 -6.4871046108449875E+000                  6.4899777379194914E+000                  6.9999999972604299E-001                  2.8000000027395722E-001                  1.9999999999999796E-002                  4.7818929417783715E-026                  0.0000000000000000E+000                  0.0000000000000000E+000 
                                     205                  1.8359999794437387E+000                  2.5633551449965741E-001                  4.8478682103251840E+000                 -6.4751704374990364E+000                  6.5051172992482309E+000                  6.9999999972603832E-001                  2.8000000027396194E-001                  1.9999999999999796E-002                  4.9151931847201303E-026                  0.0000000000000000E+000                  0.0000000000000000E+000 
                                     206                  1.8359999787376680E+000                  2.5626224278537330E-001                  4.8509829736137675E+000                 -6.4636293495116544E+000                  6.5197565351453202E+000                  6.9999999972602434E-001                  2.8000000027397592E-001                  1.9999999999999796E-002                  5.0476370441496738E-026                  0.0000000000000000E+000                  0.0000000000000000E+000 
                                     207                  1.8359999780315972E+000                  2.5619085691629678E-001                  4.8539989938880446E+000                 -6.4524573830329617E+000                  6.5339275232870344E+000                  6.9999999972602434E-001                  2.8000000027397592E-001                  1.9999999999999796E-002                  5.1792443390421123E-026                  0.0000000000000000E+000                  0.0000000000000000E+000 
                                     208                  1.8359999773255264E+000                  2.5612125009942049E-001                  4.8583777867425564E+000                 -6.4363745258324023E+000                  6.5543658047787856E+000                  6.9999999972602434E-001                  2.8000000027397592E-001                  1.9999999999999796E-002                  5.3747527469432498E-026                  0.0000000000000000E+000                  0.0000000000000000E+000 
                                     209                  1.8359999759133849E+000                  2.5598700307085792E-001                  4.8625218172812392E+000                 -6.4209474641826692E+000                  6.5739089335000989E+000                  6.9999999972602434E-001                  2.8000000027397592E-001                  1.9999999999999796E-002                  5.5692225058680020E-026                  0.0000000000000000E+000                  0.0000000000000000E+000 
                                     210                  1.8359999752073142E+000                  2.5592217751561774E-001                  4.8652050574250998E+000                 -6.4110497255081942E+000                  6.5864729945619960E+000                  6.9999999972602434E-001                  2.8000000027397592E-001                  1.9999999999999796E-002                  5.6976816232672747E-026                  0.0000000000000000E+000                  0.0000000000000000E+000 
                                     211                  1.8359999745012434E+000                  2.5585878458426292E-001                  4.8697661921841648E+000                 -6.3944242063380212E+000                  6.6076337627362802E+000                  6.9999999972601246E-001                  2.8000000027398775E-001                  1.9999999999999796E-002                  5.9201635869030070E-026                  0.0000000000000000E+000                  0.0000000000000000E+000 
                                     212                  1.8359999727360667E+000                  2.5570614071626563E-001                  4.8746761930301226E+000                 -6.3762833635765270E+000                  6.6306501682170875E+000                  6.9999999972600890E-001                  2.8000000027399130E-001                  1.9999999999999796E-002                  6.1728495477094693E-026                  0.0000000000000000E+000                  0.0000000000000000E+000 
                                     213                  1.8359999716769606E+000                  2.5561822821875263E-001                  4.8788122995962118E+000                 -6.3611930836217763E+000                  6.6498503078250089E+000                  6.9999999972600890E-001                  2.8000000027399130E-001                  1.9999999999999796E-002                  6.3912442887411373E-026                  0.0000000000000000E+000                  0.0000000000000000E+000 
                                     214                  1.8359999702648191E+000                  2.5550493579247657E-001                  4.8827685638813412E+000                 -6.3467166242402708E+000                  6.6682562220771455E+000                  6.9999999972600890E-001                  2.8000000027399130E-001                  1.9999999999999796E-002                  6.6080161067258514E-026                  0.0000000000000000E+000                  0.0000000000000000E+000 
                                     215                  1.8359999692057132E+000                  2.5542269657211819E-001                  4.8860480140329816E+000                 -6.3347848385861205E+000                  6.6834460225789094E+000                  6.9999999972600846E-001                  2.8000000027399169E-001                  1.9999999999999796E-002                  6.7922019452805714E-026                  0.0000000000000000E+000                  0.0000000000000000E+000 
                                     216                  1.8359999681466073E+000                  2.5534264117041439E-001                  4.8892251926084525E+000                 -6.3232542818811064E+000                  6.6981330969800963E+000                  6.9999999972600824E-001                  2.8000000027399191E-001                  1.9999999999999796E-002                  6.9750720658243511E-026                  0.0000000000000000E+000                  0.0000000000000000E+000 
                                     217                  1.8359999670875011E+000                  2.5526464070959870E-001                  4.8923066775053625E+000                 -6.3120992348265270E+000                  6.7123497298193913E+000                  6.9999999972600824E-001                  2.8000000027399197E-001                  1.9999999999999796E-002                  7.1566725697488477E-026                  0.0000000000000000E+000                  0.0000000000000000E+000 
                                     218                  1.8359999660283952E+000                  2.5518857775051962E-001                  4.8957949918771977E+000                 -6.2995363521639449E+000                  6.7283792111872973E+000                  6.9999999972600824E-001                  2.8000000027399197E-001                  1.9999999999999796E-002                  7.3668610800426416E-026                  0.0000000000000000E+000                  0.0000000000000000E+000 
                                     219                  1.8359999646162537E+000                  2.5508999270544713E-001                  4.8986786971591050E+000                 -6.2891051428274212E+000                  6.7416749387634320E+000                  6.9999999972600824E-001                  2.8000000027399197E-001                  1.9999999999999796E-002                  7.5460694555573254E-026                  0.0000000000000000E+000                  0.0000000000000000E+000 
                                     220                  1.8359999639101829E+000                  2.5504184562705107E-001                  4.9005641965737183E+000                 -6.2823321370527170E+000                  6.7503216706786118E+000                  6.9999999972600824E-001                  2.8000000027399197E-001                  1.9999999999999796E-002                  7.6647583139165883E-026                  0.0000000000000000E+000                  0.0000000000000000E+000 
                                     221                  1.8359999632041122E+000                  2.5499442794936122E-001                  4.9033390950551308E+000                 -6.2724296861162614E+000                  6.7629827523606521E+000                  6.9999999972600824E-001                  2.8000000027399197E-001                  1.9999999999999796E-002                  7.8416561728219747E-026                  0.0000000000000000E+000                  0.0000000000000000E+000 
                                     222                  1.8359999617919707E+000                  2.5490168560719695E-001                  4.9069160039047333E+000                 -6.2596442139903177E+000                  6.7793234054781362E+000                  6.9999999972600824E-001                  2.8000000027399197E-001                  1.9999999999999796E-002                  8.0761107762146077E-026                  0.0000000000000000E+000                  0.0000000000000000E+000 
                                     223                  1.8359999603798294E+000                  2.5481157687807809E-001                  4.9112356190647626E+000                 -6.2443260995056278E+000                  6.7989367461931094E+000                  6.9999999972600824E-001                  2.8000000027399202E-001                  1.9999999999999796E-002                  8.3662596279458054E-026                  0.0000000000000000E+000                  0.0000000000000000E+000 
                                     224                  1.8359999582616171E+000                  2.5468099857155868E-001                  4.9157718218329398E+000                 -6.2282129832036643E+000                  6.8195594058429059E+000                  6.9999999972600824E-001                  2.8000000027399191E-001                  1.9999999999999796E-002                  8.6827278211855972E-026                  0.0000000000000000E+000                  0.0000000000000000E+000 
                                     225                  1.8359999564964404E+000                  2.5457606125646925E-001                  4.9201353120435547E+000                 -6.2128466760406136E+000                  6.8392656348129037E+000                  6.9999999972600824E-001                  2.8000000027399197E-001                  1.9999999999999796E-002                  8.9956776950023677E-026                  0.0000000000000000E+000                  0.0000000000000000E+000 
                                     226                  1.8359999543782282E+000                  2.5445441892001508E-001                  4.9246954822081861E+000                 -6.1968356781294061E+000                  6.8598126520053802E+000                  6.9999999972600824E-001                  2.8000000027399202E-001                  1.9999999999999796E-002                  9.3337673014693310E-026                  0.0000000000000000E+000                  0.0000000000000000E+000 
                                     227                  1.8359999522600159E+000                  2.5433708266464788E-001                  4.9279817088560938E+000                 -6.1852919641353932E+000                  6.8746248409552484E+000                  6.9999999972600824E-001                  2.8000000027399197E-001                  1.9999999999999796E-002                  9.5853844070832404E-026                  0.0000000000000000E+000                  0.0000000000000000E+000 
                                     228                  1.8359999512009100E+000                  2.5427991897226254E-001                  4.9311951525900621E+000                 -6.1741597366555769E+000                  6.8889558783772866E+000                  6.9999999972600824E-001                  2.8000000027399197E-001                  1.9999999999999796E-002                  9.8344575105918843E-026                  0.0000000000000000E+000                  0.0000000000000000E+000 
                                     229                  1.8359999490826977E+000                  2.5416841995801948E-001                  4.9346378309950110E+000                 -6.1621823960229980E+000                  6.9043590778357711E+000                  6.9999999972600824E-001                  2.8000000027399197E-001                  1.9999999999999796E-002                  1.0109674558474504E-025                  0.0000000000000000E+000                  0.0000000000000000E+000 
                                     230                  1.8359999476705564E+000                  2.5409606334695523E-001                  4.9379913487093878E+000                 -6.1506362993440318E+000                  6.9192443788004985E+000                  6.9999999972600824E-001                  2.8000000027399197E-001                  1.9999999999999796E-002                  1.0382273896522954E-025                  0.0000000000000000E+000                  0.0000000000000000E+000 
                                     231                  1.8359999455523441E+000                  2.5399031087234847E-001                  4.9418774248711737E+000                 -6.1372754863250023E+000                  6.9364748348054226E+000                  6.9999999972600824E-001                  2.8000000027399197E-001                  1.9999999999999796E-002                  1.0706908832830722E-025                  0.0000000000000000E+000                  0.0000000000000000E+000 
                                     232                  1.8359999434341319E+000                  2.5388768844366011E-001                  4.9450094380949192E+000                 -6.1265273356893122E+000                  6.9503419858238980E+000                  6.9999999972600824E-001                  2.8000000027399197E-001                  1.9999999999999796E-002                  1.0975418060982861E-025                  0.0000000000000000E+000                  0.0000000000000000E+000 
                                     233                  1.8359999420219903E+000                  2.5382090681748409E-001                  4.9480690362362871E+000                 -6.1161297980300882E+000                  6.9637881624174858E+000                  6.9999999972600824E-001                  2.8000000027399197E-001                  1.9999999999999796E-002                  1.1241577056321392E-025                  0.0000000000000000E+000                  0.0000000000000000E+000 
                                     234                  1.8359999399037785E+000                  2.5372304851744942E-001                  4.9510368988849169E+000                 -6.1060327872166686E+000                  6.9768420896885806E+000                  6.9999999972600824E-001                  2.8000000027399197E-001                  1.9999999999999796E-002                  1.1506221598872211E-025                  0.0000000000000000E+000                  0.0000000000000000E+000 
                                     235                  1.8359999384916370E+000                  2.5365927331407662E-001                  4.9545189705947363E+000                 -6.0943319836420962E+000                  6.9920146390698461E+000                  6.9999999972600824E-001                  2.8000000027399197E-001                  1.9999999999999796E-002                  1.1820707987240925E-025                  0.0000000000000000E+000                  0.0000000000000000E+000 
                                     236                  1.8359999356673540E+000                  2.5353503285199580E-001                  4.9589878273361947E+000                 -6.0793266722842931E+000                  7.0114755549721730E+000                  6.9999999972600824E-001                  2.8000000027399197E-001                  1.9999999999999796E-002                  1.2236628015545250E-025                  0.0000000000000000E+000                  0.0000000000000000E+000 
                                     237                  1.8359999328430709E+000                  2.5341491037143887E-001                  4.9632917789170046E+000                 -6.0649731133484179E+000                  7.0301218746442933E+000                  6.9999999972600824E-001                  2.8000000027399197E-001                  1.9999999999999796E-002                  1.2648176608965083E-025                  0.0000000000000000E+000                  0.0000000000000000E+000 
                                     238                  1.8359999300187879E+000                  2.5329859814050781E-001                  4.9664095804531483E+000                 -6.0545912746021147E+000                  7.0436135698954194E+000                  6.9999999972600824E-001                  2.8000000027399197E-001                  1.9999999999999796E-002                  1.2954450795542658E-025                  0.0000000000000000E+000                  0.0000000000000000E+000 
                                     239                  1.8359999286066466E+000                  2.5324178180060242E-001                  4.9694662525955335E+000                 -6.0445506097256665E+000                  7.0567054797099367E+000                  6.9999999972600824E-001                  2.8000000027399197E-001                  1.9999999999999796E-002                  1.3257716180062308E-025                  0.0000000000000000E+000                  0.0000000000000000E+000 
                                     240                  1.8359999257823636E+000                  2.5313068170037822E-001                  4.9734105016465318E+000                 -6.0316072673457564E+000                  7.0735861221352492E+000                  6.9999999972600824E-001                  2.8000000027399197E-001                  1.9999999999999796E-002                  1.3659156336718222E-025                  0.0000000000000000E+000                  0.0000000000000000E+000 
                                     241                  1.8359999229580806E+000                  2.5302276227152248E-001                  4.9781769428510030E+000                 -6.0161303492705125E+000                  7.0938237484199247E+000                  6.9999999972600824E-001                  2.8000000027399197E-001                  1.9999999999999796E-002                  1.4155172086919549E-025                  0.0000000000000000E+000                  0.0000000000000000E+000 
                                     242                  1.8359999187216562E+000                  2.5286640777369113E-001                  4.9827343967876523E+000                 -6.0013181120188772E+000                  7.1131874179119992E+000                  6.9999999972600824E-001                  2.8000000027399197E-001                  1.9999999999999796E-002                  1.4646753513696333E-025                  0.0000000000000000E+000                  0.0000000000000000E+000 
                                     243                  1.8359999158973732E+000                  2.5276557709908370E-001                  4.9853879034411577E+000                 -5.9927416455027132E+000                  7.1244145979841882E+000                  6.9999999972600824E-001                  2.8000000027399197E-001                  1.9999999999999796E-002                  1.4939155366835974E-025                  0.0000000000000000E+000                  0.0000000000000000E+000 
                                     244                  1.8359999144852317E+000                  2.5271612193511667E-001                  4.9879973283018328E+000                 -5.9844007062234494E+000                  7.1353637611702352E+000                  6.9999999972600824E-001                  2.8000000027399197E-001                  1.9999999999999796E-002                  1.5229128094855255E-025                  0.0000000000000000E+000                  0.0000000000000000E+000 
                                     245                  1.8359999116609487E+000                  2.5261904400761692E-001                  4.9913808212684785E+000                 -5.9735877521620218E+000                  7.1495585253894127E+000                  6.9999999972600824E-001                  2.8000000027399197E-001                  1.9999999999999796E-002                  1.5613438336076727E-025                  0.0000000000000000E+000                  0.0000000000000000E+000 
                                     246                  1.8359999088366659E+000                  2.5252429050136238E-001                  4.9946705568656249E+000                 -5.9631191832055412E+000                  7.1633157982508360E+000                  6.9999999972600824E-001                  2.8000000027399197E-001                  1.9999999999999796E-002                  1.5994750443955056E-025                  0.0000000000000000E+000                  0.0000000000000000E+000 
                                     247                  1.8359999060123828E+000                  2.5243173383881939E-001                  4.9978713634763414E+000                 -5.9529734772955223E+000                  7.1766618251730634E+000                  6.9999999972600824E-001                  2.8000000027399197E-001                  1.9999999999999796E-002                  1.6373190725461335E-025                  0.0000000000000000E+000                  0.0000000000000000E+000 
                                     248                  1.8359999031880998E+000                  2.5234125718493888E-001                  5.0009876548676315E+000                 -5.9431310034340115E+000                  7.1896205569433658E+000                  6.9999999972600824E-001                  2.8000000027399202E-001                  1.9999999999999796E-002                  1.6748879210621028E-025                  0.0000000000000000E+000                  0.0000000000000000E+000 
                                     249                  1.8359999003638168E+000                  2.5225275326063995E-001                  5.0040235063881120E+000                 -5.9335738407606460E+000                  7.2022139097108129E+000                  6.9999999972600646E-001                  2.8000000027399374E-001                  1.9999999999999796E-002                  1.7121928845801438E-025                  0.0000000000000000E+000                  0.0000000000000000E+000 
                                     250                  1.8359998975395337E+000                  2.5216612331012367E-001                  5.0077192977763438E+000                 -5.9220142463329797E+000                  7.2174707875592796E+000                  6.9999999972600624E-001                  2.8000000027399380E-001                  2.0000000000000018E-002                  1.7584266134754308E-025                  0.0000000000000000E+000                  0.0000000000000000E+000 
                                     251                  1.8359998933031092E+000                  2.5203949826705285E-001                  5.0115572120431171E+000                 -5.9099902262123516E+000                  7.2333336408738171E+000                  6.9999999972600635E-001                  2.8000000027399385E-001                  1.9999999999999796E-002                  1.8078437119733061E-025                  0.0000000000000000E+000                  0.0000000000000000E+000 
                                     252                  1.8359998899394387E+000                  2.5194162899885014E-001                  5.0148569947108061E+000                 -5.8997058920578827E+000                  7.2469192595829206E+000                  6.9999999972600635E-001                  2.8000000027399385E-001                  1.9999999999999796E-002                  1.8512119484157326E-025                  0.0000000000000000E+000                  0.0000000000000000E+000 
                                     253                  1.8359998865757681E+000                  2.5184598620029164E-001                  5.0180663580113549E+000                 -5.8897320843392631E+000                  7.2601041871411169E+000                  6.9999999972600635E-001                  2.8000000027399385E-001                  1.9999999999999796E-002                  1.8942647296183838E-025                  0.0000000000000000E+000                  0.0000000000000000E+000 
                                     254                  1.8359998832120974E+000                  2.5175245376745048E-001                  5.0219676764258230E+000                 -5.8776856816057164E+000                  7.2760551250848087E+000                  6.9999999972600635E-001                  2.8000000027399385E-001                  1.9999999999999796E-002                  1.9476018902236345E-025                  0.0000000000000000E+000                  0.0000000000000000E+000 
                                     255                  1.8359998781665914E+000                  2.5161588473557578E-001                  5.0264741251792477E+000                 -5.8637742670059412E+000                  7.2944763921025855E+000                  6.9999999972600635E-001                  2.8000000027399385E-001                  1.9999999999999796E-002                  2.0110689883217250E-025                  0.0000000000000000E+000                  0.0000000000000000E+000 
                                     256                  1.8359998731210854E+000                  2.5148349806788167E-001                  5.0300951535247362E+000                 -5.8526043644872559E+000                  7.3092699268572536E+000                  6.9999999972600635E-001                  2.8000000027399380E-001                  1.9999999999999796E-002                  2.0635233501715490E-025                  0.0000000000000000E+000                  0.0000000000000000E+000 
                                     257                  1.8359998697574149E+000                  2.5139741637477625E-001                  5.0329209709693732E+000                 -5.8439416161131739E+000                  7.3207613056284906E+000                  6.9999999972600635E-001                  2.8000000027399391E-001                  1.9999999999999796E-002                  2.1051446991431867E-025                  0.0000000000000000E+000                  0.0000000000000000E+000 
                                     258                  1.8359998663937442E+000                  2.5131298500758276E-001                  5.0370549521075523E+000                 -5.8313823936114133E+000                  7.3374603578756714E+000                  6.9999999972600635E-001                  2.8000000027399385E-001                  1.9999999999999796E-002                  2.1669833819448969E-025                  0.0000000000000000E+000                  0.0000000000000000E+000 
                                     259                  1.8359998596664029E+000                  2.5114879470229351E-001                  5.0429864275129264E+000                 -5.8133838692039248E+000                  7.3613986384342764E+000                  6.9999999972600635E-001                  2.8000000027399391E-001                  1.9999999999999796E-002                  2.2587861280347501E-025                  0.0000000000000000E+000                  0.0000000000000000E+000 
                                     260                  1.8359998512572262E+000                  2.5095164278631288E-001                  5.0473718983720648E+000                 -5.7999948779692181E+000                  7.3791774687496545E+000                  6.9999999972600491E-001                  2.8000000027399530E-001                  1.9999999999999796E-002                  2.3295927783448594E-025                  0.0000000000000000E+000                  0.0000000000000000E+000 
                                     261                  1.8359998478935557E+000                  2.5087510382452549E-001                  5.0504314349712107E+000                 -5.7907831939289478E+000                  7.3914538276317128E+000                  6.9999999972599980E-001                  2.8000000027400040E-001                  1.9999999999999796E-002                  2.3795935432255248E-025                  0.0000000000000000E+000                  0.0000000000000000E+000 
                                     262                  1.8359998428480493E+000                  2.5076263150466482E-001                  5.0539953057207985E+000                 -5.7800505530216402E+000                  7.4057561383605979E+000                  6.9999999972599869E-001                  2.8000000027400151E-001                  1.9999999999999796E-002                  2.4392060419559888E-025                  0.0000000000000000E+000                  0.0000000000000000E+000 
                                     263                  1.8359998378025435E+000                  2.5065282035514869E-001                  5.0586022571775002E+000                 -5.7662831321124104E+000                  7.4241396502337667E+000                  6.9999999972599869E-001                  2.8000000027400151E-001                  1.9999999999999796E-002                  2.5178676716591998E-025                  0.0000000000000000E+000                  0.0000000000000000E+000 
                                     264                  1.8359998293933668E+000                  2.5047533656594223E-001                  5.0635542197554679E+000                 -5.7514199969726443E+000                  7.4439632312707094E+000                  6.9999999972599869E-001                  2.8000000027400151E-001                  1.9999999999999796E-002                  2.6056416296226668E-025                  0.0000000000000000E+000                  0.0000000000000000E+000 
                                     265                  1.8359998226660255E+000                  2.5033797734485952E-001                  5.0677962487015726E+000                 -5.7387573332209998E+000                  7.4608762443382108E+000                  6.9999999972599869E-001                  2.8000000027400151E-001                  1.9999999999999796E-002                  2.6828320452970365E-025                  0.0000000000000000E+000                  0.0000000000000000E+000 
                                     266                  1.8359998159386843E+000                  2.5020444038004491E-001                  5.0718925776581356E+000                 -5.7265635358238063E+000                  7.4771748804500335E+000                  6.9999999972599869E-001                  2.8000000027400151E-001                  1.9999999999999796E-002                  2.7593261922139297E-025                  0.0000000000000000E+000                  0.0000000000000000E+000 
                                     267                  1.8359998092113430E+000                  2.5007448240172087E-001                  5.0748668687876926E+000                 -5.7176949916926745E+000                  7.4890235805170366E+000                  6.9999999972599869E-001                  2.8000000027400151E-001                  1.9999999999999796E-002                  2.8163277110832999E-025                  0.0000000000000000E+000                  0.0000000000000000E+000 
                                     268                  1.8359998058476723E+000                  2.5001077426298624E-001                  5.0768154970798509E+000                 -5.7119202941331420E+000                  7.4967513433877233E+000                  6.9999999972599869E-001                  2.8000000027400151E-001                  1.9999999999999796E-002                  2.8540757985875125E-025                  0.0000000000000000E+000                  0.0000000000000000E+000 
                                     269                  1.8359998024840016E+000                  2.4994788013167210E-001                  5.0796889021977787E+000                 -5.7034548114558428E+000                  7.5080976100286438E+000                  6.9999999972599869E-001                  2.8000000027400151E-001                  1.9999999999999796E-002                  2.9103300433425793E-025                  0.0000000000000000E+000                  0.0000000000000000E+000 
                                     270                  1.8359997957566605E+000                  2.4982444063939416E-001                  5.0843313278323086E+000                 -5.6898138009302865E+000                  7.5263935457759903E+000                  6.9999999972599869E-001                  2.8000000027400151E-001                  1.9999999999999796E-002                  3.0033200927450907E-025                  0.0000000000000000E+000                  0.0000000000000000E+000 
                                     271                  1.8359997856656487E+000                  2.4964481887731946E-001                  5.0883496549901039E+000                 -5.6779380281569649E+000                  7.5422972344195589E+000                  6.9999999972599869E-001                  2.8000000027400151E-001                  1.9999999999999796E-002                  3.0866942963712243E-025                  0.0000000000000000E+000                  0.0000000000000000E+000 
                                     272                  1.8359997805756674E+000                  2.4955657868237241E-001                  5.0909826260141591E+000                 -5.6702226732007484E+000                  7.5526529730849647E+000                  6.9999999972599869E-001                  2.8000000027400151E-001                  1.9999999999999796E-002                  3.1420973274829246E-025                  0.0000000000000000E+000                  0.0000000000000000E+000 
                                     273                  1.8359997754856863E+000                  2.4946983984978222E-001                  5.0939886354288175E+000                 -5.6614508455743549E+000                  7.5644398963068378E+000                  6.9999999972599869E-001                  2.8000000027400151E-001                  1.9999999999999796E-002                  3.2062965924658927E-025                  0.0000000000000000E+000                  0.0000000000000000E+000 
                                     274                  1.8359997686990444E+000                  2.4935642218220011E-001                  5.0973325946006565E+000                 -5.6517012385226373E+000                  7.5775437054729338E+000                  6.9999999972599869E-001                  2.8000000027400151E-001                  1.9999999999999796E-002                  3.2791934695453166E-025                  0.0000000000000000E+000                  0.0000000000000000E+000 
                                     275                  1.8359997619124029E+000                  2.4924543630713211E-001                  5.1013984705566049E+000                 -5.6399223530505020E+000                  7.5934022269610200E+000                  6.9999999972599869E-001                  2.8000000027400151E-001                  1.9999999999999796E-002                  3.3694788128832308E-025                  0.0000000000000000E+000                  0.0000000000000000E+000 
                                     276                  1.8359997517324402E+000                  2.4908325910015497E-001                  5.1053170436635176E+000                 -5.6285312565356813E+000                  7.6087244795896236E+000                  6.9999999972599869E-001                  2.8000000027400151E-001                  1.9999999999999796E-002                  3.4591571495010776E-025                  0.0000000000000000E+000                  0.0000000000000000E+000 
                                     277                  1.8359997449457983E+000                  2.4897784253411193E-001                  5.1083718668702636E+000                 -5.6197053375419443E+000                  7.6206159717828781E+000                  6.9999999972599869E-001                  2.8000000027400151E-001                  1.9999999999999796E-002                  3.5302797112598714E-025                  0.0000000000000000E+000                  0.0000000000000000E+000 
                                     278                  1.8359997381591568E+000                  2.4887447215079767E-001                  5.1113532195221953E+000                 -5.6111121051957094E+000                  7.6322013993024269E+000                  6.9999999972599869E-001                  2.8000000027400151E-001                  1.9999999999999796E-002                  3.6009329859462581E-025                  0.0000000000000000E+000                  0.0000000000000000E+000 
                                     279                  1.8359997313725149E+000                  2.4877305531053898E-001                  5.1157129557054244E+000                 -5.5986556897371047E+000                  7.6490353096630015E+000                  6.9999999972599869E-001                  2.8000000027400151E-001                  1.9999999999999796E-002                  3.7058690646723507E-025                  0.0000000000000000E+000                  0.0000000000000000E+000 
                                     280                  1.8359997177992318E+000                  2.4857575320976058E-001                  5.1212756055437794E+000                 -5.5827263232111228E+000                  7.6705493393602833E+000                  6.9999999972599869E-001                  2.8000000027400151E-001                  1.9999999999999796E-002                  3.8445333340771598E-025                  0.0000000000000000E+000                  0.0000000000000000E+000 
                                     281                  1.8359997042259484E+000                  2.4838530189490726E-001                  5.1252771671896591E+000                 -5.5712530035297361E+000                  7.6860397872454085E+000                  6.9999999972599869E-001                  2.8000000027400151E-001                  1.9999999999999796E-002                  3.9476137155566358E-025                  0.0000000000000000E+000                  0.0000000000000000E+000 
                                     282                  1.8359996974393067E+000                  2.4829246820533321E-001                  5.1285356319893376E+000                 -5.5620158413961622E+000                  7.6985499160134312E+000                  6.9999999972599869E-001                  2.8000000027400151E-001                  1.9999999999999796E-002                  4.0326100584053289E-025                  0.0000000000000000E+000                  0.0000000000000000E+000 
                                     283                  1.8359996872593438E+000                  2.4815604018029830E-001                  5.1323318209557076E+000                 -5.5512595245573779E+000                  7.7131193804907010E+000                  6.9999999972599869E-001                  2.8000000027400151E-001                  1.9999999999999796E-002                  4.1338958078994004E-025                  0.0000000000000000E+000                  0.0000000000000000E+000 
                                     284                  1.8359996770793814E+000                  2.4802282560638114E-001                  5.1366623157027940E+000                 -5.5390667359708265E+000                  7.7296633210055106E+000                  6.9999999972599869E-001                  2.8000000027400151E-001                  1.9999999999999796E-002                  4.2517900904394853E-025                  0.0000000000000000E+000                  0.0000000000000000E+000 
                                     285                  1.8359996633261153E+000                  2.4784764694993425E-001                  5.1414572516373180E+000                 -5.5255891976613585E+000                  7.7479590010009680E+000                  6.9999999972599869E-001                  2.8000000027400151E-001                  1.9999999999999796E-002                  4.3860262367020182E-025                  0.0000000000000000E+000                  0.0000000000000000E+000 
                                     286                  1.8359996495728494E+000                  2.4767761855114023E-001                  5.1449296805875413E+000                 -5.5158248043653213E+000                  7.7612125015568258E+000                  6.9999999972599869E-001                  2.8000000027400151E-001                  1.9999999999999796E-002                  4.4859215524922216E-025                  0.0000000000000000E+000                  0.0000000000000000E+000 
                                     287                  1.8359996426962164E+000                  2.4759442169165288E-001                  5.1472011457794062E+000                 -5.5094852838958124E+000                  7.7698352107926718E+000                  6.9999999972599869E-001                  2.8000000027400151E-001                  1.9999999999999796E-002                  4.5519943576756263E-025                  0.0000000000000000E+000                  0.0000000000000000E+000 
                                     288                  1.8359996358195831E+000                  2.4751238365373568E-001                  5.1505454716580186E+000                 -5.5002172645152534E+000                  7.7824659352727359E+000                  6.9999999972599869E-001                  2.8000000027400151E-001                  1.9999999999999796E-002                  4.6503458282650883E-025                  0.0000000000000000E+000                  0.0000000000000000E+000 
                                     289                  1.8359996220663173E+000                  2.4735163719970207E-001                  5.1548622227443186E+000                 -5.4882447094307665E+000                  7.7987787161991786E+000                  6.9999999972599869E-001                  2.8000000027400151E-001                  1.9999999999999796E-002                  4.7805525149469296E-025                  0.0000000000000000E+000                  0.0000000000000000E+000 
                                     290                  1.8359996083130514E+000                  2.4719509018589594E-001                  5.1595603667022800E+000                 -5.4752967841452751E+000                  7.8164516806335929E+000                  6.9999999972599869E-001                  2.8000000027400151E-001                  1.9999999999999796E-002                  4.9254767231138565E-025                  0.0000000000000000E+000                  0.0000000000000000E+000 
                                     291                  1.8359995911214688E+000                  2.4700492678708352E-001                  5.1645831785796226E+000                 -5.4614881690411918E+000                  7.8353123271344627E+000                  6.9999999972599869E-001                  2.8000000027400151E-001                  1.9999999999999796E-002                  5.0848831871853600E-025                  0.0000000000000000E+000                  0.0000000000000000E+000 
                                     292                  1.8359995739298864E+000                  2.4682047611635072E-001                  5.1684576809644396E+000                 -5.4508407922069457E+000                  7.8498567225403564E+000                  6.9999999972599869E-001                  2.8000000027400151E-001                  1.9999999999999796E-002                  5.2113134400212519E-025                  0.0000000000000000E+000                  0.0000000000000000E+000 
                                     293                  1.8359995636149371E+000                  2.4671237679768959E-001                  5.1712975617162442E+000                 -5.4430903397250967E+000                  7.8604644600402391E+000                  6.9999999972599858E-001                  2.8000000027400151E-001                  1.9999999999999907E-002                  5.3053190146313743E-025                  0.0000000000000000E+000                  0.0000000000000000E+000 
                                     294                  1.8359995532999873E+000                  2.4660611086645887E-001                  5.1745387622092505E+000                 -5.4342835419761792E+000                  7.8725329606849286E+000                  6.9999999972599858E-001                  2.8000000027400151E-001                  1.9999999999999907E-002                  5.4141987522077543E-025                  0.0000000000000000E+000                  0.0000000000000000E+000 
                                     295                  1.8359995395467212E+000                  2.4646714958028001E-001                  5.1781429934365892E+000                 -5.4244997660492524E+000                  7.8859438667934540E+000                  6.9999999972599858E-001                  2.8000000027400151E-001                  1.9999999999999907E-002                  5.5377814670407795E-025                  0.0000000000000000E+000                  0.0000000000000000E+000 
                                     296                  1.8359995257934554E+000                  2.4633115472345923E-001                  5.1825230079031446E+000                 -5.4126875105997367E+000                  7.9021652533951707E+000                  6.9999999972599858E-001                  2.8000000027400151E-001                  1.9999999999999907E-002                  5.6907548463229844E-025                  0.0000000000000000E+000                  0.0000000000000000E+000 
                                     297                  1.8359995051635565E+000                  2.4613240634938660E-001                  5.1867416907975104E+000                 -5.4012679916976571E+000                  7.9178306456875873E+000                  6.9999999972599858E-001                  2.8000000027400151E-001                  1.9999999999999907E-002                  5.8426619334468818E-025                  0.0000000000000000E+000                  0.0000000000000000E+000 
                                     298                  1.8359994914102904E+000                  2.4600319973145846E-001                  5.1900282830211513E+000                 -5.3924246336249935E+000                  7.9299826734087997E+000                  6.9999999972599858E-001                  2.8000000027400151E-001                  1.9999999999999907E-002                  5.9630829415449686E-025                  0.0000000000000000E+000                  0.0000000000000000E+000 
                                     299                  1.8359994776570245E+000                  2.4587648553252855E-001                  5.1940310647634043E+000                 -5.3817114208997694E+000                  7.9447265263309115E+000                  6.9999999972599858E-001                  2.8000000027400151E-001                  1.9999999999999907E-002                  6.1122985791712437E-025                  0.0000000000000000E+000                  0.0000000000000000E+000 
                                     300                  1.8359994570271256E+000                  2.4569084541089878E-001                  5.1979240641161848E+000                 -5.3712474449309191E+000                  7.9591097330530722E+000                  6.9999999972599314E-001                  2.8000000027400707E-001                  1.9999999999999796E-002                  6.2616501581952068E-025                  0.0000000000000000E+000                  0.0000000000000000E+000 
                                     301                  1.8359994430303688E+000                  2.4556776150014367E-001                  5.2009933001567035E+000                 -5.3630358977287615E+000                  7.9704118513210833E+000                  6.9999999972598126E-001                  2.8000000027401895E-001                  1.9999999999999796E-002                  6.3814065983962558E-025                  0.0000000000000000E+000                  0.0000000000000000E+000 
                                     302                  1.8359994290336117E+000                  2.4544688115640209E-001                  5.2054807226094271E+000                 -5.3511179899735382E+000                  7.9868499226698884E+000                  6.9999999972598104E-001                  2.8000000027401906E-001                  1.9999999999999907E-002                  6.5593063640037706E-025                  0.0000000000000000E+000                  0.0000000000000000E+000 
                                     303                  1.8359994010400982E+000                  2.4521137497062176E-001                  5.2104913377566691E+000                 -5.3377009482988740E+000                  8.0053120937249869E+000                  6.9999999972598104E-001                  2.8000000027401906E-001                  1.9999999999999907E-002                  6.7655311789285128E-025                  0.0000000000000000E+000                  0.0000000000000000E+000 
                                     304                  1.8359993800449632E+000                  2.4503987775709360E-001                  5.2139521634744437E+000                 -5.3284432340136103E+000                  8.0180546187100497E+000                  6.9999999972598104E-001                  2.8000000027401911E-001                  1.9999999999999796E-002                  6.9115975858301939E-025                  0.0000000000000000E+000                  0.0000000000000000E+000 
                                     305                  1.8359993660482061E+000                  2.4492784799860456E-001                  5.2173327385476398E+000                 -5.3194563722573793E+000                  8.0304465002125767E+000                  6.9999999972598104E-001                  2.8000000027401906E-001                  1.9999999999999907E-002                  7.0564094839842109E-025                  0.0000000000000000E+000                  0.0000000000000000E+000 
                                     306                  1.8359993450530707E+000                  2.4476308754849291E-001                  5.2206117309428191E+000                 -5.3106920684363930E+000                  8.0425126315060940E+000                  6.9999999972598104E-001                  2.8000000027401906E-001                  1.9999999999999907E-002                  7.2005599783255478E-025                  0.0000000000000000E+000                  0.0000000000000000E+000 
                                     307                  1.8359993310563141E+000                  2.4465534030166403E-001                  5.2244567202923804E+000                 -5.3005013808557750E+000                  8.0565766744120388E+000                  6.9999999972598104E-001                  2.8000000027401906E-001                  1.9999999999999907E-002                  7.3718814480189829E-025                  0.0000000000000000E+000                  0.0000000000000000E+000 
                                     308                  1.8359993030628003E+000                  2.4444461185050137E-001                  5.2293869565433022E+000                 -5.2873618204554802E+000                  8.0746815235164728E+000                  6.9999999972598104E-001                  2.8000000027401906E-001                  1.9999999999999907E-002                  7.5988144397750795E-025                  0.0000000000000000E+000                  0.0000000000000000E+000 
                                     309                  1.8359992750692868E+000                  2.4423986990653274E-001                  5.2335389017131790E+000                 -5.2762691888728117E+000                  8.0899551357127066E+000                  6.9999999972598104E-001                  2.8000000027401906E-001                  1.9999999999999907E-002                  7.7958303722728831E-025                  0.0000000000000000E+000                  0.0000000000000000E+000 
                                     310                  1.8359992540741514E+000                  2.4409000243328299E-001                  5.2369957239517397E+000                 -5.2670560726719717E+000                  8.1026496846598075E+000                  6.9999999972598104E-001                  2.8000000027401906E-001                  1.9999999999999907E-002                  7.9633459859637081E-025                  0.0000000000000000E+000                  0.0000000000000000E+000 
                                     311                  1.8359992330790162E+000                  2.4394313030803694E-001                  5.2409449067879361E+000                 -5.2565516988787087E+000                  8.1171317810530592E+000                  6.9999999972598104E-001                  2.8000000027401906E-001                  1.9999999999999907E-002                  8.1587404842845589E-025                  0.0000000000000000E+000                  0.0000000000000000E+000 
                                     312                  1.8359992047149263E+000                  2.4374922203641070E-001                  5.2453226595751170E+000                 -5.2448633788492867E+000                  8.1332287208079439E+000                  6.9999999972598104E-001                  2.8000000027401906E-001                  1.9999999999999907E-002                  8.3818046625470391E-025                  0.0000000000000000E+000                  0.0000000000000000E+000 
                                     313                  1.8359991763508368E+000                  2.4356021307626910E-001                  5.2500706816829883E+000                 -5.2321919455480002E+000                  8.1506818171906819E+000                  6.9999999972598104E-001                  2.8000000027401911E-001                  1.9999999999999796E-002                  8.6305336913296649E-025                  0.0000000000000000E+000                  0.0000000000000000E+000 
                                     314                  1.8359991408957246E+000                  2.4333041352806595E-001                  5.2551355946726845E+000                 -5.2186008447842118E+000                  8.1693724033276460E+000                  6.9999999972598104E-001                  2.8000000027401906E-001                  1.9999999999999907E-002                  8.9055342567027400E-025                  0.0000000000000000E+000                  0.0000000000000000E+000 
                                     315                  1.8359991052526141E+000                  2.4310616175558658E-001                  5.2595314204811849E+000                 -5.2067342829574459E+000                  8.1856635223146501E+000                  6.9999999972598104E-001                  2.8000000027401906E-001                  1.9999999999999907E-002                  9.1528047688910125E-025                  0.0000000000000000E+000                  0.0000000000000000E+000 
                                     316                  1.8359990765125271E+000                  2.4292997125958746E-001                  5.2642659467652955E+000                 -5.1939856604267858E+000                  8.2031782868387833E+000                  6.9999999972598104E-001                  2.8000000027401906E-001                  1.9999999999999907E-002                  9.4261197340859048E-025                  0.0000000000000000E+000                  0.0000000000000000E+000 
                                     317                  1.8359990334023972E+000                  2.4267294653214699E-001                  5.2687829080143684E+000                 -5.1816548144487760E+000                  8.2200531282440128E+000                  6.9999999972598104E-001                  2.8000000027401906E-001                  1.9999999999999907E-002                  9.6982495985391204E-025                  0.0000000000000000E+000                  0.0000000000000000E+000 
                                     318                  1.8359990046623105E+000                  2.4250614940430584E-001                  5.2740181812535596E+000                 -5.1674736877680978E+000                  8.2395030024155940E+000                  6.9999999972598104E-001                  2.8000000027401906E-001                  1.9999999999999907E-002                  1.0020952219598753E-024                  0.0000000000000000E+000                  0.0000000000000000E+000 
                                     319                  1.8359989471821370E+000                  2.4218272506254584E-001                  5.2789646838494138E+000                 -5.1537757770404840E+000                  8.2581733843604468E+000                  6.9999999972598104E-001                  2.8000000027401906E-001                  1.9999999999999907E-002                  1.0342862779319985E-024                  0.0000000000000000E+000                  0.0000000000000000E+000 
                                     320                  1.8359989184420502E+000                  2.4202577357747443E-001                  5.2821621400824048E+000                 -5.1449581688514172E+000                  8.2702059385701272E+000                  6.9999999972598104E-001                  2.8000000027401906E-001                  1.9999999999999907E-002                  1.0555539776045513E-024                  0.0000000000000000E+000                  0.0000000000000000E+000 
                                     321                  1.8359988897019632E+000                  2.4187181134758212E-001                  5.2849020073087161E+000                 -5.1373656009506394E+000                  8.2805526558566349E+000                  6.9999999972598104E-001                  2.8000000027401906E-001                  1.9999999999999907E-002                  1.0742174428047552E-024                  0.0000000000000000E+000                  0.0000000000000000E+000 
                                     322                  1.8359988677974672E+000                  2.4175639405059932E-001                  5.2883766670051076E+000                 -5.1277774063107602E+000                  8.2936343923780598E+000                  6.9999999972598104E-001                  2.8000000027401911E-001                  1.9999999999999796E-002                  1.0982592229814339E-024                  0.0000000000000000E+000                  0.0000000000000000E+000 
                                     323                  1.8359988239884744E+000                  2.4153033344621150E-001                  5.2928283658473338E+000                 -5.1153653351530766E+000                  8.3105198880728981E+000                  6.9999999972598026E-001                  2.8000000027402000E-001                  1.9999999999999796E-002                  1.1301835860581390E-024                  0.0000000000000000E+000                  0.0000000000000000E+000 
                                     324                  1.8359987801794817E+000                  2.4131030341949430E-001                  5.2971059607476541E+000                 -5.1033767413832107E+000                  8.3268057281063292E+000                  6.9999999972597937E-001                  2.8000000027402083E-001                  1.9999999999999796E-002                  1.1619006381563424E-024                  0.0000000000000000E+000                  0.0000000000000000E+000 
                                     325                  1.8359987363704890E+000                  2.4109594282847832E-001                  5.3008894786766101E+000                 -5.0926996363335775E+000                  8.3412822846682868E+000                  6.9999999972597926E-001                  2.8000000027402089E-001                  1.9999999999999796E-002                  1.1908976025109433E-024                  0.0000000000000000E+000                  0.0000000000000000E+000 
                                     326                  1.8359986996477953E+000                  2.4092038346282857E-001                  5.3039097222546552E+000                 -5.0841367536939437E+000                  8.3528773321466261E+000                  6.9999999972597937E-001                  2.8000000027402089E-001                  1.9999999999999796E-002                  1.3738984976895437E-024                  0.0000000000000000E+000                  0.0000000000000000E+000 
                                     327                  1.8359986700113993E+000                  2.4078131651626122E-001                  5.3078481939339932E+000                 -5.0730070857493770E+000                  8.3679616746429577E+000                  6.9999999972597926E-001                  2.8000000027402089E-001                  1.9999999999999796E-002                  1.6675464227673437E-024                  0.0000000000000000E+000                  0.0000000000000000E+000 
                                     328                  1.8359986107386079E+000                  2.4050983515235835E-001                  5.3128557827919343E+000                 -5.0586534274080535E+000                  8.3873395312441019E+000                  6.9999999972597926E-001                  2.8000000027402089E-001                  1.9999999999999796E-002                  2.1326066849754341E-024                  0.0000000000000000E+000                  0.0000000000000000E+000 
                                     329                  1.8359985514658166E+000                  2.4024669428537962E-001                  5.3182266189661647E+000                 -5.0431770194812868E+000                  8.4082029013004291E+000                  6.9999999972597926E-001                  2.8000000027402089E-001                  1.9999999999999796E-002                  2.7743836683126117E-024                  0.0000000000000000E+000                  0.0000000000000000E+000 
                                     330                  1.8359984773748277E+000                  2.3992864555726329E-001                  5.3224954243339235E+000                 -5.0306480463160055E+000                  8.4250089953627931E+000                  6.9999999972597926E-001                  2.8000000027402089E-001                  1.9999999999999796E-002                  3.4190600457391652E-024                  0.0000000000000000E+000                  0.0000000000000000E+000 
                                     331                  1.8359984396075413E+000                  2.3977087394211427E-001                  5.3252955036130043E+000                 -5.0224464690887425E+000                  8.4360163828532890E+000                  6.9999999972597926E-001                  2.8000000027402089E-001                  1.9999999999999796E-002                  3.9198197047690410E-024                  0.0000000000000000E+000                  0.0000000000000000E+000 
                                     332                  1.8359984018402553E+000                  2.3961588652755023E-001                  5.3293780934612780E+000                 -5.0105103072066637E+000                  8.4520438540439802E+000                  6.9999999972597926E-001                  2.8000000027402089E-001                  1.9999999999999796E-002                  4.7817594038182399E-024                  0.0000000000000000E+000                  0.0000000000000000E+000 
                                     333                  1.8359983263056829E+000                  2.3931383866813899E-001                  5.3345558063757794E+000                 -4.9951494957927824E+000                  8.4725890242302526E+000                  6.9999999972597926E-001                  2.8000000027402089E-001                  1.9999999999999796E-002                  6.1509343043765681E-024                  0.0000000000000000E+000                  0.0000000000000000E+000 
                                     334                  1.8359982507711108E+000                  2.3902168842432747E-001                  5.3382583921962272E+000                 -4.9840195814733086E+000                  8.4874233974671895E+000                  6.9999999972597937E-001                  2.8000000027402089E-001                  1.9999999999999796E-002                  7.3628927586869440E-024                  0.0000000000000000E+000                  0.0000000000000000E+000 
                                     335                  1.8359982130038248E+000                  2.3887909532317642E-001                  5.3411527695271994E+000                 -4.9753579426186443E+000                  8.4989815931136388E+000                  6.9999999972597926E-001                  2.8000000027402089E-001                  1.9999999999999796E-002                  8.4709135268950475E-024                  0.0000000000000000E+000                  0.0000000000000000E+000 
                                     336                  1.8359981598896085E+000                  2.3868228813351280E-001                  5.3460938330300554E+000                 -4.9605728326089276E+000                  8.5187114458844420E+000                  6.9999999972597926E-001                  2.8000000027402089E-001                  1.9999999999999796E-002                  1.0754350417645093E-023                  0.0000000000000000E+000                  0.0000000000000000E+000 
                                     337                  1.8359980524610968E+000                  2.3829677603285132E-001                  5.3510089927669897E+000                 -4.9454988502038102E+000                  8.5386970833609599E+000                  6.9999999972597926E-001                  2.8000000027402089E-001                  1.9999999999999796E-002                  1.3636911051444218E-023                  0.0000000000000000E+000                  0.0000000000000000E+000 
                                     338                  1.8359979902600643E+000                  2.3808073089653339E-001                  5.3544828889586231E+000                 -4.9348490320644949E+000                  8.5528183612352997E+000                  6.9999999972597926E-001                  2.8000000027402089E-001                  1.9999999999999796E-002                  1.6121117594719412E-023                  0.0000000000000000E+000                  0.0000000000000000E+000 
                                     339                  1.8359979280590311E+000                  2.3786960795433462E-001                  5.3578386170631767E+000                 -4.9244984172517121E+000                  8.5665211064231919E+000                  6.9999999972597926E-001                  2.8000000027402089E-001                  1.9999999999999796E-002                  1.8945348243913868E-023                  0.0000000000000000E+000                  0.0000000000000000E+000 
                                     340                  1.8359978658579985E+000                  2.3766315971985305E-001                  5.3618016061465337E+000                 -4.9122417837207930E+000                  8.5827358173890893E+000                  6.9999999972597926E-001                  2.8000000027402089E-001                  1.9999999999999796E-002                  2.2915250065946252E-023                  0.0000000000000000E+000                  0.0000000000000000E+000 
                                     341                  1.8359977759799844E+000                  2.3737265325190338E-001                  5.3654188271077956E+000                 -4.9008723917768915E+000                  8.5977144140387409E+000                  6.9999999972597937E-001                  2.8000000027402089E-001                  1.9999999999999796E-002                  2.7260071423025764E-023                  0.0000000000000000E+000                  0.0000000000000000E+000 
                                     342                  1.8359977206260225E+000                  2.3719807934719125E-001                  5.3687643386563275E+000                 -4.8903818158286105E+000                  8.6115435546013455E+000                  6.9999999972597915E-001                  2.8000000027402089E-001                  2.0000000000000018E-002                  3.1994598868595833E-023                  0.0000000000000000E+000                  0.0000000000000000E+000 
                                     343                  1.8359976375950793E+000                  2.3694208768097819E-001                  5.3726310756122251E+000                 -4.8781271532797863E+000                  8.6276544199000185E+000                  6.9999999972597926E-001                  2.8000000027402089E-001                  1.9999999999999796E-002                  3.8494293360294117E-023                  0.0000000000000000E+000                  0.0000000000000000E+000 
                                     344                  1.8359975541448958E+000                  2.3669152388193077E-001                  5.3763762786813007E+000                 -4.8661752636746618E+000                  8.6433397247699073E+000                  6.9999999972597926E-001                  2.8000000027402089E-001                  1.9999999999999796E-002                  4.6033565733644443E-023                  0.0000000000000000E+000                  0.0000000000000000E+000 
                                     345                  1.8359974698562316E+000                  2.3644488922089843E-001                  5.3805992617557061E+000                 -4.8526472201499944E+000                  8.6610764801514701E+000                  6.9999999972597926E-001                  2.8000000027402089E-001                  1.9999999999999796E-002                  5.6296209249978306E-023                  0.0000000000000000E+000                  0.0000000000000000E+000 
                                     346                  1.8359973574713460E+000                  2.3612550474948782E-001                  5.3842381387431493E+000                 -4.8408035097044975E+000                  8.6765432073518216E+000                  6.9999999972597926E-001                  2.8000000027402089E-001                  1.9999999999999796E-002                  6.6954922712995208E-023                  0.0000000000000000E+000                  0.0000000000000000E+000 
                                     347                  1.8359972921972352E+000                  2.3594468181460809E-001                  5.3868369506295499E+000                 -4.8323487139005943E+000                  8.6875855739914787E+000                  6.9999999972597926E-001                  2.8000000027402089E-001                  1.9999999999999796E-002                  7.5761123681402895E-023                  0.0000000000000000E+000                  0.0000000000000000E+000 
                                     348                  1.8359972269231242E+000                  2.3576712543217382E-001                  5.3906267203053133E+000                 -4.8200424336499088E+000                  8.7036656937924519E+000                  6.9999999972597926E-001                  2.8000000027402089E-001                  1.9999999999999796E-002                  9.0680130385238405E-023                  0.0000000000000000E+000                  0.0000000000000000E+000 
                                     349                  1.8359970963749026E+000                  2.3542130950956583E-001                  5.3954644795348017E+000                 -4.8041044474495465E+000                  8.7244167952976586E+000                  6.9999999972597926E-001                  2.8000000027402089E-001                  1.9999999999999796E-002                  1.1405299194809096E-022                  0.0000000000000000E+000                  0.0000000000000000E+000 
                                     350                  1.8359969641003608E+000                  2.3508274699146053E-001                  5.4004269092518511E+000                 -4.7876552796777228E+000                  8.7458012822264113E+000                  6.9999999972597926E-001                  2.8000000027402089E-001                  1.9999999999999796E-002                  1.4422285208318690E-022                  0.0000000000000000E+000                  0.0000000000000000E+000 
                                     351                  1.8359968129507918E+000                  2.3470933496770358E-001                  5.4041950361881499E+000                 -4.7749643756062117E+000                  8.7622359975423372E+000                  6.9999999972597804E-001                  2.8000000027402216E-001                  1.9999999999999796E-002                  1.7234803579131348E-022                  0.0000000000000000E+000                  0.0000000000000000E+000 
                                     352                  1.8359967373760071E+000                  2.3452765789493424E-001                  5.4075997278196395E+000                 -4.7635836689233981E+000                  8.7770011101486638E+000                  6.9999999972597793E-001                  2.8000000027402216E-001                  1.9999999999999907E-002                  2.0233117992108373E-022                  0.0000000000000000E+000                  0.0000000000000000E+000 
                                     353                  1.8359966021651730E+000                  2.3421048051017496E-001                  5.4110757621640468E+000                 -4.7517884666396233E+000                  8.7922483813954848E+000                  6.9999999972597793E-001                  2.8000000027402216E-001                  1.9999999999999907E-002                  2.3833752477827043E-022                  0.0000000000000000E+000                  0.0000000000000000E+000 
                                     354                  1.8359965127110989E+000                  2.3400589336497005E-001                  5.4144102678433610E+000                 -4.7405068287443131E+000                  8.8068422265382633E+000                  6.9999999972597793E-001                  2.8000000027402216E-001                  1.9999999999999907E-002                  2.7876498471589829E-022                  0.0000000000000000E+000                  0.0000000000000000E+000 
                                     355                  1.8359963800321075E+000                  2.3370971737724219E-001                  5.4186960911393180E+000                 -4.7259084340809290E+000                  8.8256960442793240E+000                  6.9999999972597793E-001                  2.8000000027402216E-001                  1.9999999999999907E-002                  3.4085860306657055E-022                  0.0000000000000000E+000                  0.0000000000000000E+000 
                                     356                  1.8359962152736762E+000                  2.3335328609265613E-001                  5.4228867526944180E+000                 -4.7114824661588743E+000                  8.8442802413512833E+000                  6.9999999972597793E-001                  2.8000000027402216E-001                  1.9999999999999907E-002                  4.1484250494147839E-022                  0.0000000000000000E+000                  0.0000000000000000E+000 
                                     357                  1.8359960749389554E+000                  2.3305895000070490E-001                  5.4256676354450226E+000                 -4.7018334619662117E+000                  8.8566872704291999E+000                  6.9999999972597793E-001                  2.8000000027402216E-001                  1.9999999999999907E-002                  4.7254062703638174E-022                  0.0000000000000000E+000                  0.0000000000000000E+000 
                                     358                  1.8359960047715953E+000                  2.3291479745737526E-001                  5.4279537509907803E+000                 -4.6939404891066570E+000                  8.8668483454226816E+000                  6.9999999972597793E-001                  2.8000000027402216E-001                  1.9999999999999907E-002                  5.2579387606991976E-022                  0.0000000000000000E+000                  0.0000000000000000E+000 
                                     359                  1.8359958982412761E+000                  2.3269961522678048E-001                  5.4315372639228530E+000                 -4.6815525040822026E+000                  8.8827914041663707E+000                  6.9999999972597793E-001                  2.8000000027402216E-001                  1.9999999999999907E-002                  6.2142065706506171E-022                  0.0000000000000000E+000                  0.0000000000000000E+000 
                                     360                  1.8359957196246790E+000                  2.3234828403630248E-001                  5.4357534714155875E+000                 -4.6668243010458541E+000                  8.9016996822359609E+000                  6.9999999972597804E-001                  2.8000000027402216E-001                  1.9999999999999796E-002                  7.5631398531288110E-022                  0.0000000000000000E+000                  0.0000000000000000E+000 
                                     361                  1.8359955473445522E+000                  2.3201994585102234E-001                  5.4403553190334604E+000                 -4.6507364854024811E+000                  8.9223498780164601E+000                  6.9999999972597782E-001                  2.8000000027402216E-001                  2.0000000000000018E-002                  9.3662148645305216E-022                  0.0000000000000000E+000                  0.0000000000000000E+000 
                                     362                  1.8359953197498733E+000                  2.3160088070095686E-001                  5.4444640849271231E+000                 -4.6361844988607572E+000                  8.9409721511018283E+000                  6.9999999972597793E-001                  2.8000000027402216E-001                  1.9999999999999907E-002                  1.1335135642004542E-021                  0.0000000000000000E+000                  0.0000000000000000E+000 
                                     363                  1.8359951715201746E+000                  2.3133631824536710E-001                  5.4474157673080787E+000                 -4.6257396699460385E+000                  8.9543413081053256E+000                  6.9999999972597793E-001                  2.8000000027402216E-001                  1.9999999999999907E-002                  1.2995915896034760E-021                  0.0000000000000000E+000                  0.0000000000000000E+000 
                                     364                  1.8359950405098555E+000                  2.3110765649978821E-001                  5.4501079977273728E+000                 -4.6162003021113929E+000                  8.9665478178520583E+000                  6.9999999972597793E-001                  2.8000000027402216E-001                  1.9999999999999907E-002                  1.4719051380310594E-021                  0.0000000000000000E+000                  0.0000000000000000E+000 
                                     365                  1.8359949094995365E+000                  2.3088361255693493E-001                  5.4529386839967176E+000                 -4.6061603945760252E+000                  8.9793919479916884E+000                  6.9999999972597782E-001                  2.8000000027402216E-001                  2.0000000000000018E-002                  1.6774148991018940E-021                  0.0000000000000000E+000                  0.0000000000000000E+000 
                                     366                  1.8359947573188846E+000                  2.3062889119345206E-001                  5.4566371295565155E+000                 -4.5930498511392512E+000                  8.9961666370279421E+000                  6.9999999972597793E-001                  2.8000000027402216E-001                  1.9999999999999907E-002                  1.9890027604212520E-021                  0.0000000000000000E+000                  0.0000000000000000E+000 
                                     367                  1.8359945277039422E+000                  2.3025517826645611E-001                  5.4609202831182149E+000                 -4.5777607729048277E+000                  9.0156974676730464E+000                  6.9999999972597793E-001                  2.8000000027402216E-001                  1.9999999999999907E-002                  2.4222020937752561E-021                  0.0000000000000000E+000                  0.0000000000000000E+000 
                                     368                  1.8359942954010708E+000                  2.2988923567282002E-001                  5.4647379972161483E+000                 -4.5640726575786257E+000                  9.0331655280675278E+000                  6.9999999972597793E-001                  2.8000000027402216E-001                  1.9999999999999907E-002                  2.8863201335422299E-021                  0.0000000000000000E+000                  0.0000000000000000E+000 
                                     369                  1.8359940980516931E+000                  2.2958730455294465E-001                  5.4677951426096696E+000                 -4.5530880676437615E+000                  9.0471767532546767E+000                  6.9999999972597793E-001                  2.8000000027402216E-001                  1.9999999999999907E-002                  3.3204545104656392E-021                  0.0000000000000000E+000                  0.0000000000000000E+000 
                                     370                  1.8359939390565847E+000                  2.2934968583779394E-001                  5.4704483677679709E+000                 -4.5435561711930514E+000                  9.0593355308607748E+000                  6.9999999972597782E-001                  2.8000000027402216E-001                  2.0000000000000018E-002                  3.7489575006896486E-021                  0.0000000000000000E+000                  0.0000000000000000E+000 
                                     371                  1.8359937800614765E+000                  2.2911684753001482E-001                  5.4742077323643850E+000                 -4.5301114898673909E+000                  9.0765034996674885E+000                  6.9999999972597793E-001                  2.8000000027402216E-001                  1.9999999999999907E-002                  4.4502253875665871E-021                  0.0000000000000000E+000                  0.0000000000000000E+000 
                                     372                  1.8359934756214993E+000                  2.2868360940171339E-001                  5.4794274042989919E+000                 -4.5113135044835619E+000                  9.1004691158049180E+000                  6.9999999972597793E-001                  2.8000000027402216E-001                  1.9999999999999907E-002                  5.6442918937580732E-021                  0.0000000000000000E+000                  0.0000000000000000E+000 
                                     373                  1.8359931044152891E+000                  2.2817608922222318E-001                  5.4835116324373967E+000                 -4.4964053762278304E+000                  9.1194175850624912E+000                  6.9999999972597793E-001                  2.8000000027402216E-001                  1.9999999999999907E-002                  6.7973006344556856E-021                  0.0000000000000000E+000                  0.0000000000000000E+000 
                                     374                  1.8359929170082179E+000                  2.2792786182277672E-001                  5.4861965325104967E+000                 -4.4866622524962843E+000                  9.1318179068449634E+000                  6.9999999972597793E-001                  2.8000000027402216E-001                  1.9999999999999907E-002                  7.6776935279247504E-021                  0.0000000000000000E+000                  0.0000000000000000E+000 
                                     375                  1.8359927262933147E+000                  2.2768043388499437E-001                  5.4886977706457332E+000                 -4.4775631133281433E+000                  9.1433921972612247E+000                  6.9999999972597782E-001                  2.8000000027402216E-001                  2.0000000000000018E-002                  8.5989646622575265E-021                  0.0000000000000000E+000                  0.0000000000000000E+000 
                                     376                  1.8359925550244665E+000                  2.2746249164573878E-001                  5.4920283103888483E+000                 -4.4655051992190637E+000                  9.1587470773169137E+000                  6.9999999972597793E-001                  2.8000000027402216E-001                  1.9999999999999907E-002                  9.9953189499900952E-021                  0.0000000000000000E+000                  0.0000000000000000E+000 
                                     377                  1.8359922319328248E+000                  2.2706175527509573E-001                  5.4966676582202307E+000                 -4.4486174297495316E+000                  9.1802261703770007E+000                  6.9999999972597793E-001                  2.8000000027402216E-001                  1.9999999999999907E-002                  1.2322071597481582E-020                  0.0000000000000000E+000                  0.0000000000000000E+000 
                                     378                  1.8359918361566772E+000                  2.2658816112867947E-001                  5.5005462343790654E+000                 -4.4343592803112859E+000                  9.1983206638121491E+000                  6.9999999972597793E-001                  2.8000000027402216E-001                  1.9999999999999907E-002                  1.4675629834240262E-020                  0.0000000000000000E+000                  0.0000000000000000E+000 
                                     379                  1.8359916008895043E+000                  2.2631502439014745E-001                  5.5032316917213837E+000                 -4.4245263528208154E+000                  9.2108106369592697E+000                  6.9999999972597793E-001                  2.8000000027402216E-001                  1.9999999999999907E-002                  1.6557945559469462E-020                  0.0000000000000000E+000                  0.0000000000000000E+000 
                                     380                  1.8359913861100134E+000                  2.2607081931151571E-001                  5.5059454948119519E+000                 -4.4146019304152420E+000                  9.2234204910942612E+000                  6.9999999972597793E-001                  2.8000000027402216E-001                  1.9999999999999907E-002                  1.8700975663645155E-020                  0.0000000000000000E+000                  0.0000000000000000E+000 
                                     381                  1.8359911342521105E+000                  2.2579041806702890E-001                  5.5097224260504847E+000                 -4.4008344843207192E+000                  9.2409263525205176E+000                  6.9999999972597793E-001                  2.8000000027402216E-001                  1.9999999999999907E-002                  2.2142631794595976E-020                  0.0000000000000000E+000                  0.0000000000000000E+000 
                                     382                  1.8359907171449776E+000                  2.2533939208830708E-001                  5.5144089144007538E+000                 -4.3836697457485281E+000                  9.2627287665485039E+000                  6.9999999972597793E-001                  2.8000000027402216E-001                  1.9999999999999907E-002                  2.7295696409876928E-020                  0.0000000000000000E+000                  0.0000000000000000E+000 
                                     383                  1.8359902661099434E+000                  2.2486908506570769E-001                  5.5179697763177424E+000                 -4.3705353458660765E+000                  9.2793856714218510E+000                  6.9999999972597793E-001                  2.8000000027402216E-001                  1.9999999999999907E-002                  3.1992115342320097E-020                  0.0000000000000000E+000                  0.0000000000000000E+000 
                                     384                  1.8359900268890792E+000                  2.2462647693316395E-001                  5.5210141791301037E+000                 -4.3594108633143485E+000                  9.2935236837764847E+000                  6.9999999972597793E-001                  2.8000000027402222E-001                  1.9999999999999796E-002                  3.6623550466220208E-020                  0.0000000000000000E+000                  0.0000000000000000E+000 
                                     385                  1.8359896604570187E+000                  2.2426349617637906E-001                  5.5241140819033090E+000                 -4.3480137660709808E+000                  9.3079882657453421E+000                  6.9999999972597793E-001                  2.8000000027402222E-001                  1.9999999999999796E-002                  4.2024198735211642E-020                  0.0000000000000000E+000                  0.0000000000000000E+000 
                                     386                  1.8359893886377823E+000                  2.2400064372466963E-001                  5.5268244946973404E+000                 -4.3380802435344998E+000                  9.3206045150145567E+000                  6.9999999972597793E-001                  2.8000000027402233E-001                  1.9999999999999796E-002                  4.7380833415896408E-020                  0.0000000000000000E+000                  0.0000000000000000E+000 
                                     387                  1.8359890875286227E+000                  2.2371551284554886E-001                  5.5296123959861632E+000                 -4.3278540360522317E+000                  9.3335901373607513E+000                  6.9999999972597782E-001                  2.8000000027402233E-001                  1.9999999999999796E-002                  5.3593110747923202E-020                  0.0000000000000000E+000                  0.0000000000000000E+000 
                                     388                  1.8359887828866346E+000                  2.2343319715839030E-001                  5.5323571893948857E+000                 -4.3177840083951367E+000                  9.3463770121379763E+000                  6.9999999972597782E-001                  2.8000000027402244E-001                  1.9999999999999796E-002                  6.0491678914450177E-020                  0.0000000000000000E+000                  0.0000000000000000E+000 
                                     389                  1.8359884746810700E+000                  2.2315358336401261E-001                  5.5350646055689392E+000                 -4.3078493453725981E+000                  9.3589916234426802E+000                  6.9999999972597771E-001                  2.8000000027402239E-001                  1.9999999999999907E-002                  6.8151685666411024E-020                  0.0000000000000000E+000                  0.0000000000000000E+000 
                                     390                  1.8359881619548974E+000                  2.2287575034679175E-001                  5.5384148723840330E+000                 -4.2955975581954178E+000                  9.3745605321508538E+000                  6.9999999972597771E-001                  2.8000000027402239E-001                  1.9999999999999907E-002                  7.8956016695688382E-020                  0.0000000000000000E+000                  0.0000000000000000E+000 
                                     391                  1.8359876850637844E+000                  2.2246287109802473E-001                  5.5419049536381575E+000                 -4.2827539832718085E+000                  9.3908585632419115E+000                  6.9999999972597771E-001                  2.8000000027402239E-001                  1.9999999999999907E-002                  9.2022610806797310E-020                  0.0000000000000000E+000                  0.0000000000000000E+000 
                                     392                  1.8359873077188151E+000                  2.2214489449941971E-001                  5.5455749298772181E+000                 -4.2693258012821085E+000                  9.4079207180843962E+000                  6.9999999972597771E-001                  2.8000000027402239E-001                  1.9999999999999907E-002                  1.0804208680044321E-019                  0.0000000000000000E+000                  0.0000000000000000E+000 
                                     393                  1.8359867584742937E+000                  2.2169496349527740E-001                  5.5495817304502060E+000                 -4.2545945772070475E+000                  9.4266185598860197E+000                  6.9999999972597771E-001                  2.8000000027402239E-001                  1.9999999999999907E-002                  1.2869762923934591E-019                  0.0000000000000000E+000                  0.0000000000000000E+000 
                                     394                  1.8359862539848280E+000                  2.2129430257039676E-001                  5.5539501099756095E+000                 -4.2386069065879424E+000                  9.4469322517361967E+000                  6.9999999972597771E-001                  2.8000000027402239E-001                  1.9999999999999907E-002                  1.5563520140003670E-019                  0.0000000000000000E+000                  0.0000000000000000E+000 
                                     395                  1.8359855654819479E+000                  2.2076556890095123E-001                  5.5584106231996406E+000                 -4.2221929597734880E+000                  9.4677623696779794E+000                  6.9999999972597782E-001                  2.8000000027402250E-001                  1.9999999999999685E-002                  1.8890153781669040E-019                  0.0000000000000000E+000                  0.0000000000000000E+000 
                                     396                  1.8359849775469079E+000                  2.2032936043176041E-001                  5.5615931802556684E+000                 -4.2104599009433556E+000                  9.4826462039226289E+000                  6.9999999972597771E-001                  2.8000000027402239E-001                  1.9999999999999907E-002                  2.1683751575586348E-019                  0.0000000000000000E+000                  0.0000000000000000E+000 
                                     397                  1.8359846189948443E+000                  2.2006980646757526E-001                  5.5647659464663297E+000                 -4.1988654132391883E+000                  9.4973835285119641E+000                  6.9999999972597771E-001                  2.8000000027402239E-001                  1.9999999999999907E-002                  2.4867048926925287E-019                  0.0000000000000000E+000                  0.0000000000000000E+000 
                                     398                  1.8359840101814919E+000                  2.1963967665461745E-001                  5.5682606664674132E+000                 -4.1860143847419007E+000                  9.5136952450961072E+000                  6.9999999972597782E-001                  2.8000000027402250E-001                  1.9999999999999685E-002                  2.8912810745752445E-019                  0.0000000000000000E+000                  0.0000000000000000E+000 
                                     399                  1.8359835136942331E+000                  2.1929822447627154E-001                  5.5721111545787769E+000                 -4.1719454697009164E+000                  9.5315787600721986E+000                  6.9999999972597771E-001                  2.8000000027402239E-001                  1.9999999999999907E-002                  3.4116148003892980E-019                  0.0000000000000000E+000                  0.0000000000000000E+000 
                                     400                  1.8359827536577267E+000                  2.1879069570432585E-001                  5.5766373014869259E+000                 -4.1553406704508040E+000                  9.5526667658070323E+000                  6.9999999972597771E-001                  2.8000000027402239E-001                  1.9999999999999907E-002                  4.1426730468562809E-019                  0.0000000000000000E+000                  0.0000000000000000E+000 
                                     401                  1.8359819712085510E+000                  2.1828603924891360E-001                  5.5803343689276410E+000                 -4.1417228519412532E+000                  9.5699459709852022E+000                  6.9999999972597771E-001                  2.8000000027402239E-001                  1.9999999999999907E-002                  4.8532055061552890E-019                  0.0000000000000000E+000                  0.0000000000000000E+000 
                                     402                  1.8359814388551787E+000                  2.1795232129508521E-001                  5.5840096771701555E+000                 -4.1282925894585762E+000                  9.5870179010937200E+000                  6.9999999972597771E-001                  2.8000000027402239E-001                  1.9999999999999907E-002                  5.6767882143330521E-019                  0.0000000000000000E+000                  0.0000000000000000E+000 
                                     403                  1.8359806239233536E+000                  2.1745559617193622E-001                  5.5876006227631656E+000                 -4.1150646324884281E+000                  9.6038025194575365E+000                  6.9999999972597771E-001                  2.8000000027402239E-001                  1.9999999999999907E-002                  6.6155383719158045E-019                  0.0000000000000000E+000                  0.0000000000000000E+000 
                                     404                  1.8359800678818108E+000                  2.1712590001745585E-001                  5.5919138910995434E+000                 -4.0993573661093352E+000                  9.6237848412319362E+000                  6.9999999972597771E-001                  2.8000000027402239E-001                  1.9999999999999907E-002                  7.9435091615399327E-019                  0.0000000000000000E+000                  0.0000000000000000E+000 
                                     405                  1.8359789263068373E+000                  2.1647084063504571E-001                  5.5960815268860173E+000                 -4.0839381761923690E+000                  9.6433313657622808E+000                  6.9999999972597771E-001                  2.8000000027402239E-001                  1.9999999999999907E-002                  9.4800613897201390E-019                  0.0000000000000000E+000                  0.0000000000000000E+000 
                                     406                  1.8359783404297831E+000                  2.1614527785841972E-001                  5.5988528440674337E+000                 -4.0737602727756794E+000                  9.6562550474329960E+000                  6.9999999972597771E-001                  2.8000000027402239E-001                  1.9999999999999907E-002                  1.0658362162062511E-018                  0.0000000000000000E+000                  0.0000000000000000E+000 
                                     407                  1.8359777442589849E+000                  2.1582094130277008E-001                  5.6015980342864609E+000                 -4.0636751203896804E+000                  9.6690601485024850E+000                  6.9999999972597771E-001                  2.8000000027402239E-001                  1.9999999999999907E-002                  1.1967522759518982E-018                  0.0000000000000000E+000                  0.0000000000000000E+000 
                                     408                  1.8359771376151295E+000                  2.1549776081845026E-001                  5.6043179640656255E+000                 -4.0536792483376489E+000                  9.6817509906087942E+000                  6.9999999972597771E-001                  2.8000000027402239E-001                  1.9999999999999907E-002                  1.3420582313980951E-018                  0.0000000000000000E+000                  0.0000000000000000E+000 
                                     409                  1.8359765203158120E+000                  2.1517566939707550E-001                  5.6083901073610196E+000                 -4.0388173069942139E+000                  9.7006494062824640E+000                  6.9999999972597771E-001                  2.8000000027402239E-001                  1.9999999999999907E-002                  1.5922620104470599E-018                  0.0000000000000000E+000                  0.0000000000000000E+000 
                                     410                  1.8359752530053841E+000                  2.1453453511262938E-001                  5.6123351382608995E+000                 -4.0241963588050771E+000                  9.7191777809053068E+000                  6.9999999972597771E-001                  2.8000000027402239E-001                  1.9999999999999907E-002                  1.8792265196176901E-018                  0.0000000000000000E+000                  0.0000000000000000E+000 
                                     411                  1.8359746026135189E+000                  2.1421533656123073E-001                  5.6149621710038575E+000                 -4.0145264319930822E+000                  9.7314507848661744E+000                  6.9999999972597771E-001                  2.8000000027402239E-001                  1.9999999999999907E-002                  2.0976546369228892E-018                  0.0000000000000000E+000                  0.0000000000000000E+000 
                                     412                  1.8359739408045701E+000                  2.1389698656975836E-001                  5.6175679295460732E+000                 -4.0049310218705134E+000                  9.7436282273753161E+000                  6.9999999972597771E-001                  2.8000000027402239E-001                  1.9999999999999907E-002                  2.3389810396212482E-018                  0.0000000000000000E+000                  0.0000000000000000E+000 
                                     413                  1.8359732673798586E+000                  2.1357943102156379E-001                  5.6201531476980593E+000                 -3.9954076178697084E+000                  9.7557133464084398E+000                  6.9999999972597771E-001                  2.8000000027402239E-001                  1.9999999999999907E-002                  2.6053882997684225E-018                  0.0000000000000000E+000                  0.0000000000000000E+000 
                                     414                  1.8359725821372814E+000                  2.1326261791122575E-001                  5.6240290207333938E+000                 -3.9812239297241931E+000                  9.7737391834144010E+000                  6.9999999972597771E-001                  2.8000000027402239E-001                  1.9999999999999907E-002                  3.0610210255456236E-018                  0.0000000000000000E+000                  0.0000000000000000E+000 
                                     415                  1.8359711753726524E+000                  2.1263105172720032E-001                  5.6277932103564936E+000                 -3.9672471006774122E+000                  9.7914447485374403E+000                  6.9999999972597771E-001                  2.8000000027402239E-001                  1.9999999999999907E-002                  3.5799738235069369E-018                  0.0000000000000000E+000                  0.0000000000000000E+000 
                                     416                  1.8359704534287500E+000                  2.1231617252320800E-001                  5.6315854019302503E+000                 -3.9533544715513260E+000                  9.8090967197384664E+000                  6.9999999972597771E-001                  2.8000000027402239E-001                  1.9999999999999907E-002                  4.1883767720344591E-018                  0.0000000000000000E+000                  0.0000000000000000E+000 
                                     417                  1.8359689713357676E+000                  2.1168805981412692E-001                  5.6352723400149003E+000                 -3.9396547492716589E+000                  9.8264488929209364E+000                  6.9999999972597771E-001                  2.8000000027402239E-001                  1.9999999999999907E-002                  4.8792693751714032E-018                  0.0000000000000000E+000                  0.0000000000000000E+000 
                                     418                  1.8359682107426745E+000                  2.1137471159396509E-001                  5.6377320794559180E+000                 -3.9305740217851586E+000                  9.8379672868179675E+000                  6.9999999972597771E-001                  2.8000000027402239E-001                  1.9999999999999907E-002                  5.4006636674464871E-018                  0.0000000000000000E+000                  0.0000000000000000E+000 
                                     419                  1.8359674368161274E+000                  2.1106179162826139E-001                  5.6414247522038794E+000                 -3.9170279898604772E+000                  9.8551742083968978E+000                  6.9999999972597771E-001                  2.8000000027402239E-001                  1.9999999999999907E-002                  6.2867220043816376E-018                  0.0000000000000000E+000                  0.0000000000000000E+000 
                                     420                  1.8359658480320051E+000                  2.1043711028052683E-001                  5.6462517143141842E+000                 -3.8991883318451217E+000                  9.8777976890190047E+000                  6.9999999972597760E-001                  2.8000000027402250E-001                  1.9999999999999907E-002                  7.6659646824021521E-018                  0.0000000000000000E+000                  0.0000000000000000E+000 
                                     421                  1.8359642030818180E+000                  2.0981369292287594E-001                  5.6498133005948823E+000                 -3.8859291109565621E+000                  9.8945855344287406E+000                  6.9999999972597760E-001                  2.8000000027402250E-001                  1.9999999999999907E-002                  8.8726696990646206E-018                  0.0000000000000000E+000                  0.0000000000000000E+000 
                                     422                  1.8359633515399292E+000                  2.0949965697492107E-001                  5.6521837510883488E+000                 -3.8771555676141416E+000                  9.9057083961902013E+000                  6.9999999972597760E-001                  2.8000000027402250E-001                  1.9999999999999907E-002                  9.7763803416651879E-018                  0.0000000000000000E+000                  0.0000000000000000E+000 
                                     423                  1.8359624999980406E+000                  2.0919123912492188E-001                  5.6545412511363544E+000                 -3.8684268433170632E+000                  9.9167736362528931E+000                  6.9999999972597760E-001                  2.8000000027402250E-001                  1.9999999999999907E-002                  1.0764947754235013E-017                  0.0000000000000000E+000                  0.0000000000000000E+000 
                                     424                  1.8359616183714931E+000                  2.0887760558640903E-001                  5.6568846565656630E+000                 -3.8597427595315961E+000                  9.9277802380063260E+000                  6.9999999972597760E-001                  2.8000000027402250E-001                  1.9999999999999907E-002                  1.1845165807690225E-017                  0.0000000000000000E+000                  0.0000000000000000E+000 
                                     425                  1.8359607367449460E+000                  2.0856952027325579E-001                  5.6603964222476986E+000                 -3.8468050215638105E+000                  9.9441996143636970E+000                  6.9999999972597760E-001                  2.8000000027402250E-001                  1.9999999999999907E-002                  1.3664188990821345E-017                  0.0000000000000000E+000                  0.0000000000000000E+000 
                                     426                  1.8359589112162702E+000                  2.0794832100803309E-001                  5.6650067002921540E+000                 -3.8296835058591849E+000                  9.9658902496426727E+000                  6.9999999972597760E-001                  2.8000000027402250E-001                  1.9999999999999907E-002                  1.6480154242069238E-017                  0.0000000000000000E+000                  0.0000000000000000E+000 
                                     427                  1.8359570212327974E+000                  2.0732739198837427E-001                  5.6695683529147631E+000                 -3.8127145173344941E+000                  9.9873800858251247E+000                  6.9999999972597760E-001                  2.8000000027402250E-001                  1.9999999999999907E-002                  1.9827805009158414E-017                  0.0000000000000000E+000                  0.0000000000000000E+000 
                                     428                  1.8359550645398655E+000                  2.0670652247296764E-001                  5.6740834332833581E+000                 -3.7958888859803812E+000                  1.0008680308781461E+001                  6.9999999972597760E-001                  2.8000000027402250E-001                  1.9999999999999907E-002                  2.3799604224303026E-017                  0.0000000000000000E+000                  0.0000000000000000E+000 
                                     429                  1.8359530388047860E+000                  2.0608551404445830E-001                  5.6785539190794507E+000                 -3.7791981246486608E+000                  1.0029801352373497E+001                  6.9999999972597760E-001                  2.8000000027402255E-001                  1.9999999999999796E-002                  2.8502966963066345E-017                  0.0000000000000000E+000                  0.0000000000000000E+000 
                                     430                  1.8359509416141779E+000                  2.0546417949592466E-001                  5.6818601955263013E+000                 -3.7667555243206392E+000                  1.0045519394109103E+001                  6.9999999972597760E-001                  2.8000000027402250E-001                  1.9999999999999907E-002                  3.2566465870970836E-017                  0.0000000000000000E+000                  0.0000000000000000E+000 
                                     431                  1.8359498560426950E+000                  2.0515063007802964E-001                  5.6840635633980003E+000                 -3.7585044343923779E+000                  1.0055953940786424E+001                  6.9999999972597760E-001                  2.8000000027402250E-001                  1.9999999999999907E-002                  3.5582407936183500E-017                  0.0000000000000000E+000                  0.0000000000000000E+000 
                                     432                  1.8359487704712123E+000                  2.0484232001435063E-001                  5.6873691222506109E+000                 -3.7461905916797353E+000                  1.0071544461454284E+001                  6.9999999972597771E-001                  2.8000000027402261E-001                  1.9999999999999685E-002                  4.0623379492220709E-017                  0.0000000000000000E+000                  0.0000000000000000E+000 
                                     433                  1.8359465227927636E+000                  2.0421981107914527E-001                  5.6917175527912782E+000                 -3.7298600556292150E+000                  1.0092183974976203E+001                  6.9999999972597760E-001                  2.8000000027402250E-001                  1.9999999999999907E-002                  4.8352585262295051E-017                  0.0000000000000000E+000                  0.0000000000000000E+000 
                                     434                  1.8359441959064664E+000                  2.0359647135254316E-001                  5.6960293044411703E+000                 -3.7136368541492102E+000                  1.0112679721505776E+001                  6.9999999972597760E-001                  2.8000000027402250E-001                  1.9999999999999907E-002                  5.7444878817009616E-017                  0.0000000000000000E+000                  0.0000000000000000E+000 
                                     435                  1.8359417870476717E+000                  2.0297214843367892E-001                  5.7003064104427548E+000                 -3.6975155116975209E+000                  1.0133039221232458E+001                  6.9999999972597760E-001                  2.8000000027402250E-001                  1.9999999999999907E-002                  6.8125504347425742E-017                  0.0000000000000000E+000                  0.0000000000000000E+000 
                                     436                  1.8359392933563057E+000                  2.0234669647663564E-001                  5.7034755872716341E+000                 -3.6854809634547787E+000                  1.0148213149469951E+001                  6.9999999972597760E-001                  2.8000000027402250E-001                  1.9999999999999907E-002                  7.7293927692881338E-017                  0.0000000000000000E+000                  0.0000000000000000E+000 
                                     437                  1.8359380026149608E+000                  2.0203078294599752E-001                  5.7055897504063360E+000                 -3.6774923052725454E+000                  1.0158296698181001E+001                  6.9999999972597760E-001                  2.8000000027402244E-001                  2.0000000000000018E-002                  8.4067077680438693E-017                  0.0000000000000000E+000                  0.0000000000000000E+000 
                                     438                  1.8359367118736158E+000                  2.0171995526834588E-001                  5.7087646848549918E+000                 -3.6655584060981541E+000                  1.0173377531830534E+001                  6.9999999972597760E-001                  2.8000000027402250E-001                  1.9999999999999907E-002                  9.5335857538085089E-017                  0.0000000000000000E+000                  0.0000000000000000E+000 
                                     439                  1.8359340395388175E+000                  2.0109183096038036E-001                  5.7129489789586403E+000                 -3.6497130321327620E+000                  1.0193369071045916E+001                  6.9999999972597760E-001                  2.8000000027402250E-001                  1.9999999999999907E-002                  1.1251383272912433E-016                  0.0000000000000000E+000                  0.0000000000000000E+000 
                                     440                  1.8359312731856201E+000                  2.0046217450881779E-001                  5.7171051270350643E+000                 -3.6339501092343180E+000                  1.0213250267745082E+001                  6.9999999972597760E-001                  2.8000000027402250E-001                  1.9999999999999907E-002                  1.3258947257260318E-016                  0.0000000000000000E+000                  0.0000000000000000E+000 
                                     441                  1.8359284095386403E+000                  1.9983086252154647E-001                  5.7212340425479553E+000                 -3.6182649447590420E+000                  1.0233026703169966E+001                  6.9999999972597760E-001                  2.8000000027402250E-001                  1.9999999999999907E-002                  1.5602236722989680E-016                  0.0000000000000000E+000                  0.0000000000000000E+000 
                                     442                  1.8359254452096974E+000                  1.9919777700020500E-001                  5.7242970547721557E+000                 -3.6065424939707551E+000                  1.0247783363979789E+001                  6.9999999972597760E-001                  2.8000000027402250E-001                  1.9999999999999907E-002                  1.7603038249682107E-016                  0.0000000000000000E+000                  0.0000000000000000E+000 
                                     443                  1.8359239109518393E+000                  1.9887778304868278E-001                  5.7263414794679415E+000                 -3.5987542284491303E+000                  1.0257597368949218E+001                  6.9999999972597760E-001                  2.8000000027402250E-001                  1.9999999999999907E-002                  1.9075282012636490E-016                  0.0000000000000000E+000                  0.0000000000000000E+000 
                                     444                  1.8359223766939810E+000                  1.9856278635695218E-001                  5.7294130554707694E+000                 -3.5871096539376479E+000                  1.0272286278007678E+001                  6.9999999972597760E-001                  2.8000000027402250E-001                  1.9999999999999907E-002                  2.1514915156647865E-016                  0.0000000000000000E+000                  0.0000000000000000E+000 
                                     445                  1.8359192003660927E+000                  1.9792582062493441E-001                  5.7334638924728036E+000                 -3.5716306519459846E+000                  1.0291778941977498E+001                  6.9999999972597760E-001                  2.8000000027402250E-001                  1.9999999999999907E-002                  2.5213970061537589E-016                  0.0000000000000000E+000                  0.0000000000000000E+000 
                                     446                  1.8359159124759570E+000                  1.9728675850555033E-001                  5.7374900659368997E+000                 -3.5562123964381858E+000                  1.0311186298562395E+001                  6.9999999972597760E-001                  2.8000000027402250E-001                  1.9999999999999907E-002                  2.9511037423646933E-016                  0.0000000000000000E+000                  0.0000000000000000E+000 
                                     447                  1.8359125091445958E+000                  1.9664550133429073E-001                  5.7414925764120808E+000                 -3.5408516448351310E+000                  1.0330512586911091E+001                  6.9999999972597760E-001                  2.8000000027402250E-001                  1.9999999999999907E-002                  3.4497640097065730E-016                  0.0000000000000000E+000                  0.0000000000000000E+000 
                                     448                  1.8359089863597582E+000                  1.9600195388934680E-001                  5.7444641067646165E+000                 -3.5293605941258552E+000                  1.0344946857837988E+001                  6.9999999972597760E-001                  2.8000000027402250E-001                  1.9999999999999907E-002                  3.8735298236577737E-016                  0.0000000000000000E+000                  0.0000000000000000E+000 
                                     449                  1.8359071631655848E+000                  1.9567649952909080E-001                  5.7464484693367144E+000                 -3.5217209775579601E+000                  1.0354552427497854E+001                  6.9999999972597760E-001                  2.8000000027402250E-001                  1.9999999999999907E-002                  4.1842985135760157E-016                  0.0000000000000000E+000                  0.0000000000000000E+000 
                                     450                  1.8359053399714116E+000                  1.9535600589875399E-001                  5.7494315130283375E+000                 -3.5102915412355675E+000                  1.0368938015004094E+001                  6.9999999972597760E-001                  2.8000000027402250E-001                  1.9999999999999907E-002                  4.6975681829749000E-016                  0.0000000000000000E+000                  0.0000000000000000E+000 
                                     451                  1.8359015656870772E+000                  1.9470760333042661E-001                  5.7533704558499306E+000                 -3.4950874662700882E+000                  1.0388044424353604E+001                  6.9999999972597760E-001                  2.8000000027402250E-001                  1.9999999999999907E-002                  5.4726254951284642E-016                  0.0000000000000000E+000                  0.0000000000000000E+000 
                                     452                  1.8358976590670146E+000                  1.9405664039943599E-001                  5.7572908295642780E+000                 -3.4799311298635254E+000                  1.0407084683326435E+001                  6.9999999972597760E-001                  2.8000000027402250E-001                  1.9999999999999907E-002                  6.3689643210258746E-016                  0.0000000000000000E+000                  0.0000000000000000E+000 
                                     453                  1.8358936155192442E+000                  1.9340303116508659E-001                  5.7611936827811903E+000                 -3.4648203061752887E+000                  1.0426062074086424E+001                  6.9999999972597760E-001                  2.8000000027402250E-001                  1.9999999999999907E-002                  7.4047574171459769E-016                  0.0000000000000000E+000                  0.0000000000000000E+000 
                                     454                  1.8358894302944078E+000                  1.9274669174149936E-001                  5.7650798237270786E+000                 -3.4497526774445735E+000                  1.0444979721631299E+001                  6.9999999972597760E-001                  2.8000000027402250E-001                  1.9999999999999907E-002                  8.6007650903106700E-016                  0.0000000000000000E+000                  0.0000000000000000E+000 
                                     455                  1.8358850984804542E+000                  1.9208754046499479E-001                  5.7689498577586003E+000                 -3.4347258645507530E+000                  1.0463840603182936E+001                  6.9999999972597760E-001                  2.8000000027402250E-001                  1.9999999999999907E-002                  9.9806811574284350E-016                  0.0000000000000000E+000                  0.0000000000000000E+000 
                                     456                  1.8358806149971532E+000                  1.9142549802217074E-001                  5.7728042217746385E+000                 -3.4197374525903559E+000                  1.0482647556847779E+001                  6.9999999972597760E-001                  2.8000000027402250E-001                  1.9999999999999907E-002                  1.1571522599152159E-015                  0.0000000000000000E+000                  0.0000000000000000E+000 
                                     457                  1.8358759745904278E+000                  1.9076048754522568E-001                  5.7766432180484548E+000                 -3.4047850182418045E+000                  1.0501403289617208E+001                  6.9999999972597760E-001                  2.8000000027402250E-001                  1.9999999999999907E-002                  1.3404069100644121E-015                  0.0000000000000000E+000                  0.0000000000000000E+000 
                                     458                  1.8358711718265006E+000                  1.9009243467049772E-001                  5.7804671123319213E+000                 -3.3898662251188996E+000                  1.0520110384773949E+001                  6.9999999972597760E-001                  2.8000000027402255E-001                  1.9999999999999796E-002                  1.5513386379135390E-015                  0.0000000000000000E+000                  0.0000000000000000E+000 
                                     459                  1.8358662010858444E+000                  1.8942126745347510E-001                  5.7842762953329299E+000                 -3.3749789867112305E+000                  1.0538771308779198E+001                  6.9999999972597760E-001                  2.8000000027402255E-001                  1.9999999999999796E-002                  1.7939469847141192E-015                  0.0000000000000000E+000                  0.0000000000000000E+000 
                                     460                  1.8358610565569353E+000                  1.8874691603023608E-001                  5.7880713520034250E+000                 -3.3601215337724204E+000                  1.0557388417726910E+001                  6.9999999972597760E-001                  2.8000000027402255E-001                  1.9999999999999796E-002                  2.0727977770585559E-015                  0.0000000000000000E+000                  0.0000000000000000E+000 
                                     461                  1.8358557322297981E+000                  1.8806931216587019E-001                  5.7918530336204022E+000                 -3.3452923764531444E+000                  1.0575963963421470E+001                  6.9999999972597760E-001                  2.8000000027402255E-001                  1.9999999999999796E-002                  2.3931040808840680E-015                  0.0000000000000000E+000                  0.0000000000000000E+000 
                                     462                  1.8358502218893418E+000                  1.8738838885100378E-001                  5.7956222269807558E+000                 -3.3304902655607096E+000                  1.0594500099103534E+001                  6.9999999972597760E-001                  2.8000000027402255E-001                  1.9999999999999796E-002                  2.7608186189430400E-015                  0.0000000000000000E+000                  0.0000000000000000E+000 
                                     463                  1.8358445191084716E+000                  1.8670407994896698E-001                  5.7993799263557122E+000                 -3.3157141575526179E+000                  1.0612998884845513E+001                  6.9999999972597760E-001                  2.8000000027402255E-001                  1.9999999999999796E-002                  3.1827394880315193E-015                  0.0000000000000000E+000                  0.0000000000000000E+000 
                                     464                  1.8358386172409789E+000                  1.8601631988908882E-001                  5.8031271945960903E+000                 -3.3009631688487011E+000                  1.0631462292636893E+001                  6.9999999972597760E-001                  2.8000000027402255E-001                  1.9999999999999796E-002                  3.6666297834714205E-015                  0.0000000000000000E+000                  0.0000000000000000E+000 
                                     465                  1.8358325094141936E+000                  1.8532504342448380E-001                  5.8068650413913128E+000                 -3.2862364453822286E+000                  1.0649892211174157E+001                  6.9999999972597760E-001                  2.8000000027402261E-001                  1.9999999999999796E-002                  4.2213440051876094E-015                  0.0000000000000000E+000                  0.0000000000000000E+000 
                                     466                  1.8358261885213991E+000                  1.8463018559234023E-001                  5.8105942970348590E+000                 -3.2715330253033201E+000                  1.0668290450345593E+001                  6.9999999972597760E-001                  2.8000000027402261E-001                  1.9999999999999796E-002                  4.8569634247473777E-015                  0.0000000000000000E+000                  0.0000000000000000E+000 
                                     467                  1.8358196472139952E+000                  1.8393168189497472E-001                  5.8143155975757930E+000                 -3.2568518187630118E+000                  1.0686658745397523E+001                  6.9999999972597760E-001                  2.8000000027402261E-001                  1.9999999999999796E-002                  5.5849542308868447E-015                  0.0000000000000000E+000                  0.0000000000000000E+000 
                                     468                  1.8358128778934077E+000                  1.8322946851993843E-001                  5.8180294108906612E+000                 -3.2421916314633688E+000                  1.0704998760794023E+001                  6.9999999972597760E-001                  2.8000000027402261E-001                  1.9999999999999796E-002                  6.4183490254469978E-015                  0.0000000000000000E+000                  0.0000000000000000E+000 
                                     469                  1.8358058727027353E+000                  1.8252348252977718E-001                  5.8217360611735440E+000                 -3.2275511868334807E+000                  1.0723312093795361E+001                  6.9999999972597760E-001                  2.8000000027402266E-001                  1.9999999999999796E-002                  7.3719510465889055E-015                  0.0000000000000000E+000                  0.0000000000000000E+000 
                                     470                  1.8357986235181236E+000                  1.8181366202235927E-001                  5.8254357519716189E+000                 -3.2129291476951818E+000                  1.0741600277785379E+001                  6.9999999972597760E-001                  2.8000000027402266E-001                  1.9999999999999796E-002                  8.4625639536238993E-015                  0.0000000000000000E+000                  0.0000000000000000E+000 
                                     471                  1.8357911219398633E+000                  1.8109994626133508E-001                  5.8291286146973489E+000                 -3.1983241639799291E+000                  1.0759864785373500E+001                  6.9999999972597760E-001                  2.8000000027402272E-001                  1.9999999999999685E-002                  9.7092570468202090E-015                  0.0000000000000000E+000                  0.0000000000000000E+000 
                                     472                  1.8357833592831911E+000                  1.8038227573237575E-001                  5.8328148260355670E+000                 -3.1837349913927357E+000                  1.0778107031299164E+001                  6.9999999972597748E-001                  2.8000000027402266E-001                  1.9999999999999796E-002                  1.1133688620426595E-014                  0.0000000000000000E+000                  0.0000000000000000E+000 
                                     473                  1.8357753265687971E+000                  1.7966059200415518E-001                  5.8364946939464533E+000                 -3.1691605781177024E+000                  1.0796328375184574E+001                  6.9999999972597748E-001                  2.8000000027402272E-001                  1.9999999999999796E-002                  1.2760481626655421E-014                  0.0000000000000000E+000                  0.0000000000000000E+000 
                                     474                  1.8357670145130158E+000                  1.7893483743992242E-001                  5.8401686513884696E+000                 -3.1546000554239817E+000                  1.0814530124171334E+001                  6.9999999972597748E-001                  2.8000000027402272E-001                  1.9999999999999796E-002                  1.4617636064799119E-014                  0.0000000000000000E+000                  0.0000000000000000E+000 
                                     475                  1.8357584135177045E+000                  1.7820495491563534E-001                  5.8438372358006472E+000                 -3.1400527137170373E+000                  1.0832713535448928E+001                  6.9999999972597737E-001                  2.8000000027402272E-001                  1.9999999999999907E-002                  1.6736995353244660E-014                  0.0000000000000000E+000                  0.0000000000000000E+000 
                                     476                  1.8357495136597879E+000                  1.7747088756947343E-001                  5.8475010700468530E+000                 -3.1255179805244944E+000                  1.0850879818678134E+001                  6.9999999972597737E-001                  2.8000000027402278E-001                  1.9999999999999796E-002                  1.9154777493937828E-014                  0.0000000000000000E+000                  0.0000000000000000E+000 
                                     477                  1.8357403046804661E+000                  1.7673257858056840E-001                  5.8511608444256948E+000                 -3.1109953989205281E+000                  1.0869030138312631E+001                  6.9999999972597737E-001                  2.8000000027402278E-001                  1.9999999999999796E-002                  2.1912179804611732E-014                  0.0000000000000000E+000                  0.0000000000000000E+000 
                                     478                  1.8357307759740693E+000                  1.7598997097737787E-001                  5.8548172749038709E+000                 -3.0964845816161262E+000                  1.0887165615821203E+001                  6.9999999972597737E-001                  2.8000000027402289E-001                  1.9999999999999796E-002                  2.5056051555389998E-014                  0.0000000000000000E+000                  0.0000000000000000E+000 
                                     479                  1.8357209165765536E+000                  1.7524300751873623E-001                  5.8584710273425689E+000                 -3.0819851299450032E+000                  1.0905287331804868E+001                  6.9999999972597726E-001                  2.8000000027402294E-001                  1.9999999999999796E-002                  2.8639623173447923E-014                  0.0000000000000000E+000                  0.0000000000000000E+000 
                                     480                  1.8357107151536252E+000                  1.7449163071158666E-001                  5.8621226766957104E+000                 -3.0674965894524107E+000                  1.0923396327986925E+001                  6.9999999972597715E-001                  2.8000000027402294E-001                  1.9999999999999907E-002                  3.2723330266592878E-014                  0.0000000000000000E+000                  0.0000000000000000E+000 
                                     481                  1.8357001599884857E+000                  1.7373578290752750E-001                  5.8657727161081317E+000                 -3.0530184573993089E+000                  1.0941493609067166E+001                  6.9999999972597715E-001                  2.8000000027402305E-001                  1.9999999999999796E-002                  3.7375769010047626E-014                  0.0000000000000000E+000                  0.0000000000000000E+000 
                                     482                  1.8356892389691930E+000                  1.7297540639019429E-001                  5.8694215695466614E+000                 -3.0385501944197153E+000                  1.0959580144457227E+001                  6.9999999972597715E-001                  2.8000000027402316E-001                  1.9999999999999685E-002                  4.2674779817804629E-014                  0.0000000000000000E+000                  0.0000000000000000E+000 
                                     483                  1.8356779395756104E+000                  1.7221044344525629E-001                  5.8730696035811736E+000                 -3.0240912354157721E+000                  1.0977656869913012E+001                  6.9999999972597704E-001                  2.8000000027402322E-001                  1.9999999999999796E-002                  4.8708674002729762E-014                  0.0000000000000000E+000                  0.0000000000000000E+000 
                                     484                  1.8356662488659403E+000                  1.7144083641363797E-001                  5.8767171399890588E+000                 -3.0096410011493244E+000                  1.0995724689073541E+001                  6.9999999972597693E-001                  2.8000000027402339E-001                  1.9999999999999685E-002                  5.5577624875688440E-014                  0.0000000000000000E+000                  0.0000000000000000E+000 
                                     485                  1.8356541534628215E+000                  1.7066652772598320E-001                  5.8803645097889508E+000                 -2.9951989529358780E+000                  1.1013784474915003E+001                  6.9999999972597660E-001                  2.8000000027402361E-001                  1.9999999999999796E-002                  6.3395310217848646E-014                  0.0000000000000000E+000                  0.0000000000000000E+000 
                                     486                  1.8356416395389812E+000                  1.6988745984004347E-001                  5.8840121464390398E+000                 -2.9807646875553764E+000                  1.1031837071140821E+001                  6.9999999972597649E-001                  2.8000000027402377E-001                  1.9999999999999796E-002                  7.2290890551777335E-014                  0.0000000000000000E+000                  0.0000000000000000E+000 
                                     487                  1.8356286928024250E+000                  1.6910357500406892E-001                  5.8876606278905630E+000                 -2.9663379786237254E+000                  1.1049883293540072E+001                  6.9999999972597626E-001                  2.8000000027402394E-001                  1.9999999999999796E-002                  8.2411264135072550E-014                  0.0000000000000000E+000                  0.0000000000000000E+000 
                                     488                  1.8356152984811516E+000                  1.6831481493620751E-001                  5.8913106663574188E+000                 -2.9519187657971520E+000                  1.1067923931330466E+001                  6.9999999972597604E-001                  2.8000000027402422E-001                  1.9999999999999796E-002                  9.3923594358722243E-014                  0.0000000000000000E+000                  0.0000000000000000E+000 
                                     489                  1.8356014413073798E+000                  1.6752112051191914E-001                  5.8949630967913684E+000                 -2.9375071415648430E+000                  1.1085959748486365E+001                  6.9999999972597582E-001                  2.8000000027402444E-001                  1.9999999999999796E-002                  1.0701821274218656E-013                  0.0000000000000000E+000                  0.0000000000000000E+000 
                                     490                  1.8355871055012660E+000                  1.6672243146423019E-001                  5.8986188667069710E+000                 -2.9231033392129357E+000                  1.1103991485051157E+001                  6.9999999972597549E-001                  2.8000000027402466E-001                  1.9999999999999796E-002                  1.2191196125043878E-013                  0.0000000000000000E+000                  0.0000000000000000E+000 
                                     491                  1.8355722747541039E+000                  1.6591868609520560E-001                  5.9022790205938209E+000                 -2.9087077150569525E+000                  1.1122019858429793E+001                  6.9999999972597515E-001                  2.8000000027402500E-001                  1.9999999999999796E-002                  1.3885202251512636E-013                  0.0000000000000000E+000                  0.0000000000000000E+000 
                                     492                  1.8355569322109937E+000                  1.6510982101025243E-001                  5.9059445931802950E+000                 -2.8943206343611276E+000                  1.1140045564648817E+001                  6.9999999972597482E-001                  2.8000000027402538E-001                  1.9999999999999796E-002                  1.5811997623912802E-013                  0.0000000000000000E+000                  0.0000000000000000E+000 
                                     493                  1.8355410604529752E+000                  1.6429577105791185E-001                  5.9096164471995722E+000                 -2.8799423026304658E+000                  1.1158069279552597E+001                  6.9999999972597438E-001                  2.8000000027402594E-001                  1.9999999999999685E-002                  1.8003599297345039E-013                  0.0000000000000000E+000                  0.0000000000000000E+000 
                                     494                  1.8355246414786064E+000                  1.6347646958706955E-001                  5.9132952156628162E+000                 -2.8655727064140768E+000                  1.1176091659899024E+001                  6.9999999972597382E-001                  2.8000000027402644E-001                  1.9999999999999796E-002                  2.0496368711773989E-013                  0.0000000000000000E+000                  0.0000000000000000E+000 
                                     495                  1.8355076566849540E+000                  1.6265184882678144E-001                  5.9169813179494986E+000                 -2.8512116292628829E+000                  1.1194113344344615E+001                  6.9999999972597315E-001                  2.8000000027402705E-001                  1.9999999999999796E-002                  2.3331578349020634E-013                  0.0000000000000000E+000                  0.0000000000000000E+000 
                                     496                  1.8354900868479862E+000                  1.6182184025020663E-001                  5.9206749757410595E+000                 -2.8368586675472263E+000                  1.1212134954327034E+001                  6.9999999972597260E-001                  2.8000000027402761E-001                  1.9999999999999796E-002                  2.6556047559729877E-013                  0.0000000000000000E+000                  0.0000000000000000E+000 
                                     497                  1.8354719121023406E+000                  1.6098637492218473E-001                  5.9243762275063885E+000                 -2.8225132436907083E+000                  1.1230157094852531E+001                  6.9999999972597193E-001                  2.8000000027402838E-001                  1.9999999999999685E-002                  3.0222854457163040E-013                  0.0000000000000000E+000                  0.0000000000000000E+000 
                                     498                  1.8354531119204569E+000                  1.6014538383472790E-001                  5.9280849577158907E+000                 -2.8081746343115785E+000                  1.1248180355194750E+001                  6.9999999972597116E-001                  2.8000000027402916E-001                  1.9999999999999685E-002                  3.4392144531030117E-013                  0.0000000000000000E+000                  0.0000000000000000E+000 
                                     499                  1.8354336650910461E+000                  1.5929879820070245E-001                  5.9318010300323216E+000                 -2.7938421100366422E+000                  1.1266205309515618E+001                  6.9999999972597016E-001                  2.8000000027402999E-001                  1.9999999999999796E-002                  3.9132137668127542E-013                  0.0000000000000000E+000                  0.0000000000000000E+000 
                                     500                  1.8354135496968815E+000                  1.5844654948393425E-001                  5.9355244403358673E+000                 -2.7795150938580799E+000                  1.1284232517454962E+001                  6.9999999972596916E-001                  2.8000000027403099E-001                  1.9999999999999796E-002                  4.4520350271816756E-013                  0.0000000000000000E+000                  0.0000000000000000E+000 
                                     501                  1.8353927430918890E+000                  1.5758856911673186E-001                  5.9392553486055659E+000                 -2.7651931934276979E+000                  1.1302262524741064E+001                  6.9999999972596805E-001                  2.8000000027403210E-001                  1.9999999999999796E-002                  5.0644938317547419E-013                  0.0000000000000000E+000                  0.0000000000000000E+000 
                                     502                  1.8353712218775156E+000                  1.5672478814166599E-001                  5.9429940632464442E+000                 -2.7508761838420965E+000                  1.1320295863829662E+001                  6.9999999972596672E-001                  2.8000000027403349E-001                  1.9999999999999796E-002                  5.7606202108677930E-013                  0.0000000000000000E+000                  0.0000000000000000E+000 
                                     503                  1.8353489618783605E+000                  1.5585513687398991E-001                  5.9467410269711367E+000                 -2.7365639909409611E+000                  1.1338333054553521E+001                  6.9999999972596527E-001                  2.8000000027403493E-001                  1.9999999999999796E-002                  6.5518313239410805E-013                  0.0000000000000000E+000                  0.0000000000000000E+000 
                                     504                  1.8353259381170823E+000                  1.5497954458557006E-001                  5.9504968043684645E+000                 -2.7222566781581032E+000                  1.1356374604776255E+001                  6.9999999972596350E-001                  2.8000000027403671E-001                  1.9999999999999796E-002                  7.4511298414939835E-013                  0.0000000000000000E+000                  0.0000000000000000E+000 
                                     505                  1.8353021247885364E+000                  1.5409793920357437E-001                  5.9542620435848299E+000                 -2.7079544066673473E+000                  1.1374421011061537E+001                  6.9999999972596150E-001                  2.8000000027403882E-001                  1.9999999999999685E-002                  8.4733267090768055E-013                  0.0000000000000000E+000                  0.0000000000000000E+000 
                                     506                  1.8352774952331121E+000                  1.5321024707869613E-001                  5.9580373683307331E+000                 -2.6936573228953544E+000                  1.1392472759353634E+001                  6.9999999972595950E-001                  2.8000000027404082E-001                  1.9999999999999685E-002                  9.6352784450397654E-013                  0.0000000000000000E+000                  0.0000000000000000E+000 
                                     507                  1.8352520219092445E+000                  1.5231639297622795E-001                  5.9618232973474097E+000                 -2.6793654746113895E+000                  1.1410530325633562E+001                  6.9999999972595683E-001                  2.8000000027404331E-001                  1.9999999999999796E-002                  1.0956152121712619E-012                  0.0000000000000000E+000                  0.0000000000000000E+000 
                                     508                  1.8352256763650674E+000                  1.5141630024131505E-001                  5.9656202504929814E+000                 -2.6650788170991633E+000                  1.1428594176523738E+001                  6.9999999972595395E-001                  2.8000000027404626E-001                  1.9999999999999796E-002                  1.2457738806359572E-012                  0.0000000000000000E+000                  0.0000000000000000E+000 
                                     509                  1.8351984292091919E+000                  1.5050989095829467E-001                  5.9694285667775056E+000                 -2.6507972310839958E+000                  1.1446664769844613E+001                  6.9999999972595073E-001                  2.8000000027404948E-001                  1.9999999999999796E-002                  1.4164812531780032E-012                  0.0000000000000000E+000                  0.0000000000000000E+000 
                                     510                  1.8351702500805771E+000                  1.4959708607896552E-001                  5.9732485200673677E+000                 -2.6365205379822361E+000                  1.1464742555130707E+001                  6.9999999972594718E-001                  2.8000000027405308E-001                  1.9999999999999796E-002                  1.6105538623166448E-012                  0.0000000000000000E+000                  0.0000000000000000E+000 
                                     511                  1.8351411076174664E+000                  1.4867780552395157E-001                  5.9770803312431759E+000                 -2.6222485120394743E+000                  1.1482827974112231E+001                  6.9999999972594296E-001                  2.8000000027405725E-001                  1.9999999999999796E-002                  1.8311937583248282E-012                  0.0000000000000000E+000                  0.0000000000000000E+000 
                                     512                  1.8351109694253651E+000                  1.4775196826245127E-001                  5.9809241498840491E+000                 -2.6079808610246391E+000                  1.1500921461166245E+001                  6.9999999972593829E-001                  2.8000000027406186E-001                  1.9999999999999796E-002                  2.0820399129624524E-012                  0.0000000000000000E+000                  0.0000000000000000E+000 
                                     513                  1.8350798020440275E+000                  1.4681949243714210E-001                  5.9847800044450992E+000                 -2.5937171752902453E+000                  1.1519023443719371E+001                  6.9999999972593308E-001                  2.8000000027406724E-001                  1.9999999999999685E-002                  2.3672241958486258E-012                  0.0000000000000000E+000                  0.0000000000000000E+000 
                                     514                  1.8350475709134697E+000                  1.4588029560624607E-001                  5.9886477726172398E+000                 -2.5794568977087899E+000                  1.1537134342571182E+001                  6.9999999972592697E-001                  2.8000000027407318E-001                  1.9999999999999796E-002                  2.6914340267255976E-012                  0.0000000000000000E+000                  0.0000000000000000E+000 
                                     515                  1.8350142403389929E+000                  1.4493429506332953E-001                  5.9925271767030681E+000                 -2.5651993170706593E+000                  1.1555254572137571E+001                  6.9999999972592020E-001                  2.8000000027407995E-001                  1.9999999999999796E-002                  3.0599831059082351E-012                  0.0000000000000000E+000                  0.0000000000000000E+000 
                                     516                  1.8349797734551552E+000                  1.4398140818576388E-001                  5.9964177810494146E+000                 -2.5509435651429802E+000                  1.1573384540627092E+001                  6.9999999972591243E-001                  2.8000000027408783E-001                  1.9999999999999796E-002                  3.4788901542122448E-012                  0.0000000000000000E+000                  0.0000000000000000E+000 
                                     517                  1.8349441321886506E+000                  1.4302155280481202E-001                  6.0003189907361660E+000                 -2.5366886153174750E+000                  1.1591524650152433E+001                  6.9999999972590365E-001                  2.8000000027409649E-001                  1.9999999999999796E-002                  3.9549663190632803E-012                  4.8493853509396325E-038                  0.0000000000000000E+000 
                                     518                  1.8349072772200621E+000                  1.4205464759469619E-001                  6.0042300783614007E+000                 -2.5224333110303547E+000                  1.1609675296776643E+001                  6.9999999972589377E-001                  2.8000000027410638E-001                  1.9999999999999796E-002                  4.4959145836020711E-012                  7.4289038049144421E-038                  0.0000000000000000E+000 
                                     519                  1.8348691679444569E+000                  1.4108061241452236E-001                  6.0081502978636356E+000                 -2.5081764849135988E+000                  1.1627836870504769E+001                  6.9999999972588267E-001                  2.8000000027411764E-001                  1.9999999999999685E-002                  5.1104509151582560E-012                  1.1501751711048088E-037                  0.0000000000000000E+000 
                                     520                  1.8348297624307888E+000                  1.4009936839465187E-001                  6.0120789894425286E+000                 -2.4939170654616607E+000                  1.1646009755265135E+001                  6.9999999972586968E-001                  2.8000000027413052E-001                  1.9999999999999796E-002                  5.8084456297477250E-012                  1.7801153718263207E-037                  0.0000000000000000E+000 
                                     521                  1.8347890173800727E+000                  1.3911083778272515E-001                  6.0160155945156744E+000                 -2.4796540919662937E+000                  1.1664194328920216E+001                  6.9999999972585547E-001                  2.8000000027414473E-001                  1.9999999999999796E-002                  6.6010776474638944E-012                  2.7539217946414098E-037                  0.0000000000000000E+000 
                                     522                  1.8347468880822955E+000                  1.3811494374782118E-001                  6.0199596525205434E+000                 -2.4653867110794980E+000                  1.1682390963310999E+001                  6.9999999972583893E-001                  2.8000000027416111E-001                  2.0000000000000018E-002                  7.5010078384548658E-012                  4.2584667738623850E-037                  0.0000000000000000E+000 
                                     523                  1.8347033283720335E+000                  1.3711161018342660E-001                  6.0239107975491777E+000                 -2.4511141735573845E+000                  1.1700600024317358E+001                  6.9999999972582050E-001                  2.8000000027417965E-001                  1.9999999999999796E-002                  8.5225756443614108E-012                  6.5816740608530354E-037                  0.0000000000000000E+000 
                                     524                  1.8346582905828168E+000                  1.3610076151042863E-001                  6.0278687548794538E+000                 -2.4368358317321341E+000                  1.1718821871922144E+001                  6.9999999972579963E-001                  2.8000000027420063E-001                  1.9999999999999796E-002                  9.6820221712080724E-012                  1.0166893493624565E-036                  0.0000000000000000E+000 
                                     525                  1.8346117255002008E+000                  1.3508232247822310E-001                  6.0318333374704833E+000                 -2.4225511347198792E+000                  1.1737056860293141E+001                  6.9999999972577598E-001                  2.8000000027422417E-001                  1.9999999999999796E-002                  1.0997743487844124E-011                  1.5696405584883533E-036                  0.0000000000000000E+000 
                                     526                  1.8345635823134652E+000                  1.3405621796794842E-001                  6.0358044424789812E+000                 -2.4082596242661136E+000                  1.1755305337895509E+001                  6.9999999972574911E-001                  2.8000000027425109E-001                  1.9999999999999796E-002                  1.2490578297955397E-011                  2.4219608204344029E-036                  0.0000000000000000E+000 
                                     527                  1.8345138085658839E+000                  1.3302237279633669E-001                  6.0397820478300659E+000                 -2.3939609309883076E+000                  1.1773567647635156E+001                  6.9999999972571858E-001                  2.8000000027428157E-001                  1.9999999999999796E-002                  1.4184134799149252E-011                  3.7349723441501828E-036                  0.0000000000000000E+000 
                                     528                  1.8344623501035382E+000                  1.3198071151933963E-001                  6.0437662088694637E+000                 -2.3796547707964497E+000                  1.1791844127032311E+001                  6.9999999972568439E-001                  2.8000000027431582E-001                  1.9999999999999796E-002                  1.6105162245759572E-011                  5.7565561342953935E-036                  0.0000000000000000E+000 
                                     529                  1.8344091510226226E+000                  1.3093115823519144E-001                  6.0477570551171285E+000                 -2.3653409417883005E+000                  1.1810135108424857E+001                  6.9999999972564564E-001                  2.8000000027435457E-001                  1.9999999999999796E-002                  1.8283973521867250E-011                  8.8674341853603400E-036                  0.0000000000000000E+000 
                                     530                  1.8343541536152033E+000                  1.2987363638579727E-001                  6.0517547865576615E+000                 -2.3510193198698048E+000                  1.1828440919200958E+001                  6.9999999972560156E-001                  2.8000000027439859E-001                  1.9999999999999796E-002                  2.0754925762919767E-011                  1.3652141251828707E-035                  0.0000000000000000E+000 
                                     531                  1.8342972983133889E+000                  1.2880806855959989E-001                  6.0557596516688426E+000                 -2.3366898356325994E+000                  1.1846761882058768E+001                  6.9999999972555194E-001                  2.8000000027444832E-001                  1.9999999999999796E-002                  2.3556958320875986E-011                  2.1007809047763354E-035                  0.0000000000000000E+000 
                                     532                  1.8342385236318701E+000                  1.2773437634278653E-001                  6.0597719043132976E+000                 -2.3223524295861946E+000                  1.1865098315268554E+001                  6.9999999972549543E-001                  2.8000000027450472E-001                  1.9999999999999796E-002                  2.6734187639433071E-011                  3.2310795579108387E-035                  0.0000000000000000E+000 
                                     533                  1.8341777661088885E+000                  1.2665248027738932E-001                  6.0637917791752560E+000                 -2.3080070265078305E+000                  1.1883450532904323E+001                  6.9999999972543203E-001                  2.8000000027456823E-001                  1.9999999999999796E-002                  3.0336580851056126E-011                  4.9671837538636185E-035                  0.0000000000000000E+000 
                                     534                  1.8341149602456097E+000                  1.2556229988408468E-001                  6.0678194907163743E+000                 -2.2936535339642492E+000                  1.1901818845049620E+001                  6.9999999972536009E-001                  2.8000000027464017E-001                  1.9999999999999796E-002                  3.4420726172028986E-011                  7.6326668444509146E-035                  0.0000000000000000E+000 
                                     535                  1.8340500384437761E+000                  1.2446375368996961E-001                  6.0718552334843352E+000                 -2.2792918427912348E+000                  1.1920203557993565E+001                  6.9999999972527871E-001                  2.8000000027472149E-001                  1.9999999999999796E-002                  3.9050704422164611E-011                  1.1723378269081792E-034                  0.0000000000000000E+000 
                                     536                  1.8339829309415827E+000                  1.2335675925641532E-001                  6.0758991823763999E+000                 -2.2649218272934428E+000                  1.1938604974418858E+001                  6.9999999972518667E-001                  2.8000000027481348E-001                  1.9999999999999796E-002                  4.4299074107790268E-011                  1.7998885672980821E-034                  0.0000000000000000E+000 
                                     537                  1.8339135657477317E+000                  1.2224123320769217E-001                  6.0799514928593936E+000                 -2.2505433452853705E+000                  1.1957023393582045E+001                  6.9999999972508276E-001                  2.8000000027491756E-001                  1.9999999999999685E-002                  5.0247984628594465E-011                  2.7622304964870212E-034                  0.0000000000000000E+000 
                                     538                  1.8338418685736169E+000                  1.2111709126080981E-001                  6.0840123011899632E+000                 -2.2361562379249698E+000                  1.1975459111486140E+001                  6.9999999972496518E-001                  2.8000000027503497E-001                  1.9999999999999796E-002                  5.6990434060976194E-011                  4.2374042149082301E-034                  0.0000000000000000E+000 
                                     539                  1.8337677627635933E+000                  1.1998424825712517E-001                  6.0880817246437111E+000                 -2.2217603291439172E+000                  1.1993912421046128E+001                  6.9999999972483229E-001                  2.8000000027516792E-001                  1.9999999999999796E-002                  6.4631690050906589E-011                  6.4978388340587623E-034                  0.0000000000000000E+000 
                                     540                  1.8336911692232736E+000                  1.1884261819683309E-001                  6.0921598617492299E+000                 -2.2073554264693880E+000                  1.2012383612240484E+001                  6.9999999972468208E-001                  2.8000000027531818E-001                  1.9999999999999796E-002                  7.3290894355606379E-011                  9.9602354283902636E-034                  0.0000000000000000E+000 
                                     541                  1.8336120063458636E+000                  1.1769211427365774E-001                  6.0962467925191373E+000                 -2.1929413213931594E+000                  1.2030872972225263E+001                  6.9999999972451210E-001                  2.8000000027548810E-001                  1.9999999999999796E-002                  8.3102874552676882E-011                  1.5261726583799345E-033                  0.0000000000000000E+000 
                                     542                  1.8335301899366530E+000                  1.1653264891309349E-001                  6.1003425786837893E+000                 -2.1785177895326293E+000                  1.2049380785416002E+001                  6.9999999972432025E-001                  2.8000000027567995E-001                  1.9999999999999796E-002                  9.4220189169635225E-011                  2.3376103585831156E-033                  0.0000000000000000E+000 
                                     543                  1.8334456331354485E+000                  1.1536413381225746E-001                  6.1044472651023307E+000                 -2.1640845917000990E+000                  1.2067907333564294E+001                  6.9999999972410321E-001                  2.8000000027589689E-001                  1.9999999999999907E-002                  1.0681543829417588E-010                  3.5791116905298584E-033                  0.0000000000000000E+000 
                                     544                  1.8333582463368610E+000                  1.1418647997820490E-001                  6.1085608850652857E+000                 -2.1496414786332219E+000                  1.2086452895833066E+001                  6.9999999972385829E-001                  2.8000000027614186E-001                  1.9999999999999796E-002                  1.2108388169591459E-010                  5.4778842681086837E-033                  0.0000000000000000E+000 
                                     545                  1.8332679371084040E+000                  1.1299959775483449E-001                  6.1126834655771178E+000                 -2.1351881971350086E+000                  1.2105017748870278E+001                  6.9999999972358151E-001                  2.8000000027641864E-001                  1.9999999999999796E-002                  1.3724639990919837E-010                  8.3807805041588655E-033                  0.0000000000000000E+000 
                                     546                  1.8331746101063531E+000                  1.1180339683380333E-001                  6.1168150290030203E+000                 -2.1207244918867931E+000                  1.2123602166883780E+001                  6.9999999972326876E-001                  2.8000000027673139E-001                  1.9999999999999796E-002                  1.5555283363197953E-010                  1.2817090456688176E-032                  0.0000000000000000E+000 
                                     547                  1.8330781669893144E+000                  1.1059778626061473E-001                  6.1209555939477740E+000                 -2.1062501062788215E+000                  1.2142206421718152E+001                  6.9999999972291549E-001                  2.8000000027708472E-001                  1.9999999999999796E-002                  1.7628575394516965E-010                  1.9594175679587661E-032                  0.0000000000000000E+000 
                                     548                  1.8329785063294375E+000                  1.0938267443834211E-001                  6.1251051761079616E+000                 -2.0917647829166803E+000                  1.2160830782924648E+001                  6.9999999972251659E-001                  2.8000000027748362E-001                  1.9999999999999796E-002                  1.9976472036056963E-010                  2.9943059852577166E-032                  0.0000000000000000E+000 
                                     549                  1.8328755235213299E+000                  1.0815796913101045E-001                  6.1292637890929536E+000                 -2.0772682640678299E+000                  1.2179475517800089E+001                  6.9999999972206584E-001                  2.8000000027793442E-001                  1.9999999999999796E-002                  2.2635108949410853E-010                  4.5739981765736805E-032                  0.0000000000000000E+000 
                                     550                  1.8327691106887991E+000                  1.0692357746882551E-001                  6.1334314452145646E+000                 -2.0627602929583495E+000                  1.2198140891410917E+001                  6.9999999972155658E-001                  2.8000000027844368E-001                  1.9999999999999796E-002                  2.5645344470965575E-010                  6.9843400556339454E-032                  0.0000000000000000E+000 
                                     551                  1.8326591565890737E+000                  1.0567940594884942E-001                  6.1376081562500486E+000                 -2.0482406145989382E+000                  1.2216827166633184E+001                  6.9999999972098170E-001                  2.8000000027901839E-001                  1.9999999999999907E-002                  2.9053372717284644E-010                  1.0660639510546637E-031                  0.0000000000000000E+000 
                                     552                  1.8325455465144220E+000                  1.0442536043214977E-001                  6.1417939341799492E+000                 -2.0337089764930192E+000                  1.2235534604205975E+001                  6.9999999972033289E-001                  2.8000000027966732E-001                  1.9999999999999796E-002                  3.2911415864193822E-010                  1.6265542912459327E-031                  0.0000000000000000E+000 
                                     553                  1.8324281621911420E+000                  1.0316134613800697E-001                  6.1459887919010781E+000                 -2.0191651291431034E+000                  1.2254263462795086E+001                  6.9999999971959981E-001                  2.8000000028040045E-001                  1.9999999999999796E-002                  3.7278505793744895E-010                  2.4807344251908955E-031                  0.0000000000000000E+000 
                                     554                  1.8323068816758521E+000                  1.0188726763559984E-001                  6.1501927439154507E+000                 -2.0046088265949980E+000                  1.2273013999066892E+001                  6.9999999971877236E-001                  2.8000000028122796E-001                  1.9999999999999685E-002                  4.2221366596138082E-010                  3.7819641051345952E-031                  0.0000000000000000E+000 
                                     555                  1.8321815792490164E+000                  1.0060302883292724E-001                  6.1544058124808210E+000                 -1.9900398328422628E+000                  1.2291786467770462E+001                  6.9999999971783777E-001                  2.8000000028216238E-001                  1.9999999999999796E-002                  4.7815415937335472E-010                  5.7634071004560185E-031                  0.0000000000000000E+000 
                                     556                  1.8320521253056630E+000                  9.9308532945554556E-002                  6.1586280524846249E+000                 -1.9754579473547587E+000                  1.2310581121813582E+001                  6.9999999971678262E-001                  2.8000000028321748E-001                  1.9999999999999907E-002                  5.4145918105409701E-010                  8.7794343912598067E-031                  0.0000000000000000E+000 
                                     557                  1.8319183862434514E+000                  9.8003682388461133E-002                  6.1628595731590332E+000                 -1.9608630273340923E+000                  1.2329398212345170E+001                  6.9999999971559124E-001                  2.8000000028440902E-001                  1.9999999999999796E-002                  6.1309298891491852E-010                  1.3368472260109873E-030                  0.0000000000000000E+000 
                                     558                  1.8317802243478452E+000                  9.6688378594576699E-002                  6.1671005380651263E+000                 -1.9462549876121533E+000                  1.2348237988880534E+001                  6.9999999971424587E-001                  2.8000000028575417E-001                  2.0000000000000018E-002                  6.9414622248768587E-010                  2.0348374165156929E-030                  0.0000000000000000E+000 
                                     559                  1.8316374976741800E+000                  9.5362521822921792E-002                  6.1713511607060125E+000                 -1.9316337958572505E+000                  1.2367100699476604E+001                  6.9999999971272719E-001                  2.8000000028727307E-001                  1.9999999999999796E-002                  7.8585260693014774E-010                  3.0961133635237188E-030                  0.0000000000000000E+000 
                                     560                  1.8314900599265722E+000                  9.4026010970880730E-002                  6.1756117004921744E+000                 -1.9169994681193627E+000                  1.2385986590952099E+001                  6.9999999971101257E-001                  2.8000000028898758E-001                  1.9999999999999796E-002                  8.8960789747123602E-010                  4.7092458857269859E-030                  0.0000000000000000E+000 
                                     561                  1.8313377603335701E+000                  9.2678743389848023E-002                  6.1798824590491668E+000                 -1.9023520647525363E+000                  1.2404895909151453E+001                  6.9999999970907656E-001                  2.8000000029092365E-001                  1.9999999999999796E-002                  1.0069913700570955E-009                  7.1604923144694927E-030                  0.0000000000000000E+000 
                                     562                  1.8311804435204460E+000                  9.1320614703325323E-002                  6.1841637768582531E+000                 -1.8876916867157065E+000                  1.2423828899255041E+001                  6.9999999970689042E-001                  2.8000000029310967E-001                  1.9999999999999907E-002                  1.1397902081085328E-009                  1.0884346607704068E-029                  0.0000000000000000E+000 
                                     563                  1.8310179493779550E+000                  8.9951518625982760E-002                  6.1884560302215696E+000                 -1.8730184723184911E+000                  1.2442785806142959E+001                  6.9999999970442262E-001                  2.8000000029557764E-001                  1.9999999999999796E-002                  1.2900271830764979E-009                  1.6540245369764543E-029                  0.0000000000000000E+000 
                                     564                  1.8308501129273460E+000                  8.8571346781665242E-002                  6.1927596285399638E+000                 -1.8583325937281472E+000                  1.2461766874791063E+001                  6.9999999970163607E-001                  2.8000000029836414E-001                  1.9999999999999796E-002                  1.4599920859577169E-009                  2.5128977965605837E-029                  0.0000000000000000E+000 
                                     565                  1.8306767641819344E+000                  8.7179988524855534E-002                  6.1970750118925499E+000                 -1.8436342539672859E+000                  1.2480772350677910E+001                  6.9999999969849025E-001                  2.8000000030151001E-001                  1.9999999999999796E-002                  1.6522774281415147E-009                  3.8169383979933290E-029                  0.0000000000000000E+000 
                                     566                  1.8304977280050876E+000                  8.5777330763679785E-002                  6.2014026485926932E+000                 -1.8289236839666851E+000                  1.2499802480213942E+001                  6.9999999969493898E-001                  2.8000000030506128E-001                  1.9999999999999796E-002                  1.8698189939589289E-009                  5.7966608329342490E-029                  0.0000000000000000E+000 
                                     567                  1.8303128239643875E+000                  8.4363257783302559E-002                  6.2057430124181776E+000                 -1.8142011189573901E+000                  1.2518857511201562E+001                  6.9999999969092974E-001                  2.8000000030907046E-001                  1.9999999999999796E-002                  2.1159411320649302E-009                  8.8019318016701928E-029                  0.0000000000000000E+000 
                                     568                  1.8301218661818219E+000                  8.2937651137727900E-002                  6.2100965282257627E+000                 -1.7994667422312585E+000                  1.2537937693319934E+001                  6.9999999968640392E-001                  2.8000000031359634E-001                  1.9999999999999796E-002                  2.3944063618172262E-009                  1.3363751491730910E-028                  0.0000000000000000E+000 
                                     569                  1.8299246631797739E+000                  8.1500389721992778E-002                  6.2144635385909783E+000                 -1.7847206499541770E+000                  1.2557043278651072E+001                  6.9999999968129545E-001                  2.8000000031870476E-001                  1.9999999999999796E-002                  2.7094712608727297E-009                  2.0287976162985082E-028                  0.0000000000000000E+000 
                                     570                  1.8297210177217189E+000                  8.0051349958143420E-002                  6.2188443066692107E+000                 -1.7699628535571736E+000                  1.2576174522228897E+001                  6.9999999967552917E-001                  2.8000000032447098E-001                  1.9999999999999796E-002                  3.0659505584570519E-009                  3.0797508980524904E-028                  0.0000000000000000E+000 
                                     571                  1.8295107266481716E+000                  7.8590405980924455E-002                  6.2232390217519757E+000                 -1.7551932850677519E+000                  1.2595331682509428E+001                  6.9999999966902171E-001                  2.8000000033097860E-001                  1.9999999999999685E-002                  3.4692895126499023E-009                  4.6747969498178814E-028                  0.0000000000000000E+000 
                                     572                  1.8292935807090882E+000                  7.7117429822587555E-002                  6.2276478043030101E+000                 -1.7404118024198885E+000                  1.2614515021735135E+001                  6.9999999966167781E-001                  2.8000000033832245E-001                  1.9999999999999796E-002                  3.9256454812407640E-009                  7.0954734463946642E-028                  0.0000000000000000E+000 
                                     573                  1.8290693643920963E+000                  7.5632291592029444E-002                  6.2320707105417652E+000                 -1.7256181936262367E+000                  1.2633724806232642E+001                  6.9999999965339066E-001                  2.8000000034660949E-001                  1.9999999999999796E-002                  4.4419798283748141E-009                  1.0768873064073223E-027                  0.0000000000000000E+000 
                                     574                  1.8288378557463405E+000                  7.4134859650823781E-002                  6.2365077366305330E+000                 -1.7108121805788721E+000                  1.2652961306656216E+001                  6.9999999964404036E-001                  2.8000000035595990E-001                  1.9999999999999796E-002                  5.0261614310392121E-009                  1.6342781999269816E-027                  0.0000000000000000E+000 
                                     575                  1.8285988262017803E+000                  7.2625000786495350E-002                  6.2409588225219403E+000                 -1.6959934227786222E+000                  1.2672224798235671E+001                  6.9999999963349102E-001                  2.8000000036650918E-001                  1.9999999999999796E-002                  5.6870831995273109E-009                  2.4799513469559806E-027                  0.0000000000000000E+000 
                                     576                  1.8283520403824745E+000                  7.1102580374598559E-002                  6.2454238555150994E+000                 -1.6811615210048123E+000                  1.2691515561078244E+001                  6.9999999962159076E-001                  2.8000000037840955E-001                  1.9999999999999685E-002                  6.4347931926293241E-009                  3.7628293784311906E-027                  0.0000000000000000E+000 
                                     577                  1.8280972559135757E+000                  6.9567462529509863E-002                  6.2499026735297667E+000                 -1.6663160207743417E+000                  1.2710833880418537E+001                  6.9999999960816783E-001                  2.8000000039183237E-001                  1.9999999999999796E-002                  7.2806420897034593E-009                  5.7086200629628532E-027                  0.0000000000000000E+000 
                                     578                  1.8278342232244815E+000                  6.8019510260529631E-002                  6.2543950708897649E+000                 -1.6514564176030939E+000                  1.2730180046735864E+001                  6.9999999959302961E-001                  2.8000000040697065E-001                  1.9999999999999796E-002                  8.2374493964578411E-009                  8.6592963456287526E-027                  0.0000000000000000E+000 
                                     579                  1.8275626853477553E+000                  6.6458585624046662E-002                  6.2589008154740045E+000                 -1.6365821745370603E+000                  1.2749554355768346E+001                  6.9999999957595849E-001                  2.8000000042404172E-001                  1.9999999999999796E-002                  9.3196923361056971E-009                  1.3132811256563865E-026                  0.0000000000000000E+000 
                                     580                  1.8272823777137110E+000                  6.4884549825613855E-002                  6.2634196648847391E+000                 -1.6216927389169025E+000                  1.2768957108444827E+001                  6.9999999955671088E-001                  2.8000000044328927E-001                  1.9999999999999796E-002                  1.0543719404413425E-008                  1.9913380940086166E-026                  0.0000000000000000E+000 
                                     581                  1.8269930279406219E+000                  6.3297263271115622E-002                  6.2679513689200288E+000                 -1.6067875456412273E+000                  1.2788388610785431E+001                  6.9999999953501224E-001                  2.8000000046498796E-001                  1.9999999999999796E-002                  1.1927989353976787E-008                  3.0187901958927550E-026                  0.0000000000000000E+000 
                                     582                  1.8266943556194806E+000                  6.1696585607716188E-002                  6.2724956685714428E+000                 -1.5918660158426230E+000                  1.2807849173839369E+001                  6.9999999951055358E-001                  2.8000000048944657E-001                  1.9999999999999796E-002                  1.3493339583104109E-008                  4.5751965789897201E-026                  0.0000000000000000E+000 
                                     583                  1.8263860720921881E+000                  6.0082375765979433E-002                  6.2758998957899532E+000                 -1.5806433619064579E+000                  1.2822471810311749E+001                  6.9999999949010738E-001                  2.8000000050989293E-001                  1.9999999999999685E-002                  1.4797440986404461E-008                  6.2423181144072657E-026                  0.0000000000000000E+000 
                                     584                  1.8262269761585266E+000                  5.9263728049577823E-002                  6.2781811349408052E+000                 -1.5731697815358030E+000                  1.2832224082817472E+001                  6.9999999947547153E-001                  2.8000000052452861E-001                  1.9999999999999796E-002                  1.5737796764625532E-008                  7.6831065676285306E-026                  0.0000000000000000E+000 
                                     585                  1.8260678802248649E+000                  5.8454510513632728E-002                  6.2816214698997364E+000                 -1.5619719226993338E+000                  1.2846858896755901E+001                  6.9999999945192493E-001                  2.8000000054807528E-001                  1.9999999999999796E-002                  1.7264524479149372E-008                  1.0500255469129673E-025                  0.0000000000000000E+000 
                                     586                  1.8257394741768933E+000                  5.6812809335551509E-002                  6.2862018626654494E+000                 -1.5469977271869111E+000                  1.2866408547706692E+001                  6.9999999941692936E-001                  2.8000000058307073E-001                  1.9999999999999907E-002                  1.9526688491826418E-008                  1.5898992392508732E-025                  0.0000000000000000E+000 
                                     587                  1.8254005391658923E+000                  5.5157149160110892E-002                  6.2907937129827785E+000                 -1.5320047274327147E+000                  1.2885988552031641E+001                  6.9999999937750790E-001                  2.8000000062249236E-001                  1.9999999999999796E-002                  2.2083693758868675E-008                  2.4064638254841511E-025                  0.0000000000000000E+000 
                                     588                  1.8250507512288361E+000                  5.3487386704064450E-002                  6.2953967054177289E+000                 -1.5169922650032410E+000                  1.2905599243295420E+001                  6.9999999933310830E-001                  2.8000000066689196E-001                  1.9999999999999796E-002                  2.4973616765920707E-008                  3.6409623912605528E-025                  0.0000000000000000E+000 
                                     589                  1.8246897769791035E+000                  5.1803378361405777E-002                  6.2988438272212477E+000                 -1.5056978596921480E+000                  1.2920336864432910E+001                  6.9999999929601875E-001                  2.8000000070398140E-001                  1.9999999999999796E-002                  2.7380153516355715E-008                  4.9609011822665330E-025                  0.0000000000000000E+000 
                                     590                  1.8245035251682113E+000                  5.0949328905092087E-002                  6.3023399102634317E+000                 -1.4943768511777551E+000                  1.2935150840848753E+001                  6.9999999925531298E-001                  2.8000000074468723E-001                  1.9999999999999796E-002                  3.0042774931017753E-008                  6.7816678277173870E-025                  0.0000000000000000E+000 
                                     591                  1.8241250803669582E+000                  4.9243632286775765E-002                  6.3069692799583352E+000                 -1.4793127082979376E+000                  1.2954839751397163E+001                  6.9999999919593625E-001                  2.8000000080406395E-001                  1.9999999999999796E-002                  3.3966770112018898E-008                  1.0248971233060175E-024                  0.0000000000000000E+000 
                                     592                  1.8237345716201279E+000                  4.7523329775665944E-002                  6.3104171563894011E+000                 -1.4680367998127772E+000                  1.2969559745371717E+001                  6.9999999914650735E-001                  2.8000000085349286E-001                  1.9999999999999796E-002                  3.7215470470977950E-008                  1.3929201802635164E-024                  0.0000000000000000E+000 
                                     593                  1.8235362558636588E+000                  4.6664462525322775E-002                  6.3127395854969270E+000                 -1.4604880729794738E+000                  1.2979428640971072E+001                  6.9999999911086686E-001                  2.8000000088913329E-001                  1.9999999999999796E-002                  3.9568692386572771E-008                  1.7117694747430771E-024                  0.0000000000000000E+000 
                                     594                  1.8233316305299516E+000                  4.5788305381194397E-002                  6.3150639492465110E+000                 -1.4529337558828106E+000                  1.2989305062405103E+001                  6.9999999907306176E-001                  2.8000000092693844E-001                  1.9999999999999796E-002                  4.2069244923478659E-008                  2.1032437793909413E-024                  0.0000000000000000E+000 
                                     595                  1.8231270051962447E+000                  4.4922059247485983E-002                  6.3185679624029545E+000                 -1.4416147174850518E+000                  1.3004125142748547E+001                  6.9999999901192733E-001                  2.8000000098807287E-001                  1.9999999999999796E-002                  4.6125971333021584E-008                  2.8666587362502038E-024                  0.0000000000000000E+000 
                                     596                  1.8227047510374466E+000                  4.3164660737110512E-002                  6.3232306090599977E+000                 -1.4264709270777749E+000                  1.3023927103668319E+001                  6.9999999892158271E-001                  2.8000000107841755E-001                  1.9999999999999796E-002                  5.2131498503881410E-008                  4.3240981557634526E-024                  0.0000000000000000E+000 
                                     597                  1.8222690980675125E+000                  4.1392153489988141E-002                  6.3279020271778652E+000                 -1.4113028305285760E+000                  1.3043762158322068E+001                  6.9999999882003172E-001                  2.8000000117996854E-001                  1.9999999999999796E-002                  5.8912023467891705E-008                  6.5185600632856944E-024                  0.0000000000000000E+000 
                                     598                  1.8218196397100852E+000                  3.9604394143502940E-002                  6.3325818855835818E+000                 -1.3961097413487309E+000                  1.3063630653535768E+001                  6.9999999870540763E-001                  2.8000000129459257E-001                  1.9999999999999796E-002                  6.6566304194355647E-008                  9.8204735100454933E-024                  0.0000000000000000E+000 
                                     599                  1.8213559578535703E+000                  3.7801239671147652E-002                  6.3360846878021144E+000                 -1.3846737625302017E+000                  1.3078565701326220E+001                  6.9999999861112205E-001                  2.8000000138887821E-001                  1.9999999999999796E-002                  7.2934105979704545E-008                  1.3336033877430726E-023                  0.0000000000000000E+000 
                                     600                  1.8211167902113050E+000                  3.6886794313839344E-002                  6.3384305553390288E+000                 -1.3770577978983962E+000                  1.3088525303754952E+001                  6.9999999854315775E-001                  2.8000000145684251E-001                  1.9999999999999796E-002                  7.7519951413324592E-008                  1.6360537470854422E-023                  0.0000000000000000E+000 
                                     601                  1.8208776225690397E+000                  3.5982583294548245E-002                  6.3419661598564376E+000                 -1.3656463021365290E+000                  1.3103469465350804E+001                  6.9999999843381178E-001                  2.8000000156618848E-001                  1.9999999999999796E-002                  8.4955388604430098E-008                  2.2245374809572732E-023                  0.0000000000000000E+000 
                                     602                  1.8203841918251698E+000                  3.4148209828270312E-002                  6.3466693484166408E+000                 -1.3503741394189139E+000                  1.3123440336811584E+001                  6.9999999827101322E-001                  2.8000000172898704E-001                  1.9999999999999796E-002                  9.5955195213534062E-008                  3.3444465059930716E-023                  0.0000000000000000E+000 
                                     603                  1.8198752112018659E+000                  3.2298015083773300E-002                  6.3513796949718957E+000                 -1.3350742999125771E+000                  1.3143446018215091E+001                  6.9999999808926505E-001                  2.8000000191073515E-001                  1.9999999999999796E-002                  1.0836385660212369E-007                  5.0244529751314019E-023                  0.0000000000000000E+000 
                                     604                  1.8193502136030653E+000                  3.0431858215528330E-002                  6.3549044498494576E+000                 -1.3235552150448391E+000                  1.3158486058141573E+001                  6.9999999793812762E-001                  2.8000000206187264E-001                  1.9999999999999796E-002                  1.1868111994461200E-007                  6.8084332726170698E-023                  0.0000000000000000E+000 
                                     605                  1.8190794662842849E+000                  2.9485497027234058E-002                  6.3572645898749123E+000                 -1.3158838466968366E+000                  1.3168515286126482E+001                  6.9999999782986366E-001                  2.8000000217013654E-001                  1.9999999999999796E-002                  1.2610752805948650E-007                  8.3402071853060326E-023                  0.0000000000000000E+000 
                                     606                  1.8188087189655040E+000                  2.8549641316153208E-002                  6.3596267368438175E+000                 -1.3082051169254256E+000                  1.3178553879069568E+001                  6.9999999771432464E-001                  2.8000000228567562E-001                  1.9999999999999796E-002                  1.3399453479668373E-007                  1.0214898755770058E-022                  0.0000000000000000E+000 
                                     607                  1.8185294764650717E+000                  2.7595125683547040E-002                  6.3632034102914625E+000                 -1.2966402039842160E+000                  1.3193692398809619E+001                  6.9999999752881503E-001                  2.8000000247118506E-001                  1.9999999999999907E-002                  1.4684108373113051E-007                  1.3874612586690444E-022                  0.0000000000000000E+000 
                                     608                  1.8179622428415576E+000                  2.5688400558768681E-002                  6.3679354644385135E+000                 -1.2812374732330560E+000                  1.3213822508914481E+001                  6.9999999725552386E-001                  2.8000000274447628E-001                  1.9999999999999796E-002                  1.6573959654657788E-007                  2.0785133283882104E-022                  0.0000000000000000E+000 
                                     609                  1.8173772516044986E+000                  2.3765231158908044E-002                  6.3726723399496832E+000                 -1.2658032168722684E+000                  1.3233988882017593E+001                  6.9999999694992354E-001                  2.8000000305007655E-001                  1.9999999999999907E-002                  1.8703748789911798E-007                  3.1109203585678833E-022                  0.0000000000000000E+000 
                                     610                  1.8167739749429590E+000                  2.1825485606100561E-002                  6.3774132046745926E+000                 -1.2503362803028959E+000                  1.3254191819573608E+001                  6.9999999660685908E-001                  2.8000000339314118E-001                  1.9999999999999796E-002                  2.1103258797960617E-007                  4.6516055393596104E-022                  0.0000000000000000E+000 
                                     611                  1.8161518707499797E+000                  1.9869035986549110E-002                  6.3821571240084554E+000                 -1.2348354149934033E+000                  1.3274431612395775E+001                  6.9999999622169584E-001                  2.8000000377830425E-001                  1.9999999999999907E-002                  2.3805815744522629E-007                  6.9480933892366316E-022                  0.0000000000000000E+000 
                                     612                  1.8155103823277094E+000                  1.7895759093817468E-002                  6.3869030679757754E+000                 -1.2192992862007908E+000                  1.3294708539103389E+001                  6.9999999578979744E-001                  2.8000000421020271E-001                  1.9999999999999796E-002                  2.6848680999142259E-007                  1.0366817903959736E-021                  0.0000000000000000E+000 
                                     613                  1.8148489380917137E+000                  1.5905537172670653E-002                  6.3916499182849211E+000                 -1.2037264818146158E+000                  1.3315022864500159E+001                  6.9999999530734980E-001                  2.8000000469265035E-001                  1.9999999999999796E-002                  3.0273482079359737E-007                  1.5449281629318568E-021                  0.0000000000000000E+000 
                                     614                  1.8141669512753804E+000                  1.3898258658962367E-002                  6.3963964753790048E+000                 -1.1881155226548730E+000                  1.3335374837846988E+001                  6.9999999476893360E-001                  2.8000000523106666E-001                  1.9999999999999796E-002                  3.4126685138607581E-007                  2.2994183585777822E-021                  0.0000000000000000E+000 
                                     615                  1.8134638196370114E+000                  1.1873818913661108E-002                  6.4011414658251891E+000                 -1.1724648720232285E+000                  1.3355764690994004E+001                  6.9999999416577929E-001                  2.8000000583422102E-001                  1.9999999999999685E-002                  3.8460112719977325E-007                  3.4177216562046476E-021                  0.0000000000000000E+000 
                                     616                  1.8127389251711887E+000                  9.8321209550386798E-003                  6.4058835919876129E+000                 -1.1567729879344570E+000                  1.3376192636405236E+001                  6.9999999349013042E-001                  2.8000000650986984E-001                  1.9999999999999796E-002                  4.3331537835598199E-007                  5.0725497203044585E-021                  0.0000000000000000E+000 
                                     617                  1.8119916338227151E+000                  7.7730759762300265E-003                  6.4106216633854380E+000                 -1.1410384590027196E+000                  1.3396658865178962E+001                  6.9999999273458324E-001                  2.8000000726541674E-001                  2.0000000000000018E-002                  4.8805410371912514E-007                  7.5171422149518704E-021                  0.0000000000000000E+000 
                                     618                  1.8112212952020064E+000                  5.6966032252105643E-003                  6.4153546862857613E+000                 -1.1252600993147766E+000                  1.3417163545203854E+001                  6.9999999188995321E-001                  2.8000000811004694E-001                  1.9999999999999796E-002                  5.4953677038263514E-007                  1.1122147682467025E-020                  0.0000000000000000E+000 
                                     619                  1.8104272423023473E+000                  3.6026294038306755E-003                  6.4200818584103576E+000                 -1.1094369448062498E+000                  1.3437706819516391E+001                  6.9999999094602428E-001                  2.8000000905397587E-001                  1.9999999999999796E-002                  6.1856650060929126E-007                  1.6429071007777143E-020                  0.0000000000000000E+000 
                                     620                  1.8096087912208441E+000                  1.4910880407622599E-003                  6.4235916729366220E+000                 -1.0975682877235209E+000                  1.3453079351767105E+001                  6.9999999017173009E-001                  2.8000000982827017E-001                  1.9999999999999796E-002                  6.7541814081714314E-007                  2.1936423663297980E-020                  0.0000000000000000E+000 
                                     621                  1.8091933795821187E+000                  4.3677752730372977E-004                  6.4271429937287170E+000                 -1.0856770045826074E+000                  1.3468516671994555E+001                  6.9999998932795859E-001                  2.8000001067204155E-001                  1.9999999999999796E-002                  7.3792837313313375E-007                  2.9360555878919882E-020                  0.0000000000000000E+000 
                                     622                  1.8083371021869805E+000                 -1.7011770989903525E-003                  6.4318531722912731E+000                 -1.0697389954391774E+000                  1.3489156882989061E+001                  6.9999998808437336E-001                  2.8000001191562679E-001                  1.9999999999999796E-002                  8.2993936662337946E-007                  4.3187444690028227E-020                  0.0000000000000000E+000 
                                     623                  1.8074546433744594E+000                 -3.8568397655550338E-003                  6.4365559843227640E+000                 -1.0537543560407889E+000                  1.3509835978247303E+001                  6.9999998669607510E-001                  2.8000001330392510E-001                  1.9999999999999796E-002                  9.3311194653913058E-007                  6.3417321842855001E-020                  0.0000000000000000E+000 
                                     624                  1.8065452580047201E+000                 -6.0302576372148970E-003                  6.4412513064572492E+000                 -1.0377229469700815E+000                  1.3530553973745191E+001                  6.9999998514010142E-001                  2.8000001485989884E-001                  1.9999999999999796E-002                  1.0487615094674015E-006                  9.2964320126267288E-020                  0.0000000000000000E+000 
                                     625                  1.8056081828314234E+000                 -8.2214735714104363E-003                  6.4459391318337680E+000                 -1.0216447794503423E+000                  1.3551310855052057E+001                  6.9999998341084380E-001                  2.8000001658915658E-001                  1.9999999999999574E-002                  1.1783557413649423E-006                  1.3604642540382537E-019                  0.0000000000000000E+000 
                                     626                  1.8046426362401047E+000                 -1.0430526637557273E-002                  6.4506195596447382E+000                 -1.0055200052057223E+000                  1.3572106576971965E+001                  6.9999998148228715E-001                  2.8000001851771311E-001                  1.9999999999999796E-002                  1.3235321928380273E-006                  1.9875954669957897E-019                  0.0000000000000000E+000 
                                     627                  1.8036478179914064E+000                 -1.2657452622170134E-002                  6.4552927550184087E+000                 -9.8934887449858600E-001                  1.3592941063368725E+001                  6.9999997933223024E-001                  2.8000002066777008E-001                  1.9999999999999685E-002                  1.4861172529298962E-006                  2.8990010315598001E-019                  0.0000000000000000E+000 
                                     628                  1.8026229089660359E+000                 -1.4902284359926545E-002                  6.4587799609581236E+000                 -9.7715651979264784E-001                  1.3608612578692156E+001                  6.9999997756283650E-001                  2.8000002243716376E-001                  1.9999999999999796E-002                  1.6204699960231594E-006                  3.8401482002770189E-019                  0.0000000000000000E+000 
                                     629                  1.8020949899354308E+000                 -1.6039781114435860E-002                  6.4611111359422901E+000                 -9.6903622433697389E-001                  1.3619058864615960E+001                  6.9999997629883792E-001                  2.8000002370116223E-001                  1.9999999999999796E-002                  1.7167095052006787E-006                  4.6320440583700992E-019                  0.0000000000000000E+000 
                                     630                  1.8015670709048257E+000                 -1.7164966071643310E-002                  6.4646182026225150E+000                 -9.5686875640119762E-001                  1.3634725909197005E+001                  6.9999997426947524E-001                  2.8000002573052496E-001                  1.9999999999999796E-002                  1.8718898183773211E-006                  6.1371645277851359E-019                  0.0000000000000000E+000 
                                     631                  1.8004794461494729E+000                 -1.9445695089556920E-002                  6.4692697395153420E+000                 -9.4055941098253215E-001                  1.3655675906583662E+001                  6.9999997129422287E-001                  2.8000002870577739E-001                  1.9999999999999796E-002                  2.0998403820746011E-006                  8.9074546916716789E-019                  0.0000000000000000E+000 
                                     632                  1.7993591573886618E+000                 -2.1744405836739703E-002                  6.4739136239337700E+000                 -9.2420391435044691E-001                  1.3676664057492497E+001                  6.9999996798545550E-001                  2.8000003201454471E-001                  1.9999999999999796E-002                  2.3547994332507559E-006                  1.2906945785962577E-018                  0.0000000000000000E+000 
                                     633                  1.7982053074050564E+000                 -2.4061113605180262E-002                  6.4785494232899890E+000                 -9.0780206040454092E-001                  1.3697690132364865E+001                  6.9999996430280620E-001                  2.8000003569719395E-001                  1.9999999999999796E-002                  2.6398632640691967E-006                  1.8671049503413829E-018                  0.0000000000000000E+000 
                                     634                  1.7970169788152366E+000                 -2.6395827450461231E-002                  6.4831766009870568E+000                 -8.9135356729120085E-001                  1.3718753871098452E+001                  6.9999996020876321E-001                  2.8000003979123700E-001                  1.9999999999999796E-002                  2.9584649161059976E-006                  2.6963593839194852E-018                  0.0000000000000000E+000 
                                     635                  1.7957932338094187E+000                 -2.8748549557250418E-002                  6.4877945292204622E+000                 -8.7485809156016359E-001                  1.3739854983015805E+001                  6.9999995565580531E-001                  2.8000004434419490E-001                  1.9999999999999796E-002                  3.3144080392701557E-006                  3.8871968181603895E-018                  0.0000000000000000E+000 
                                     636                  1.7945331138954475E+000                 -3.1119274654703464E-002                  6.4924025012345661E+000                 -8.5831524050939267E-001                  1.3760993146764081E+001                  6.9999995059557318E-001                  2.8000004940442708E-001                  1.9999999999999796E-002                  3.7119038237537018E-006                  5.5940814539241012E-018                  0.0000000000000000E+000 
                                     637                  1.7932356396431044E+000                 -3.3507989483754413E-002                  6.4969997431396447E+000                 -8.4172458377809134E-001                  1.3782168010227366E+001                  6.9999994497363249E-001                  2.8000005502636777E-001                  1.9999999999999796E-002                  4.1556112548515129E-006                  8.0359386158152774E-018                  0.0000000000000000E+000 
                                     638                  1.7918998104238184E+000                 -3.5914672324494676E-002                  6.5015854262066979E+000                 -8.2508566602573374E-001                  1.3803379190450041E+001                  6.9999993872983146E-001                  2.8000006127016874E-001                  1.9999999999999796E-002                  4.6506810116287484E-006                  1.1522341490001146E-017                  0.0000000000000000E+000 
                                     639                  1.7905246041506317E+000                 -3.8339292583424021E-002                  6.5061587252242399E+000                 -8.0839806707728379E-001                  1.3824626273519765E+001                  6.9999993179775455E-001                  2.8000006820224571E-001                  1.9999999999999796E-002                  5.2028065907898954E-006                  1.6490062893915985E-017                  0.0000000000000000E+000 
                                     640                  1.7891089770203481E+000                 -4.0781810710256092E-002                  6.5107189402112171E+000                 -7.9166152681055102E-001                  1.3845908814466164E+001                  6.9999992410405365E-001                  2.8000007589594650E-001                  1.9999999999999796E-002                  5.8182869833703141E-006                  2.3554091967058119E-017                  0.0000000000000000E+000 
                                     641                  1.7876518632567737E+000                 -4.3242178836941751E-002                  6.5152655629896543E+000                 -7.7487601277272089E-001                  1.3867226337348823E+001                  6.9999991556773511E-001                  2.8000008443226510E-001                  1.9999999999999796E-002                  6.5040956807345882E-006                  3.3578687647521443E-017                  0.0000000000000000E+000 
                                     642                  1.7861521748508293E+000                 -4.5720341860053873E-002                  6.5197982632120839E+000                 -7.5804170535163140E-001                  1.3888578335630724E+001                  6.9999990609937746E-001                  2.8000009390062269E-001                  1.9999999999999796E-002                  7.2679525131679308E-006                  4.7776071965866245E-017                  0.0000000000000000E+000 
                                     643                  1.7846088012979116E+000                 -4.8216238511943191E-002                  6.5243168690894100E+000                 -7.4115897726438329E-001                  1.3909964272790948E+001                  6.9999989560028042E-001                  2.8000010439971984E-001                  1.9999999999999796E-002                  8.1184026306419507E-006                  6.7843338594957129E-017                  0.0000000000000000E+000 
                                     644                  1.7830206093352601E+000                 -5.0729802378770818E-002                  6.5288213494568064E+000                 -7.2422837419316077E-001                  1.3931383583141068E+001                  6.9999988396152812E-001                  2.8000011603847202E-001                  1.9999999999999796E-002                  9.0649037883587057E-006                  9.6152089157056591E-017                  0.0000000000000000E+000 
                                     645                  1.7813864426778867E+000                 -5.3260962868569163E-002                  6.5333117971981824E+000                 -7.0725059703700732E-001                  1.3952835672881692E+001                  6.9999987106296169E-001                  2.8000012893703863E-001                  1.9999999999999685E-002                  1.0117922794572421E-005                  1.3601071964037489E-016                  0.0000000000000000E+000 
                                     646                  1.7797051217450368E+000                 -5.5809646145214289E-002                  6.5377884140181868E+000                 -6.9022648501175077E-001                  1.3974319921406138E+001                  6.9999985677205123E-001                  2.8000014322794903E-001                  1.9999999999999796E-002                  1.1289042090941097E-005                  1.9202668372551515E-016                  0.0000000000000000E+000 
                                     647                  1.7779754433789419E+000                 -5.8375776023937204E-002                  6.5422514965192162E+000                 -6.7315699976437282E-001                  1.3995835682787165E+001                  6.9999984094268941E-001                  2.8000015905731068E-001                  1.9999999999999907E-002                  1.2591077521282100E-005                  2.7060617822532903E-016                  0.0000000000000000E+000 
                                     648                  1.7761961805584534E+000                 -6.0959274824441904E-002                  6.5467014235435803E+000                 -6.5604321001456656E-001                  1.4017382287453671E+001                  6.9999982341379607E-001                  2.8000017658620402E-001                  1.9999999999999907E-002                  1.4038208476282138E-005                  3.8064251323532806E-016                  0.0000000000000000E+000 
                                     649                  1.7743660820986320E+000                 -6.3560064192139346E-002                  6.5511386446272253E+000                 -6.3888627798732178E-001                  1.4038959044102617E+001                  6.9999980400786177E-001                  2.8000019599213821E-001                  2.0000000000000018E-002                  1.5646121651925725E-005                  5.3446327825489612E-016                  0.0000000000000000E+000 
                                     650                  1.7724838723313845E+000                 -6.6178065898576000E-002                  6.5555636574261706E+000                 -6.2168743489036526E-001                  1.4060565241816212E+001                  6.9999978252932049E-001                  2.8000021747067960E-001                  1.9999999999999907E-002                  1.7432167089520346E-005                  7.4913153363576192E-016                  0.0000000000000000E+000 
                                     651                  1.7705482507694377E+000                 -6.8813202544116867E-002                  6.5594143586126972E+000                 -6.0659866986169397E-001                  1.4079488836083973E+001                  6.9999976191471680E-001                  2.8000023808528346E-001                  1.9999999999999796E-002                  1.9152992945303249E-005                  1.0044562707925094E-015                  0.0000000000000000E+000 
                                     652                  1.7690606865959517E+000                 -7.0800698107393117E-002                  6.5627180746790108E+000                 -5.9364669136229331E-001                  1.4095730986130048E+001                  6.9999974271237397E-001                  2.8000025728762601E-001                  2.0000000000000018E-002                  2.0761307852799361E-005                  1.2910691644205273E-015                  0.0000000000000000E+000 
                                     653                  1.7675417644457359E+000                 -7.2797756634267269E-002                  6.5654582876013459E+000                 -5.8283203634403113E-001                  1.4109274320503598E+001                  6.9999972554687540E-001                  2.8000027445312459E-001                  2.0000000000000018E-002                  2.2198617809927593E-005                  1.5895006709922361E-015                  0.0000000000000000E+000 
                                     654                  1.7665114440482415E+000                 -7.4134399464325831E-002                  6.5676540331700606E+000                 -5.7417338415193409E-001                  1.4120119564922824E+001                  6.9999971101564684E-001                  2.8000028898435331E-001                  1.9999999999999796E-002                  2.3419814405197018E-005                  1.8771440671684098E-015                  0.0000000000000000E+000 
                                     655                  1.7654667575915133E+000                 -7.5475269380689256E-002                  6.5704031803731269E+000                 -5.6334187073184960E-001                  1.4133688877834157E+001                  6.9999969176019072E-001                  2.8000030823980937E-001                  1.9999999999999907E-002                  2.5041215486055519E-005                  2.3108808836219760E-015                  0.0000000000000000E+000 
                                     656                  1.7638724091130968E+000                 -7.7494521912955999E-002                  6.5742451675785434E+000                 -5.4815406757882112E-001                  1.4152702667705199E+001                  6.9999966265380775E-001                  2.8000033734619245E-001                  1.9999999999999796E-002                  2.7495694883755754E-005                  3.0882584758988002E-015                  0.0000000000000000E+000 
                                     657                  1.7616946861448455E+000                 -8.0201651081531350E-002                  6.5791735880890885E+000                 -5.2858745980420418E-001                  1.4177176948186233E+001                  6.9999962134865867E-001                  2.8000037865134153E-001                  1.9999999999999796E-002                  3.0997204435022616E-005                  4.4757420095208980E-015                  0.0000000000000000E+000 
                                     658                  1.7588870554154630E+000                 -8.3609247205591319E-002                  6.5840613315985204E+000                 -5.0895924228458433E-001                  1.4201671436987738E+001                  6.9999957522789902E-001                  2.8000042477210096E-001                  2.0000000000000018E-002                  3.4917492826340139E-005                  6.4622497504752695E-015                  0.0000000000000000E+000 
                                     659                  1.7565707794840419E+000                 -8.6353993709625460E-002                  6.5884092541821344E+000                 -4.9148521889049895E-001                  1.4223474424720131E+001                  6.9999952963975332E-001                  2.8000047036024656E-001                  2.0000000000000129E-002                  3.8811008610269160E-005                  8.9505965522787468E-015                  0.0000000000000000E+000 
                                     660                  1.7541905055646703E+000                 -8.9115359564641214E-002                  6.5927485781093962E+000                 -4.7397953899446088E-001                  1.4245300374901616E+001                  6.9999947925297590E-001                  2.8000052074702403E-001                  2.0000000000000018E-002                  4.3126042052100551E-005                  1.2379175777183188E-014                  0.0000000000000000E+000 
                                     661                  1.7517447042802672E+000                 -9.1893290002397904E-002                  6.5970796538408569E+000                 -4.5644333626882033E-001                  1.4267148520753421E+001                  6.9999942361128564E-001                  2.8000057638871412E-001                  2.0000000000000240E-002                  4.7907020495956807E-005                  1.7096829233125229E-014                  0.0000000000000000E+000 
                                     662                  1.7492318165296787E+000                 -9.4687735012903798E-002                  6.6014028227694750E+000                 -4.3887772551672971E-001                  1.4289018105145811E+001                  6.9999936217989656E-001                  2.8000063782010304E-001                  2.0000000000000462E-002                  5.3202938364069881E-005                  2.3579560518701190E-014                  0.0000000000000000E+000 
                                     663                  1.7466502527141052E+000                 -9.7498649883898655E-002                  6.6057184216773539E+000                 -4.2128380378689195E-001                  1.4310908383675729E+001                  6.9999929437168462E-001                  2.8000070562831486E-001                  2.0000000000000462E-002                  5.9067819026277004E-005                  3.2476114060427108E-014                  0.0000000000000000E+000 
                                     664                  1.7439983919325619E+000                 -1.0032599574612865E-001                  6.6100267921863090E+000                 -4.0366265682193425E-001                  1.4332818627459881E+001                  6.9999921954038224E-001                  2.8000078045961718E-001                  2.0000000000000573E-002                  6.5561227825125943E-005                  4.4669650478938093E-014                  0.0000000000000000E+000 
                                     665                  1.7412745811610686E+000                 -1.0316974014410385E-001                  6.6143282870405047E+000                 -3.8601536326696390E-001                  1.4354748125737290E+001                  6.9999913697567673E-001                  2.8000086302432259E-001                  2.0000000000000684E-002                  7.2748836881578213E-005                  6.1361120170005675E-014                  0.0000000000000000E+000 
                                     666                  1.7384771343829017E+000                 -1.0602985765478559E-001                  6.6186232705072667E+000                 -3.6834299260469644E-001                  1.4376696188422764E+001                  6.9999904589689144E-001                  2.8000095410310727E-001                  2.0000000000001350E-002                  8.0703043661230735E-005                  8.4181856101034384E-014                  0.0000000000000000E+000 
                                     667                  1.7356043316687590E+000                 -1.0890633051282401E-001                  6.6229121180041286E+000                 -3.5064660259575331E-001                  1.4398662148327711E+001                  6.9999894544605068E-001                  2.8000105455394758E-001                  2.0000000000001794E-002                  8.9503651424957515E-005                  1.1534549275812485E-013                  0.0000000000000000E+000 
                                     668                  1.7326544182796666E+000                 -1.1179914916422277E-001                  6.6271952154527209E+000                 -3.3292723701134697E-001                  1.4420645362863516E+001                  6.9999883468034074E-001                  2.8000116531965702E-001                  2.0000000000002238E-002                  9.9238617974156399E-005                  1.5785278193759383E-013                  0.0000000000000000E+000 
                                     669                  1.7296256037776780E+000                 -1.1470831276979004E-001                  6.6314729584325036E+000                 -3.1518592307735116E-001                  1.4442645215445808E+001                  6.9999871256384816E-001                  2.8000128743614872E-001                  2.0000000000003126E-002                  1.1000487962754374E-004                  2.1576749438400056E-013                  0.0000000000000000E+000 
                                     670                  1.7265160611158661E+000                 -1.1763382968669168E-001                  6.6357457511728244E+000                 -2.9742366913451401E-001                  1.4464661116650586E+001                  6.9999857795850162E-001                  2.8000142204149403E-001                  2.0000000000004348E-002                  1.2190925783255630E-004                  2.9458778692943187E-013                  0.0000000000000000E+000 
                                     671                  1.7233239257309190E+000                 -1.2057571790787874E-001                  6.6400140053720644E+000                 -2.7964146277416890E-001                  1.4486692504924012E+001                  6.9999842961414138E-001                  2.8000157038585288E-001                  2.0000000000005791E-002                  1.3506945644931010E-004                  4.0174570157698305E-013                  0.0000000000000000E+000 
                                     672                  1.7200472946816623E+000                 -1.2353400542555582E-001                  6.6442781388613987E+000                 -2.6184026951554362E-001                  1.4508738846791495E+001                  6.9999826615762584E-001                  2.8000173384236637E-001                  2.0000000000007789E-002                  1.4961515850931870E-004                  5.4727848711438621E-013                  0.0000000000000000E+000 
                                     673                  1.7166842258251103E+000                 -1.2650873053630801E-001                  6.6485385741653982E+000                 -2.4402103194529004E-001                  1.4530799636699230E+001                  6.9999808608075231E-001                  2.8000191391923712E-001                  2.0000000000010565E-002                  1.6568923222286180E-004                  7.4473025818481336E-013                  0.0000000000000000E+000 
                                     674                  1.7132327370206331E+000                 -1.2949994210461999E-001                  6.6527957368576853E+000                 -2.2618466779880630E-001                  1.4552874396611525E+001                  6.9999788772768023E-001                  2.8000211227230537E-001                  2.0000000000014451E-002                  1.8344905711455654E-004                  1.0123621214318885E-012                  0.0000000000000000E+000 
                                     675                  1.7096908053510154E+000                 -1.3250769979134144E-001                  6.6570500521137443E+000                 -2.0833206695761458E-001                  1.4574962675365084E+001                  6.9999766928003038E-001                  2.8000233071995029E-001                  2.0000000000019336E-002                  2.0306797750264277E-004                  1.3747751733236966E-012                  0.0000000000000000E+000 
                                     676                  1.7060563663847153E+000                 -1.3553207422156791E-001                  6.6613019406003557E+000                 -1.9046408824539085E-001                  1.4597064047694166E+001                  6.9999742874126891E-001                  2.8000257125870526E-001                  2.0000000000025775E-002                  2.2473689599058751E-004                  1.8650855643514551E-012                  0.0000000000000000E+000 
                                     677                  1.7023273134975414E+000                 -1.3857314707957102E-001                  6.6655518169117922E+000                 -1.7258155960929100E-001                  1.4619178112906143E+001                  6.9999716391961864E-001                  2.8000283608034693E-001                  2.0000000000034435E-002                  2.4866602784897018E-004                  2.5278379200481235E-012                  0.0000000000000000E+000 
                                     678                  1.6985014972619936E+000                 -1.4163101115312304E-001                  6.6698000896847267E+000                 -1.5468528006306237E-001                  1.4641304493410791E+001                  6.9999687240908715E-001                  2.8000312759086660E-001                  2.0000000000046203E-002                  2.7508683260358473E-004                  3.4229052425473104E-012                  0.0000000000000000E+000 
                                     679                  1.6945767248469892E+000                 -1.4470577039162716E-001                  6.6740471619585273E+000                 -1.3677602084670498E-001                  1.4663442833262273E+001                  6.9999655156878027E-001                  2.8000344843115804E-001                  2.0000000000061746E-002                  3.0425413861637522E-004                  4.6307065014417970E-012                  0.0000000000000000E+000 
                                     680                  1.6905507594424167E+000                 -1.4779753996344597E-001                  6.6782934316831888E+000                 -1.1885452743147940E-001                  1.4685592796576863E+001                  6.9999619849990768E-001                  2.8000380150000997E-001                  2.0000000000082396E-002                  3.3644847879257984E-004                  6.2591828076938221E-012                  0.0000000000000000E+000 
                                     681                  1.6864213197501092E+000                 -1.5090644628986902E-001                  6.6825392923029492E+000                 -1.0092152203935525E-001                  1.4707754065692711E+001                  6.9999581002015820E-001                  2.8000418997973181E-001                  2.0000000000109930E-002                  3.7197865833768669E-004                  8.4531204117576976E-012                  0.0000000000000000E+000 
                                     682                  1.6821860795648251E+000                 -1.5403262704805976E-001                  6.6867851334008757E+000                 -8.2977706770267778E-002                  1.4729926339219881E+001                  6.9999538264371974E-001                  2.8000461735613391E-001                  2.0000000000146345E-002                  4.1118457728950199E-004                  1.1406602860417714E-011                  0.0000000000000000E+000 
                                     683                  1.6778426673870566E+000                 -1.5717623119768676E-001                  6.6910313414112625E+000                 -6.5023766055424731E-002                  1.4752109330229414E+001                  6.9999491253995560E-001                  2.8000508745984920E-001                  2.0000000000195195E-002                  4.5444033437182517E-004                  1.5379635424942289E-011                  0.0000000000000000E+000 
                                     684                  1.6733886660432122E+000                 -1.6033741904731214E-001                  6.6952783003472556E+000                 -4.7060368824030245E-002                  1.4774302764503359E+001                  6.9999439550891995E-001                  2.8000560449082046E-001                  2.0000000000259588E-002                  5.0215763985886612E-004                  2.0720328062773046E-011                  0.0000000000000000E+000 
                                     685                  1.6688216123711865E+000                 -1.6351636231904637E-001                  6.6995263924708484E+000                 -2.9088171078902839E-002                  1.4796506378655057E+001                  6.9999382694413859E-001                  2.8000617305551612E-001                  2.0000000000345297E-002                  5.5478956711665917E-004                  2.7894483934231332E-011                  0.0000000000000000E+000 
                                     686                  1.6641389969989424E+000                 -1.6671324420073033E-001                  6.7037759976341835E+000                 -1.1107817227780490E-002                  1.4818719918119200E+001                  6.9999320179382640E-001                  2.8000679820571489E-001                  2.0000000000458762E-002                  6.1283466770531772E-004                  3.7525043836862542E-011                  0.0000000000000000E+000 
                                     687                  1.6593382642081826E+000                 -1.6992825938856429E-001                  6.7080274857383690E+000                  6.8800653179465730E-003                  1.4840943135230617E+001                  6.9999251451851408E-001                  2.8000748548087678E-001                  2.0000000000609086E-002                  6.7684143854094387E-004                  5.0444630866595975E-011                  0.0000000000000000E+000 
                                     688                  1.6544168118138873E+000                 -1.7316161412104636E-001                  6.7122812085564201E+000                  2.4874872773321708E-002                  1.4863175787451095E+001                  6.9999175904463695E-001                  2.8000824095455468E-001                  2.0000000000808371E-002                  7.4741319679690250E-004                  6.7765502598702655E-011                  0.0000000000000000E+000 
                                     689                  1.6493719911044173E+000                 -1.7641352616387188E-001                  6.7165374994013742E+000                  4.2876023708353063E-002                  1.4885417635576696E+001                  6.9999092871369961E-001                  2.8000907128522834E-001                  2.0000000001072049E-002                  8.2521346813999117E-004                  9.0972661630005391E-011                  0.0000000000000000E+000 
                                     690                  1.6442011068695546E+000                 -1.7968422478860527E-001                  6.7207966752695016E+000                  6.0882954940647341E-002                  1.4907668441818043E+001                  6.9999001622664703E-001                  2.8000998377193193E-001                  2.0000000001421103E-002                  9.1097191540258642E-004                  1.2204772507945655E-010                  0.0000000000000000E+000 
                                     691                  1.6389014175524799E+000                 -1.8297395074903666E-001                  6.7250590387774407E+000                  7.8895117457805877E-002                  1.4929927967824227E+001                  6.9998901358272947E-001                  2.8001098641538824E-001                  2.0000000001882290E-002                  1.0054908427667439E-003                  1.6363364330832971E-010                  0.0000000000000000E+000 
                                     692                  1.6334701354773320E+000                 -1.8628295629251757E-001                  6.7293248799696537E+000                  9.6911972698123405E-002                  1.4952195972811714E+001                  6.9998791201141175E-001                  2.8001208798609617E-001                  2.0000000002492024E-002                  1.1096523317737164E-003                  2.1925362962008660E-010                  0.0000000000000000E+000 
                                     693                  1.6279044271398400E+000                 -1.8961150521587650E-001                  6.7335944780392101E+000                  1.1493298909380810E-001                  1.4974472211786665E+001                  6.9998670190256307E-001                  2.8001329809413950E-001                  2.0000000003297380E-002                  1.2244260706001789E-003                  2.9360203359248257E-010                  0.0000000000000000E+000 
                                     694                  1.6222014135863976E+000                 -1.9295987295264799E-001                  6.7375965799232214E+000                  1.3183952010228214E-001                  1.4995367573575077E+001                  6.9998546025951247E-001                  2.8001453973620327E-001                  2.0000000004284257E-002                  1.3425613560850878E-003                  3.8575753027623115E-010                  0.0000000000000000E+000 
                                     695                  1.6170952302787611E+000                 -1.9590676130306567E-001                  6.7416118606506572E+000                  1.4873508660321527E-001                  1.5016265612084126E+001                  6.9998410266622479E-001                  2.8001589732820781E-001                  2.0000000005567342E-002                  1.4720485235218113E-003                  5.0684199510844283E-010                  0.0000000000000000E+000 
                                     696                  1.6111268303058697E+000                 -1.9929307378850175E-001                  6.7458937329303854E+000                  1.6676510707707395E-001                  1.5038564076403985E+001                  6.9998251818491442E-001                  2.8001748180772990E-001                  2.0000000007355689E-002                  1.6236479109771134E-003                  6.7758954034922402E-010                  0.0000000000000000E+000 
                                     697                  1.6050125997960656E+000                 -2.0270006278111527E-001                  6.7501803720026743E+000                  1.8479722990985939E-001                  1.5060869751728001E+001                  6.9998077834539396E-001                  2.8001922164489212E-001                  2.0000000009713914E-002                  1.7906151593599705E-003                  9.0536254375081151E-010                  0.0000000000000000E+000 
                                     698                  1.5987494896362049E+000                 -2.0612804997280798E-001                  6.7544720322234904E+000                  2.0283090302517254E-001                  1.5083182346424914E+001                  6.9997886810021959E-001                  2.8002113188695804E-001                  2.0000000012822428E-002                  1.9744866907000754E-003                  1.2090542698771408E-009                  0.0000000000000000E+000 
                                     699                  1.5923344088670959E+000                 -2.0957736951692574E-001                  6.7587689913957689E+000                  2.2086553622932362E-001                  1.5105501554258685E+001                  6.9997677095659139E-001                  2.8002322902649068E-001                  2.0000000016917929E-002                  2.1769511563769035E-003                  1.6137738575436720E-009                  0.0000000000000000E+000 
                                     700                  1.5857642258088211E+000                 -2.1304836849250516E-001                  6.7630715696767609E+000                  2.3890048032204461E-001                  1.5127827052729698E+001                  6.9997446883206604E-001                  2.8002553114562134E-001                  2.0000000022312614E-002                  2.3998649761924652E-003                  2.1528819830796896E-009                  0.0000000000000000E+000 
                                     701                  1.5790357693511643E+000                 -2.1654140755346743E-001                  6.7673801302954519E+000                  2.5693502498783954E-001                  1.5150158501567534E+001                  6.9997194190130774E-001                  2.8002805806927678E-001                  2.0000000029415488E-002                  2.6452691590081560E-003                  2.8706905332695056E-009                  0.0000000000000000E+000 
                                     702                  1.5721458303613933E+000                 -2.2005686165101113E-001                  6.7716950765672221E+000                  2.7496840074893403E-001                  1.5172495541482755E+001                  6.9996916842809920E-001                  2.8003083153313496E-001                  2.0000000038765897E-002                  2.9154077552211674E-003                  3.8260432719046901E-009                  0.0000000000000000E+000 
                                     703                  1.5650911632041504E+000                 -2.2359512080464150E-001                  6.7760168491397348E+000                  2.9299978067923510E-001                  1.5194837793114322E+001                  6.9996612458162000E-001                  2.8003387536730950E-001                  2.0000000051070499E-002                  3.2127481904919960E-003                  5.0970650825593304E-009                  0.0000000000000000E+000 
                                     704                  1.5578684874198545E+000                 -2.2715659090478355E-001                  6.7803459234137167E+000                  3.1102828202679655E-001                  1.5217184856043982E+001                  6.9996278423702507E-001                  2.8003721569571610E-001                  2.0000000067258883E-002                  3.5400036859145048E-003                  6.7874614038423603E-009                  0.0000000000000000E+000 
                                     705                  1.5504744896057321E+000                 -2.3074169453209378E-001                  6.7846828071199408E+000                  3.2905296808789941E-001                  1.5239536307923778E+001                  6.9995911875901329E-001                  2.8004088115243408E-001                  2.0000000088552627E-002                  3.9001580018946714E-003                  9.0348744710574310E-009                  0.0000000000000000E+000 
                                     706                  1.5429058254416215E+000                 -2.3435087182698008E-001                  6.7890280380561059E+000                  3.4707285009254540E-001                  1.5261891703869752E+001                  6.9995509676216905E-001                  2.8004490312127511E-001                  2.0000000116555894E-002                  4.2964927765535765E-003                  1.2021968687437504E-008                  0.0000000000000000E+000 
                                     707                  1.5351591218269207E+000                 -2.3798458143042553E-001                  6.7933821819644873E+000                  3.6508688890811414E-001                  1.5284250576149681E+001                  6.9995068385663817E-001                  2.8004931598998600E-001                  2.0000000153375774E-002                  4.7326177752267558E-003                  1.5991138524772289E-008                  0.0000000000000000E+000 
                                     708                  1.5272309791402392E+000                 -2.4164330149652680E-001                  6.7966402227283824E+000                  3.7861851837810340E-001                  1.5301033289086165E+001                  6.9994710159393647E-001                  2.8005289821779289E-001                  2.0000000188270639E-002                  5.0876215658480139E-003                  1.9788512534326322E-008                  0.0000000000000000E+000 
                                     709                  1.5231977991144252E+000                 -2.4348207647078160E-001                  6.7999314668878297E+000                  3.9209436092448319E-001                  1.5317794139952186E+001                  6.9994324274223851E-001                  2.8005675702612287E-001                  2.0000000231638615E-002                  5.4702082292613606E-003                  2.4517819373427525E-008                  0.0000000000000000E+000 
                                     710                  1.5149910716216692E+000                 -2.4717925302992871E-001                  6.8032011508895041E+000                  4.0561717037903866E-001                  1.5334580150012744E+001                  6.9993913198832047E-001                  2.8006086772767458E-001                  2.0000000284004948E-002                  5.8799599717632590E-003                  3.0330706568209733E-008                  0.0000000000000000E+000 
                                     711                  1.5108166604104674E+000                 -2.4903754788682489E-001                  6.8065042023362468E+000                  4.1908237418503114E-001                  1.5351342633851422E+001                  6.9993469442919154E-001                  2.8006530522130418E-001                  2.0000000349504221E-002                  6.3214840133009563E-003                  3.7567776898280556E-008                  0.0000000000000000E+000 
                                     712                  1.5023235754446298E+000                 -2.5277437729982105E-001                  6.8097865489280975E+000                  4.3259443498051886E-001                  1.5368131035076136E+001                  6.9992997599512741E-001                  2.8007002357664751E-001                  2.0000000428225029E-002                  6.7943965479857369E-003                  4.6462534303865189E-008                  0.0000000000000000E+000 
                                     713                  1.4980040317140979E+000                 -2.5465280948611096E-001                  6.8131023855456485E+000                  4.4604706126885746E-001                  1.5384894191345257E+001                  6.9992487393778402E-001                  2.8007512553516467E-001                  2.0000000527051309E-002                  7.3039107417241910E-003                  5.7533232812688379E-008                  0.0000000000000000E+000 
                                     714                  1.4892167606252398E+000                 -2.5843056677746579E-001                  6.8163982924836111E+000                  4.5954651705733501E-001                  1.5401684023168235E+001                  6.9991945895532359E-001                  2.8008054039926267E-001                  2.0000000645413740E-002                  7.8496972404709531E-003                  7.1139267440836340E-008                  0.0000000000000000E+000 
                                     715                  1.4847481587485507E+000                 -2.6032979397384903E-001                  6.8197277640271565E+000                  4.7298470585250924E-001                  1.5418446836407638E+001                  6.9991359596966318E-001                  2.8008640323600037E-001                  2.0000000794336392E-002                  8.4376580508618397E-003                  8.8069070717721743E-008                  0.0000000000000000E+000 
                                     716                  1.4756588320806547E+000                 -2.6414983651412954E-001                  6.8230380136615931E+000                  4.8646977001149561E-001                  1.5435237086116819E+001                  6.9990738101299510E-001                  2.8009261801461832E-001                  2.0000000972386633E-002                  9.0675477697938229E-003                  1.0887562483618578E-007                  0.0000000000000000E+000 
                                     717                  1.4710372300327901E+000                 -2.6607055860655482E-001                  6.8252577005623598E+000                  4.9543705422255030E-001                  1.5446420955265289E+001                  6.9990296956862130E-001                  2.8009702931672997E-001                  2.0000001114648724E-002                  9.5138454474319196E-003                  1.2545849834028378E-007                  0.0000000000000000E+000 
                                     718                  1.4663637502667115E+000                 -2.6799860819908056E-001                  6.8274807036000738E+000                  5.0440060780698170E-001                  1.5457604508702129E+001                  6.9989835033664560E-001                  2.8010164838567975E-001                  2.0000001277674651E-002                  9.9819852291133798E-003                  1.4456137088728815E-007                  0.0000000000000000E+000 
                                     719                  1.4616379537094319E+000                 -2.6993406972970385E-001                  6.8297070690185802E+000                  5.1336030373616792E-001                  1.5468787664142116E+001                  6.9989351366855768E-001                  2.8010648486695239E-001                  2.0000001464489880E-002                  1.0473044754453483E-002                  1.6656657653269074E-007                  0.0000000000000000E+000 
                                     720                  1.4568594013085236E+000                 -2.7187702939784408E-001                  6.8319368412376598E+000                  5.2231601587895482E-001                  1.5479970338223291E+001                  6.9988844947833118E-001                  2.8011154884310979E-001                  2.0000001678559087E-002                  1.0988158257132169E-002                  1.9191438320446941E-007                  0.0000000000000000E+000 
                                     721                  1.4520276541459793E+000                 -2.7382757520428580E-001                  6.8341700629896707E+000                  5.3126761892882346E-001                  1.5491152446542454E+001                  6.9988314720912936E-001                  2.8011685086701976E-001                  2.0000001923850874E-002                  1.1528520445466013E-002                  2.2111175837798837E-007                  0.0000000000000000E+000 
                                     722                  1.4471422735543418E+000                 -2.7578579699311240E-001                  6.8364067754541908E+000                  5.4021498829890524E-001                  1.5502333903693680E+001                  6.9987759588663923E-001                  2.8012240190844928E-001                  2.0000002204911493E-002                  1.2095390846494089E-002                  2.5474246447148777E-007                  0.0000000000000000E+000 
                                     723                  1.4422028212338667E+000                 -2.7775178649635979E-001                  6.8386470183918453E+000                  5.4915800006527205E-001                  1.5513514623315462E+001                  6.9987178402548200E-001                  2.8012821344757016E-001                  2.0000002526947780E-002                  1.2690098716357904E-002                  2.9347867683412508E-007                  0.0000000000000000E+000 
                                     724                  1.4372088593664638E+000                 -2.7972563738290585E-001                  6.8408908302764191E+000                  5.5809653089273925E-001                  1.5524694518142429E+001                  6.9986569960673750E-001                  2.8013429749733904E-001                  2.0000002895923519E-002                  1.3314048618130613E-002                  3.3809436021064049E-007                  0.0000000000000000E+000 
                                     725                  1.4321599507343312E+000                 -2.8170744530858849E-001                  6.8431382484234584E+000                  5.6703045794963325E-001                  1.5535873500052213E+001                  6.9985933010162504E-001                  2.8014066657970416E-001                  2.0000003318670800E-002                  1.3968726797337412E-002                  3.8948066586902419E-007                  0.0000000000000000E+000 
                                     726                  1.4270556588434655E+000                 -2.8369730796763371E-001                  6.8453893091158422E+000                  5.7595965882562983E-001                  1.5547051480110026E+001                  6.9985266243751654E-001                  2.8014733375946865E-001                  2.0000003803014810E-002                  1.4655708529034184E-002                  4.4866365543658822E-007                  0.0000000000000000E+000 
                                     727                  1.4218955480499451E+000                 -2.8569532514633172E-001                  6.8476440477268161E+000                  5.8488401143230051E-001                  1.5558228368613818E+001                  6.9984568297986294E-001                  2.8015431266221891E-001                  2.0000004357918155E-002                  1.5376666633141552E-002                  5.1682470417248768E-007                  0.0000000000000000E+000 
                                     728                  1.4166791836889463E+000                 -2.8770159877913343E-001                  6.8499024988405148E+000                  5.9380339395922155E-001                  1.5569404075139678E+001                  6.9983837751533917E-001                  2.8016161749101304E-001                  2.0000004993647735E-002                  1.6133381408261517E-002                  5.9532398554937076E-007                  0.0000000000000000E+000 
                                     729                  1.4114061322066473E+000                 -2.8971623300700677E-001                  6.8521646965696723E+000                  6.0271768460929864E-001                  1.5580578508588641E+001                  6.9983073123626216E-001                  2.8016926304177442E-001                  2.0000005721963365E-002                  1.6927752317380130E-002                  6.8572751261031806E-007                  0.0000000000000000E+000 
                                     730                  1.4060759612940013E+000                 -2.9173933423952547E-001                  6.8544306757789366E+000                  6.1162676041709962E-001                  1.5591751577239547E+001                  6.9982272872684703E-001                  2.8017726471681714E-001                  2.0000006556335825E-002                  1.7761811928328028E-002                  7.8983830558728328E-007                  0.0000000000000000E+000 
                                     731                  1.4006882400191960E+000                 -2.9377101122637417E-001                  6.8567004733445662E+000                  6.2053049603346933E-001                  1.5602923188805400E+001                  6.9981435395200975E-001                  2.8018563853579470E-001                  2.0000007512195550E-002                  1.8637742458619742E-002                  9.0973230209588966E-007                  0.0000000000000000E+000 
                                     732                  1.3952425389643981E+000                 -2.9581137513664590E-001                  6.8589741284526289E+000                  6.2942876348184784E-001                  1.5614093250488079E+001                  6.9980559024954503E-001                  2.8019440114323696E-001                  2.0000008607218067E-002                  1.9557895299783575E-002                  1.0477996994682468E-006                  0.0000000000000000E+000 
                                     733                  1.3897384303671358E+000                 -2.9786053964149461E-001                  6.8612516826246059E+000                  6.3832143216950377E-001                  1.5625261669032220E+001                  6.9979642032664058E-001                  2.8020356981170741E-001                  2.0000009861651957E-002                  2.0524814275242165E-002                  1.2067925467719616E-006                  0.0000000000000000E+000 
                                     734                  1.3841754882651562E+000                 -2.9991862099959776E-001                  6.8635331797435173E+000                  6.4720836891023503E-001                  1.5636428350780069E+001                  6.9978682626196020E-001                  2.8021316243934696E-001                  2.0000011298692888E-002                  2.1541263489101480E-002                  1.3898795819614395E-006                  0.0000000000000000E+000 
                                     735                  1.3785532886448673E+000                 -3.0198573814546720E-001                  6.8658186660806670E+000                  6.5608943797881225E-001                  1.5647593201726842E+001                  6.9977678951479649E-001                  2.8022319754028907E-001                  2.0000012944914491E-002                  2.2610260744541939E-002                  1.6007093621844580E-006                  0.0000000000000000E+000 
                                     736                  1.3728714095935488E+000                 -3.0406201278054351E-001                  6.8692664637169205E+000                  6.6936878933107358E-001                  1.5664318070946933E+001                  6.9976084297434260E-001                  2.8023914114180953E-001                  2.0000015883847810E-002                  2.4321396407307735E-002                  1.9794183758554913E-006                  0.0000000000000000E+000 
                                     737                  1.3613269369828356E+000                 -3.0824283631277205E-001                  6.8731343221258134E+000                  6.8434792217514551E-001                  1.5683162228610843E+001                  6.9974161379538524E-001                  2.8025836623313038E-001                  2.0000019971484373E-002                  2.6409399852291199E-002                  2.5109187859285042E-006                  0.0000000000000000E+000 
                                     738                  1.3532494136588074E+000                 -3.1113891279998929E-001                  6.8758657158743883E+000                  6.9487152175684008E-001                  1.5696415315477708E+001                  6.9972718434503545E-001                  2.8027279218766477E-001                  2.0000023467299788E-002                  2.7995490614202270E-002                  2.9686466139682796E-006                  0.0000000000000000E+000 
                                     739                  1.3473015392254752E+000                 -3.1325675818481841E-001                  6.8781735473116932E+000                  7.0371863811725399E-001                  1.5707568729572960E+001                  6.9971442701738296E-001                  2.8028554609774081E-001                  2.0000026884876232E-002                  2.9413571080148752E-002                  3.4186566017541325E-006                  0.0000000000000000E+000 
                                     740                  1.3412917602085437E+000                 -3.1538446674500625E-001                  6.8804857208574219E+000                  7.1255896300016197E-001                  1.5718719709155723E+001                  6.9970109666013836E-001                  2.8029887253983904E-001                  2.0000030800022550E-002                  3.0912898204649694E-002                  3.9368392589802027E-006                  0.0000000000000000E+000 
                                     741                  1.3352196718677378E+000                 -3.1752218019845502E-001                  6.8828023013226449E+000                  7.2139234237844063E-001                  1.5729868159556105E+001                  6.9968717174352357E-001                  2.8031279297123646E-001                  2.0000035285239970E-002                  3.2500305824509301E-002                  4.5335244661483429E-006                  0.0000000000000000E+000 
                                     742                  1.3290848727937565E+000                 -3.1967004381356057E-001                  6.8851233561670959E+000                  7.3021861971604574E-001                  1.5741013986278469E+001                  6.9967263084853526E-001                  2.8032732872784966E-001                  2.0000040423615140E-002                  3.4183604829133081E-002                  5.2206095268383344E-006                  0.0000000000000000E+000 
                                     743                  1.3228869650925601E+000                 -3.2182820653260702E-001                  6.8874489555346381E+000                  7.3903763592083682E-001                  1.5752157095068767E+001                  6.9965745290333559E-001                  2.8034250078629414E-001                  2.0000046310370223E-002                  3.5971761796211615E-002                  6.0117976100103594E-006                  0.0000000000000000E+000 
                                     744                  1.3166255545739562E+000                 -3.2399682110012307E-001                  6.8897791722894848E+000                  7.4784922928055575E-001                  1.5763297391982755E+001                  6.9964161747388920E-001                  2.8035832947146910E-001                  2.0000053054641698E-002                  3.7875107390990231E-002                  6.9228727068446783E-006                  0.0000000000000000E+000 
                                     745                  1.3103002509457931E+000                 -3.2617604419611346E-001                  6.8921140820529372E+000                  7.5665323537559681E-001                  1.5774434783453652E+001                  6.9962510511594433E-001                  2.8037483410253811E-001                  2.0000060781517615E-002                  3.9905576707754430E-002                  7.9720166165651736E-006                  0.0000000000000000E+000 
                                     746                  1.3039106680139074E+000                 -3.2836603657454083E-001                  6.8944537632405014E+000                  7.6544948694148474E-001                  1.5785569176359688E+001                  6.9960789779561527E-001                  2.8039203257000711E-001                  2.0000069634377615E-002                  4.2076982367155749E-002                  9.1801743707052394E-006                  0.0000000000000000E+000 
                                     747                  1.2974564238881463E+000                 -3.3056696320749501E-001                  6.8967982970992860E+000                  7.7423781374134759E-001                  1.5796700478091440E+001                  6.9958997938458989E-001                  2.8040994083783288E-001                  2.0000079777577229E-002                  4.4405318907704654E-002                  1.0571475717069642E-005                  0.0000000000000000E+000 
                                     748                  1.2909371411947717E+000                 -3.3277899343527034E-001                  6.8991477677457977E+000                  7.8301804242953821E-001                  1.5807828596619533E+001                  6.9957133623334566E-001                  2.8042857236713042E-001                  2.0000091399523967E-002                  4.6909093379661454E-002                  1.2173721172785981E-005                  0.0000000000000000E+000 
                                     749                  1.2843524472946006E+000                 -3.3500230112293838E-001                  6.9015022621705047E+000                  7.9178999640302239E-001                  1.5818953440564982E+001                  6.9955195781939483E-001                  2.8044793746439445E-001                  2.0000104716210720E-002                  4.9609671762105269E-002                  1.4018942521830292E-005                  0.0000000000000000E+000 
                                     750                  1.2777019745057272E+000                 -3.3723706482427573E-001                  6.9038618697896581E+000                  8.0055349609497228E-001                  1.5830074919271638E+001                  6.9953183744532133E-001                  2.8046804257941277E-001                  2.0000119975265962E-002                  5.2531623458854503E-002                  1.6144049055329948E-005                  0.0000000000000000E+000 
                                     751                  1.2709853603331276E+000                 -3.3948346795035333E-001                  6.9062266816670439E+000                  8.0930835955472236E-001                  1.5841192942878262E+001                  6.9951097307918753E-001                  2.8048888946020978E-001                  2.0000137460602696E-002                  5.5703034776207208E-002                  1.8591572522731344E-005                  0.0000000000000000E+000 
                                     752                  1.2642022477058428E+000                 -3.4174169894137363E-001                  6.9085967901280094E+000                  8.1805440265823404E-001                  1.5852307422389886E+001                  6.9948936811089168E-001                  2.8051047439135440E-001                  2.0000157497753968E-002                  5.9155753865125761E-002                  2.1410526212917458E-005                  0.0000000000000000E+000 
                                     753                  1.2573522852220922E+000                 -3.4401195144383789E-001                  6.9109722886801244E+000                  8.2679143901222008E-001                  1.5863418269748138E+001                  6.9946703204267680E-001                  2.8053278749733318E-001                  2.0000180459990080E-002                  6.2925513023624952E-002                  2.4657395961600233E-005                  0.0000000000000000E+000 
                                     754                  1.2504351274027328E+000                 -3.4629442449491205E-001                  6.9133532719421211E+000                  8.3551927983247165E-001                  1.5874525397900729E+001                  6.9944398122315765E-001                  2.8055581200149859E-001                  2.0000206775343754E-002                  6.7051855375511685E-002                  2.8397283174204208E-005                  0.0000000000000000E+000 
                                     755                  1.2434504349534323E+000                 -3.4858932271446985E-001                  6.9157398355749526E+000                  8.4423773398057445E-001                  1.5885628720869772E+001                  6.9942023925047192E-001                  2.8057952381486045E-001                  2.0000236934667681E-002                  7.1577787666732479E-002                  3.2705223045609983E-005                  0.0000000000000000E+000 
                                     756                  1.2363978750363125E+000                 -3.5089685650421765E-001                  6.9181320762157288E+000                  8.5294660806183775E-001                  1.5896728153820556E+001                  6.9939583710412034E-001                  2.8060389139499781E-001                  2.0000271500881794E-002                  7.6549066179760303E-002                  3.7667704740982114E-005                  0.0000000000000000E+000 
                                     757                  1.2292771215492102E+000                 -3.5321724225465051E-001                  6.9205300914154773E+000                  8.6164570669035578E-001                  1.5907823613132399E+001                  6.9937081275934232E-001                  2.8062887612107201E-001                  2.0000311119585668E-002                  8.2013032717951559E-002                  4.3384424570379427E-005                  0.0000000000000000E+000 
                                     758                  1.2220878554130319E+000                 -3.5555070255931415E-001                  6.9229339795813400E+000                  8.7033483296625502E-001                  1.5918915016470088E+001                  6.9934521015452300E-001                  2.8065443331424522E-001                  2.0000356531231778E-002                  8.8016939719191306E-002                  4.9970307674154408E-005                  0.0000000000000000E+000 
                                     759                  1.2148297648691198E+000                 -3.5789746643499176E-001                  6.9253438399241896E+000                  8.7901378921965689E-001                  1.5930002282854449E+001                  6.9931907734334708E-001                  2.8068051407155431E-001                  2.0000408585098661E-002                  9.4605756068743121E-002                  5.7557839130809012E-005                  0.0000000000000000E+000 
                                     760                  1.2075025457871957E+000                 -3.6025776954669259E-001                  6.9277597724132658E+000                  8.8768237806304895E-001                  1.5941085332731777E+001                  6.9929246370757037E-001                  2.8070706803711148E-001                  2.0000468255318093E-002                  1.0181952827026113E-001                  6.6299751281263461E-005                  0.0000000000000000E+000 
                                     761                  1.2001059019840867E+000                 -3.6263185443601909E-001                  6.9301818777392388E+000                  8.9634040373586155E-001                  1.5952164088039519E+001                  6.9926541618241167E-001                  2.8073404715831191E-001                  2.0000536659276369E-002                  1.0969048425876760E-001                  7.6372121339516742E-005                  0.0000000000000000E+000 
                                     762                  1.1926395455568901E+000                 -3.6501997075042475E-001                  6.9326102572870623E+000                  9.0498767377167555E-001                  1.5963238472263900E+001                  6.9923797456370684E-001                  2.8076141035753432E-001                  2.0000615078758832E-002                  1.1824019535994391E-001                  8.7977941132926800E-005                  0.0000000000000000E+000 
                                     763                  1.1851031972329205E+000                 -3.6742237547111239E-001                  6.9350450131225427E+000                  9.1362400089939000E-001                  1.5974308410496786E+001                  6.9921016613078701E-001                  2.8078912888500734E-001                  2.0000704984205697E-002                  1.2747722713709725E-001                  1.0135122980195024E-004                  0.0000000000000000E+000 
                                     764                  1.1774965867243707E+000                 -3.6983933314221473E-001                  6.9374862479958184E+000                  9.2224920495002205E-001                  1.5985373829496590E+001                  6.9918200014472498E-001                  2.8081719179279113E-001                  2.0000808062483832E-002                  1.3739576431836020E-001                  1.1676177052496439E-004                  0.0000000000000000E+000 
                                     765                  1.1698194530926682E+000                 -3.7227111609975722E-001                  6.9399340653618706E+000                  9.3086311473099137E-001                  1.5996434657746953E+001                  6.9915346238455756E-001                  2.8084561136651498E-001                  2.0000926248927464E-002                  1.4797569251897202E-001                  1.3452056376967060E-004                  0.0000000000000000E+000 
                                     766                  1.1620715451249983E+000                 -3.7471800469985750E-001                  6.9423885694181733E+000                  9.3946556946390936E-001                  1.6007490825510882E+001                  6.9912451091789041E-001                  2.8087442731811846E-001                  2.0001061763991190E-002                  1.5918441220107241E-001                  1.5498610251555949E-004                  0.0000000000000000E+000 
                                     767                  1.1542526217233537E+000                 -3.7718028754860927E-001                  6.9448498651586261E+000                  9.4805641968132537E-001                  1.6018542264879219E+001                  6.9909507341394539E-001                  2.8090370943071752E-001                  2.0001217155337092E-002                  1.7098042941148611E-001                  1.7857158934189243E-004                  0.0000000000000000E+000 
                                     768                  1.1463624523070373E+000                 -3.7965826173670336E-001                  6.9473180584404473E+000                  9.5663552738718449E-001                  1.6029588909806730E+001                  6.9906504658572832E-001                  2.8093355806815096E-001                  2.0001395346120665E-002                  1.8331839786853518E-001                  2.0575323126234660E-004                  0.0000000000000000E+000 
                                     769                  1.1384008172377238E+000                 -3.8215223308051932E-001                  6.9497932560615467E+000                  9.6520276537912375E-001                  1.6040630696138251E+001                  6.9903429799607386E-001                  2.8096410231354463E-001                  2.0001599690381511E-002                  1.9615496039257982E-001                  2.3707976564814627E-004                  0.0000000000000000E+000 
                                     770                  1.1303675082556941E+000                 -3.8466251637883836E-001                  6.9522755662873044E+000                  9.7375801541640505E-001                  1.6051667561637387E+001                  6.9900267004572469E-001                  2.8099549591772105E-001                  2.0001834036554200E-002                  2.0945453015598148E-001                  2.7318339520996629E-004                  0.0000000000000000E+000 
                                     771                  1.1222623289226668E+000                 -3.8718943569430220E-001                  6.9547651016836491E+000                  9.8230116350641483E-001                  1.6062699446017508E+001                  6.9896998567077928E-001                  2.8102791152894452E-001                  2.0002102800276145E-002                  2.2319413601224947E-001                  3.1479235755456017E-004                  0.0000000000000000E+000 
                                     772                  1.1140850950776293E+000                 -3.8973332467608918E-001                  6.9572619823112163E+000                  9.9083209448998066E-001                  1.6073726290973688E+001                  6.9893605498461764E-001                  2.8106153396759453E-001                  2.0002411047787882E-002                  2.3736662880409745E-001                  3.6274534828292251E-004                  0.0000000000000000E+000 
                                     773                  1.1058356353063734E+000                 -3.9229452693023320E-001                  6.9597663366289506E+000                  9.9935068892210877E-001                  1.6084748040218741E+001                  6.9890068199126587E-001                  2.8109655341730844E-001                  2.0002764591425692E-002                  2.5198187446238801E-001                  4.1800800755166474E-004                  0.0000000000000000E+000 
                                     774                  1.0975137914250377E+000                 -3.9487339642674707E-001                  6.9622783016486594E+000                  1.0078568209694192E+000                  1.6095764639524454E+001                  6.9886367054159881E-001                  2.8113315936017080E-001                  2.0003170098230383E-002                  2.6706597052830017E-001                  4.8169174400176365E-004                  0.0000000000000000E+000 
                                     775                  1.0891194189797275E+000                 -3.9747029793905064E-001                  6.9647980230908741E+000                  1.0163503567401471E+000                  1.6106776036768409E+001                  6.9882482900437526E-001                  2.8117153580776116E-001                  2.0003635187863633E-002                  2.8265886528536432E-001                  5.5507520541353084E-004                  0.0000000000000000E+000 
                                     776                  1.0806523877629879E+000                 -4.0008560751504846E-001                  6.9673256555454719E+000                  1.0248311532206185E+000                  1.6117782181990574E+001                  6.9878397318648677E-001                  2.8121185813309429E-001                  2.0004168680418877E-002                  2.9881097903621634E-001                  6.3962862968636180E-004                  0.0000000000000000E+000 
                                     777                  1.0721125823430582E+000                 -4.0271971297952269E-001                  6.9698613626406853E+000                  1.0332990578051322E+000                  1.6128783027462639E+001                  6.9874092742425042E-001                  2.8125429196315133E-001                  2.0004780612598250E-002                  3.1557948808790309E-001                  7.3704157187848350E-004                  0.0000000000000000E+000 
                                     778                  1.0634999026080998E+000                 -4.0537301446557661E-001                  6.9724053172238243E+000                  1.0417539082789191E+000                  1.6139778527769241E+001                  6.9869552433140580E-001                  2.8129899315737972E-001                  2.0005482511214479E-002                  3.3302486072569015E-001                  8.4925411686974568E-004                  0.0000000000000000E+000 
                                     779                  1.0548142643263947E+000                 -4.0804592497403047E-001                  6.9749577015571944E+000                  1.0501955332996775E+000                  1.6150768639901198E+001                  6.9864760318040142E-001                  2.8134610923745651E-001                  2.0006287582142068E-002                  3.5120807636973705E-001                  9.7849203912124755E-004                  0.0000000000000000E+000 
                                     780                  1.0460555997231198E+000                 -4.1073887095944311E-001                  6.9775187075324316E+000                  1.0586237530643485E+000                  1.6161753323361459E+001                  6.9859700759958010E-001                  2.8139578181298575E-001                  2.0007210587434154E-002                  3.7018875079212937E-001                  1.1273064871959754E-003                  0.0000000000000000E+000 
                                     781                  1.0372238580736102E+000                 -4.1345229294349156E-001                  6.9800885369064591E+000                  1.0670383801735175E+000                  1.6172732540286678E+001                  6.9854358286473306E-001                  2.8144814820415676E-001                  2.0008268931110185E-002                  3.9002419933595817E-001                  1.2986170426183175E-003                  0.0000000000000000E+000 
                                     782                  1.0283190063096541E+000                 -4.1618664615755901E-001                  6.9826674015604153E+000                  1.0754392204147489E+000                  1.6183706255582546E+001                  6.9848717315414699E-001                  2.8150334445592307E-001                  2.0009482389929945E-002                  4.1076931605951428E-001                  1.4957603557380792E-003                  0.0000000000000000E+000 
                                     783                  1.0193410296465086E+000                 -4.1894240121469689E-001                  6.9852555237817020E+000                  1.0838260735291065E+000                  1.6194674437068372E+001                  6.9842761899947414E-001                  2.8156150711598338E-001                  2.0010873884542479E-002                  4.3247705435803807E-001                  1.7225421916302207E-003                  0.0000000000000000E+000 
                                     784                  1.0102899322319712E+000                 -4.2172004481290448E-001                  6.9878531365702665E+000                  1.0921987338116448E+000                  1.6205637055631929E+001                  6.9836475502783057E-001                  2.8162277567505517E-001                  2.0012469297114199E-002                  4.5519926438539104E-001                  1.9832947050724900E-003                  0.0000000000000000E+000 
                                     785                  1.0011657378159537E+000                 -4.2452008047364714E-001                  6.9904604839701117E+000                  1.1005569906151174E+000                  1.6216594085396849E+001                  6.9829840805003784E-001                  2.8168729411508048E-001                  2.0014297834881623E-002                  4.7898766555559463E-001                  2.2829367446979528E-003                  0.0000000000000000E+000 
                                     786                  9.9196849044129365E-001                 -4.2734302931870999E-001                  6.9930778214267626E+000                  1.1089006287421339E+000                  1.6227545503902707E+001                  6.9822839553979055E-001                  2.8175521144751658E-001                  2.0016393012692868E-002                  5.0389478906233465E-001                  2.6270350492361596E-003                  0.0000000000000000E+000 
                                     787                  9.8269825515683673E-001                 -4.3018943088868122E-001                  6.9957054161720231E+000                  1.1172294287967863E+000                  1.6238491292300740E+001                  6.9815452407210810E-001                  2.8182668271160877E-001                  2.0018793216283193E-002                  5.2997479435896555E-001                  3.0218657276143016E-003                  0.0000000000000000E+000 
                                     788                  9.7335511874918645E-001                 -4.3305984400764297E-001                  6.9983435476373090E+000                  1.1255431673683516E+000                  1.6249431435567335E+001                  6.9807658822063545E-001                  2.8190187022396346E-001                  2.0021541555401035E-002                  5.5728412782143266E-001                  3.4744746410055459E-003                  0.0000000000000000E+000 
                                     789                  9.6393919049649235E-001                 -4.3595484769766008E-001                  7.0009925078142112E+000                  1.1338416173961900E+000                  1.6260365922730060E+001                  6.9799436935960846E-001                  2.8198094342803959E-001                  2.0024687212351955E-002                  5.8588203980847198E-001                  3.9920224693589766E-003                  7.1485638118847001E-054 
                                     790                  9.5445060295236817E-001                 -4.3887504214311918E-001                  7.0036525978972985E+000                  1.1421245521605270E+000                  1.6271294747105642E+001                  6.9790763459289407E-001                  2.8206407996079391E-001                  2.0028285446312077E-002                  6.1583096055583686E-001                  4.5845001941504804E-003                  1.0531502776439231E-053 
                                     791                  9.4488951275732613E-001                 -4.4182104968494768E-001                  7.0063241196854236E+000                  1.1503917546027482E+000                  1.6282217906550276E+001                  6.9781613567549583E-001                  2.8215146625179327E-001                  2.0032398072710844E-002                  6.4719672599722233E-001                  5.2609036637662390E-003                  1.5526224915115710E-053 
                                     792                  9.3525610147846550E-001                 -4.4479351581005205E-001                  7.0090073702831281E+000                  1.1586430233498377E+000                  1.6293135403717756E+001                  6.9771960796457222E-001                  2.8224329748888444E-001                  2.0037094546543344E-002                  6.8004875725124281E-001                  6.0316608063063831E-003                  2.2906745940401788E-053 
                                     793                  9.2555057647875771E-001                 -4.4779311015847562E-001                  7.0117026421219011E+000                  1.1668781733098164E+000                  1.6304047246322302E+001                  6.9761776942424814E-001                  2.8233977829813689E-001                  2.0042452277615030E-002                  7.1446026624027392E-001                  6.9079674316644404E-003                  3.3821751944166224E-053 
                                     794                  9.1577317181646156E-001                 -4.5082052758782432E-001                  7.0144102233671726E+000                  1.1750970358559445E+000                  1.6314953447407998E+001                  6.9751031970341215E-001                  2.8244112342642341E-001                  2.0048556870164491E-002                  7.5050846092818979E-001                  7.9016408659173341E-003                  4.9977780562655846E-053 
                                     795                  9.0592414917447250E-001                 -4.5387648930256547E-001                  7.0171303983140190E+000                  1.1832994589429773E+000                  1.6325854025624576E+001                  6.9739693948077353E-001                  2.8254755809818999E-001                  2.0055502421036486E-002                  7.8827475143900272E-001                  9.0248736188891197E-003                  7.3912622725126673E-053 
                                     796                  8.9600379882459402E-001                 -4.5696174405235213E-001                  7.0198634477735400E+000                  1.1914853071727527E+000                  1.6336749005508526E+001                  6.9727728991789895E-001                  2.8265931872863403E-001                  2.0063391353467019E-002                  8.2784496610423131E-001                  1.0289856882643642E-002                  1.0940406191113451E-052 
                                     797                  8.8601244062805518E-001                 -4.6007706940493642E-001                  7.0226096494523924E+000                  1.1996544617031297E+000                  1.6347638417771229E+001                  6.9715101252055489E-001                  2.8277665354469783E-001                  2.0072333934747277E-002                  8.6930957896061889E-001                  1.1708232829700124E-002                  1.6208157616670849E-052 
                                     798                  8.7595042507353871E-001                 -4.6322327310064737E-001                  7.0253692783282276E+000                  1.2078068199611560E+000                  1.6358522299595279E+001                  6.9701772958172514E-001                  2.8289982320374124E-001                  2.0082447214533561E-002                  9.1276395005179611E-001                  1.3290330553870083E-002                  2.4034282956077633E-052 
                                     799                  8.6581813435454857E-001                 -4.6640119449611078E-001                  7.0281426070239927E+000                  1.2159422951117036E+000                  1.6369400694940811E+001                  6.9687704527216543E-001                  2.8302910150892086E-001                  2.0093853218913660E-002                  9.5830858355163062E-001                  1.5044135156519244E-002                  3.5672850001112780E-052 
                                     800                  8.5561598348814250E-001                 -4.6961170610591241E-001                  7.0309299061841166E+000                  1.2240608151496020E+000                  1.6380273654862229E+001                  6.9672854766297387E-001                  2.8316477617581004E-001                  2.0106676161216086E-002                  1.0060494015296328E+000                  1.6973938643917708E-002                  5.2998696023195322E-052 
                                     801                  8.4534442147889044E-001                 -4.7285571525223430E-001                  7.0337314448566737E+000                  1.2321623215441089E+000                  1.6391141237838692E+001                  6.9657181188911133E-001                  2.8330714962860404E-001                  2.0121038482284637E-002                  1.0560980402171707E+000                  1.9078626401480763E-002                  7.8817883678875873E-052 
                                     802                  8.3500393252684102E-001                 -4.7613416583562479E-001                  7.0365474908865098E+000                  1.2402467673303323E+000                  1.6402003510123077E+001                  6.9640640470538739E-001                  2.8345653992116138E-001                  2.0137055373451229E-002                  1.1085721689866368E+000                  2.1349572119950026E-002                  1.1733510837753097E-051 
                                     803                  8.2459503728101280E-001                 -4.7944804024130877E-001                  7.0393783113244384E+000                  1.2483141145504755E+000                  1.6412860546112380E+001                  6.9623189067950009E-001                  2.8361328173794953E-001                  2.0154827582550383E-002                  1.1635958358316847E+000                  2.3768147220626076E-002                  1.7485821191392689E-051 
                                     804                  8.1411829414261005E-001                 -4.8279836139675603E-001                  7.0422241728583348E+000                  1.2563643309151449E+000                  1.6423712428742459E+001                  6.9604784035481226E-001                  2.8377772737984008E-001                  2.0174432265347653E-002                  1.2212998468766278E+000                  2.6302913002411880E-002                  2.6086160689810566E-051 
                                     805                  8.0357430062067281E-001                 -4.8618619499948695E-001                  7.0450853422729809E+000                  1.2643973857563826E+000                  1.6434559249912716E+001                  6.9585384013800233E-001                  2.8395024809670338E-001                  2.0195911765294339E-002                  1.2818221787821804E+000                  2.8906657273472303E-002                  3.8959334953919348E-051 
                                     806                  7.9296369474270434E-001                 -4.8961265193546272E-001                  7.0479620869458941E+000                  1.2724132451830419E+000                  1.6445401110944754E+001                  6.9564950420078364E-001                  2.8413123534895779E-001                  2.0219260450258569E-002                  1.3453084339921964E+000                  3.1513572002817881E-002                  5.8250710289800020E-051 
                                     807                  7.8228715652637981E-001                 -4.9307889091033352E-001                  7.0508546754101555E+000                  1.2804118666584183E+000                  1.6456238123081985E+001                  6.9543448772949434E-001                  2.8432110227295521E-001                  2.0244409997550505E-002                  1.4119123395908202E+000                  3.4037047927556616E-002                  8.7194750821658036E-051 
                                     808                  7.7154540951422279E-001                 -4.9658612131773411E-001                  7.0537633798789487E+000                  1.2883931914276321E+000                  1.6467070408042364E+001                  6.9520850072093954E-001                  2.8452028525331119E-001                  2.0271214025749273E-002                  1.4817963100240306E+000                  3.6368776450926343E-002                  1.3067428126173122E-050 
                                     809                  7.6073922236747005E-001                 -5.0013560638656229E-001                  7.0566884822014551E+000                  1.2963571339303039E+000                  1.6477898098637219E+001                  6.9497132077985024E-001                  2.8472924570480063E-001                  2.0299433515349130E-002                  1.5551321220753054E+000                  3.8380071049281837E-002                  1.9607047586734203E-050 
                                     810                  7.4986941052636058E-001                 -5.0372866665732163E-001                  7.0596302784316469E+000                  1.3043035739423918E+000                  1.6488721339468167E+001                  6.9472280275456755E-001                  2.8494847195532735E-001                  2.0328725290105099E-002                  1.6321016490342810E+000                  3.9926470871867667E-002                  2.9455667823758844E-050 
                                     811                  7.3893683794132803E-001                 -5.0736668379568817E-001                  7.0625890801674363E+000                  1.3122323544993160E+000                  1.6499540287715316E+001                  6.9446288222662145E-001                  2.8517848132347440E-001                  2.0358636449904211E-002                  1.7128975990721955E+000                  4.0856705825226457E-002                  4.4307080349712932E-050 
                                     812                  7.2794241887897471E-001                 -5.1105110472658066E-001                  7.0655652156425210E+000                  1.3201432839457301E+000                  1.6510355114026396E+001                  6.9419156946374316E-001                  2.8541982223576901E-001                  2.0388608300487832E-002                  1.7977242853712945E+000                  4.1026825354224208E-002                  6.6732709531375805E-050 
                                     813                  7.1688711980829356E-001                 -5.1478344608397508E-001                  7.0685590308902100E+000                  1.3280361433316719E+000                  1.6521166003512565E+001                  6.9390892997729881E-001                  2.8567307662133484E-001                  2.0417993401366408E-002                  1.8867984158846429E+000                  4.0319555199287184E-002                  1.0064226003420159E-049 
                                     814                  7.0577196137444620E-001                 -5.1856529895982373E-001                  7.0715708909571813E+000                  1.3359107002464212E+000                  1.6531973156857344E+001                  6.9361504905962634E-001                  2.8593886233061527E-001                  2.0446088609758384E-002                  1.9803498822279200E+000                  3.8667634342459269E-002                  1.5198949327636729E-049 
                                     815                  6.9459802045780417E-001                 -5.2239833392690960E-001                  7.0746011811373934E+000                  1.3437667294998101E+000                  1.6542776791541048E+001                  6.9330997936600580E-001                  2.8621783560958208E-001                  2.0472185024412060E-002                  2.0786225270298169E+000                  3.6078018788945114E-002                  2.2985551473653570E-049 
                                     816                  6.8336643232466987E-001                 -5.2628430630038303E-001                  7.0776503081912399E+000                  1.3516040397063425E+000                  1.6553577143172937E+001                  6.9299367400441703E-001                  2.8651069364670811E-001                  2.0495632348874859E-002                  2.1818748778402832E+000                  3.2651728960506755E-002                  3.4811459368337903E-049 
                                     817                  6.7207839287698568E-001                 -5.3022506160622263E-001                  7.0807187015195865E+000                  1.3594225029867348E+000                  1.6564374466918842E+001                  6.9266591219189244E-001                  2.8681817724322523E-001                  2.0515910564882334E-002                  2.2903808554381793E+000                  2.8592494002625608E-002                  5.2800072245201095E-049 
                                     818                  6.6073516100717555E-001                 -5.3422254124680635E-001                  7.0838068142787582E+000                  1.3672220830656145E+000                  1.6575169039009158E+001                  6.9232622934313059E-001                  2.8714107365828045E-001                  2.0532696998588951E-002                  2.4044304947693171E+000                  2.4197325852088013E-002                  8.0206989694473499E-049 
                                     819                  6.4933806106483316E-001                 -5.3827878839622290E-001                  7.0869151244516679E+000                  1.3750028557271352E+000                  1.6585961158312301E+001                  6.9197386666426808E-001                  2.8748021978355043E-001                  2.0545913552181494E-002                  2.5243307519006768E+000                  1.9824931133975595E-002                  1.2203298488358142E-048 
                                     820                  6.3788848544380494E-001                 -5.4239595421901632E-001                  7.0900441359300395E+000                  1.3827650157531597E+000                  1.6596751147965417E+001                  6.9160775481610204E-001                  2.8783650579497760E-001                  2.0555739388920413E-002                  2.6504064986128379E+000                  1.5843946036769804E-002                  1.8597432835237543E-048 
                                     821                  6.2638789729595712E-001                 -5.4657630457622564E-001                  7.0931943797031343E+000                  1.3905088669345302E+000                  1.6607539357068021E+001                  6.9122653986989468E-001                  2.8821087977770143E-001                  2.0562580352403881E-002                  2.7830018089650426E+000                  1.2571231536556747E-002                  2.8389942780648835E-048 
                                     822                  6.1483783337909381E-001                 -5.5082222743820153E-001                  7.0963664152747636E+000                  1.3982347959913117E+000                  1.6618326162460107E+001                  6.9082864918563469E-001                  2.8860435315455540E-001                  2.0566997659809960E-002                  2.9224816138295004E+000                  1.0217591633152648E-002                  4.3414863802768432E-048 
                                     823                  6.0323990704907449E-001                 -5.5513624124511718E-001                  7.0995608324295336E+000                  1.4059432366939342E+000                  1.6629111970624084E+001                  6.9041238111416547E-001                  2.8901800723132798E-001                  2.0569611654506548E-002                  3.0692337293127165E+000                  8.8596852559899748E-003                  6.6512460297382012E-048 
                                     824                  5.9159581140618556E-001                 -5.5952100442645780E-001                  7.1027782536206718E+000                  1.4136346339917794E+000                  1.6639897219764972E+001                  6.8997599331765458E-001                  2.8945300090040638E-001                  2.0571005781939045E-002                  3.2236711936902704E+000                  8.4494387319334549E-003                  1.0209115545613199E-047 
                                     825                  5.7990732260678823E-001                 -5.6397932621964231E-001                  7.1059180149122971E+000                  1.4210722079629805E+000                  1.6650348032348500E+001                  6.8953237436006010E-001                  2.8989598235687825E-001                  2.0571643283061603E-002                  3.3810564083014834E+000                  8.8340904738848612E-003                  1.5491476113877964E-047 
                                     826                  5.6891109867085465E-001                 -5.6822827532345388E-001                  7.1090798453539570E+000                  1.4284894960875467E+000                  1.6660793427706242E+001                  6.8906686334054279E-001                  2.9036124405319119E-001                  2.0571892606266018E-002                  3.5464303920974429E+000                  9.8487892949357426E-003                  2.3549217598569225E-047 
                                     827                  5.5714195905305786E-001                 -5.7283773732605159E-001                  7.1123688147206705E+000                  1.4361332328534697E+000                  1.6671579924665910E+001                  6.8856155959349108E-001                  2.9086649259132602E-001                  2.0571947815182900E-002                  3.7261088614289606E+000                  1.1439525221433735E-002                  3.6363345715041071E-047 
                                     828                  5.4533415720332579E-001                 -5.7753000494229545E-001                  7.1156836356138813E+000                  1.4437614974292559E+000                  1.6682367946185632E+001                  6.8802950780289007E-001                  2.9139858139265373E-001                  2.0571910804456195E-002                  3.9153944641741956E+000                  1.3517873897798165E-002                  5.6274226008148990E-047 
                                     829                  5.3348983205925748E-001                 -5.8230861266052414E-001                  7.1190251505575581E+000                  1.4513746838309336E+000                  1.6693158127524018E+001                  6.8746896435744542E-001                  2.9195920222365845E-001                  2.0571833418896124E-002                  4.1148637598081717E+000                  1.6081963774042186E-002                  8.7288037236137290E-047 
                                     830                  5.2161122483270139E-001                 -5.8717731940329354E-001                  7.1223942580636752E+000                  1.4589732186790703E+000                  1.6703951154645438E+001                  6.8687807081621410E-001                  2.9255019475359517E-001                  2.0571734430190780E-002                  4.3251352732970254E+000                  1.9183280993368329E-002                  1.3571990143745448E-046 
                                     831                  5.0970068359352694E-001                 -5.9214012805473937E-001                  7.1257919169742374E+000                  1.4665575753838180E+000                  1.6714747768925598E+001                  6.8625481691914103E-001                  2.9317356492134794E-001                  2.0571618159511029E-002                  4.5468732232635105E+000                  2.2913903939491151E-002                  2.1155503760762687E-046 
                                     832                  4.9776066812989589E-001                 -5.9720130703946717E-001                  7.1292191511973293E+000                  1.4741282857384392E+000                  1.6725548772421181E+001                  6.8559701015802033E-001                  2.9383150635286809E-001                  2.0571483489111531E-002                  4.7807917300537612E+000                  2.7398782888777274E-002                  3.3063223389866122E-046 
                                     833                  4.8579375510520284E-001                 -6.0236541426994639E-001                  7.1326770549055523E+000                  1.4816859507297939E+000                  1.6736355033775581E+001                  6.8490224731817384E-001                  2.9452642541200214E-001                  2.0571327269824025E-002                  5.0276595446939369E+000                  3.2794653314086500E-002                  5.1815992344574735E-046 
                                     834                  4.7380264354437629E-001                 -6.0763732380566993E-001                  7.1361667982611134E+000                  1.4892312520961017E+000                  1.6747167494845538E+001                  6.8416788412859753E-001                  2.9526097061030082E-001                  2.0571145261101709E-002                  5.2883053444911381E+000                  3.9294015820225632E-002                  8.1440104599729456E-046 
                                     835                  4.6179016067797790E-001                 -6.1302225560975443E-001                  7.1396896337325471E+000                  1.4967649656918687E+000                  1.6757987178153186E+001                  6.8339100033029854E-001                  2.9603806745075228E-001                  2.0570932218949123E-002                  5.5636236535207342E+000                  4.7132468820318865E-002                  1.2839036043251470E-045 
                                     836                  4.4975926817466044E-001                 -6.1852580884260799E-001                  7.1432469030717511E+000                  1.5042879771675250E+000                  1.6768815195285214E+001                  6.8256835898774171E-001                  2.9686095928203632E-001                  2.0570681730222029E-002                  5.8545814682458204E+000                  5.6598658643755351E-002                  2.0305558370588171E-045 
                                     837                  4.3771306879805899E-001                 -6.2415399920290071E-001                  7.1468400450264395E+000                  1.5118013005711941E+000                  1.6779652756380948E+001                  6.8169635855945176E-001                  2.9773325548575286E-001                  2.0570385954795434E-002                  6.1622256771815005E+000                  6.8046954917240735E-002                  3.2222582512445896E-045 
                                     838                  4.2565481352853829E-001                 -6.2991330091068298E-001                  7.1504706038668484E+000                  1.5193061005252815E+000                  1.6790501180879133E+001                  6.8077097611586168E-001                  2.9865898858732121E-001                  2.0570035296817113E-002                  6.4876913749661895E+000                  8.1913445116586492E-002                  5.1315590654968420E-045 
                                     839                  4.1358790918749522E-001                 -6.3581069403325496E-001                  7.1541402352364649E+000                  1.5268037225194162E+000                  1.6801361909719589E+001                  6.7978769939224637E-001                  2.9964268261439836E-001                  2.0569617993355216E-002                  6.8322109916588740E+000                  9.8736142619691367E-002                  8.2029354589812347E-045 
                                     840                  4.0151592662293045E-001                 -6.4185371791628254E-001                  7.1578507031165381E+000                  1.5342957387914289E+000                  1.6812236519219201E+001                  6.7874144484516474E-001                  3.0068943554727862E-001                  2.0569119607556585E-002                  7.1971239220289247E+000                  1.1918057852804007E-001                  1.3164808035949647E-044 
                                     841                  3.8944260952128651E-001                 -6.4805053152177294E-001                  7.1616038799405848E+000                  1.5417839993544089E+000                  1.6823126736874453E+001                  6.7762645779708808E-001                  3.0180501980869484E-001                  2.0568522394217137E-002                  7.5838872366948085E+000                  1.4407239053136012E-001                  2.1217126235761848E-044 
                                     842                  3.7737188390595872E-001                 -6.5440998179395282E-001                  7.1654017580604314E+000                  1.5492710038367585E+000                  1.6834034459395522E+001                  6.7643524340983086E-001                  3.0299695326587933E-001                  2.0567803324289757E-002                  7.9940739618448582E+000                  1.7443925952294576E-001                  3.4347872257368899E-044 
                                     843                  3.6530786839677731E-001                 -6.6094167654563962E-001                  7.1692464567643066E+000                  1.5567676164583253E+000                  1.6844961772854269E+001                  6.7513594958736989E-001                  3.0429714693738202E-001                  2.0566903475248033E-002                  8.4290317998183024E+000                  2.1157016813544149E-001                  5.5884900632971770E-044 
                                     844                  3.5325488531571797E-001                 -6.6765594631562020E-001                  7.1731402503661910E+000                  1.5642621104283205E+000                  1.6855910963243744E+001                  6.7376329564756565E-001                  3.0567085955511858E-001                  2.0565844797315824E-002                  8.8913036588677521E+000                  2.5706555287610877E-001                  9.1365889336872552E-044 
                                     845                  3.4121747273297409E-001                 -6.7456429968031084E-001                  7.1770855985008719E+000                  1.5717624252220950E+000                  1.6866884566092118E+001                  6.7229440515228667E-001                  3.0714102806889743E-001                  2.0564566778815907E-002                  9.3827746366393843E+000                  3.1295383409664512E-001                  1.5016778899205578E-043 
                                     846                  3.2920039756354008E-001                 -6.8167925743178304E-001                  7.1810851407290501E+000                  1.5792832340146223E+000                  1.6877885391695170E+001                  6.7068707104389602E-001                  3.0874993455012073E-001                  2.0562994405983304E-002                  9.9051671114531388E+000                  3.8180067301361353E-001                  2.4830242149100531E-043 
                                     847                  3.1720866985144602E-001                 -6.8901437126978893E-001                  7.1851417371784922E+000                  1.5868140173800895E+000                  1.6888916543790778E+001                  6.6897321032510582E-001                  3.1046567872379421E-001                  2.0561110951099915E-002                  1.0461747902713931E+001                  4.6684966166249886E-001                  4.1299715657613074E-043 
                                     848                  3.0524755838844592E-001                 -6.9658481187939447E-001                  7.1882350256348078E+000                  1.5928090774444803E+000                  1.6897247974941859E+001                  6.6669502848584172E-001                  3.1275066979413751E-001                  2.0554301720020707E-002                  1.0887368157566012E+001                  5.4749612486490640E-001                  6.1453882366885331E-043 
                                     849                  2.9928020517963339E-001                 -7.0046043841254169E-001                  7.1913392351552510E+000                  1.5986373530167930E+000                  1.6905526903812454E+001                  6.6472219904734808E-001                  3.1472847398412546E-001                  2.0549326968526405E-002                  1.1337506401353679E+001                  6.4057051918932517E-001                  9.1119264895782772E-043 
                                     850                  2.8737550564744768E-001                 -7.0840630056110410E-001                  7.1955513130641258E+000                  1.6062248503768739E+000                  1.6916648712493718E+001                  6.6265906741720126E-001                  3.1679463624458493E-001                  2.0546296338213810E-002                  1.1990511185599797E+001                  7.8837278855239479E-001                  1.5410668179568938E-042 
                                     851                  2.7551584301882198E-001                 -7.1663176659773187E-001                  7.1998971258702742E+000                  1.6139695955541602E+000                  1.6927981322106110E+001                  6.6036340817344963E-001                  3.1909408182836146E-001                  2.0542509998188851E-002                  1.2698772202544713E+001                  9.7642172195030463E-001                  2.6483625987702009E-042 
                                     852                  2.6334794727583349E-001                 -7.2542353928334657E-001                  7.2033091711822284E+000                  1.6199965848694748E+000                  1.6936781917745524E+001                  6.5843806352344958E-001                  3.2102293472673643E-001                  2.0539001749813934E-002                  1.3280586614194018E+001                  1.1548664912465707E+000                  4.0496119239251325E-042 
                                     853                  2.5709103207304068E-001                 -7.3009482833766370E-001                  7.2050299359492618E+000                  1.6230233299257437E+000                  1.6941186035842186E+001                  6.5740606331943086E-001                  3.2205696443558163E-001                  2.0536972244987517E-002                  1.3582377850216425E+001                  1.2569405053734488E+000                  5.0171031792223095E-042 
                                     854                  2.5416240986833133E-001                 -7.3231849705787222E-001                  7.2058573391147416E+000                  1.6244716669868733E+000                  1.6943295502688681E+001                  6.5690678302920291E-001                  3.2255723789107354E-001                  2.0535979079723488E-002                  1.3729799400821905E+001                  1.3091331032331810E+000                  5.5608388416071002E-042 
                                     855                  2.5269809876597676E-001                 -7.3343951345853786E-001                  7.2062721927747670E+000                  1.6251965133458199E+000                  1.6944351189684735E+001                  6.5665465267504397E-001                  3.2280987476268841E-001                  2.0535472562267620E-002                  1.3804262681658596E+001                  1.3361057754829631E+000                  5.8551646232383851E-042 
                                     856                  2.5196594321479954E-001                 -7.3400235185646823E-001                  7.2064799101791239E+000                  1.6255590966186273E+000                  1.6944879275610202E+001                  6.5652799677455653E-001                  3.2293678628530498E-001                  2.0535216940138490E-002                  1.3841685462304172E+001                  1.3498172242605737E+000                  6.0083090575543470E-042 
                                     857                  2.5159986543921087E-001                 -7.3428435802688219E-001                  7.2066184802115210E+000                  1.6258008442079279E+000                  1.6945231378702854E+001                  6.5644335785334240E-001                  3.2302159643825090E-001                  2.0535045708406696E-002                  1.3866702331580353E+001                  1.3590416308560556E+000                  6.1126830355130293E-042 
                                     858                  2.5123378766362225E-001                 -7.3456675723284426E-001                  7.2067567504408370E+000                  1.6366677806889369E+000                  1.6945583599435395E+001                  6.2593318806768738E-001                  3.5369145194355250E-001                  2.0375359988760167E-002                  1.3162500147725240E+001                  1.6215912513305915E+000                  8.5725843955474745E-042 
                                     859                  2.5086770988803359E-001                 -7.3484270956272113E-001                  7.2068946938897849E+000                  1.6374517281837295E+000                  1.6945935916091976E+001                  6.2432163348001168E-001                  3.5531007336468123E-001                  2.0368293155307082E-002                  1.3149760232908969E+001                  1.6419635342022769E+000                  8.8566195358298929E-042 
                                     860                  2.5050163211244497E-001                 -7.3511868982087769E-001                  7.2071016794508234E+000                  1.6386021315194996E+000                  1.6946464426716233E+001                  6.2198034060331986E-001                  3.5766185706161535E-001                  2.0357802335064790E-002                  1.3132363692586589E+001                  1.6722964103558284E+000                  9.2923265224416650E-042 
                                     861                  2.4976947656126769E-001                 -7.3567076662082509E-001                  7.2075849545884738E+000                  1.6416425822754335E+000                  1.6947697777370802E+001                  6.1553842381267332E-001                  3.6413069389206326E-001                  2.0330882295263475E-002                  1.3067532968179828E+001                  1.7512269219346821E+000                  1.0491064850567114E-041 
                                     862                  2.4793908768332446E-001                 -7.3705050069775913E-001                  7.2085518497995755E+000                  1.6462958998514703E+000                  1.6950163007741576E+001                  6.0672041771753982E-001                  3.7298463744027427E-001                  2.0294944842185858E-002                  1.3034210254159005E+001                  1.8888362875405891E+000                  1.2820108901667028E-041 
                                     863                  2.4465304109325528E-001                 -7.3953399738959991E-001                  7.2095917136435306E+000                  1.6500535980953219E+000                  1.6952810087607368E+001                  6.0074376224064696E-001                  3.7898458942050228E-001                  2.0271648338850756E-002                  1.3082765035693182E+001                  2.0211825209718550E+000                  1.5349318341377219E-041 
                                     864                  2.4246522782995222E-001                 -7.4119689285109380E-001                  7.2102862533197003E+000                  1.6520804988226401E+000                  1.6954574230970223E+001                  5.9808909451876491E-001                  3.8164851642659342E-001                  2.0262389054641616E-002                  1.3148231027026577E+001                  2.1042101758349077E+000                  1.7082513295626834E-041 
                                     865                  2.4100957011782623E-001                 -7.4230875390232121E-001                  7.2107035084603242E+000                  1.6532964367147140E+000                  1.6955632486009002E+001                  5.9649708005606961E-001                  3.8324608090927070E-001                  2.0256839034659690E-002                  1.3187728741388701E+001                  2.1555699553342800E+000                  1.8214270539717383E-041 
                                     866                  2.4028174126176316E-001                 -7.4286633693366821E-001                  7.2109123775008941E+000                  1.6539046497982792E+000                  1.6956161763565046E+001                  5.9570079566732159E-001                  3.8404514056695888E-001                  2.0254063765719588E-002                  1.3207543387158569E+001                  2.1817066167152745E+000                  1.8808043857354638E-041 
                                     867                  2.3991782683373170E-001                 -7.4314554420637191E-001                  7.2110168725737411E+000                  1.6542088150623753E+000                  1.6956426439894521E+001                  5.9530259132269170E-001                  3.8444473260501011E-001                  2.0252676072298192E-002                  1.3217467376675048E+001                  2.1948907244583444E+000                  1.9112169994705968E-041 
                                     868                  2.3973586961971599E-001                 -7.4328525211412588E-001                  7.2110865547734573E+000                  1.6544116057584513E+000                  1.6956602894343931E+001                  5.9503710223166173E-001                  3.8471114684382290E-001                  2.0251750924515366E-002                  1.3224088906610973E+001                  2.2037229302017192E+000                  1.9317646187539806E-041 
                                     869                  2.3955391240570026E-001                 -7.4342502966486268E-001                  7.2111560363283713E+000                  1.6683539245768810E+000                  1.6956779370285791E+001                  5.5752174076634353E-001                  4.2234740353923861E-001                  2.0130855694417860E-002                  1.2286727306709151E+001                  2.4007999126105508E+000                  2.7492135613872538E-041 
                                     870                  2.3937195519168453E-001                 -7.4356051990425931E-001                  7.2112253098430772E+000                  1.6688988483819251E+000                  1.6956955860644239E+001                  5.5635157814819280E-001                  4.2352228717776758E-001                  2.0126134674039564E-002                  1.2269497187776263E+001                  2.4125834503312311E+000                  2.8005600988139864E-041 
                                     871                  2.3918999797766882E-001                 -7.4369596693604123E-001                  7.2113292300173795E+000                  1.6697170386975246E+000                  1.6957220590648376E+001                  5.5459633869120495E-001                  4.2528460808615209E-001                  2.0119053222642957E-002                  1.2243576951255186E+001                  2.4303197750122982E+000                  2.8792706940177751E-041 
                                     872                  2.3882608354963736E-001                 -7.4396673071473352E-001                  7.2115371182853298E+000                  1.6713563867059176E+000                  1.6957750080729181E+001                  5.5108587861698888E-001                  4.2880923070978316E-001                  2.0104890673227960E-002                  1.2191467709897216E+001                  2.4660131896414406E+000                  3.0429708276896868E-041 
                                     873                  2.3809825469357429E-001                 -7.4450773246839341E-001                  7.2119530865100430E+000                  1.6746505577609694E+000                  1.6958809168411175E+001                  5.4405803956858079E-001                  4.3585503525102409E-001                  2.0086925180395121E-002                  1.2085956252176000E+001                  2.5413986201631653E+000                  3.3969654553065601E-041 
                                     874                  2.3664259698144829E-001                 -7.4558758643251211E-001                  7.2127862152818834E+000                  1.6775484328496950E+000                  1.6960927670620666E+001                  5.3979325412509083E-001                  4.4013140569314124E-001                  2.0075340181767931E-002                  1.2124977837526286E+001                  2.6590260164064783E+000                  3.8856778107780591E-041 
                                     875                  2.3373128155719633E-001                 -7.4775712904665514E-001                  7.2141739986648172E+000                  1.6911247017873783E+000                  1.6964450273589947E+001                  5.1010559924827659E-001                  4.6989635865218071E-001                  1.9998042099542701E-002                  6.1242056795374404E+000                  3.4286361790922095E+000                  5.8683958728265233E-041 
                                     876                  2.2938931568846604E-001                 -7.5095183346303940E-001                  7.2158440022802051E+000                  1.6936666641343510E+000                  1.6968675077100361E+001                  5.1010559924824594E-001                  4.6989635865221180E-001                  1.9998042099542257E-002                  6.3232008179112924E+000                  3.6989282811773867E+000                  7.1320799486081358E-041 
                                     877                  2.2504734981973576E-001                 -7.5419935292035478E-001                  7.2186151624466754E+000                  1.6978714562445070E+000                  1.6975672330975609E+001                  5.1010559924818799E-001                  4.6989635865227025E-001                  1.9998042099541813E-002                  6.6730270200677442E+000                  4.1943986636635531E+000                  9.8511808148215600E-041 
                                     878                  2.1497610498528821E-001                 -7.6194743828207068E-001                  7.2216677509024301E+000                  1.7025302222955088E+000                  1.6983407201330490E+001                  5.1010559924809173E-001                  4.6989635865236756E-001                  1.9998042099540703E-002                  7.0899001479038875E+000                  4.8164488007817905E+000                  1.4051153459332056E-040 
                                     879                  2.0925144095662213E-001                 -7.6649395051288771E-001                  7.2238779547554630E+000                  1.7058952988486471E+000                  1.6988999513895656E+001                  5.1010559924800991E-001                  4.6989635865245033E-001                  1.9998042099539814E-002                  7.4138407944969034E+000                  5.3226850098193248E+000                  1.8160588257750510E-040 
                                     880                  2.0355049084812415E-001                 -7.7113147110822455E-001                  7.2260835736888369E+000                  1.7092536241854237E+000                  1.6994580468026697E+001                  5.1010559924791699E-001                  4.6989635865254437E-001                  1.9998042099538704E-002                  7.7573359654847946E+000                  5.8801026248260584E+000                  2.3449053917823996E-040 
                                     881                  1.9787439764580467E-001                 -7.7586389848235948E-001                  7.2282846555510956E+000                  1.7126052717925604E+000                  1.7000150185850124E+001                  5.1010559924781373E-001                  4.6989635865264889E-001                  1.9998042099537372E-002                  8.1218135484337246E+000                  6.4936777910912138E+000                  3.0248371799484595E-040 
                                     882                  1.9222434071472436E-001                 -7.8069538383366366E-001                  7.2304812474601823E+000                  1.7159503140583829E+000                  1.7005708787655056E+001                  5.1010559924770082E-001                  4.6989635865276330E-001                  1.9998042099535818E-002                  8.5088106389298854E+000                  7.1688518038603100E+000                  3.8981963896932378E-040 
                                     883                  1.8660153754563699E-001                 -7.8563035354890809E-001                  7.2326733958147100E+000                  1.7192888222903799E+000                  1.7011256391922171E+001                  5.1010559924757859E-001                  4.6989635865288709E-001                  1.9998042099534263E-002                  8.9199816390694551E+000                  7.9115728619486321E+000                  5.0189644087897498E-040 
                                     884                  1.8100724562897039E-001                 -7.9067353414447417E-001                  7.2348611463046169E+000                  1.7226208667319376E+000                  1.7016793115351273E+001                  5.1010559924744747E-001                  4.6989635865301999E-001                  1.9998042099532487E-002                  9.3571069349570912E+000                  8.7283414938574371E+000                  6.4559008869463919E-040 
                                     885                  1.7544276446877063E-001                 -7.9582998009724937E-001                  7.2370445439212077E+000                  1.7259465165781338E+000                  1.7022319072887271E+001                  5.1010559924730792E-001                  4.6989635865316159E-001                  1.9998042099530489E-002                  9.8221021616912445E+000                  9.6262598342873318E+000                  8.2965111708038549E-040 
                                     886                  1.6990943775083356E-001                 -8.0110510497654408E-001                  7.2392236329665032E+000                  1.7292658399906091E+000                  1.7027834377744576E+001                  5.1010559924716015E-001                  4.6989635865331147E-001                  1.9998042099528379E-002                  1.0317028108127300E+001                  1.0613085139478393E+001                  1.0652058790317751E-039 
                                     887                  1.6440865568107593E-001                 -8.0650471635834575E-001                  7.2413984570618481E+000                  1.7325789041114210E+000                  1.7033339141429604E+001                  5.1010559924700460E-001                  4.6989635865346946E-001                  1.9998042099525937E-002                  1.0844101307474027E+001                  1.1697287921117947E+001                  1.3663894525362561E-039 
                                     888                  1.5894185751232007E-001                 -8.1203505508714124E-001                  7.2435690591556714E+000                  1.7358857750769106E+000                  1.7038833473761507E+001                  5.1010559924684129E-001                  4.6989635865363533E-001                  1.9998042099523383E-002                  1.1405705329682695E+001                  1.2888114954928508E+001                  1.7511435056607505E-039 
                                     889                  1.5351053428013078E-001                 -8.1770283955156386E-001                  7.2457354815302919E+000                  1.7391865180287960E+000                  1.7044317482890548E+001                  5.1010559924667076E-001                  4.6989635865380880E-001                  1.9998042099520497E-002                  1.2004402846399904E+001                  1.4195657696316177E+001                  2.2422220061648274E-039 
                                     890                  1.4811623177121186E-001                 -8.2351531576247905E-001                  7.2478977658078190E+000                  1.7424811971236120E+000                  1.7049791275314263E+001                  5.1010559924649279E-001                  4.6989635865398971E-001                  1.9998042099517499E-002                  1.2642948505801655E+001                  1.5630926501659012E+001                  2.8684576778611600E-039 
                                     891                  1.4276055375122526E-001                 -8.2948031417059820E-001                  7.2500559529549458E+000                  1.7457698755411386E+000                  1.7055254955890828E+001                  5.1010559924630794E-001                  4.6989635865417784E-001                  1.9998042099514279E-002                  1.3324302647655454E+001                  1.7205931039614093E+001                  3.6663547820865751E-039 
                                     892                  1.3744516548284461E-001                 -8.3560631434224020E-001                  7.2522100832864744E+000                  1.7490526154911270E+000                  1.7060708627849394E+001                  5.1010559924611631E-001                  4.6989635865437307E-001                  1.9998042099510616E-002                  1.4051645935001341E+001                  1.8933767527321187E+001                  4.6820918213345116E-039 
                                     893                  1.3217179756950592E-001                 -8.4190251883462131E-001                  7.2543601964672995E+000                  1.7523294782178565E+000                  1.7066152392796720E+001                  5.1010559924591781E-001                  4.6989635865457524E-001                  1.9998042099506952E-002                  1.4828394946575056E+001                  2.0828713299459650E+001                  5.9740373712643442E-039 
                                     894                  1.2694225016586547E-001                 -8.4837893788688812E-001                  7.2565063315126688E+000                  1.7556005240023904E+000                  1.7071586350719695E+001                  5.1010559924571286E-001                  4.6989635865478424E-001                  1.9998042099502955E-002                  1.5658218765100887E+001                  2.2906329198446596E+001                  7.6159066867831323E-039 
                                     895                  1.2175839760248953E-001                 -8.5504648688461060E-001                  7.2586485267863221E+000                  1.7588658121617520E+000                  1.7077010599982788E+001                  5.1010559924550158E-001                  4.6989635865499996E-001                  1.9998042099498514E-002                  1.6545056642481502E+001                  2.5183570539326183E+001                  9.7007207371769278E-039 
                                     896                  1.1662219348008387E-001                 -8.6191709898161162E-001                  7.2607868199962011E+000                  1.7621254010448897E+000                  1.7082425237319644E+001                  5.1010559924528398E-001                  4.6989635865522217E-001                  1.9998042099493851E-002                  1.7493136801835007E+001                  2.7678907337065226E+001                  1.2345768207791747E-038 
                                     897                  1.1153567629801474E-001                 -8.6900385579884643E-001                  7.2629212481871352E+000                  1.7653793480252100E+000                  1.7087830357817666E+001                  5.1010559924506027E-001                  4.6989635865545093E-001                  1.9998042099488744E-002                  1.8506996412785618E+001                  3.0412454396046314E+001                  1.5698817048044951E-038 
                                     898                  1.0650097569326542E-001                 -8.7632113979790605E-001                  7.2650518477298958E+000                  1.7686277094867073E+000                  1.7093226054893833E+001                  5.1010559924483057E-001                  4.6989635865568602E-001                  1.9998042099483415E-002                  1.9591502820324877E+001                  3.3406112133457448E+001                  1.9945885861569954E-038 
                                     899                  1.0152031937981762E-001                 -8.8388481279071707E-001                  7.2671786543058579E+000                  1.7718705408036119E+000                  1.7098612420260071E+001                  5.1010559924459487E-001                  4.6989635865592733E-001                  1.9998042099477864E-002                  2.0751876099656997E+001                  3.6683719017497211E+001                  2.5320960564503650E-038 
                                     900                  9.6596040895375615E-002                 -8.9171242615659330E-001                  7.2693017028862572E+000                  1.7751078963145326E+000                  1.7103989543875493E+001                  5.1010559924435339E-001                  4.6989635865617474E-001                  1.9998042099471869E-002                  2.1993712998171500E+001                  4.0271216491342500E+001                  3.2118133222569714E-038 
                                     901                  9.1730588283199618E-002                 -8.9982346977429173E-001                  7.2714210277045961E+000                  1.7783398292860004E+000                  1.7109357513882060E+001                  5.1010559924410648E-001                  4.6989635865642820E-001                  1.9998042099465319E-002                  2.3323012316437723E+001                  4.4196827254913515E+001                  4.0706751786842810E-038 
                                     902                  8.6926533862663885E-002                 -9.0823966855289429E-001                  7.2735366622203932E+000                  1.7815663918639799E+000                  1.7114716416519631E+001                  5.1010559924385390E-001                  4.6989635865668755E-001                  1.9998042099458546E-002                  2.4746201820070738E+001                  4.8491248056261561E+001                  5.1550317228079321E-038 
                                     903                  8.2186585274464083E-002                 -9.1698533791836812E-001                  7.2756486390718802E+000                  1.7847876350097303E+000                  1.7120066336014141E+001                  5.1010559924359589E-001                  4.6989635865695273E-001                  1.9998042099451441E-002                  2.6270166751199248E+001                  5.3187858086596059E+001                  6.5230037459990377E-038 
                                     904                  7.7513598027156141E-002                 -9.2608781290489506E-001                  7.2777569900144243E+000                  1.7880036084157651E+000                  1.7125407354431573E+001                  5.1010559924333287E-001                  4.6989635865722346E-001                  1.9998042099443669E-002                  2.7902280009869159E+001                  5.8322944152374738E+001                  8.2474163804377853E-038 
                                     905                  7.2910589823096894E-002                 -9.3557796993122222E-001                  7.2798617458404431E+000                  1.7912143603956818E+000                  1.7130739551487096E+001                  5.1010559924306453E-001                  4.6989635865749985E-001                  1.9998042099435676E-002                  2.9650434055936401E+001                  6.3935943758432693E+001                  1.0419449485143291E-037 
                                     906                  6.8380757008294532E-002                 -9.4549086637336688E-001                  7.2819629362747218E+000                  1.7944199377396242E+000                  1.7136063004294694E+001                  5.1010559924279142E-001                  4.6989635865778157E-001                  1.9998042099427016E-002                  3.1523074617881466E+001                  7.0069707530803669E+001                  1.3153177168596923E-037 
                                     907                  6.3927493577306968E-002                 -9.5586653135676025E-001                  7.2840605898365620E+000                  1.7976203855237480E+000                  1.7141377787036571E+001                  5.1010559924251353E-001                  4.6989635865806845E-001                  1.9998042099418023E-002                  3.3529236265075447E+001                  7.6770782332595587E+001                  1.6591208626469167E-037 
                                     908                  5.9554413276438213E-002                 -9.6675095280640910E-001                  7.2861547336571588E+000                  1.8008157468538377E+000                  1.7146683970523682E+001                  5.1010559924223120E-001                  4.6989635865836032E-001                  1.9998042099408475E-002                  3.5678579896144775E+001                  8.4089716512208099E+001                  2.0911692448613589E-037 
                                     909                  5.5265375497331307E-002                 -9.7819732226398204E-001                  7.2882453932353837E+000                  1.8040060625216676E+000                  1.7151981621606406E+001                  5.1010559924194454E-001                  4.6989635865865709E-001                  1.9998042099398372E-002                  3.7981432169834427E+001                  9.2081388684957773E+001                  2.6337006742974915E-037 
                                     910                  5.1064515853823073E-002                 -9.9026762271216595E-001                  7.2903325921074185E+000                  1.8071913705386233E+000                  1.7157270802375127E+001                  5.1010559924165377E-001                  4.6989635865895835E-001                  1.9998042099387936E-002                  4.0448826876515106E+001                  1.0080536142138166E+002                  3.3144531683895294E-037 
                                     911                  4.6956282608179835E-002                 -1.0030346794553302E+000                  7.2924163513936113E+000                  1.8103717054932731E+000                  1.7162551569061019E+001                  5.1010559924135945E-001                  4.6989635865926388E-001                  1.9998042099376612E-002                  4.3092548226860501E+001                  1.1032626126255033E+002                  4.1679993781715767E-037 
                                     912                  4.2945480491174269E-002                 -1.0165848461683782E+000                  7.2944966891669738E+000                  1.8135470976524450E+000                  1.7167823970500464E+001                  5.1010559924106169E-001                  4.6989635865957341E-001                  1.9998042099364843E-002                  4.5925175940523900E+001                  1.2071418613214109E+002                  5.2373981363886782E-037 
                                     913                  3.9037323993634784E-002                 -1.0310215778012473E+000                  7.2965736195568285E+000                  1.8167175716801074E+000                  1.7173088045950351E+001                  5.1010559924076082E-001                  4.6989635865988638E-001                  1.9998042099352853E-002                  4.8960131901434622E+001                  1.3204514079857657E+002                  6.5762366339564375E-037 
                                     914                  3.5237502973384169E-002                 -1.0464702666321224E+000                  7.2986471514493116E+000                  1.8198831447726993E+000                  1.7178343821913266E+001                  5.1010559924045751E-001                  4.6989635866020246E-001                  1.9998042099339974E-002                  5.2211727944550724E+001                  1.4440150022471710E+002                  8.2511531725298846E-037 
                                     915                  3.1552264547361021E-002                 -1.0630849182533479E+000                  7.3007172865596495E+000                  1.8230438136220986E+000                  1.7183591307412428E+001                  5.1010559924015220E-001                  4.6989635866052110E-001                  1.9998042099326652E-002                  5.5695212614629440E+001                  1.5787249504049169E+002                  1.0344949292686978E-036 
                                     916                  2.7988516932030378E-002                 -1.0810575774069078E+000                  7.3027840165928559E+000                  1.8261990204331369E+000                  1.7188830486772659E+001                  5.1010559923984555E-001                  4.6989635866084167E-001                  1.9998042099312774E-002                  5.9426743308611002E+001                  1.7255449872416483E+002                  1.2960391112247218E-036 
                                     917                  2.4553963536548040E-002                 -1.1006320101767650E+000                  7.3048473193136205E+000                  1.8293474795360387E+000                  1.7194061309432154E+001                  5.1010559923953824E-001                  4.6989635866116336E-001                  1.9998042099298452E-002                  6.3423380113644839E+001                  1.8855137332112940E+002                  1.6224871543157328E-036 
                                     918                  2.1257279810197455E-002                 -1.1221241479471507E+000                  7.3069071524918741E+000                  1.8324879923512625E+000                  1.7199283674872927E+001                  5.1010559923923005E-001                  4.6989635866148649E-001                  1.9998042099283464E-002                  6.7703216629592291E+001                  2.0597524149548025E+002                  2.0296192302563286E-036 
                                     919                  1.8108352355697910E-002                 -1.1459536818472691E+000                  7.3084774261475660E+000                  1.8348831581485148E+000                  1.7203268523708932E+001                  5.1010559923898235E-001                  4.6989635866174667E-001                  1.9998042099270918E-002                  7.1173881450916738E+001                  2.2031523943165837E+002                  2.4067633425563709E-036 
                                     920                  1.6572147851106920E-002                 -1.1591002341292915E+000                  7.3100045730763350E+000                  1.8372031611984214E+000                  1.7207137114240851E+001                  5.1010559923873411E-001                  4.6989635866200752E-001                  1.9998042099258373E-002                  7.4730416927626294E+001                  2.3519780215545433E+002                  2.8399496758536400E-036 
                                     921                  1.3665076251390251E-002                 -1.1876417271569464E+000                  7.3120577762231020E+000                  1.8403230653428180E+000                  1.7212343564871642E+001                  5.1010559923838106E-001                  4.6989635866237928E-001                  1.9998042099239610E-002                  7.9813181771891109E+001                  2.5677820126356721E+002                  3.5465911562960261E-036 
                                     922                  1.0937954532569317E-002                 -1.2204857180433957E+000                  7.3141078070738832E+000                  1.8434328423848170E+000                  1.7217542362395896E+001                  5.1010559923800636E-001                  4.6989635866277440E-001                  1.9998042099219182E-002                  8.5254045828481793E+001                  2.8026483646497360E+002                  4.4258220185718682E-036 
                                     923                  8.4085904985312376E-003                 -1.2591751559094844E+000                  7.3161546801922537E+000                  1.8465321231777034E+000                  1.7222733580787665E+001                  5.1010559923760701E-001                  4.6989635866319646E-001                  1.9998042099196534E-002                  9.1077254795908317E+001                  3.0581921354851858E+002                  5.5189967982943110E-036 
                                     924                  6.0994400202234924E-003                 -1.3062719744769913E+000                  7.3181984129034010E+000                  1.8496207037574384E+000                  1.7227917330594849E+001                  5.1010559923717835E-001                  4.6989635866365026E-001                  1.9998042099171442E-002                  9.7308604698850544E+001                  3.3361607157629726E+002                  6.8771938565379177E-036 
                                     925                  4.0402124051638318E-003                 -1.3665223072060617E+000                  7.3197686866642391E+000                  1.8519930589702029E+000                  1.7231903987874617E+001                  5.1010559923682075E-001                  4.6989635866402935E-001                  1.9998042099149904E-002                  1.0239866398761374E+002                  3.5664984308144818E+002                  8.1417912301602541E-036 
                                     926                  3.1566879272531883E-003                 -1.4025397991180362E+000                  7.3211939469642013E+000                  1.8541363781053533E+000                  1.7235515960680061E+001                  5.1010559923648102E-001                  4.6989635866439000E-001                  1.9998042099129032E-002                  1.0725679600126422E+002                  3.7889918392890468E+002                  9.4876535100282545E-036 
                                     927                  1.5696782097827790E-003                 -1.5043117218311843E+000                  7.3228533779271965E+000                  1.8566357220769223E+000                  1.7239729397218394E+001                  5.1010559923603760E-001                  4.6989635866486157E-001                  1.9998042099100832E-002                  1.1321774689731836E+002                  4.0653430971281796E+002                  1.1335155640279996E-035 
                                     928                  8.6619297022301272E-004                 -1.5907194230688504E+000                  7.3238452863300978E+000                  1.8581258721348664E+000                  1.7242246241322178E+001                  5.1010559923574850E-001                  4.6989635866516949E-001                  1.9998042099081959E-002                  1.1694302811648465E+002                  4.2398712288898901E+002                  1.2605432838970080E-035 
                                     929                  4.4227721665286501E-004                 -1.6882816450487994E+000                  7.3245434392245823E+000                  1.8591737643887638E+000                  1.7244017710778561E+001                  5.1010559923552579E-001                  4.6989635866540674E-001                  1.9998042099067526E-002                  1.1964075041421633E+002                  4.3671063641951423E+002                  1.3583224454811275E-035 
                                     930                  2.3031933986779118E-004                 -1.7828951504655077E+000                  7.3249765888796610E+000                  1.8598233542991618E+000                  1.7245116611690971E+001                  5.1010559923537580E-001                  4.6989635866556667E-001                  1.9998042099057534E-002                  1.2134660873682112E+002                  4.4479224464760648E+002                  1.4227298421538713E-035 
                                     931                  1.2434040147525429E-004                 -1.8722322782798113E+000                  7.3252422888503581E+000                  1.8602216143400438E+000                  1.7245790631281793E+001                  5.1010559923527676E-001                  4.6989635866567231E-001                  1.9998042099050872E-002                  1.2240536844251285E+002                  4.4982208338351444E+002                  1.4637274813542997E-035 
                                     932                  7.1350932278883893E-005                 -1.9526956210089228E+000                  7.3254020560898168E+000                  1.8604610142382469E+000                  1.7246195900543409E+001                  5.1010559923521304E-001                  4.6989635866574020E-001                  1.9998042099046764E-002                  1.2304657626023929E+002                  4.5287340032421048E+002                  1.4889414783004254E-035 
                                     933                  4.4856197680800628E-005                 -2.0199228385274384E+000                  7.3254952707856837E+000                  1.8606006628291603E+000                  1.7246432342475412E+001                  5.1010559923517385E-001                  4.6989635866578200E-001                  1.9998042099044211E-002                  1.2342227659696080E+002                  4.5466303895236149E+002                  1.5038508182395227E-035 
                                     934                  3.1608830381758993E-005                 -2.0706139685713905E+000                  7.3255650875990312E+000                  1.8607052398176076E+000                  1.7246609425515530E+001                  5.1010559923514331E-001                  4.6989635866581453E-001                  1.9998042099042213E-002                  1.2370444252726966E+002                  4.5600799894631223E+002                  1.5151145894432349E-035 
                                     935                  1.8361463082717357E-005                 -2.1492708663888869E+000                  7.3256359034241250E+000                  1.8608113098600354E+000                  1.7246789046864656E+001                  5.1010559923511045E-001                  4.6989635866584972E-001                  1.9998042099039770E-002                  1.2399132546926053E+002                  4.5737620278891694E+002                  1.5266250513955263E-035 
                                     936                  9.1807315420211482E-006                 -2.2496341557167505E+000                  7.3256906762855785E+000                  1.8608933464761941E+000                  1.7246927977469635E+001                  5.1010559923508281E-001                  4.6989635866587914E-001                  1.9998042099037994E-002                  1.2421368644721254E+002                  4.5843721479185149E+002                  1.5355873457652702E-035 
                                     937                  4.5903657704500221E-006                 -2.3499900553243265E+000                  7.3257251764026998E+000                  1.8609450160296446E+000                  1.7247015485581954E+001                  5.1010559923506404E-001                  4.6989635866589913E-001                  1.9998042099036883E-002                  1.2435395658951334E+002                  4.5910676101509125E+002                  1.5412592463473429E-035 
                                     938                  2.2951828845625411E-006                 -2.4503412988148199E+000                  7.3257469082792310E+000                  1.8609775617308024E+000                  1.7247070607203334E+001                  5.1010559923505139E-001                  4.6989635866591273E-001                  1.9998042099035884E-002                  1.2444239730825203E+002                  4.5952900586994474E+002                  1.5448426794412695E-035 
                                     939                  1.1475914417207190E-006                 -2.5506896050664691E+000                  7.3257605977741340E+000                  1.8609980626181661E+000                  1.7247105329648072E+001                  5.1010559923504273E-001                  4.6989635866592200E-001                  1.9998042099035329E-002                  1.2449814166826991E+002                  4.5979518501073500E+002                  1.5471042213952469E-035 
                                     940                  5.7379572029980790E-007                 -2.6510360519487555E+000                  7.3257692213245980E+000                  1.8610109767230951E+000                  1.7247127202619883E+001                  5.1010559923503673E-001                  4.6989635866592833E-001                  1.9998042099034885E-002                  1.2453327039577825E+002                  4.5996293941860353E+002                  1.5485305409372799E-035 
                                     941                  2.8689785958935231E-007                 -2.7513813090822681E+000                  7.3257746537036628E+000                  1.8610191118407471E+000                  1.7247140981407473E+001                  5.1010559923503196E-001                  4.6989635866593343E-001                  1.9998042099034663E-002                  1.2455540484733808E+002                  4.6006864664326559E+002                  1.5494297160289773E-035 
                                     942                  1.4344892918316533E-007                 -2.8517257797902009E+000                  7.3257792165449676E+000                  1.8610259447334974E+000                  1.7247152554647325E+001                  5.1010559923502841E-001                  4.6989635866593737E-001                  1.9998042099034219E-002                  1.2457399945178526E+002                  4.6015745216930463E+002                  1.5501853639658441E-035 
