                                       1                                        2                                        3                                        4                                        5                                        6                                        7                                        8                                        9                                       10                                       11                                       12                                       13                                       14                                       15                                       16                                       17                                       18                                       19                                       20                                       21                                       22                                       23                                       24                                       25                                       26                                       27                                       28                                       29                                       30                                       31                                       32                                       33                                       34                                       35                                       36                                       37                                       38                                       39                                       40                                       41                                       42                                       43                                       44                                       45                                       46                                       47                                       48                                       49 
                            model_number                                num_zones                             initial_mass                                initial_z                                 star_age                                time_step                                     Teff                            photosphere_L                            photosphere_r                               center_eta                                center_h1                               center_he3                               center_he4                               center_c12                               center_n14                               center_o16                              center_ne20                                star_mass                                star_mdot                             star_mass_h1                            star_mass_he3                            star_mass_he4                            star_mass_c12                            star_mass_n14                            star_mass_o16                           star_mass_ne20                             he_core_mass                             co_core_mass                             fe_core_mass                   neutron_rich_core_mass                             dynamic_time                             kh_timescale                            nuc_timescale                           power_nuc_burn                             power_h_burn                            power_he_burn                                power_neu                                burn_min1                                burn_min2                             time_seconds                           version_number                                 compiler                                    build                         MESA_SDK_version                             math_backend                                     date                                     msun                                     rsun                                     lsun 
                                    1950                                     1703                  1.0000000000000000E+000                  2.0000000000000000E-002                  9.9086779985136712E+008                  6.7797612787193655E+000                  5.4395950650341110E+003                  1.5674639513886552E+000                  1.4096743564332079E+000                 -1.6635044296436226E+000                  6.2462102440267109E-001                  3.2381590396811145E-005                  3.5477832278365962E-001                  1.5594772082813837E-005                  5.0387842939932700E-003                  9.3516459040823962E-003                  2.0850244238692253E-003                  1.5479956395313235E+000                  4.9999999999999996E-005                  1.0721551428180174E+000                  6.5041613286798475E-004                  4.4403520074665032E-001                  4.1632300575576838E-003                  2.9351409741166313E-003                  1.4517378472550815E-002                  3.2276087164746971E-003                  0.0000000000000000E+000                  0.0000000000000000E+000                  0.0000000000000000E+000                  0.0000000000000000E+000                  1.3463264843964253E+004                  2.5539007346300647E+007                  9.8757973869824295E+009                  9.8815336169361334E+000                  9.8815336169361245E+000                  1.6249532701817004E-043                  6.7453782305716511E-002                  5.0000000000000000E+001                  1.0000000000000000E+003                  3.1269409680589504E+016                                "r26.4.1"                               "gfortran"                                 "15.2.0"                    "x86_64-linux-26.3.2"                                 "CRMATH"                               "20260610"                  1.9884098706980504E+033                  6.9570000000000000E+010                  3.8280000000000003E+033 

                                       1                                        2                                        3                                        4                                        5                                        6                                        7                                        8                                        9                                       10                                       11                                       12 
                                    zone                                     mass                                     logR                                     logT                                   logRho                                     logP                        x_mass_fraction_H                       y_mass_fraction_He                   z_mass_fraction_metals                                       pp                                      cno                                tri_alpha 
                                       1                  1.5479956395313235E+000                  1.4911879950791931E-001                  3.7356322011770913E+000                 -6.7856461121844145E+000                  4.7503891461910941E+000                  6.9210733400910152E-001                  2.8770074607686213E-001                  2.0191919914036349E-002                  2.3500121988002746E-026                  0.0000000000000000E+000                  0.0000000000000000E+000 
                                       2                  1.5479956395309364E+000                  1.4911862739476545E-001                  3.7358455660040004E+000                 -6.7841579251638509E+000                  4.7520909988504823E+000                  6.9210733400910152E-001                  2.8770074607686213E-001                  2.0191919914036349E-002                  2.3580818801830092E-026                  0.0000000000000000E+000                  0.0000000000000000E+000 
                                       3                  1.5479956395300656E+000                  1.4911824146415373E-001                  3.7363225140756073E+000                 -6.7808629699204443E+000                  4.7558635908294367E+000                  6.9210733400910152E-001                  2.8770074607686213E-001                  2.0191919914036349E-002                  2.3760474992751932E-026                  0.0000000000000000E+000                  0.0000000000000000E+000 
                                       4                  1.5479956395281307E+000                  1.4911739031902896E-001                  3.7372313619387945E+000                 -6.7747070059498951E+000                  4.7629297777059563E+000                  6.9210733400910152E-001                  2.8770074607686213E-001                  2.0191919914036349E-002                  2.4099802880975814E-026                  0.0000000000000000E+000                  0.0000000000000000E+000 
                                       5                  1.5479956395247445E+000                  1.4911592176753305E-001                  3.7383980888689394E+000                 -6.7670453218221258E+000                  4.7717600767231234E+000                  6.9210733400910152E-001                  2.8770074607686213E-001                  2.0191919914036349E-002                  2.4528906930393166E-026                  0.0000000000000000E+000                  0.0000000000000000E+000 
                                       6                  1.5479956395213581E+000                  1.4911447888205234E-001                  3.7395744855436965E+000                 -6.7595693057541899E+000                  4.7804145194038634E+000                  6.9210733400910152E-001                  2.8770074607686213E-001                  2.0191919914036349E-002                  2.4954977623607547E-026                  0.0000000000000000E+000                  0.0000000000000000E+000 
                                       7                  1.5479956395179719E+000                  1.4911306060806159E-001                  3.7404855229541205E+000                 -6.7539516603306042E+000                  4.7869448611567007E+000                  6.9210733400910152E-001                  2.8770074607686213E-001                  2.0191919914036349E-002                  2.5280000676724541E-026                  0.0000000000000000E+000                  0.0000000000000000E+000 
                                       8                  1.5479956395161580E+000                  1.4911231057747634E-001                  3.7414425082044369E+000                 -6.7481798767799583E+000                  4.7936754374946950E+000                  6.9210733400910152E-001                  2.8770074607686213E-001                  2.0191919914036349E-002                  2.5618352240540241E-026                  0.0000000000000000E+000                  0.0000000000000000E+000 
                                       9                  1.5479956395125298E+000                  1.4911083030886171E-001                  3.7424087555627432E+000                 -6.7425200857841583E+000                  4.8003033847729952E+000                  6.9210733400910152E-001                  2.8770074607686213E-001                  2.0191919914036349E-002                  2.5954536729840211E-026                  0.0000000000000000E+000                  0.0000000000000000E+000 
                                      10                  1.5479956395107157E+000                  1.4911009975193920E-001                  3.7433786248291376E+000                 -6.7369635752801376E+000                  4.8068317424506262E+000                  6.9210733400910152E-001                  2.8770074607686213E-001                  2.0191919914036349E-002                  2.6288878684078215E-026                  0.0000000000000000E+000                  0.0000000000000000E+000 
                                      11                  1.5479956395070875E+000                  1.4910865720216945E-001                  3.7446841227964613E+000                 -6.7297171662911159E+000                  4.8153864268904343E+000                  6.9210733400910152E-001                  2.8770074607686213E-001                  2.0191919914036349E-002                  2.6731384565403554E-026                  0.0000000000000000E+000                  0.0000000000000000E+000 
                                      12                  1.5479956395034595E+000                  1.4910723850831215E-001                  3.7457823962206547E+000                 -6.7238153873369182E+000                  4.8223889113746994E+000                  6.9210733400910152E-001                  2.8770074607686213E-001                  2.0191919914036349E-002                  2.7097278832842524E-026                  0.0000000000000000E+000                  0.0000000000000000E+000 
                                      13                  1.5479956395010406E+000                  1.4910630547064124E-001                  3.7471076787727768E+000                 -6.7168870143999024E+000                  4.8306455963065522E+000                  6.9210733400910152E-001                  2.8770074607686213E-001                  2.0191919914036349E-002                  2.7533216364678530E-026                  0.0000000000000000E+000                  0.0000000000000000E+000 
                                      14                  1.5479956394962036E+000                  1.4910446891134485E-001                  3.7484516523762861E+000                 -6.7101314209391951E+000                  4.8387483674430056E+000                  6.9210733400910152E-001                  2.8770074607686213E-001                  2.0191919914036349E-002                  2.7965036174946616E-026                  0.0000000000000000E+000                  0.0000000000000000E+000 
                                      15                  1.5479956394937844E+000                  1.4910356479675532E-001                  3.7493531542599770E+000                 -6.7057160235286020E+000                  4.8440674725991304E+000                  6.9210733400910152E-001                  2.8770074607686213E-001                  2.0191919914036349E-002                  2.8250923807986655E-026                  0.0000000000000000E+000                  0.0000000000000000E+000 
                                      16                  1.5479956394913656E+000                  1.4910266982201525E-001                  3.7502608830822082E+000                 -6.7013712339118827E+000                  4.8493222615047635E+000                  6.9210733400910152E-001                  2.8770074607686213E-001                  2.0191919914036349E-002                  2.8535093097508016E-026                  0.0000000000000000E+000                  0.0000000000000000E+000 
                                      17                  1.5479956394889469E+000                  1.4910178375073480E-001                  3.7516315007041405E+000                 -6.6949804413433727E+000                  4.8570871833140981E+000                  6.9210733400910152E-001                  2.8770074607686213E-001                  2.0191919914036349E-002                  2.8958284119024832E-026                  0.0000000000000000E+000                  0.0000000000000000E+000 
                                      18                  1.5479956394841095E+000                  1.4910003747905234E-001                  3.7530239237170395E+000                 -6.6887479125826008E+000                  4.8647158297836945E+000                  6.9210733400910152E-001                  2.8770074607686213E-001                  2.0191919914036349E-002                  2.9377040604570789E-026                  0.0000000000000000E+000                  0.0000000000000000E+000 
                                      19                  1.5479956394816907E+000                  1.4909917677628823E-001                  3.7544255434408651E+000                 -6.6826563294503121E+000                  4.8722128432845384E+000                  6.9210733400910152E-001                  2.8770074607686213E-001                  2.0191919914036349E-002                  2.9792179393739334E-026                  0.0000000000000000E+000                  0.0000000000000000E+000 
                                      20                  1.5479956394768535E+000                  1.4909747933231796E-001                  3.7558511738514553E+000                 -6.6767160593797747E+000                  4.8795827468550694E+000                  6.9210733400910152E-001                  2.8770074607686213E-001                  2.0191919914036349E-002                  3.0202656564411636E-026                  0.0000000000000000E+000                  0.0000000000000000E+000 
                                      21                  1.5479956394744347E+000                  1.4909664213277402E-001                  3.7572870328216013E+000                 -6.6709090651024834E+000                  4.8868297239115996E+000                  6.9210733400910152E-001                  2.8770074607686213E-001                  2.0191919914036349E-002                  3.0609391576206574E-026                  0.0000000000000000E+000                  0.0000000000000000E+000 
                                      22                  1.5479956394695973E+000                  1.4909498995901774E-001                  3.7587492684682613E+000                 -6.6652474914399171E+000                  4.8939578619513151E+000                  6.9210733400910152E-001                  2.8770074607686213E-001                  2.0191919914036349E-002                  3.1011214991027410E-026                  0.0000000000000000E+000                  0.0000000000000000E+000 
                                      23                  1.5479956394671786E+000                  1.4909417456438048E-001                  3.7597321352628863E+000                 -6.6615453757725867E+000                  4.8986458103970847E+000                  6.9210733400910152E-001                  2.8770074607686213E-001                  2.0191919914036349E-002                  3.1276816940885890E-026                  0.0000000000000000E+000                  0.0000000000000000E+000 
                                      24                  1.5479956394647594E+000                  1.4909336608644588E-001                  3.7612190828768410E+000                 -6.6560984604513553E+000                  4.9055842468845965E+000                  6.9210733400910152E-001                  2.8770074607686213E-001                  2.0191919914036349E-002                  3.1671738651593199E-026                  0.0000000000000000E+000                  0.0000000000000000E+000 
                                      25                  1.5479956394599224E+000                  1.4909176927050505E-001                  3.7629882365251577E+000                 -6.6499159245455424E+000                  4.9135415421283017E+000                  6.9210733400910152E-001                  2.8770074607686213E-001                  2.0191919914036349E-002                  3.2126042582722117E-026                  0.0000000000000000E+000                  0.0000000000000000E+000 
                                      26                  1.5479956394562941E+000                  1.4909058857542518E-001                  3.7645263502747341E+000                 -6.6447525782321701E+000                  4.9202480013447065E+000                  6.9210733400910152E-001                  2.8770074607686213E-001                  2.0191919914036349E-002                  3.2510445589272038E-026                  0.0000000000000000E+000                  0.0000000000000000E+000 
                                      27                  1.5479956394526659E+000                  1.4908942182510682E-001                  3.7660877104506114E+000                 -6.6397145971063676E+000                  4.9268525415052702E+000                  6.9210733400910152E-001                  2.8770074607686213E-001                  2.0191919914036349E-002                  3.2889949342287488E-026                  0.0000000000000000E+000                  0.0000000000000000E+000 
                                      28                  1.5479956394490377E+000                  1.4908826852208970E-001                  3.7674094339405815E+000                 -6.6356126842973699E+000                  4.9322806806391233E+000                  6.9210733400910152E-001                  2.8770074607686213E-001                  2.0191919914036349E-002                  3.3202210683716246E-026                  0.0000000000000000E+000                  0.0000000000000000E+000 
                                      29                  1.5479956394466190E+000                  1.4908750687615846E-001                  3.7692107236059602E+000                 -6.6301981879551883E+000                  4.9395027310255166E+000                  6.9210733400910152E-001                  2.8770074607686213E-001                  2.0191919914036349E-002                  3.3618938552682306E-026                  0.0000000000000000E+000                  0.0000000000000000E+000 
                                      30                  1.5479956394408743E+000                  1.4908572036362161E-001                  3.7711992650224699E+000                 -6.6245682117624805E+000                  4.9471283914770598E+000                  6.9210733400910152E-001                  2.8770074607686213E-001                  2.0191919914036349E-002                  3.4057799899870466E-026                  0.0000000000000000E+000                  0.0000000000000000E+000 
                                      31                  1.5479956394378509E+000                  1.4908479219568554E-001                  3.7725889257313803E+000                 -6.6207808044360794E+000                  4.9523105686584357E+000                  6.9210733400910152E-001                  2.8770074607686213E-001                  2.0191919914036349E-002                  3.4356250939344108E-026                  0.0000000000000000E+000                  0.0000000000000000E+000 
                                      32                  1.5479956394348278E+000                  1.4908387208107191E-001                  3.7739986400569485E+000                 -6.6170746973961547E+000                  4.9574316815942510E+000                  6.9210733400910152E-001                  2.8770074607686213E-001                  2.0191919914036349E-002                  3.4650827619312768E-026                  0.0000000000000000E+000                  0.0000000000000000E+000 
                                      33                  1.5479956394318042E+000                  1.4908295977919250E-001                  3.7761428225581701E+000                 -6.6116568735803067E+000                  4.9650019380956500E+000                  6.9210733400910152E-001                  2.8770074607686213E-001                  2.0191919914036349E-002                  3.5086010658226874E-026                  0.0000000000000000E+000                  0.0000000000000000E+000 
                                      34                  1.5479956394257575E+000                  1.4908115777908754E-001                  3.7787243254118446E+000                 -6.6055802015527503E+000                  4.9736704291970035E+000                  6.9210733400910152E-001                  2.8770074607686213E-001                  2.0191919914036349E-002                  3.5580622973184568E-026                  0.0000000000000000E+000                  0.0000000000000000E+000 
                                      35                  1.5479956394212222E+000                  1.4907982504315878E-001                  3.7806115443203465E+000                 -6.6013876150895099E+000                  4.9797580334124101E+000                  6.9210733400910152E-001                  2.8770074607686213E-001                  2.0191919914036349E-002                  3.5925939675105349E-026                  0.0000000000000000E+000                  0.0000000000000000E+000 
                                      36                  1.5479956394181991E+000                  1.4907894508184316E-001                  3.7829099028986231E+000                 -6.5965014558253987E+000                  4.9869523378294307E+000                  6.9210733400910152E-001                  2.8770074607686213E-001                  2.0191919914036349E-002                  3.6332613673553563E-026                  0.0000000000000000E+000                  0.0000000000000000E+000 
                                      37                  1.5479956394121521E+000                  1.4907720483303075E-001                  3.7860815503216525E+000                 -6.5902763891715805E+000                  4.9963631781493891E+000                  6.9210733400910152E-001                  2.8770074607686213E-001                  2.0191919914036349E-002                  3.6857401605533047E-026                  0.0000000000000000E+000                  0.0000000000000000E+000 
                                      38                  1.5479956394061054E+000                  1.4907548933010464E-001                  3.7893660231940873E+000                 -6.5843649118611767E+000                  5.0055745542455217E+000                  6.9210733400910152E-001                  2.8770074607686213E-001                  2.0191919914036349E-002                  3.7362770105949552E-026                  0.0000000000000000E+000                  0.0000000000000000E+000 
                                      39                  1.5479956394000585E+000                  1.4907379699993212E-001                  3.7919297237296470E+000                 -6.5806979682766835E+000                  5.0123572019852558E+000                  6.9337350477334903E-001                  2.8644921378567167E-001                  2.0177281440979300E-002                  3.7817737768270771E-026                  0.0000000000000000E+000                  0.0000000000000000E+000 
                                      40                  1.5479956393970353E+000                  1.4907295794198397E-001                  3.7936721686249033E+000                 -6.5779856989331327E+000                  5.0168208579066755E+000                  6.9337350478716364E-001                  2.8644921377201688E-001                  2.0177281440819428E-002                  3.8054774025164325E-026                  0.0000000000000000E+000                  0.0000000000000000E+000 
                                      41                  1.5479956393940117E+000                  1.4907212410299928E-001                  3.7963363032830286E+000                 -6.5740533645745858E+000                  5.0234315336796014E+000                  6.9337350480009241E-001                  2.8644921375923749E-001                  2.0177281440670103E-002                  3.8401078361270047E-026                  0.0000000000000000E+000                  0.0000000000000000E+000 
                                      42                  1.5479956393879648E+000                  1.4907047144273136E-001                  3.7991202430909268E+000                 -6.5703412902472635E+000                  5.0299431893421902E+000                  6.9337350480953264E-001                  2.8644921374990645E-001                  2.0177281440560968E-002                  3.8730877124677855E-026                  0.0000000000000000E+000                  0.0000000000000000E+000 
                                      43                  1.5479956393849417E+000                  1.4906965213844825E-001                  3.8019599484935118E+000                 -6.5667822675959941E+000                  5.0363587001394121E+000                  6.9337350481797644E-001                  2.8644921374156024E-001                  2.0177281440463268E-002                  3.9049738013279539E-026                  0.0000000000000000E+000                  0.0000000000000000E+000 
                                      44                  1.5479956393788947E+000                  1.4906802688960985E-001                  3.8049395136986162E+000                 -6.5634582938219435E+000                  5.0426809112599722E+000                  6.9337350482490723E-001                  2.8644921373470955E-001                  2.0177281440383221E-002                  3.9349911269643047E-026                  0.0000000000000000E+000                  0.0000000000000000E+000 
                                      45                  1.5479956393758716E+000                  1.4906722045428750E-001                  3.8069704087311180E+000                 -6.5613382756516971E+000                  5.0468451909109513E+000                  6.9337350482913362E-001                  2.8644921373053206E-001                  2.0177281440334260E-002                  3.9542564987020859E-026                  0.0000000000000000E+000                  0.0000000000000000E+000 
                                      46                  1.5479956393728480E+000                  1.4906641794154374E-001                  3.8090498130364545E+000                 -6.5593071946189347E+000                  5.0509699501953218E+000                  6.9337350483301352E-001                  2.8644921372669702E-001                  2.0177281440289407E-002                  3.9728021517935299E-026                  0.0000000000000000E+000                  0.0000000000000000E+000 
                                      47                  1.5479956393698246E+000                  1.4906561916876129E-001                  3.8111785872461148E+000                 -6.5573652535669584E+000                  5.0550559323324986E+000                  6.9337350483659244E-001                  2.8644921372315946E-001                  2.0177281440248107E-002                  3.9906152267125202E-026                  0.0000000000000000E+000                  0.0000000000000000E+000 
                                      48                  1.5479956393668011E+000                  1.4906482395532702E-001                  3.8144426678247654E+000                 -6.5545962693908306E+000                  5.0611137622890912E+000                  6.9337350484156512E-001                  2.8644921371824428E-001                  2.0177281440190598E-002                  4.0161528771624330E-026                  0.0000000000000000E+000                  0.0000000000000000E+000 
                                      49                  1.5479956393607543E+000                  1.4906324362351187E-001                  3.8178621235259498E+000                 -6.5520690568793007E+000                  5.0670883410612211E+000                  6.9337350484590154E-001                  2.8644921371395793E-001                  2.0177281440140526E-002                  4.0396033824126426E-026                  0.0000000000000000E+000                  0.0000000000000000E+000 
                                      50                  1.5479956393577310E+000                  1.4906245803590329E-001                  3.8201853004792135E+000                 -6.5504744924162273E+000                  5.0710262427660124E+000                  6.9337350484862303E-001                  2.8644921371126797E-001                  2.0177281440108996E-002                  4.0544700832859195E-026                  0.0000000000000000E+000                  0.0000000000000000E+000 
                                      51                  1.5479956393547074E+000                  1.4906167532314771E-001                  3.8225530045575753E+000                 -6.5489612778459136E+000                  5.0749287867449357E+000                  6.9337350485119664E-001                  2.8644921370872412E-001                  2.0177281440079242E-002                  4.0686289365819574E-026                  0.0000000000000000E+000                  0.0000000000000000E+000 
                                      52                  1.5479956393516843E+000                  1.4906089532864614E-001                  3.8249623038689120E+000                 -6.5475259627532374E+000                  5.0787966024447924E+000                  6.9337350485364235E-001                  2.8644921370630660E-001                  2.0177281440051043E-002                  4.0821046008844885E-026                  0.0000000000000000E+000                  0.0000000000000000E+000 
                                      53                  1.5479956393486607E+000                  1.4906011790353718E-001                  3.8274097112861711E+000                 -6.5461645599315386E+000                  5.0826303026561828E+000                  6.9337350485597782E-001                  2.8644921370399823E-001                  2.0177281440023953E-002                  4.0949275814222801E-026                  0.0000000000000000E+000                  0.0000000000000000E+000 
                                      54                  1.5479956393456373E+000                  1.4905934290748893E-001                  3.8298912684180930E+000                 -6.5448726250923528E+000                  5.0864304840954651E+000                  6.9337350485821780E-001                  2.8644921370178411E-001                  2.0177281439998085E-002                  4.1071335039825419E-026                  0.0000000000000000E+000                  0.0000000000000000E+000 
                                      55                  1.5479956393426142E+000                  1.4905857020933430E-001                  3.8336534813779939E+000                 -6.5430396087571490E+000                  5.0920691658748600E+000                  6.9337350486145266E-001                  2.8644921369858672E-001                  2.0177281439960559E-002                  4.1245139200326979E-026                  0.0000000000000000E+000                  0.0000000000000000E+000 
                                      56                  1.5479956393365673E+000                  1.4905703130960965E-001                  3.8387698445741423E+000                 -6.5408152068814509E+000                  5.0994754062725711E+000                  6.9337350486549632E-001                  2.8644921369458981E-001                  2.0177281439913930E-002                  4.1457042393720908E-026                  0.0000000000000000E+000                  0.0000000000000000E+000 
                                      57                  1.5479956393305205E+000                  1.4905550025555142E-001                  3.8426508174148397E+000                 -6.5392782094324700E+000                  5.1049484377381411E+000                  6.9337350486838256E-001                  2.8644921369173693E-001                  2.0177281439880512E-002                  4.1604097222829095E-026                  0.0000000000000000E+000                  0.0000000000000000E+000 
                                      58                  1.5479956393274970E+000                  1.4905473742694433E-001                  3.8452395553924035E+000                 -6.5382957395460064E+000                  5.1085592047075794E+000                  6.9337350487026750E-001                  2.8644921368987369E-001                  2.0177281439858863E-002                  4.1698369926001345E-026                  0.0000000000000000E+000                  0.0000000000000000E+000 
                                      59                  1.5479956393244736E+000                  1.4905397631806477E-001                  3.8491185474381453E+000                 -6.5368781251073669E+000                  5.1139197209562370E+000                  6.9337350487304217E-001                  2.8644921368713117E-001                  2.0177281439826666E-002                  4.1834773549491367E-026                  0.0000000000000000E+000                  0.0000000000000000E+000 
                                      60                  1.5479956393184269E+000                  1.4905245904905534E-001                  3.8529897029268230E+000                 -6.5355238579644803E+000                  5.1192149515724461E+000                  6.9337350487573546E-001                  2.8644921368446896E-001                  2.0177281439795580E-002                  4.1965498689050656E-026                  0.0000000000000000E+000                  0.0000000000000000E+000 
                                      61                  1.5479956393154035E+000                  1.4905170277058935E-001                  3.8555531450280904E+000                 -6.5346424509590415E+000                  5.1227095978621087E+000                  6.9337350487751082E-001                  2.8644921368271414E-001                  2.0177281439775041E-002                  4.2050798853671917E-026                  0.0000000000000000E+000                  0.0000000000000000E+000 
                                      62                  1.5479956393123799E+000                  1.4905094802150351E-001                  3.8593668867375932E+000                 -6.5333461035973714E+000                  5.1278994364229344E+000                  6.9337350488014715E-001                  2.8644921368010823E-001                  2.0177281439744621E-002                  4.2176571027060934E-026                  0.0000000000000000E+000                  0.0000000000000000E+000 
                                      63                  1.5479956393063332E+000                  1.4904944301065148E-001                  3.8643669699018175E+000                 -6.5316370458208590E+000                  5.1347242282010850E+000                  6.9337350488361171E-001                  2.8644921367668380E-001                  2.0177281439704542E-002                  4.2342959757541796E-026                  0.0000000000000000E+000                  0.0000000000000000E+000 
                                      64                  1.5479956393002863E+000                  1.4904794389519765E-001                  3.8680325296743900E+000                 -6.5303469680014183E+000                  5.1397734180221928E+000                  6.9337350488619243E-001                  2.8644921367413284E-001                  2.0177281439674788E-002                  4.2468992585837956E-026                  0.0000000000000000E+000                  0.0000000000000000E+000 
                                      65                  1.5479956392972631E+000                  1.4904719655494092E-001                  3.8704390638126034E+000                 -6.5294854798029380E+000                  5.1431072468605663E+000                  6.9337350488791072E-001                  2.8644921367243442E-001                  2.0177281439654804E-002                  4.2553363671344126E-026                  0.0000000000000000E+000                  0.0000000000000000E+000 
                                      66                  1.5479956392942398E+000                  1.4904645069182873E-001                  3.8739903873924972E+000                 -6.5281874302699388E+000                  5.1480605248347526E+000                  6.9337350489048732E-001                  2.8644921366988763E-001                  2.0177281439625050E-002                  4.2680806754376435E-026                  0.0000000000000000E+000                  0.0000000000000000E+000 
                                      67                  1.5479956392881926E+000                  1.4904496340605300E-001                  3.8785791531458309E+000                 -6.5264054537174010E+000                  5.1545783113751513E+000                  6.9337350489393390E-001                  2.8644921366648102E-001                  2.0177281439585082E-002                  4.2856384045942872E-026                  0.0000000000000000E+000                  0.0000000000000000E+000 
                                      68                  1.5479956392821461E+000                  1.4904348219515004E-001                  3.8830071867240195E+000                 -6.5245686733758559E+000                  5.1609998120753549E+000                  6.9337350489740701E-001                  2.8644921366304804E-001                  2.0177281439544892E-002                  4.3038117295736063E-026                  0.0000000000000000E+000                  0.0000000000000000E+000 
                                      69                  1.5479956392760992E+000                  1.4904200722050640E-001                  3.8872715948918231E+000                 -6.5226709478168718E+000                  5.1673278312831199E+000                  6.9337350490091842E-001                  2.8644921365957710E-001                  2.0177281439504480E-002                  4.3226690209889242E-026                  0.0000000000000000E+000                  0.0000000000000000E+000 
                                      70                  1.5479956392700525E+000                  1.4904053866202877E-001                  3.8913732606008953E+000                 -6.5207100471519794E+000                  5.1735650525665431E+000                  6.9337350490447724E-001                  2.8644921365605946E-001                  2.0177281439463290E-002                  4.3422408921731436E-026                  0.0000000000000000E+000                  0.0000000000000000E+000 
                                      71                  1.5479956392640057E+000                  1.4903907670455774E-001                  3.8953156595989071E+000                 -6.5186863790182921E+000                  5.1797140455518846E+000                  6.9337350490808991E-001                  2.8644921365248860E-001                  2.0177281439421435E-002                  4.3625321945106081E-026                  0.0000000000000000E+000                  0.0000000000000000E+000 
                                      72                  1.5479956392579588E+000                  1.4903762152881297E-001                  3.8991039359710822E+000                 -6.5166020817585899E+000                  5.1857772722833362E+000                  6.9337350491176120E-001                  2.8644921364885978E-001                  2.0177281439379025E-002                  4.3835305803131523E-026                  0.0000000000000000E+000                  0.0000000000000000E+000 
                                      73                  1.5479956392519121E+000                  1.4903617330559923E-001                  3.9045525672583135E+000                 -6.5134135054728466E+000                  5.1947164081873911E+000                  6.9337350491736049E-001                  2.8644921364332521E-001                  2.0177281439314299E-002                  4.4158498950224318E-026                  0.0000000000000000E+000                  0.0000000000000000E+000 
                                      74                  1.5479956392398182E+000                  1.4903329800397550E-001                  3.9096088802462625E+000                 -6.5100221355757881E+000                  5.2034754831081083E+000                  6.9337350492315497E-001                  2.8644921363759773E-001                  2.0177281439247352E-002                  4.4504863312633730E-026                  0.0000000000000000E+000                  0.0000000000000000E+000 
                                      75                  1.5479956392337717E+000                  1.4903187151474800E-001                  3.9128458861057012E+000                 -6.5077330560435662E+000                  5.2092183127335012E+000                  6.9337350492708461E-001                  2.8644921363371351E-001                  2.0177281439201833E-002                  4.4740184376622520E-026                  0.0000000000000000E+000                  0.0000000000000000E+000 
                                      76                  1.5479956392277248E+000                  1.4903045251053307E-001                  3.9175115710003832E+000                 -6.5042623490527474E+000                  5.2176927430141129E+000                  6.9337350493307903E-001                  2.8644921362778836E-001                  2.0177281439132555E-002                  4.5099354924194842E-026                  0.0000000000000000E+000                  0.0000000000000000E+000 
                                      77                  1.5479956392156311E+000                  1.4902763705076716E-001                  3.9218591821073621E+000                 -6.5006406627577951E+000                  5.2260051844328315E+000                  6.9337350493927286E-001                  2.8644921362166614E-001                  2.0177281439061057E-002                  4.5477225203710366E-026                  0.0000000000000000E+000                  0.0000000000000000E+000 
                                      78                  1.5479956392095842E+000                  1.4902624099116127E-001                  3.9246506181139953E+000                 -6.4982133976591259E+000                  5.2314597877854903E+000                  6.9337350494346761E-001                  2.8644921361751985E-001                  2.0177281439012540E-002                  4.5732245841987503E-026                  0.0000000000000000E+000                  0.0000000000000000E+000 
                                      79                  1.5479956392035374E+000                  1.4902485269899712E-001                  3.9286863694493932E+000                 -6.4945574194373767E+000                  5.2395154543294744E+000                  6.9337350494985661E-001                  2.8644921361120479E-001                  2.0177281438938599E-002                  4.6119063695264593E-026                  0.0000000000000000E+000                  0.0000000000000000E+000 
                                      80                  1.5479956391914436E+000                  1.4902209935102181E-001                  3.9337194765262575E+000                 -6.4895698298353777E+000                  5.2500293118899704E+000                  6.9337350495862682E-001                  2.8644921360253600E-001                  2.0177281438837236E-002                  4.6652054862343048E-026                  0.0000000000000000E+000                  0.0000000000000000E+000 
                                      81                  1.5479956391793499E+000                  1.4901937739110316E-001                  3.9372598469749596E+000                 -6.4857628046827980E+000                  5.2577511603025604E+000                  6.9337350496538541E-001                  2.8644921359585546E-001                  2.0177281438759076E-002                  4.7063029418802011E-026                  0.0000000000000000E+000                  0.0000000000000000E+000 
                                      82                  1.5479956391733030E+000                  1.4901802827038668E-001                  3.9395433085272185E+000                 -6.4832280000643383E+000                  5.2628238859414127E+000                  6.9337350496994943E-001                  2.8644921359134423E-001                  2.0177281438706340E-002                  4.7338672064858490E-026                  0.0000000000000000E+000                  0.0000000000000000E+000 
                                      83                  1.5479956391672562E+000                  1.4901668698855397E-001                  3.9417569329842506E+000                 -6.4806839386275286E+000                  5.2678381052301280E+000                  6.9337350497457007E-001                  2.8644921358677700E-001                  2.0177281438652939E-002                  4.7616945042810242E-026                  0.0000000000000000E+000                  0.0000000000000000E+000 
                                      84                  1.5479956391612093E+000                  1.4901535352855111E-001                  3.9439042526597645E+000                 -6.4781325942826049E+000                  5.2727951527052452E+000                  6.9337350497924610E-001                  2.8644921358215508E-001                  2.0177281438598760E-002                  4.7897657910120530E-026                  0.0000000000000000E+000                  0.0000000000000000E+000 
                                      85                  1.5479956391551626E+000                  1.4901402786707055E-001                  3.9470269715105712E+000                 -6.4743175260764705E+000                  5.2801263133632155E+000                  6.9337350498634065E-001                  2.8644921357514253E-001                  2.0177281438516825E-002                  4.8320503841256654E-026                  0.0000000000000000E+000                  0.0000000000000000E+000 
                                      86                  1.5479956391430687E+000                  1.4901139969681737E-001                  3.9509617128348453E+000                 -6.4691913157027603E+000                  5.2897128006689460E+000                  6.9337350499600603E-001                  2.8644921356558894E-001                  2.0177281438405026E-002                  4.8894556517564147E-026                  0.0000000000000000E+000                  0.0000000000000000E+000 
                                      87                  1.5479956391309753E+000                  1.4900880231901986E-001                  3.9546843403805605E+000                 -6.4640638036608902E+000                  5.2990924627532605E+000                  6.9337350500586503E-001                  2.8644921355584385E-001                  2.0177281438291117E-002                  4.9475579277331108E-026                  0.0000000000000000E+000                  0.0000000000000000E+000 
                                      88                  1.5479956391188812E+000                  1.4900623538114463E-001                  3.9582139684695457E+000                 -6.4589440581068995E+000                  5.3082740379279265E+000                  6.9337350501590611E-001                  2.8644921354591890E-001                  2.0177281438174988E-002                  5.0062612593216315E-026                  0.0000000000000000E+000                  0.0000000000000000E+000 
                                      89                  1.5479956391067877E+000                  1.4900369848161471E-001                  3.9615674677564114E+000                 -6.4538395885116771E+000                  5.3172657220840822E+000                  6.9337350502611739E-001                  2.8644921353582559E-001                  2.0177281438056971E-002                  5.0654830310661141E-026                  0.0000000000000000E+000                  0.0000000000000000E+000 
                                      90                  1.5479956390946938E+000                  1.4900119118124322E-001                  3.9647597715872789E+000                 -6.4487566654984958E+000                  5.3260752126809798E+000                  6.9337350503648820E-001                  2.8644921352557479E-001                  2.0177281437937067E-002                  5.1251511438196427E-026                  0.0000000000000000E+000                  0.0000000000000000E+000 
                                      91                  1.5479956390826002E+000                  1.4899871301224163E-001                  3.9678041323617821E+000                 -6.4437005104666163E+000                  5.3347097483647641E+000                  6.9337350504700745E-001                  2.8644921351517710E-001                  2.0177281437815386E-002                  5.1852025233963788E-026                  0.0000000000000000E+000                  0.0000000000000000E+000 
                                      92                  1.5479956390705063E+000                  1.4899626348566047E-001                  3.9707123448197583E+000                 -6.4386753973574828E+000                  5.3431761447279609E+000                  6.9337350505766526E-001                  2.8644921350464253E-001                  2.0177281437692152E-002                  5.2455825607588321E-026                  0.0000000000000000E+000                  0.0000000000000000E+000 
                                      93                  1.5479956390584126E+000                  1.4899384209786021E-001                  3.9734949405226603E+000                 -6.4336848080398559E+000                  5.3514808266496754E+000                  6.9337350506845197E-001                  2.8644921349398056E-001                  2.0177281437567474E-002                  5.3062438320374025E-026                  0.0000000000000000E+000                  0.0000000000000000E+000 
                                      94                  1.5479956390463188E+000                  1.4899144833577979E-001                  3.9761613529542741E+000                 -6.4287315635261733E+000                  5.3596298576035721E+000                  6.9337350507935813E-001                  2.8644921348320046E-001                  2.0177281437441463E-002                  5.3671450022944186E-026                  0.0000000000000000E+000                  0.0000000000000000E+000 
                                      95                  1.5479956390342251E+000                  1.4898908168117908E-001                  3.9787200578233506E+000                 -6.4238179321091806E+000                  5.3676289662680734E+000                  6.9337350509037532E-001                  2.8644921347231062E-001                  2.0177281437314010E-002                  5.4282499184646266E-026                  0.0000000000000000E+000                  0.0000000000000000E+000 
                                      96                  1.5479956390221312E+000                  1.4898674161409570E-001                  3.9811786926045669E+000                 -6.4189457193698090E+000                  5.3754835707315562E+000                  6.9337350510149531E-001                  2.8644921346131924E-001                  2.0177281437185446E-002                  5.4895268482018674E-026                  0.0000000000000000E+000                  0.0000000000000000E+000 
                                      97                  1.5479956390100376E+000                  1.4898442761557634E-001                  3.9835441577268020E+000                 -6.4141163553260521E+000                  5.3831988005481550E+000                  6.9337350511271023E-001                  2.8644921345023389E-001                  2.0177281437055883E-002                  5.5509476848093184E-026                  0.0000000000000000E+000                  0.0000000000000000E+000 
                                      98                  1.5479956389979437E+000                  1.4898213916985414E-001                  3.9858227024775394E+000                 -6.4093309504417366E+000                  5.3907795168701105E+000                  6.9337350512401297E-001                  2.8644921343906193E-001                  2.0177281436925099E-002                  5.6124874849817345E-026                  0.0000000000000000E+000                  0.0000000000000000E+000 
                                      99                  1.5479956389858500E+000                  1.4897987576606522E-001                  3.9880200000891111E+000                 -6.4045903299383609E+000                  5.3982303308543074E+000                  6.9337350513539642E-001                  2.8644921342781010E-001                  2.0177281436793537E-002                  5.6741242455021091E-026                  0.0000000000000000E+000                  0.0000000000000000E+000 
                                     100                  1.5479956389737561E+000                  1.4897763689969987E-001                  3.9901412136719485E+000                 -6.3998950781978241E+000                  5.4055556205170223E+000                  6.9337350514685414E-001                  2.8644921341648477E-001                  2.0177281436661088E-002                  5.7358385195014134E-026                  0.0000000000000000E+000                  0.0000000000000000E+000 
                                     101                  1.5479956389616625E+000                  1.4897542207376205E-001                  3.9921910533501213E+000                 -6.3952455767878842E+000                  5.4127595461917952E+000                  6.9337350515838014E-001                  2.8644921340509194E-001                  2.0177281436527972E-002                  5.7976130815649837E-026                  0.0000000000000000E+000                  0.0000000000000000E+000 
                                     102                  1.5479956389495686E+000                  1.4897323079964794E-001                  3.9941738258787303E+000                 -6.3906420364669820E+000                  5.4198460647269382E+000                  6.9337350516996876E-001                  2.8644921339363738E-001                  2.0177281436393857E-002                  5.8594326427092608E-026                  0.0000000000000000E+000                  0.0000000000000000E+000 
                                     103                  1.5479956389374749E+000                  1.4897106259781528E-001                  3.9960934778601600E+000                 -6.3860845241888295E+000                  5.4268189425440028E+000                  6.9337350518161445E-001                  2.8644921338212637E-001                  2.0177281436259187E-002                  5.9212836069355158E-026                  0.0000000000000000E+000                  0.0000000000000000E+000 
                                     104                  1.5479956389253811E+000                  1.4896891699828330E-001                  3.9979536334944785E+000                 -6.3815729859410162E+000                  5.4336817676652336E+000                  6.9337350519331220E-001                  2.8644921337056389E-001                  2.0177281436123851E-002                  5.9831538625777843E-026                  0.0000000000000000E+000                  0.0000000000000000E+000 
                                     105                  1.5479956389132876E+000                  1.4896679354098896E-001                  4.0006568582559527E+000                 -6.3749149117961252E+000                  5.4437770477715945E+000                  6.9337350521092966E-001                  2.8644921335315010E-001                  2.0177281435920236E-002                  6.0756445809100405E-026                  0.0000000000000000E+000                  0.0000000000000000E+000 
                                     106                  1.5479956388891001E+000                  1.4896261114729217E-001                  4.0032103639802159E+000                 -6.3683138332758586E+000                  5.4536433575389323E+000                  6.9337350522866936E-001                  2.8644921333561546E-001                  2.0177281435715178E-002                  6.1687553855409253E-026                  0.0000000000000000E+000                  0.0000000000000000E+000 
                                     107                  1.5479956388770064E+000                  1.4896055145093806E-001                  4.0048633908765865E+000                 -6.3639838305950214E+000                  5.4600986550689106E+000                  6.9337350524053043E-001                  2.8644921332389156E-001                  2.0177281435578065E-002                  6.2306056564774754E-026                  0.0000000000000000E+000                  0.0000000000000000E+000 
                                     108                  1.5479956388649125E+000                  1.4895851215926550E-001                  4.0072729545597321E+000                 -6.3575914642499782E+000                  5.4696053598186047E+000                  6.9337350525836838E-001                  2.8644921330625983E-001                  2.0177281435371786E-002                  6.3230506612107151E-026                  0.0000000000000000E+000                  0.0000000000000000E+000 
                                     109                  1.5479956388407252E+000                  1.4895449308470574E-001                  4.0095611147640158E+000                 -6.3512599206004872E+000                  5.4789087535276941E+000                  6.9337350527628372E-001                  2.8644921328855161E-001                  2.0177281435164618E-002                  6.4159685428184000E-026                  0.0000000000000000E+000                  0.0000000000000000E+000 
                                     110                  1.5479956388286316E+000                  1.4895251259074349E-001                  4.0110463301614478E+000                 -6.3471048478042702E+000                  5.4850022192866001E+000                  6.9337350528824826E-001                  2.8644921327672540E-001                  2.0177281435026284E-002                  6.4776869118068955E-026                  0.0000000000000000E+000                  0.0000000000000000E+000 
                                     111                  1.5479956388165377E+000                  1.4895055092791032E-001                  4.0132168014498646E+000                 -6.3409679840473547E+000                  5.4939852125030555E+000                  6.9337350530622233E-001                  2.8644921325895906E-001                  2.0177281434818672E-002                  6.5699302788664497E-026                  0.0000000000000000E+000                  0.0000000000000000E+000 
                                     112                  1.5479956387923506E+000                  1.4894668257364332E-001                  4.0159750348626071E+000                 -6.3329086100135905E+000                  5.5056810276477792E+000                  6.9337350533024433E-001                  2.8644921323521483E-001                  2.0177281434540895E-002                  6.6930698315137205E-026                  0.0000000000000000E+000                  0.0000000000000000E+000 
                                     113                  1.5479956387681630E+000                  1.4894288524342880E-001                  4.0186070131152452E+000                 -6.3250109124413285E+000                  5.5170705029744482E+000                  6.9337350535430342E-001                  2.8644921321143380E-001                  2.0177281434262784E-002                  6.8159785848249258E-026                  0.0000000000000000E+000                  0.0000000000000000E+000 
                                     114                  1.5479956387439757E+000                  1.4893915624709106E-001                  4.0204955250542573E+000                 -6.3191778169635677E+000                  5.5254210636271930E+000                  6.9337350537236286E-001                  2.8644921319358319E-001                  2.0177281434053951E-002                  6.9082040404762199E-026                  0.0000000000000000E+000                  0.0000000000000000E+000 
                                     115                  1.5479956387318818E+000                  1.4893731658856046E-001                  4.0217264545621392E+000                 -6.3153459407014703E+000                  5.5309003076407945E+000                  6.9337350538440468E-001                  2.8644921318168065E-001                  2.0177281433914729E-002                  6.9694670887894414E-026                  0.0000000000000000E+000                  0.0000000000000000E+000 
                                     116                  1.5479956387197882E+000                  1.4893549306727549E-001                  4.0235325153008183E+000                 -6.3096807602957492E+000                  5.5389918331761576E+000                  6.9337350540246778E-001                  2.8644921316382627E-001                  2.0177281433706007E-002                  7.0610376323104547E-026                  0.0000000000000000E+000                  0.0000000000000000E+000 
                                     117                  1.5479956386956006E+000                  1.4893189322239256E-001                  4.0258441000936225E+000                 -6.3022394970017430E+000                  5.5495515796714399E+000                  6.9337350542654352E-001                  2.8644921314002897E-001                  2.0177281433427563E-002                  7.1831474924722021E-026                  0.0000000000000000E+000                  0.0000000000000000E+000 
                                     118                  1.5479956386714135E+000                  1.4892835444509725E-001                  4.0283416450115492E+000                 -6.2940462885697617E+000                  5.5611326208714509E+000                  6.9337350545360599E-001                  2.8644921311327937E-001                  2.0177281433114702E-002                  7.3200414613809575E-026                  0.0000000000000000E+000                  0.0000000000000000E+000 
                                     119                  1.5479956386411791E+000                  1.4892401352435847E-001                  4.0303272166847517E+000                 -6.2873299147348591E+000                  5.5705534074040779E+000                  6.9337350547612064E-001                  2.8644921309102500E-001                  2.0177281432854355E-002                  7.4342044761411608E-026                  0.0000000000000000E+000                  0.0000000000000000E+000 
                                     120                  1.5479956386260620E+000                  1.4892187632416962E-001                  4.0316194456608194E+000                 -6.2829279997489991E+000                  5.5767224025106570E+000                  6.9337350549111465E-001                  2.8644921307620436E-001                  2.0177281432681049E-002                  7.5099914532004150E-026                  0.0000000000000000E+000                  0.0000000000000000E+000 
                                     121                  1.5479956386109448E+000                  1.4891976064569143E-001                  4.0335127064527772E+000                 -6.2764345491953719E+000                  5.5858148156929568E+000                  6.9337350551357879E-001                  2.8644921305399995E-001                  2.0177281432421257E-002                  7.6232012377520144E-026                  0.0000000000000000E+000                  0.0000000000000000E+000 
                                     122                  1.5479956385807108E+000                  1.4891559199370891E-001                  4.0359295823891888E+000                 -6.2679304030516390E+000                  5.5976497376998662E+000                  6.9337350554344845E-001                  2.8644921302447557E-001                  2.0177281432075977E-002                  7.7740523893730629E-026                  0.0000000000000000E+000                  0.0000000000000000E+000 
                                     123                  1.5479956385504763E+000                  1.4891150405968001E-001                  4.0382458477764898E+000                 -6.2596164334593638E+000                  5.6091711125352344E+000                  6.9337350557322297E-001                  2.8644921299504528E-001                  2.0177281431731808E-002                  7.9244164038703395E-026                  0.0000000000000000E+000                  0.0000000000000000E+000 
                                     124                  1.5479956385202420E+000                  1.4890749352702501E-001                  4.0404692602828787E+000                 -6.2514850983831858E+000                  5.6203951291639722E+000                  6.9337350560289135E-001                  2.8644921296571996E-001                  2.0177281431388749E-002                  8.0742911303497699E-026                  0.0000000000000000E+000                  0.0000000000000000E+000 
                                     125                  1.5479956384900075E+000                  1.4890355727731547E-001                  4.0426067342013754E+000                 -6.2435291821864078E+000                  5.6313367541622972E+000                  6.9337350563244415E-001                  2.8644921293650871E-001                  2.0177281431047134E-002                  8.2236767150565211E-026                  0.0000000000000000E+000                  0.0000000000000000E+000 
                                     126                  1.5479956384597735E+000                  1.4889969237583908E-001                  4.0446644571392705E+000                 -6.2357417657296867E+000                  5.6420098517734409E+000                  6.9337350566187361E-001                  2.8644921290741959E-001                  2.0177281430706850E-002                  8.3725757173111460E-026                  0.0000000000000000E+000                  0.0000000000000000E+000 
                                     127                  1.5479956384295390E+000                  1.4889589605855108E-001                  4.0466479870946204E+000                 -6.2281162799311645E+000                  5.6524272895758134E+000                  6.9337350569117295E-001                  2.8644921287845904E-001                  2.0177281430368010E-002                  8.5209916395537269E-026                  0.0000000000000000E+000                  0.0000000000000000E+000 
                                     128                  1.5479956383993048E+000                  1.4889216571949762E-001                  4.0485623335316587E+000                 -6.2206464962880155E+000                  5.6626010317856093E+000                  6.9337350572033640E-001                  2.8644921284963265E-001                  2.0177281430030947E-002                  8.6689285993451044E-026                  0.0000000000000000E+000                  0.0000000000000000E+000 
                                     129                  1.5479956383690703E+000                  1.4888849889926717E-001                  4.0504120259728458E+000                 -6.2133265082186604E+000                  5.6725422218900787E+000                  6.9337350574935941E-001                  2.8644921282094515E-001                  2.0177281429695437E-002                  8.8163912015556802E-026                  0.0000000000000000E+000                  0.0000000000000000E+000 
                                     130                  1.5479956383388360E+000                  1.4888489327440613E-001                  4.0522011723682789E+000                 -6.2061507129288724E+000                  5.6822612560430237E+000                  6.9337350577823820E-001                  2.8644921279240032E-001                  2.0177281429361482E-002                  8.9633844329190505E-026                  0.0000000000000000E+000                  0.0000000000000000E+000 
                                     131                  1.5479956383086015E+000                  1.4888134664776123E-001                  4.0539335089890756E+000                 -6.1991137939612484E+000                  5.6917678484347389E+000                  6.9337350580696933E-001                  2.8644921276400143E-001                  2.0177281429029303E-002                  9.1099135748602115E-026                  0.0000000000000000E+000                  0.0000000000000000E+000 
                                     132                  1.5479956382783675E+000                  1.4887785693960701E-001                  4.0556124432582692E+000                 -6.1922107045240757E+000                  5.7010710896669874E+000                  6.9337350583555035E-001                  2.8644921273575075E-001                  2.0177281428698901E-002                  9.2559841313481565E-026                  0.0000000000000000E+000                  0.0000000000000000E+000 
                                     133                  1.5479956382481330E+000                  1.4887442217953550E-001                  4.0572410906691987E+000                 -6.1854366516491552E+000                  5.7101794990125052E+000                  6.9337350586397917E-001                  2.8644921270765050E-001                  2.0177281428370275E-002                  9.4016017692059463E-026                  0.0000000000000000E+000                  0.0000000000000000E+000 
                                     134                  1.5479956382178988E+000                  1.4887104049900546E-001                  4.0588223067316811E+000                 -6.1787870812006922E+000                  5.7191010713119912E+000                  6.9337350589225455E-001                  2.8644921267970208E-001                  2.0177281428043425E-002                  9.5467722687300398E-026                  0.0000000000000000E+000                  0.0000000000000000E+000 
                                     135                  1.5479956381876643E+000                  1.4886771012448916E-001                  4.0611249104409612E+000                 -6.1690604646540343E+000                  5.7321493243165955E+000                  6.9337350593443503E-001                  2.8644921263800932E-001                  2.0177281427555593E-002                  9.7631681678945871E-026                  0.0000000000000000E+000                  0.0000000000000000E+000 
                                     136                  1.5479956381271960E+000                  1.4886119667244696E-001                  4.0633075289199896E+000                 -6.1595445363118504E+000                  5.7448177032130943E+000                  6.9337350597614811E-001                  2.8644921259677841E-001                  2.0177281427073535E-002                  9.9796246345053811E-026                  0.0000000000000000E+000                  0.0000000000000000E+000 
                                     137                  1.5479956380969615E+000                  1.4885801042247193E-001                  4.0647232713850210E+000                 -6.1533514831296836E+000                  5.7530627794867630E+000                  6.9337350600380077E-001                  2.8644921256944550E-001                  2.0177281426753790E-002                  1.0123068832464080E-025                  0.0000000000000000E+000                  0.0000000000000000E+000 
                                     138                  1.5479956380667272E+000                  1.4885486921744867E-001                  4.0661028198442466E+000                 -6.1472631334836922E+000                  5.7611544669664134E+000                  6.9337350603129722E-001                  2.8644921254226696E-001                  2.0177281426435822E-002                  1.0266098350379430E-025                  0.0000000000000000E+000                  0.0000000000000000E+000 
                                     139                  1.5479956380364928E+000                  1.4885177167482172E-001                  4.0674479458538295E+000                 -6.1412760743709001E+000                  5.7690983697978861E+000                  6.9337350605863779E-001                  2.8644921251524252E-001                  2.0177281426119631E-002                  1.0408719681001567E-025                  0.0000000000000000E+000                  0.0000000000000000E+000 
                                     140                  1.5479956380062587E+000                  1.4884871647611314E-001                  4.0687602962157774E+000                 -6.1353870543930382E+000                  5.7768997904841672E+000                  6.9337350608582282E-001                  2.8644921248837169E-001                  2.0177281425805438E-002                  1.0550939160126434E-025                  0.0000000000000000E+000                  0.0000000000000000E+000 
                                     141                  1.5479956379760242E+000                  1.4884570236300360E-001                  4.0700414042535566E+000                 -6.1295929738714374E+000                  5.7845637511529979E+000                  6.9337350611285298E-001                  2.8644921246165406E-001                  2.0177281425493021E-002                  1.0692762969883505E-025                  0.0000000000000000E+000                  0.0000000000000000E+000 
                                     142                  1.5479956379457900E+000                  1.4884272813370361E-001                  4.0719170109695844E+000                 -6.1210899857045371E+000                  5.7958122275343262E+000                  6.9337350615316706E-001                  2.8644921242180610E-001                  2.0177281425026838E-002                  1.0904353992148261E-025                  0.0000000000000000E+000                  0.0000000000000000E+000 
                                     143                  1.5479956378853215E+000                  1.4883689482894727E-001                  4.0743082353265097E+000                 -6.1100360762359642E+000                  5.8103716327000638E+000                  6.9337350620630767E-001                  2.8644921236927978E-001                  2.0177281424412552E-002                  1.1185697528019079E-025                  0.0000000000000000E+000                  0.0000000000000000E+000 
                                     144                  1.5479956378248527E+000                  1.4883120789691892E-001                  4.0760262284668700E+000                 -6.1019494984996658E+000                  5.8209801145924009E+000                  6.9337350624571159E-001                  2.8644921233033144E-001                  2.0177281423956916E-002                  1.1396105688861907E-025                  0.0000000000000000E+000                  0.0000000000000000E+000 
                                     145                  1.5479956377946182E+000                  1.4882841680473144E-001                  4.0771468647238853E+000                 -6.0966673839963663E+000                  5.8279113313938620E+000                  6.9337350627183225E-001                  2.8644921230451281E-001                  2.0177281423654936E-002                  1.1535676570597772E-025                  0.0000000000000000E+000                  0.0000000000000000E+000 
                                     146                  1.5479956377643842E+000                  1.4882565940080864E-001                  4.0782445386110382E+000                 -6.0914620683653737E+000                  5.8347338353477998E+000                  6.9337350629780514E-001                  2.8644921227884024E-001                  2.0177281423354620E-002                  1.1674891046763283E-025                  0.0000000000000000E+000                  0.0000000000000000E+000 
                                     147                  1.5479956377341497E+000                  1.4882293479739370E-001                  4.0793201617574981E+000                 -6.0863313859478136E+000                  5.8414509846989899E+000                  6.9337350632363182E-001                  2.8644921225331210E-001                  2.0177281423056082E-002                  1.1813754195984643E-025                  0.0000000000000000E+000                  0.0000000000000000E+000 
                                     148                  1.5479956377039155E+000                  1.4882024214222192E-001                  4.0809008574381362E+000                 -6.0787829730586136E+000                  5.8513360801203174E+000                  6.9337350636215445E-001                  2.8644921221523489E-001                  2.0177281422610660E-002                  1.2021063217027575E-025                  0.0000000000000000E+000                  0.0000000000000000E+000 
                                     149                  1.5479956376434467E+000                  1.4881494947850399E-001                  4.0829297515063496E+000                 -6.0689444153834602E+000                  5.8641762770373571E+000                  6.9337350641294626E-001                  2.8644921216503016E-001                  2.0177281422023574E-002                  1.2296741540034927E-025                  0.0000000000000000E+000                  0.0000000000000000E+000 
                                     150                  1.5479956375829782E+000                  1.4880977518042643E-001                  4.0843965837612473E+000                 -6.0617285447914950E+000                  5.8735637173597732E+000                  6.9337350645062057E-001                  2.8644921212779156E-001                  2.0177281421587923E-002                  1.2502944089836646E-025                  0.0000000000000000E+000                  0.0000000000000000E+000 
                                     151                  1.5479956375527439E+000                  1.4880723059429637E-001                  4.0853563598580172E+000                 -6.0570046558937998E+000                  5.8797112866499130E+000                  6.9337350647559892E-001                  2.8644921210310192E-001                  2.0177281421299154E-002                  1.2639805148313821E-025                  0.0000000000000000E+000                  0.0000000000000000E+000 
                                     152                  1.5479956375225095E+000                  1.4880471349203753E-001                  4.0862991933974273E+000                 -6.0523424122199412E+000                  5.8857731880191277E+000                  6.9337350650044105E-001                  2.8644921207854690E-001                  2.0177281421012050E-002                  1.2776349724463302E-025                  0.0000000000000000E+000                  0.0000000000000000E+000 
                                     153                  1.5479956374922754E+000                  1.4880222322381520E-001                  4.0872256683107713E+000                 -6.0477402356332162E+000                  5.8917517767353500E+000                  6.9337350652514829E-001                  2.8644921205412527E-001                  2.0177281420726390E-002                  1.2912582350223068E-025                  0.0000000000000000E+000                  0.0000000000000000E+000 
                                     154                  1.5479956374620409E+000                  1.4879975916323157E-001                  4.0885909637447115E+000                 -6.0409556469363892E+000                  5.9005683171070942E+000                  6.9337350656200913E-001                  2.8644921201769069E-001                  2.0177281420300175E-002                  1.3116073170125523E-025                  0.0000000000000000E+000                  0.0000000000000000E+000 
                                     155                  1.5479956374015722E+000                  1.4879490730879938E-001                  4.0903522171173332E+000                 -6.0320934440761897E+000                  5.9120525179275756E+000                  6.9337350661063202E-001                  2.8644921196962997E-001                  2.0177281419738069E-002                  1.3386718249325492E-025                  0.0000000000000000E+000                  0.0000000000000000E+000 
                                     156                  1.5479956373411037E+000                  1.4879015330014075E-001                  4.0920571874792770E+000                 -6.0234459651803549E+000                  5.9232413287508106E+000                  6.9337350665874187E-001                  2.8644921192207634E-001                  2.0177281419181847E-002                  1.3656190743224285E-025                  0.0000000000000000E+000                  0.0000000000000000E+000 
                                     157                  1.5479956372806349E+000                  1.4878549286346560E-001                  4.0937093489233591E+000                 -6.0150031237781851E+000                  5.9341495676973803E+000                  6.9337350670635034E-001                  2.8644921187501832E-001                  2.0177281418631399E-002                  1.3924521352950959E-025                  0.0000000000000000E+000                  0.0000000000000000E+000 
                                     158                  1.5479956372201666E+000                  1.4878092200665277E-001                  4.0953118666181076E+000                 -6.0067555288046188E+000                  5.9447909650364776E+000                  6.9337350675346876E-001                  2.8644921182844463E-001                  2.0177281418086612E-002                  1.4191739213579451E-025                  0.0000000000000000E+000                  0.0000000000000000E+000 
                                     159                  1.5479956371596979E+000                  1.4877643699469378E-001                  4.0968676320485438E+000                 -5.9986944217879934E+000                  5.9551782671345395E+000                  6.9337350680010834E-001                  2.8644921178234423E-001                  2.0177281417547377E-002                  1.4457872017423607E-025                  0.0000000000000000E+000                  0.0000000000000000E+000 
                                     160                  1.5479956370992294E+000                  1.4877203432777722E-001                  4.0983792934121084E+000                 -5.9908116210640117E+000                  5.9653233282767593E+000                  6.9337350684628019E-001                  2.8644921173670623E-001                  2.0177281417013582E-002                  1.4722946122647118E-025                  0.0000000000000000E+000                  0.0000000000000000E+000 
                                     161                  1.5479956370387606E+000                  1.4876771072169873E-001                  4.0998492819412533E+000                 -5.9830994721018742E+000                  5.9752371920208391E+000                  6.9337350689199473E-001                  2.8644921169152010E-001                  2.0177281416485116E-002                  1.4986986648634686E-025                  0.0000000000000000E+000                  0.0000000000000000E+000 
                                     162                  1.5479956369782919E+000                  1.4876346309025978E-001                  4.1012798348158155E+000                 -5.9755507956658862E+000                  5.9849301634829928E+000                  6.9337350693726263E-001                  2.8644921164677550E-001                  2.0177281415961867E-002                  1.5250017822940953E-025                  0.0000000000000000E+000                  0.0000000000000000E+000 
                                     163                  1.5479956369178234E+000                  1.4875928852952980E-001                  4.1026730152979303E+000                 -5.9681588180722986E+000                  5.9944118737428687E+000                  6.9337350698209421E-001                  2.8644921160246234E-001                  2.0177281415443504E-002                  1.5512064151614871E-025                  0.0000000000000000E+000                  0.0000000000000000E+000 
                                     164                  1.5479956368573546E+000                  1.4875518430393814E-001                  4.1040307303449479E+000                 -5.9609171684414521E+000                  6.0036913373761287E+000                  6.9337350702649914E-001                  2.8644921155857078E-001                  2.0177281414930137E-002                  1.5773149401355357E-025                  0.0000000000000000E+000                  0.0000000000000000E+000 
                                     165                  1.5479956367968861E+000                  1.4875114783341242E-001                  4.1053547459074249E+000                 -5.9538198599643790E+000                  6.0127770039766739E+000                  6.9337350707048717E-001                  2.8644921151509123E-001                  2.0177281414421655E-002                  1.6033296177295978E-025                  0.0000000000000000E+000                  0.0000000000000000E+000 
                                     166                  1.5479956367364174E+000                  1.4874717668161525E-001                  4.1066467003677536E+000                 -5.9468612592716337E+000                  6.0216768044065372E+000                  6.9337350711406764E-001                  2.8644921147201452E-001                  2.0177281413917836E-002                  1.6292526011256809E-025                  0.0000000000000000E+000                  0.0000000000000000E+000 
                                     167                  1.5479956366759486E+000                  1.4874326854526990E-001                  4.1079081164286801E+000                 -5.9400360589185999E+000                  6.0303981924078167E+000                  6.9337350715724977E-001                  2.8644921142933172E-001                  2.0177281413418457E-002                  1.6550859437831207E-025                  0.0000000000000000E+000                  0.0000000000000000E+000 
                                     168                  1.5479956366154801E+000                  1.4873942124449938E-001                  4.1088326635271315E+000                 -5.9349971144561895E+000                  6.0368264132592477E+000                  6.9337350718934432E-001                  2.8644921139760826E-001                  2.0177281413047421E-002                  1.6744209283411301E-025                  0.0000000000000000E+000                  0.0000000000000000E+000 
                                     169                  1.5479956365852459E+000                  1.4873751974671881E-001                  4.1094417794566747E+000                 -5.9316800150265996E+000                  6.0410597091294287E+000                  6.9337350721064495E-001                  2.8644921137655394E-001                  2.0177281412801173E-002                  1.6872721903421547E-025                  0.0000000000000000E+000                  0.0000000000000000E+000 
                                     170                  1.5479956365550114E+000                  1.4873563269238196E-001                  4.1103448366176538E+000                 -5.9267659725491590E+000                  6.0473333822804758E+000                  6.9337350724245372E-001                  2.8644921134511292E-001                  2.0177281412433357E-002                  1.7064920122594957E-025                  0.0000000000000000E+000                  0.0000000000000000E+000 
                                     171                  1.5479956364945429E+000                  1.4873190097463959E-001                  4.1121105451078908E+000                 -5.9171450291036720E+000                  6.0596156384140105E+000                  6.9337350730551173E-001                  2.8644921128278389E-001                  2.0177281411704384E-002                  1.7447580454708056E-025                  0.0000000000000000E+000                  0.0000000000000000E+000 
                                     172                  1.5479956363736058E+000                  1.4872460078087701E-001                  4.1138039396370374E+000                 -5.9077459294531502E+000                  6.0715608650129260E+000                  6.9337350736748771E-001                  2.8644921122152439E-001                  2.0177281410987957E-002                  1.7829706386116038E-025                  0.0000000000000000E+000                  0.0000000000000000E+000 
                                     173                  1.5479956363131371E+000                  1.4872102869739268E-001                  4.1149088170242463E+000                 -5.9016250654462938E+000                  6.0793458928467832E+000                  6.9337350740845616E-001                  2.8644921118102967E-001                  2.0177281410514114E-002                  1.8083044371079775E-025                  0.0000000000000000E+000                  0.0000000000000000E+000 
                                     174                  1.5479956362526686E+000                  1.4871750651876203E-001                  4.1159913321528716E+000                 -5.8956077501000221E+000                  6.0869940685967912E+000                  6.9337350744908266E-001                  2.8644921114087279E-001                  2.0177281410044490E-002                  1.8335606932419141E-025                  0.0000000000000000E+000                  0.0000000000000000E+000 
                                     175                  1.5479956361921998E+000                  1.4871403272079523E-001                  4.1170523804732175E+000                 -5.8896905554032202E+000                  6.0945101215677022E+000                  6.9337350748937465E-001                  2.8644921110104660E-001                  2.0177281409578751E-002                  1.8587408688773882E-025                  0.0000000000000000E+000                  0.0000000000000000E+000 
                                     176                  1.5479956361317313E+000                  1.4871060585013968E-001                  4.1180928049583905E+000                 -5.8838702215140319E+000                  6.1018985400572445E+000                  6.9337350752933891E-001                  2.8644921106154442E-001                  2.0177281409116676E-002                  1.8838463708712389E-025                  0.0000000000000000E+000                  0.0000000000000000E+000 
                                     177                  1.5479956360712626E+000                  1.4870722451987811E-001                  4.1191134001010878E+000                 -5.8781436458742009E+000                  6.1091635874591805E+000                  6.9337350756898219E-001                  2.8644921102235954E-001                  2.0177281408658265E-002                  1.9088785541961785E-025                  0.0000000000000000E+000                  0.0000000000000000E+000 
                                     178                  1.5479956360107938E+000                  1.4870388740549192E-001                  4.1206148120871946E+000                 -5.8697353794510265E+000                  6.1198385700559523E+000                  6.9337350762797523E-001                  2.8644921096404857E-001                  2.0177281407976144E-002                  1.9462373455889861E-025                  0.0000000000000000E+000                  0.0000000000000000E+000 
                                     179                  1.5479956358898570E+000                  1.4869734092846948E-001                  4.1220637831915834E+000                 -5.8614981332685527E+000                  6.1302580643261901E+000                  6.9337350768605299E-001                  2.8644921090664216E-001                  2.0177281407304903E-002                  1.9835455720592537E-025                  0.0000000000000000E+000                  0.0000000000000000E+000 
                                     180                  1.5479956358293883E+000                  1.4869412908003155E-001                  4.1230121563415398E+000                 -5.8561183109357051E+000                  6.1370682562554624E+000                  6.9337350772447570E-001                  2.8644921086866365E-001                  2.0177281406860592E-002                  2.0082973614455398E-025                  0.0000000000000000E+000                  0.0000000000000000E+000 
                                     181                  1.5479956357689195E+000                  1.4869095670299487E-001                  4.1244092685538449E+000                 -5.8482089231856227E+000                  6.1470876929153544E+000                  6.9337350778167417E-001                  2.8644921081212643E-001                  2.0177281406199343E-002                  2.0452495796051726E-025                  0.0000000000000000E+000                  0.0000000000000000E+000 
                                     182                  1.5479956356479827E+000                  1.4868472625163900E-001                  4.1262105795467034E+000                 -5.8379159599039365E+000                  6.1600979390550679E+000                  6.9337350785681073E-001                  2.8644921073785856E-001                  2.0177281405330705E-002                  2.0943583222051954E-025                  0.0000000000000000E+000                  0.0000000000000000E+000 
                                     183                  1.5479956355270457E+000                  1.4867864146969709E-001                  4.1275184139199768E+000                 -5.8303778550361951E+000                  6.1696065970804286E+000                  6.9337350791234964E-001                  2.8644921068296175E-001                  2.0177281404688552E-002                  2.1310701998314473E-025                  0.0000000000000000E+000                  0.0000000000000000E+000 
                                     184                  1.5479956354665769E+000                  1.4867565133652488E-001                  4.1283759738531192E+000                 -5.8254460121167195E+000                  6.1758321478839289E+000                  6.9337350794911190E-001                  2.8644921064662454E-001                  2.0177281404263558E-002                  2.1554368732751350E-025                  0.0000000000000000E+000                  0.0000000000000000E+000 
                                     185                  1.5479956354061084E+000                  1.4867269490647422E-001                  4.1296415294270794E+000                 -5.8181830953269644E+000                  6.1850065241117784E+000                  6.9337350800386688E-001                  2.8644921059250261E-001                  2.0177281403630509E-002                  2.1918291121256861E-025                  0.0000000000000000E+000                  0.0000000000000000E+000 
                                     186                  1.5479956352851714E+000                  1.4866687993158026E-001                  4.1312784624039631E+000                 -5.8087131743453533E+000                  6.1969457492329800E+000                  6.9337350807586540E-001                  2.8644921052133637E-001                  2.0177281402798286E-002                  2.2402049694100522E-025                  0.0000000000000000E+000                  0.0000000000000000E+000 
                                     187                  1.5479956351642341E+000                  1.4866119015543708E-001                  4.1324705348623967E+000                 -5.8017649252287375E+000                  6.2056900430936590E+000                  6.9337350812913578E-001                  2.8644921046868188E-001                  2.0177281402182334E-002                  2.2763773666946767E-025                  0.0000000000000000E+000                  0.0000000000000000E+000 
                                     188                  1.5479956351037654E+000                  1.4865839033828465E-001                  4.1332533633144841E+000                 -5.7972123031370737E+000                  6.2114234139443614E+000                  6.9337350816441290E-001                  2.8644921043381266E-001                  2.0177281401774438E-002                  2.3003945199103299E-025                  0.0000000000000000E+000                  0.0000000000000000E+000 
                                     189                  1.5479956350432966E+000                  1.4865561966444904E-001                  4.1344103140762725E+000                 -5.7904983814183888E+000                  6.2198842167814723E+000                  6.9337350821697974E-001                  2.8644921038185356E-001                  2.0177281401166702E-002                  2.3362769552365475E-025                  0.0000000000000000E+000                  0.0000000000000000E+000 
                                     190                  1.5479956349223598E+000                  1.4865016316874011E-001                  4.1359107564090740E+000                 -5.7817299140128657E+000                  6.2309153809290265E+000                  6.9337350828616218E-001                  2.8644921031347104E-001                  2.0177281400366787E-002                  2.3839845545796045E-025                  0.0000000000000000E+000                  0.0000000000000000E+000 
                                     191                  1.5479956348014228E+000                  1.4864481553620415E-001                  4.1370061781721956E+000                 -5.7752861310969479E+000                  6.2390090782672853E+000                  6.9337350833739242E-001                  2.8644921026283310E-001                  2.0177281399774483E-002                  2.4196642665127095E-025                  0.0000000000000000E+000                  0.0000000000000000E+000 
                                     192                  1.5479956347409540E+000                  1.4864218102680937E-001                  4.1377264413021484E+000                 -5.7710587469785963E+000                  6.2443224023304476E+000                  6.9337350837133238E-001                  2.8644921022928543E-001                  2.0177281399382130E-002                  2.4433613686704814E-025                  0.0000000000000000E+000                  0.0000000000000000E+000 
                                     193                  1.5479956346804855E+000                  1.4863957198984232E-001                  4.1387922258361076E+000                 -5.7648169404769218E+000                  6.2521726437549558E+000                  6.9337350842192724E-001                  2.8644921017927560E-001                  2.0177281398797153E-002                  2.4787757874040179E-025                  0.0000000000000000E+000                  0.0000000000000000E+000 
                                     194                  1.5479956345595485E+000                  1.4863442823749304E-001                  4.1401775338628317E+000                 -5.7566535444713596E+000                  6.2624241406696983E+000                  6.9337350848856683E-001                  2.8644921011340641E-001                  2.0177281398026770E-002                  2.5258691103660208E-025                  0.0000000000000000E+000                  0.0000000000000000E+000 
                                     195                  1.5479956344386114E+000                  1.4862938009107451E-001                  4.1415283660185862E+000                 -5.7486737794353795E+000                  6.2724396817741788E+000                  6.9337350855441238E-001                  2.8644921004832202E-001                  2.0177281397265601E-002                  2.5727682634806662E-025                  0.0000000000000000E+000                  0.0000000000000000E+000 
                                     196                  1.5479956343176742E+000                  1.4862442368152756E-001                  4.1428464318018170E+000                 -5.7408695720268952E+000                  6.2822298870567712E+000                  6.9337350861948877E-001                  2.8644920998399803E-001                  2.0177281396513203E-002                  2.6194783150998842E-025                  0.0000000000000000E+000                  0.0000000000000000E+000 
                                     197                  1.5479956341967371E+000                  1.4861955537725186E-001                  4.1441333168183307E+000                 -5.7332333681842229E+000                  6.2918046752354346E+000                  6.9337350868381920E-001                  2.8644920992041129E-001                  2.0177281395769464E-002                  2.6660041040444222E-025                  0.0000000000000000E+000                  0.0000000000000000E+000 
                                     198                  1.5479956340758001E+000                  1.4861477176479226E-001                  4.1453904944359561E+000                 -5.7257580942067214E+000                  6.3011733241746697E+000                  6.9337350874742620E-001                  2.8644920985753969E-001                  2.0177281395034052E-002                  2.7123502256915296E-025                  0.0000000000000000E+000                  0.0000000000000000E+000 
                                     199                  1.5479956339548628E+000                  1.4861006963142442E-001                  4.1466193360919101E+000                 -5.7184371164716739E+000                  6.3103445249328907E+000                  6.9337350881033089E-001                  2.8644920979536226E-001                  2.0177281394306856E-002                  2.7585210509237000E-025                  0.0000000000000000E+000                  0.0000000000000000E+000 
                                     200                  1.5479956338339258E+000                  1.4860544594945968E-001                  4.1478211204489845E+000                 -5.7112642055257306E+000                  6.3193264302293972E+000                  6.9337350887255367E-001                  2.8644920973385884E-001                  2.0177281393587432E-002                  2.8045207418509064E-025                  0.0000000000000000E+000                  0.0000000000000000E+000 
                                     201                  1.5479956337129888E+000                  1.4860089786207234E-001                  4.1489970415488129E+000                 -5.7042335038246073E+000                  6.3281266980085178E+000                  6.9337350893411398E-001                  2.8644920967301030E-001                  2.0177281392875779E-002                  2.8503532658012217E-025                  0.0000000000000000E+000                  0.0000000000000000E+000 
                                     202                  1.5479956335920517E+000                  1.4859642267047238E-001                  4.1501482160925871E+000                 -5.6973394965559203E+000                  6.3367525306842207E+000                  6.9337350899503014E-001                  2.8644920961279829E-001                  2.0177281392171564E-002                  2.8960224086300370E-025                  0.0000000000000000E+000                  0.0000000000000000E+000 
                                     203                  1.5479956334711145E+000                  1.4859201782226727E-001                  4.1512756899571741E+000                 -5.6905769852779908E+000                  6.3452107105691420E+000                  6.9337350905532014E-001                  2.8644920955320541E-001                  2.0177281391474455E-002                  2.9415317868668165E-025                  0.0000000000000000E+000                  0.0000000000000000E+000 
                                     204                  1.5479956333501774E+000                  1.4858768090089852E-001                  4.1523804440422198E+000                 -5.6839410640566186E+000                  6.3535076319248525E+000                  6.9337350911500062E-001                  2.8644920949421493E-001                  2.0177281390784452E-002                  2.9868848588028045E-025                  0.0000000000000000E+000                  0.0000000000000000E+000 
                                     205                  1.5479956332292406E+000                  1.4858340961600977E-001                  4.1534633995277987E+000                 -5.6774270977383594E+000                  6.3616493300126695E+000                  6.9337350917408802E-001                  2.8644920943581065E-001                  2.0177281390101331E-002                  3.0320849352029059E-025                  0.0000000000000000E+000                  0.0000000000000000E+000 
                                     206                  1.5479956331083031E+000                  1.4857920179467338E-001                  4.1545254226128208E+000                 -5.6710307022246145E+000                  6.3696415074757526E+000                  6.9337350923259777E-001                  2.8644920937797730E-001                  2.0177281389424984E-002                  3.0771351890323565E-025                  0.0000000000000000E+000                  0.0000000000000000E+000 
                                     207                  1.5479956329873663E+000                  1.4857505537336899E-001                  4.1555673287939570E+000                 -5.6647477266936157E+000                  6.3774895583414120E+000                  6.9337350929054486E-001                  2.8644920932070023E-001                  2.0177281388754853E-002                  3.1220386631123673E-025                  0.0000000000000000E+000                  0.0000000000000000E+000 
                                     208                  1.5479956328664293E+000                  1.4857096839064218E-001                  4.1565898867376294E+000                 -5.6585742372797725E+000                  6.3851985898965555E+000                  6.9337350934794340E-001                  2.8644920926396528E-001                  2.0177281388091384E-002                  3.1667982778651128E-025                  0.0000000000000000E+000                  0.0000000000000000E+000 
                                     209                  1.5479956327454922E+000                  1.4856693898039133E-001                  4.1575938217899155E+000                 -5.6525065021481584E+000                  6.3927734426586547E+000                  6.9337350940480724E-001                  2.8644920920775879E-001                  2.0177281387433910E-002                  3.2114168385481145E-025                  0.0000000000000000E+000                  0.0000000000000000E+000 
                                     210                  1.5479956326245550E+000                  1.4856296536566332E-001                  4.1585798191649124E+000                 -5.6465409778361986E+000                  6.4002187086376710E+000                  6.9337350946114962E-001                  2.8644920915206790E-001                  2.0177281386782431E-002                  3.2558970419264838E-025                  0.0000000000000000E+000                  0.0000000000000000E+000 
                                     211                  1.5479956325036179E+000                  1.4855904585300175E-001                  4.1600320733919771E+000                 -5.6377888379399481E+000                  6.4111530144505471E+000                  6.9337350954489929E-001                  2.8644920906928639E-001                  2.0177281385814316E-002                  3.3222730031993045E-025                  0.0000000000000000E+000                  0.0000000000000000E+000 
                                     212                  1.5479956322617436E+000                  1.4855136291495064E-001                  4.1614367367145970E+000                 -5.6292253165906416E+000                  6.4218195183866991E+000                  6.9337350962717648E-001                  2.8644920898796045E-001                  2.0177281384863077E-002                  3.3885289771618091E-025                  0.0000000000000000E+000                  0.0000000000000000E+000 
                                     213                  1.5479956321408066E+000                  1.4854759630205755E-001                  4.1623571292141808E+000                 -5.6236365225821974E+000                  6.4287879444607148E+000                  6.9337350968155431E-001                  2.8644920893421122E-001                  2.0177281384234469E-002                  3.4324809293775054E-025                  0.0000000000000000E+000                  0.0000000000000000E+000 
                                     214                  1.5479956320198693E+000                  1.4854387775379749E-001                  4.1632625013851587E+000                 -5.6181346109132315E+000                  6.4356465558795781E+000                  6.9337350973546941E-001                  2.8644920888091940E-001                  2.0177281383611190E-002                  3.4763068478750683E-025                  0.0000000000000000E+000                  0.0000000000000000E+000 
                                     215                  1.5479956318989323E+000                  1.4854020592353714E-001                  4.1645980921697543E+000                 -5.6100488801056176E+000                  6.4457358995110203E+000                  6.9337350981566315E-001                  2.8644920880165292E-001                  2.0177281382683931E-002                  3.5417326130330011E-025                  0.0000000000000000E+000                  0.0000000000000000E+000 
                                     216                  1.5479956316570580E+000                  1.4853299745210874E-001                  4.1658935366954832E+000                 -5.6021246291080136E+000                  6.4555968109265143E+000                  6.9337350989454438E-001                  2.8644920872368362E-001                  2.0177281381771994E-002                  3.6070472042977411E-025                  0.0000000000000000E+000                  0.0000000000000000E+000 
                                     217                  1.5479956315361210E+000                  1.4852945825250416E-001                  4.1667435652598712E+000                 -5.5969448749815500E+000                  6.4620487294651854E+000                  6.9337350994670888E-001                  2.8644920867212209E-001                  2.0177281381169032E-002                  3.6503907353744559E-025                  0.0000000000000000E+000                  0.0000000000000000E+000 
                                     218                  1.5479956314151837E+000                  1.4852596092859319E-001                  4.1679988615361365E+000                 -5.5893235632235543E+000                  6.4715506747082845E+000                  6.9337351002433423E-001                  2.8644920859539430E-001                  2.0177281380271417E-002                  3.7151143566113529E-025                  0.0000000000000000E+000                  0.0000000000000000E+000 
                                     219                  1.5479956311733094E+000                  1.4851908771094077E-001                  4.1692187759367849E+000                 -5.5818460377114816E+000                  6.4808497522831248E+000                  6.9337351010075599E-001                  2.8644920851985611E-001                  2.0177281379387901E-002                  3.7797329199553919E-025                  0.0000000000000000E+000                  0.0000000000000000E+000 
                                     220                  1.5479956310523724E+000                  1.4851570964632710E-001                  4.1704484228236689E+000                 -5.5743694774327048E+000                  6.4901668325113846E+000                  6.9337351017838500E-001                  2.8644920844312444E-001                  2.0177281378490619E-002                  3.8454677222599885E-025                  0.0000000000000000E+000                  0.0000000000000000E+000 
                                     221                  1.5479956308019320E+000                  1.4850883340221702E-001                  4.1716713969939985E+000                 -5.5668637860615444E+000                  6.4994969511578153E+000                  6.9337351025657901E-001                  2.8644920836583454E-001                  2.0177281377586453E-002                  3.9126094721633266E-025                  0.0000000000000000E+000                  0.0000000000000000E+000 
                                     222                  1.5479956306724290E+000                  1.4850533848178185E-001                  4.1729025097012880E+000                 -5.5593666583313590E+000                  6.5088348627618231E+000                  6.9337351033590799E-001                  2.8644920828742265E-001                  2.0177281376669409E-002                  3.9808458075492559E-025                  0.0000000000000000E+000                  0.0000000000000000E+000 
                                     223                  1.5479956304134226E+000                  1.4849846802346839E-001                  4.1740997844641514E+000                 -5.5520089522231268E+000                  6.5179767880811728E+000                  6.9337351041402018E-001                  2.8644920821021363E-001                  2.0177281375766132E-002                  4.0489710165249639E-025                  0.0000000000000000E+000                  0.0000000000000000E+000 
                                     224                  1.5479956302839193E+000                  1.4849509038331005E-001                  4.1748864505264764E+000                 -5.5471928285522525E+000                  6.5239664006029869E+000                  6.9337351046570206E-001                  2.8644920815912933E-001                  2.0177281375168610E-002                  4.0941942224186430E-025                  0.0000000000000000E+000                  0.0000000000000000E+000 
                                     225                  1.5479956301544160E+000                  1.4849174991517808E-001                  4.1760496843434360E+000                 -5.5400971081733363E+000                  6.5327989932893855E+000                  6.9337351054264651E-001                  2.8644920808307434E-001                  2.0177281374279099E-002                  4.1617453984924175E-025                  0.0000000000000000E+000                  0.0000000000000000E+000 
                                     226                  1.5479956298954098E+000                  1.4848517702345507E-001                  4.1771827893679552E+000                 -5.5331265512767915E+000                  6.5414560441248346E+000                  6.9337351061846941E-001                  2.8644920800812806E-001                  2.0177281373402467E-002                  4.2291910127903179E-025                  0.0000000000000000E+000                  0.0000000000000000E+000 
                                     227                  1.5479956297659065E+000                  1.4848194279542679E-001                  4.1782999916434775E+000                 -5.5263049100872559E+000                  6.5499441464415780E+000                  6.9337351069374786E-001                  2.8644920793371986E-001                  2.0177281372532274E-002                  4.2962547361145555E-025                  0.0000000000000000E+000                  0.0000000000000000E+000 
                                     228                  1.5479956295069002E+000                  1.4847557493708263E-001                  4.1801142595665945E+000                 -5.5152202609926801E+000                  6.5637332144069065E+000                  6.9337351081744725E-001                  2.8644920781145067E-001                  2.0177281371102085E-002                  4.4075055157521451E-025                  0.0000000000000000E+000                  0.0000000000000000E+000 
                                     229                  1.5479956291183905E+000                  1.4846626335399221E-001                  4.1818629031121430E+000                 -5.5044524286627059E+000                  6.5770990407412597E+000                  6.9337351093862332E-001                  2.8644920769167542E-001                  2.0177281369701205E-002                  4.5183366786527551E-025                  0.0000000000000000E+000                  0.0000000000000000E+000 
                                     230                  1.5479956288593841E+000                  1.4846020733144905E-001                  4.1832277054221381E+000                 -5.4960765820342710E+000                  6.5875037869527580E+000                  6.9337351103427969E-001                  2.8644920759712500E-001                  2.0177281368595312E-002                  4.6064727317601717E-025                  0.0000000000000000E+000                  0.0000000000000000E+000 
                                     231                  1.5479956286003775E+000                  1.4845426674074438E-001                  4.1845605927067364E+000                 -5.4878949988269392E+000                  6.5976656289747435E+000                  6.9337351112869594E-001                  2.8644920750380032E-001                  2.0177281367503741E-002                  4.6942256324071045E-025                  0.0000000000000000E+000                  0.0000000000000000E+000 
                                     232                  1.5479956283413714E+000                  1.4844843677901362E-001                  4.1858630805651922E+000                 -5.4798989075307203E+000                  6.6075956523976256E+000                  6.9337351122191471E-001                  2.8644920741165930E-001                  2.0177281366426048E-002                  4.7816054180802370E-025                  0.0000000000000000E+000                  0.0000000000000000E+000 
                                     233                  1.5479956280823648E+000                  1.4844271294615694E-001                  4.1868185532783411E+000                 -5.4740135401300787E+000                  6.6148973345520607E+000                  6.9337351129096125E-001                  2.8644920734341101E-001                  2.0177281365627797E-002                  4.8469579620262788E-025                  0.0000000000000000E+000                  0.0000000000000000E+000 
                                     234                  1.5479956279528617E+000                  1.4843988946820097E-001                  4.1874483028744480E+000                 -5.4701471756425706E+000                  6.6196979257681461E+000                  6.9337351133671021E-001                  2.8644920729819090E-001                  2.0177281365098887E-002                  4.8903768059321390E-025                  0.0000000000000000E+000                  0.0000000000000000E+000 
                                     235                  1.5479956278233584E+000                  1.4843709096073490E-001                  4.1883823330785033E+000                 -5.4644308288068819E+000                  6.6268009410084554E+000                  6.9337351140491754E-001                  2.8644920723077227E-001                  2.0177281364310184E-002                  4.9552850005977387E-025                  0.0000000000000000E+000                  0.0000000000000000E+000 
                                     236                  1.5479956275643521E+000                  1.4843156697431550E-001                  4.1896017034162973E+000                 -5.4569441610735856E+000                  6.6360949189145639E+000                  6.9337351149477700E-001                  2.8644920714195160E-001                  2.0177281363271460E-002                  5.0416008436682375E-025                  0.0000000000000000E+000                  0.0000000000000000E+000 
                                     237                  1.5479956273053457E+000                  1.4842613719266681E-001                  4.1910937729402287E+000                 -5.4478114630992502E+000                  6.6474400560216305E+000                  6.9337351160579008E-001                  2.8644920703222193E-001                  2.0177281361988042E-002                  5.1489343348822306E-025                  0.0000000000000000E+000                  0.0000000000000000E+000 
                                     238                  1.5479956269168362E+000                  1.4841816163546334E-001                  4.1928309195832627E+000                 -5.4371473414794602E+000                  6.6606751888695106E+000                  6.9337351173673611E-001                  2.8644920690278985E-001                  2.0177281360474031E-002                  5.2771641210203656E-025                  0.0000000000000000E+000                  0.0000000000000000E+000 
                                     239                  1.5479956265283263E+000                  1.4841037911001098E-001                  4.1942367723262395E+000                 -5.4284942681229627E+000                  6.6714052293871111E+000                  6.9337351184405283E-001                  2.8644920679671387E-001                  2.0177281359233357E-002                  5.3835576066198378E-025                  0.0000000000000000E+000                  0.0000000000000000E+000 
                                     240                  1.5479956262693200E+000                  1.4840529288556875E-001                  4.1953396909290062E+000                 -5.4217268358039643E+000                  6.6798027713529491E+000                  6.9337351192897867E-001                  2.8644920671276985E-001                  2.0177281358251475E-002                  5.4682602489815456E-025                  0.0000000000000000E+000                  0.0000000000000000E+000 
                                     241                  1.5479956260103136E+000                  1.4840028512877032E-001                  4.1964220452250807E+000                 -5.4150870721588511E+000                  6.6880413897493431E+000                  6.9337351201300357E-001                  2.8644920662971635E-001                  2.0177281357280030E-002                  5.5526612206394537E-025                  0.0000000000000000E+000                  0.0000000000000000E+000 
                                     242                  1.5479956257513072E+000                  1.4839535318206340E-001                  4.1977498603411618E+000                 -5.4069655592057781E+000                  6.6981250853640528E+000                  6.9337351211693976E-001                  2.8644920652698180E-001                  2.0177281356078436E-002                  5.6576722438418617E-025                  0.0000000000000000E+000                  0.0000000000000000E+000 
                                     243                  1.5479956253627978E+000                  1.4838809201530465E-001                  4.1993012926274034E+000                 -5.3974542477510941E+000                  6.7099251539765596E+000                  6.9337351223976051E-001                  2.8644920640558102E-001                  2.0177281354658461E-002                  5.7831832148590489E-025                  0.0000000000000000E+000                  0.0000000000000000E+000 
                                     244                  1.5479956249742881E+000                  1.4838098779128878E-001                  4.2005610703288285E+000                 -5.3897148747548904E+000                  6.7195200166686657E+000                  6.9337351234059064E-001                  2.8644920630591658E-001                  2.0177281353492837E-002                  5.8873654609741359E-025                  0.0000000000000000E+000                  0.0000000000000000E+000 
                                     245                  1.5479956247152815E+000                  1.4837633510628362E-001                  4.2015515519565048E+000                 -5.3836478322857646E+000                  6.7270464653320401E+000                  6.9337351242047052E-001                  2.8644920622696024E-001                  2.0177281352569243E-002                  5.9703477747429695E-025                  0.0000000000000000E+000                  0.0000000000000000E+000 
                                     246                  1.5479956244562754E+000                  1.4837174682039977E-001                  4.2030117766146526E+000                 -5.3747508067045624E+000                  6.7380975439910413E+000                  6.9337351253914348E-001                  2.8644920610965924E-001                  2.0177281351197340E-002                  6.0941592434037339E-025                  0.0000000000000000E+000                  0.0000000000000000E+000 
                                     247                  1.5479956239382624E+000                  1.4836275590712292E-001                  4.2048973427221252E+000                 -5.3632132740128471E+000                  6.7524092058308707E+000                  6.9337351269443170E-001                  2.8644920595616646E-001                  2.0177281349401888E-002                  6.2585513639867763E-025                  0.0000000000000000E+000                  0.0000000000000000E+000 
                                     248                  1.5479956234202499E+000                  1.4835400016633415E-001                  4.2062684115346425E+000                 -5.3547920522672747E+000                  6.7628425386680524E+000                  6.9337351280880166E-001                  2.8644920584311867E-001                  2.0177281348079612E-002                  6.3813364700229773E-025                  0.0000000000000000E+000                  0.0000000000000000E+000 
                                     249                  1.5479956231612435E+000                  1.4834970617411483E-001                  4.2071680683977748E+000                 -5.3492947024856274E+000                  6.7696616649280488E+000                  6.9337351288437488E-001                  2.8644920576841920E-001                  2.0177281347205867E-002                  6.4627881122006559E-025                  0.0000000000000000E+000                  0.0000000000000000E+000 
                                     250                  1.5479956229022371E+000                  1.4834546606820576E-001                  4.2080542554278759E+000                 -5.3438821180111082E+000                  6.7763756331504004E+000                  6.9337351295928995E-001                  2.8644920569437027E-001                  2.0177281346339782E-002                  6.5440004940709835E-025                  0.0000000000000000E+000                  0.0000000000000000E+000 
                                     251                  1.5479956226432305E+000                  1.4834127835663652E-001                  4.2093633001225959E+000                 -5.3359258223037127E+000                  6.7862562702112879E+000                  6.9337351307069806E-001                  2.8644920558425008E-001                  2.0177281345051812E-002                  6.6652377791148149E-025                  0.0000000000000000E+000                  0.0000000000000000E+000 
                                     252                  1.5479956221252180E+000                  1.4833305462217303E-001                  4.2106362283972407E+000                 -5.3281282880430778E+000                  6.7959178279818673E+000                  6.9337351318024387E-001                  2.8644920547597075E-001                  2.0177281343785380E-002                  6.7862371220473010E-025                  0.0000000000000000E+000                  0.0000000000000000E+000 
                                     253                  1.5479956218662114E+000                  1.4832901575153792E-001                  4.2118900623827846E+000                 -5.3205172373943572E+000                  6.8053694663653905E+000                  6.9337351328888985E-001                  2.8644920536858087E-001                  2.0177281342529274E-002                  6.9064629542941932E-025                  0.0000000000000000E+000                  0.0000000000000000E+000 
                                     254                  1.5479956213481989E+000                  1.4832107801184485E-001                  4.2135170476489376E+000                 -5.3106086996883732E+000                  6.8176608325874000E+000                  6.9337351343142839E-001                  2.8644920522769030E-001                  2.0177281340881370E-002                  7.0661807609432409E-025                  0.0000000000000000E+000                  0.0000000000000000E+000 
                                     255                  1.5479956208301864E+000                  1.4831331890271049E-001                  4.2151009733074130E+000                 -5.3009725987047513E+000                  6.8296147252140527E+000                  6.9337351357174404E-001                  2.8644920508899696E-001                  2.0177281339259001E-002                  7.2250527193848846E-025                  0.0000000000000000E+000                  0.0000000000000000E+000 
                                     256                  1.5479956203121736E+000                  1.4830572965406255E-001                  4.2162588851205687E+000                 -5.2939084125932094E+000                  6.8383696599472890E+000                  6.9337351367538325E-001                  2.8644920498655585E-001                  2.0177281338060959E-002                  7.3437881173360705E-025                  0.0000000000000000E+000                  0.0000000000000000E+000 
                                     257                  1.5479956200531675E+000                  1.4830199610739356E-001                  4.2170207090914422E+000                 -5.2892815643003157E+000                  6.8441099412073063E+000                  6.9337351374395984E-001                  2.8644920491877202E-001                  2.0177281337268149E-002                  7.4226132258665779E-025                  0.0000000000000000E+000                  0.0000000000000000E+000 
                                     258                  1.5479956197941609E+000                  1.4829830203095645E-001                  4.2177730167873015E+000                 -5.2847150560818186E+000                  6.8497755305823080E+000                  6.9337351381203038E-001                  2.8644920485148850E-001                  2.0177281336481112E-002                  7.5012407861263990E-025                  0.0000000000000000E+000                  0.0000000000000000E+000 
                                     259                  1.5479956195351545E+000                  1.4829464650060908E-001                  4.2188870992383949E+000                 -5.2779816412640850E+000                  6.8581379766287212E+000                  6.9337351391339164E-001                  2.8644920475129909E-001                  2.0177281335309272E-002                  7.6187024973638843E-025                  0.0000000000000000E+000                  0.0000000000000000E+000 
                                     260                  1.5479956190171418E+000                  1.4828744764842583E-001                  4.2203375119741215E+000                 -5.2691921702745361E+000                  6.8690438883980631E+000                  6.9337351404661229E-001                  2.8644920461961870E-001                  2.0177281333769059E-002                  7.7748062082959703E-025                  0.0000000000000000E+000                  0.0000000000000000E+000 
                                     261                  1.5479956184991293E+000                  1.4828039267851534E-001                  4.2214003228946879E+000                 -5.2627360561586736E+000                  6.8770477914657926E+000                  6.9337351414513815E-001                  2.8644920452223194E-001                  2.0177281332629970E-002                  7.8915048537064508E-025                  0.0000000000000000E+000                  0.0000000000000000E+000 
                                     262                  1.5479956182401229E+000                  1.4827691711802182E-001                  4.2224500268019645E+000                 -5.2564085819504927E+000                  6.8849070999743240E+000                  6.9337351424298832E-001                  2.8644920442551297E-001                  2.0177281331498653E-002                  8.0075795547025086E-025                  0.0000000000000000E+000                  0.0000000000000000E+000 
                                     263                  1.5479956177221101E+000                  1.4827006629319497E-001                  4.2234769304537041E+000                 -5.2501823832366616E+000                  6.8926271879573990E+000                  6.9337351433952421E-001                  2.8644920433009313E-001                  2.0177281330382657E-002                  8.1234646519590684E-025                  0.0000000000000000E+000                  0.0000000000000000E+000 
                                     264                  1.5479956174631038E+000                  1.4826668951908131E-001                  4.2244916363876728E+000                 -5.2440759612664447E+000                  6.9002126697396546E+000                  6.9337351443542083E-001                  2.8644920423530523E-001                  2.0177281329273988E-002                  8.2387510521612451E-025                  0.0000000000000000E+000                  0.0000000000000000E+000 
                                     265                  1.5479956169450910E+000                  1.4826003003418947E-001                  4.2261461584782785E+000                 -5.2341297609292443E+000                  6.9125686918892288E+000                  6.9337351459317176E-001                  2.8644920407937813E-001                  2.0177281327450114E-002                  8.4300478164942041E-025                  0.0000000000000000E+000                  0.0000000000000000E+000 
                                     266                  1.5479956161680719E+000                  1.4825026642626202E-001                  4.2275898095696638E+000                 -5.2253958087730377E+000                  6.9233972676752531E+000                  6.9337351473246711E-001                  2.8644920394169304E-001                  2.0177281325839846E-002                  8.6016926373474688E-025                  0.0000000000000000E+000                  0.0000000000000000E+000 
                                     267                  1.5479956157795625E+000                  1.4824548157759934E-001                  4.2285368784620321E+000                 -5.2196992984018129E+000                  6.9304694797900224E+000                  6.9337351482447174E-001                  2.8644920385075223E-001                  2.0177281324776031E-002                  8.7155246482239308E-025                  0.0000000000000000E+000                  0.0000000000000000E+000 
                                     268                  1.5479956153910528E+000                  1.4824075892546612E-001                  4.2293142790010743E+000                 -5.2150203244173703E+000                  6.9362765203480992E+000                  6.9337351490044352E-001                  2.8644920377565875E-001                  2.0177281323897733E-002                  8.8101506955506500E-025                  0.0000000000000000E+000                  0.0000000000000000E+000 
                                     269                  1.5479956151320464E+000                  1.4823764414472654E-001                  4.2299298768396092E+000                 -5.2113232809647236E+000                  6.9408670177918275E+000                  6.9337351496085609E-001                  2.8644920371594462E-001                  2.0177281323199292E-002                  8.8856453686709680E-025                  0.0000000000000000E+000                  0.0000000000000000E+000 
                                     270                  1.5479956148730400E+000                  1.4823455570065266E-001                  4.2307726559678871E+000                 -5.2062767675754698E+000                  6.9471372649583172E+000                  6.9337351504391409E-001                  2.8644920363384690E-001                  2.0177281322238949E-002                  8.9897431047088455E-025                  0.0000000000000000E+000                  0.0000000000000000E+000 
                                     271                  1.5479956144155977E+000                  1.4822916392408289E-001                  4.2318307215711259E+000                 -5.1999330606637475E+000                  6.9550151787473986E+000                  6.9337351514888090E-001                  2.8644920353009362E-001                  2.0177281321025475E-002                  9.1223326838242676E-025                  0.0000000000000000E+000                  0.0000000000000000E+000 
                                     272                  1.5479956139581554E+000                  1.4822385013590006E-001                  4.2332527900472607E+000                 -5.1914485342945005E+000                  6.9655631859005025E+000                  6.9337351529097480E-001                  2.8644920338964247E-001                  2.0177281319382789E-002                  9.3027329430755322E-025                  0.0000000000000000E+000                  0.0000000000000000E+000 
                                     273                  1.5479956131644115E+000                  1.4821480770272019E-001                  4.2350069040373457E+000                 -5.1809622589941595E+000                  6.9785889302424717E+000                  6.9337351546817072E-001                  2.8644920321449524E-001                  2.0177281317333984E-002                  9.5306377960697343E-025                  0.0000000000000000E+000                  0.0000000000000000E+000 
                                     274                  1.5479956123706675E+000                  1.4820598044436845E-001                  4.2362871002134730E+000                 -5.1732912610232544E+000                  6.9881088626957970E+000                  6.9337351559885718E-001                  2.8644920308531957E-001                  2.0177281315823192E-002                  9.7008891035204384E-025                  0.0000000000000000E+000                  0.0000000000000000E+000 
                                     275                  1.5479956119737959E+000                  1.4820164389205626E-001                  4.2375488218444568E+000                 -5.1658018100951821E+000                  6.9974249504614265E+000                  6.9337351572847483E-001                  2.8644920295720050E-001                  2.0177281314324613E-002                  9.8700484447794112E-025                  0.0000000000000000E+000                  0.0000000000000000E+000 
                                     276                  1.5479956111800517E+000                  1.4819311869498822E-001                  4.2387787031346704E+000                 -5.1584545736393324E+000                  7.0065460963033352E+000                  6.9337351585602425E-001                  2.8644920283112568E-001                  2.0177281312850015E-002                  1.0038865088904632E-024                  0.0000000000000000E+000                  0.0000000000000000E+000 
                                     277                  1.5479956107831798E+000                  1.4818892741890052E-001                  4.2395876783563766E+000                 -5.1536462216593559E+000                  7.0125223737246536E+000                  6.9337351594039032E-001                  2.8644920274773494E-001                  2.0177281311874795E-002                  1.0150908075217341E-024                  0.0000000000000000E+000                  0.0000000000000000E+000 
                                     278                  1.5479956103863080E+000                  1.4818478217181835E-001                  4.2407851824347524E+000                 -5.1465632774682062E+000                  7.0213356982651574E+000                  6.9337351606595932E-001                  2.8644920262361784E-001                  2.0177281310422845E-002                  1.0318237587652722E-024                  0.0000000000000000E+000                  0.0000000000000000E+000 
                                     279                  1.5479956095925640E+000                  1.4817662544482460E-001                  4.2419541578838009E+000                 -5.1396078118124278E+000                  7.0299743643365868E+000                  6.9337351618962917E-001                  2.8644920250137773E-001                  2.0177281308993100E-002                  1.0485242855754560E-024                  0.0000000000000000E+000                  0.0000000000000000E+000 
                                     280                  1.5479956091956921E+000                  1.4817261170958551E-001                  4.2431078720271582E+000                 -5.1328021632835661E+000                  7.0384448525093557E+000                  6.9337351631237842E-001                  2.8644920238004756E-001                  2.0177281307574013E-002                  1.0651270238387202E-024                  0.0000000000000000E+000                  0.0000000000000000E+000 
                                     281                  1.5479956084019479E+000                  1.4816470872848650E-001                  4.2449851506454204E+000                 -5.1217473143608974E+000                  7.0522062198818549E+000                  6.9337351651398005E-001                  2.8644920218077674E-001                  2.0177281305243211E-002                  1.0926588180042880E-024                  0.0000000000000000E+000                  0.0000000000000000E+000 
                                     282                  1.5479956072113323E+000                  1.4815315142430252E-001                  4.2467997220556146E+000                 -5.1110136915972877E+000                  7.0655462924842798E+000                  6.9337351671132952E-001                  2.8644920198570872E-001                  2.0177281302961703E-002                  1.1200722496892985E-024                  0.0000000000000000E+000                  0.0000000000000000E+000 
                                     283                  1.5479956064175882E+000                  1.4814563415214485E-001                  4.2482185214359411E+000                 -5.1026671533716490E+000                  7.0759316690893534E+000                  6.9337351686704873E-001                  2.8644920183178979E-001                  2.0177281301161476E-002                  1.1418642037191541E-024                  0.0000000000000000E+000                  0.0000000000000000E+000 
                                     284                  1.5479956056238442E+000                  1.4813825959282401E-001                  4.2496065635416809E+000                 -5.0945167327515435E+000                  7.0860751679937888E+000                  6.9337351702068517E-001                  2.8644920167992971E-001                  2.0177281299385119E-002                  1.1635537428086746E-024                  0.0000000000000000E+000                  0.0000000000000000E+000 
                                     285                  1.5479956048301002E+000                  1.4813102177627047E-001                  4.2506259668021711E+000                 -5.0885221183208529E+000                  7.0935307746382312E+000                  6.9337351713440676E-001                  2.8644920156752279E-001                  2.0177281298070504E-002                  1.1797691961357940E-024                  0.0000000000000000E+000                  0.0000000000000000E+000 
                                     286                  1.5479956044332281E+000                  1.4812745234378250E-001                  4.2512982066734439E+000                 -5.0845858953716734E+000                  7.0984311690259956E+000                  6.9337351720973261E-001                  2.8644920149306780E-001                  2.0177281297199645E-002                  1.1905395690506660E-024                  0.0000000000000000E+000                  0.0000000000000000E+000 
                                     287                  1.5479956040363565E+000                  1.4812391502980995E-001                  4.2522957757992774E+000                 -5.0787690112274158E+000                  7.1056798529960830E+000                  6.9337351732200048E-001                  2.8644920138209801E-001                  2.0177281295901572E-002                  1.2066363607423531E-024                  0.0000000000000000E+000                  0.0000000000000000E+000 
                                     288                  1.5479956032426125E+000                  1.4811693427317135E-001                  4.2535995190268592E+000                 -5.0711557444989417E+000                  7.1151609232543134E+000                  6.9337351746981746E-001                  2.8644920123598994E-001                  2.0177281294192606E-002                  1.2280339296593783E-024                  0.0000000000000000E+000                  0.0000000000000000E+000 
                                     289                  1.5479956024488684E+000                  1.4811007449626121E-001                  4.2555151399187245E+000                 -5.0600584886098261E+000                  7.1290062464850665E+000                  6.9337351768882560E-001                  2.8644920101951371E-001                  2.0177281291660742E-002                  1.2599058782453708E-024                  0.0000000000000000E+000                  0.0000000000000000E+000 
                                     290                  1.5479956008613807E+000                  1.4809670013398338E-001                  4.2573609814785298E+000                 -5.0492727199699710E+000                  7.1424254106889649E+000                  6.9337351790266633E-001                  2.8644920080814534E-001                  2.0177281289188276E-002                  1.2916768118752608E-024                  0.0000000000000000E+000                  0.0000000000000000E+000 
                                     291                  1.5479956000676367E+000                  1.4809017653636145E-001                  4.2585679390011331E+000                 -5.0422752881707451E+000                  7.1511470849282999E+000                  6.9337351804358716E-001                  2.8644920066885371E-001                  2.0177281287559135E-002                  1.3127165149823614E-024                  0.0000000000000000E+000                  0.0000000000000000E+000 
                                     292                  1.5479955992738927E+000                  1.4808375691891468E-001                  4.2597530485874877E+000                 -5.0354166999110257E+000                  7.1596975503213907E+000                  6.9337351818291737E-001                  2.8644920053113432E-001                  2.0177281285948312E-002                  1.3336717512884065E-024                  0.0000000000000000E+000                  0.0000000000000000E+000 
                                     293                  1.5479955984801488E+000                  1.4807743760879591E-001                  4.2609171409650601E+000                 -5.0286916069670262E+000                  7.1680834012887775E+000                  6.9337351832070504E-001                  2.8644920039493954E-001                  2.0177281284355475E-002                  1.3545443493287519E-024                  0.0000000000000000E+000                  0.0000000000000000E+000 
                                     294                  1.5479955976864050E+000                  1.4807121513052729E-001                  4.2623464952157466E+000                 -5.0204711206732560E+000                  7.1783435974969647E+000                  6.9337351849106788E-001                  2.8644920022654641E-001                  2.0177281282385717E-002                  1.3805030255556244E-024                  0.0000000000000000E+000                  0.0000000000000000E+000 
                                     295                  1.5479955964957890E+000                  1.4806205593703445E-001                  4.2637405478444217E+000                 -5.0124307161969712E+000                  7.1883678166768146E+000                  6.9337351865872543E-001                  2.8644920006082719E-001                  2.0177281280447379E-002                  1.4063749095361946E-024                  0.0000000000000000E+000                  0.0000000000000000E+000 
                                     296                  1.5479955957020448E+000                  1.4805606150140688E-001                  4.2651106475585348E+000                 -5.0045840872894418E+000                  7.1981664060078376E+000                  6.9337351882464338E-001                  2.8644919989682732E-001                  2.0177281278529247E-002                  1.4320913562080480E-024                  0.0000000000000000E+000                  0.0000000000000000E+000 
                                     297                  1.5479955945114292E+000                  1.4804723039395060E-001                  4.2664484788029382E+000                 -4.9969018793369937E+000                  7.2077495587440099E+000                  6.9337351898804223E-001                  2.8644919973531768E-001                  2.0177281276640091E-002                  1.4577251016404177E-024                  0.0000000000000000E+000                  0.0000000000000000E+000 
                                     298                  1.5479955937176852E+000                  1.4804144592325097E-001                  4.2680270612685280E+000                 -4.9879211553106773E+000                  7.2189775977729393E+000                  6.9337351918217305E-001                  2.8644919954343123E-001                  2.0177281274395664E-002                  1.4882748563253218E-024                  0.0000000000000000E+000                  0.0000000000000000E+000 
                                     299                  1.5479955921301973E+000                  1.4803011308805852E-001                  4.2700688104786213E+000                 -4.9762851070038030E+000                  7.2335120465248615E+000                  6.9337351943602277E-001                  2.8644919929251633E-001                  2.0177281271460901E-002                  1.5288127895891979E-024                  0.0000000000000000E+000                  0.0000000000000000E+000 
                                     300                  1.5479955905427096E+000                  1.4801907900940883E-001                  4.2715557964336526E+000                 -4.9677989896432004E+000                  7.2441033784554403E+000                  6.9337351962286320E-001                  2.8644919910783606E-001                  2.0177281269300740E-002                  1.5590725497148482E-024                  0.0000000000000000E+000                  0.0000000000000000E+000 
                                     301                  1.5479955897489657E+000                  1.4801366841936259E-001                  4.2725322018090930E+000                 -4.9622623478722732E+000                  7.2510237795002492E+000                  6.9337351974628547E-001                  2.8644919898584065E-001                  2.0177281267873881E-002                  1.5791376899251903E-024                  0.0000000000000000E+000                  0.0000000000000000E+000 
                                     302                  1.5479955889552217E+000                  1.4800832617048174E-001                  4.2734989632607192E+000                 -4.9567895162380218E+000                  7.2578659631294418E+000                  6.9337351986913975E-001                  2.8644919886440673E-001                  2.0177281266453573E-002                  1.5992257407632352E-024                  0.0000000000000000E+000                  0.0000000000000000E+000 
                                     303                  1.5479955881544318E+000                  1.4800300379674025E-001                  4.2749341374765146E+000                 -4.9487144196849364E+000                  7.2679757218621850E+000                  6.9337352005257935E-001                  2.8644919868308782E-001                  2.0177281264332825E-002                  1.6293337561836390E-024                  0.0000000000000000E+000                  0.0000000000000000E+000 
                                     304                  1.5479955865528525E+000                  1.4799255457550747E-001                  4.2763314892863704E+000                 -4.9408068341704707E+000                  7.2778564237606496E+000                  6.9337352023282728E-001                  2.8644919850492384E-001                  2.0177281262248936E-002                  1.6593673032591978E-024                  0.0000000000000000E+000                  0.0000000000000000E+000 
                                     305                  1.5479955857520624E+000                  1.4798742395712405E-001                  4.2772500084055265E+000                 -4.9356402967057029E+000                  7.2843211435608790E+000                  6.9337352035196675E-001                  2.8644919838716176E-001                  2.0177281260871482E-002                  1.6792890130732797E-024                  0.0000000000000000E+000                  0.0000000000000000E+000 
                                     306                  1.5479955849512728E+000                  1.4798235383434441E-001                  4.2781563388658910E+000                 -4.9305503822211465E+000                  7.2906913373732944E+000                  6.9337352047010326E-001                  2.8644919827039100E-001                  2.0177281259505797E-002                  1.6991495010220692E-024                  0.0000000000000000E+000                  0.0000000000000000E+000 
                                     307                  1.5479955841504831E+000                  1.4797734261186413E-001                  4.2794973788740691E+000                 -4.9230624204244382E+000                  7.3000752154971620E+000                  6.9337352064583679E-001                  2.8644919809668928E-001                  2.0177281257473867E-002                  1.7287954151853881E-024                  0.0000000000000000E+000                  0.0000000000000000E+000 
                                     308                  1.5479955825489038E+000                  1.4796749098368966E-001                  4.2808056942868644E+000                 -4.9157189790012383E+000                  7.3092614402204177E+000                  6.9337352081872683E-001                  2.8644919792579793E-001                  2.0177281255475243E-002                  1.7583722653878925E-024                  0.0000000000000000E+000                  0.0000000000000000E+000 
                                     309                  1.5479955817481137E+000                  1.4796264751364677E-001                  4.2820963683756608E+000                 -4.9085444471653457E+000                  7.3182577725834390E+000                  6.9337352099024185E-001                  2.8644919775626582E-001                  2.0177281253492385E-002                  1.7877582132861098E-024                  0.0000000000000000E+000                  0.0000000000000000E+000 
                                     310                  1.5479955801465344E+000                  1.4795311881395684E-001                  4.2837762556519312E+000                 -4.8991968125930052E+000                  7.3299711487344599E+000                  6.9337352121537577E-001                  2.8644919753373488E-001                  2.0177281250889356E-002                  1.8267840954584927E-024                  0.0000000000000000E+000                  0.0000000000000000E+000 
                                     311                  1.5479955785449548E+000                  1.4794379240859007E-001                  4.2854164177763021E+000                 -4.8900977008890365E+000                  7.3413778491938979E+000                  6.9337352143710584E-001                  2.8644919731456814E-001                  2.0177281248326073E-002                  1.8655918361128640E-024                  0.0000000000000000E+000                  0.0000000000000000E+000 
                                     312                  1.5479955769433755E+000                  1.4793465879012169E-001                  4.2866187827013116E+000                 -4.8834224414356324E+000                  7.3497411669541988E+000                  6.9337352160095544E-001                  2.8644919715261291E-001                  2.0177281246431589E-002                  1.8945859745594763E-024                  0.0000000000000000E+000                  0.0000000000000000E+000 
                                     313                  1.5479955761425856E+000                  1.4793016142593010E-001                  4.2878064190597662E+000                 -4.8768873763047633E+000                  7.3579468050702825E+000                  6.9337352176361644E-001                  2.8644919699183241E-001                  2.0177281244551093E-002                  1.9234083701905126E-024                  0.0000000000000000E+000                  0.0000000000000000E+000 
                                     314                  1.5479955745410063E+000                  1.4792130062406458E-001                  4.2893556131295449E+000                 -4.8683560244920079E+000                  7.3686527793685999E+000                  6.9337352197741886E-001                  2.8644919678050185E-001                  2.0177281242079292E-002                  1.9616972097337332E-024                  0.0000000000000000E+000                  0.0000000000000000E+000 
                                     315                  1.5479955729394268E+000                  1.4791261166005837E-001                  4.2904929478231963E+000                 -4.8620889551294777E+000                  7.3765131695005843E+000                  6.9337352213555170E-001                  2.8644919662419710E-001                  2.0177281240251199E-002                  1.9903094927315983E-024                  0.0000000000000000E+000                  0.0000000000000000E+000 
                                     316                  1.5479955721386369E+000                  1.4790832922890024E-001                  4.2912427770321475E+000                 -4.8579776137998314E+000                  7.3816756911640455E+000                  6.9337352224025495E-001                  2.8644919652070455E-001                  2.0177281239040501E-002                  2.0093065006734590E-024                  0.0000000000000000E+000                  0.0000000000000000E+000 
                                     317                  1.5479955713378473E+000                  1.4790408702209815E-001                  4.2923552289796012E+000                 -4.8519073471691110E+000                  7.3893064973179658E+000                  6.9337352239624961E-001                  2.8644919636651328E-001                  2.0177281237237166E-002                  2.0376875503325333E-024                  0.0000000000000000E+000                  0.0000000000000000E+000 
                                     318                  1.5479955697362677E+000                  1.4789572000842130E-001                  4.2938086735718075E+000                 -4.8439713081036686E+000                  7.3992774758509254E+000                  6.9337352260149343E-001                  2.8644919616364245E-001                  2.0177281234864175E-002                  2.0753984214005826E-024                  0.0000000000000000E+000                  0.0000000000000000E+000 
                                     319                  1.5479955681346884E+000                  1.4788750402954215E-001                  4.2952329842860708E+000                 -4.8362158834733391E+000                  7.4090253883290451E+000                  6.9337352280408648E-001                  2.8644919596339158E-001                  2.0177281232521938E-002                  2.1129263774493411E-024                  0.0000000000000000E+000                  0.0000000000000000E+000 
                                     320                  1.5479955665331089E+000                  1.4787943301146281E-001                  4.2966294015869018E+000                 -4.8286331353023026E+000                  7.4185600006017669E+000                  6.9337352300412070E-001                  2.8644919576566996E-001                  2.0177281230209343E-002                  2.1502759229916015E-024                  0.0000000000000000E+000                  0.0000000000000000E+000 
                                     321                  1.5479955649315296E+000                  1.4787150125125878E-001                  4.2976570693650000E+000                 -4.8230504557437657E+000                  7.4255765637442614E+000                  6.9337352315229317E-001                  2.8644919561921051E-001                  2.0177281228496380E-002                  2.1781959998702152E-024                  0.0000000000000000E+000                  0.0000000000000000E+000 
                                     322                  1.5479955641307399E+000                  1.4786758586446391E-001                  4.2983354340171251E+000                 -4.8193818393856906E+000                  7.4301922406347902E+000                  6.9337352325047263E-001                  2.8644919552216608E-001                  2.0177281227361288E-002                  2.1967409183925863E-024                  0.0000000000000000E+000                  0.0000000000000000E+000 
                                     323                  1.5479955633299498E+000                  1.4786370330825310E-001                  4.2993490302876776E+000                 -4.8139245308435390E+000                  7.4370654166432510E+000                  6.9337352339771852E-001                  2.8644919537662256E-001                  2.0177281225658872E-002                  2.2246207582325907E-024                  0.0000000000000000E+000                  0.0000000000000000E+000 
                                     324                  1.5479955617141554E+000                  1.4785596679080715E-001                  4.3010120430626024E+000                 -4.8049932652872878E+000                  7.4483177410598627E+000                  6.9337352364090465E-001                  2.8644919513624806E-001                  2.0177281222847343E-002                  2.2710148774915357E-024                  0.0000000000000000E+000                  0.0000000000000000E+000 
                                     325                  1.5479955592904635E+000                  1.4784459747941908E-001                  4.3029548038346697E+000                 -4.7945687988551056E+000                  7.4614479997608347E+000                  6.9337352392763985E-001                  2.8644919485282777E-001                  2.0177281219532439E-002                  2.3263928981360440E-024                  0.0000000000000000E+000                  0.0000000000000000E+000 
                                     326                  1.5479955568667718E+000                  1.4783349695747605E-001                  4.3045321917014903E+000                 -4.7861137117208408E+000                  7.4720956347553207E+000                  6.9337352416254683E-001                  2.8644919462063662E-001                  2.0177281216816612E-002                  2.3723010782844532E-024                  0.0000000000000000E+000                  0.0000000000000000E+000 
                                     327                  1.5479955552509774E+000                  1.4782623883000123E-001                  4.3057722046851996E+000                 -4.7795029702889034E+000                  7.4804302443959232E+000                  6.9337352434839972E-001                  2.8644919443693240E-001                  2.0177281214667886E-002                  2.4088264337720676E-024                  0.0000000000000000E+000                  0.0000000000000000E+000 
                                     328                  1.5479955536351828E+000                  1.4781908999191984E-001                  4.3069915596815278E+000                 -4.7730187067382479E+000                  7.4886084439254752E+000                  6.9337352453224033E-001                  2.8644919425521720E-001                  2.0177281212542475E-002                  2.4452002730464992E-024                  0.0000000000000000E+000                  0.0000000000000000E+000 
                                     329                  1.5479955520193882E+000                  1.4781204675195606E-001                  4.3081909936678100E+000                 -4.7666562429903516E+000                  7.4966359978602677E+000                  6.9337352471412717E-001                  2.8644919407543318E-001                  2.0177281210439713E-002                  2.4814256942638654E-024                  0.0000000000000000E+000                  0.0000000000000000E+000 
                                     330                  1.5479955504035938E+000                  1.4780510560885904E-001                  4.3093712041292882E+000                 -4.7604111538983327E+000                  7.5045183577706283E+000                  6.9337352489411630E-001                  2.8644919389752493E-001                  2.0177281208358711E-002                  2.5175056832973672E-024                  0.0000000000000000E+000                  0.0000000000000000E+000 
                                     331                  1.5479955487877994E+000                  1.4779826323839754E-001                  4.3111125152983174E+000                 -4.7512665641682856E+000                  7.5160806961412181E+000                  6.9337352516133066E-001                  2.8644919363339993E-001                  2.0177281205269404E-002                  2.5712874987684197E-024                  0.0000000000000000E+000                  0.0000000000000000E+000 
                                     332                  1.5479955455562102E+000                  1.4778486269670424E-001                  4.3128031717310584E+000                 -4.7423398207286827E+000                  7.5273445455572361E+000                  6.9337352542323738E-001                  2.8644919337452113E-001                  2.0177281202241493E-002                  2.6248982714086001E-024                  0.0000000000000000E+000                  0.0000000000000000E+000 
                                     333                  1.5479955439404158E+000                  1.4777829828875630E-001                  4.3139127667581185E+000                 -4.7365244464861052E+000                  7.5346951255451060E+000                  6.9337352559614529E-001                  2.8644919320361234E-001                  2.0177281200242314E-002                  2.6604242863991788E-024                  0.0000000000000000E+000                  0.0000000000000000E+000 
                                     334                  1.5479955423246212E+000                  1.4777182090316152E-001                  4.3155517731690010E+000                 -4.7279955135941503E+000                  7.5454934978395798E+000                  6.9337352585302436E-001                  2.8644919294970311E-001                  2.0177281197272467E-002                  2.7134006154501164E-024                  0.0000000000000000E+000                  0.0000000000000000E+000 
                                     335                  1.5479955390930320E+000                  1.4775911722199322E-001                  4.3171463366036003E+000                 -4.7196567809839802E+000                  7.5560310966159925E+000                  6.9337352610513159E-001                  2.8644919270051045E-001                  2.0177281194357910E-002                  2.7662172858549166E-024                  0.0000000000000000E+000                  0.0000000000000000E+000 
                                     336                  1.5479955374772378E+000                  1.4775288576990925E-001                  4.3187307676540829E+000                 -4.7114673485933922E+000                  7.5664101313735106E+000                  6.9337352635716620E-001                  2.8644919245138972E-001                  2.0177281191444019E-002                  2.8190908213511226E-024                  0.0000000000000000E+000                  0.0000000000000000E+000 
                                     337                  1.5479955342025038E+000                  1.4774049159501693E-001                  4.3207960052721965E+000                 -4.7007900385661454E+000                  7.5799339126014047E+000                  6.9337352668863239E-001                  2.8644919212375564E-001                  2.0177281187611973E-002                  2.8895506658236748E-024                  0.0000000000000000E+000                  0.0000000000000000E+000 
                                     338                  1.5479955309277702E+000                  1.4772839739790392E-001                  4.3228066301773920E+000                 -4.6904410651657873E+000                  7.5930506937229962E+000                  6.9337352701433153E-001                  2.8644919180182205E-001                  2.0177281183846429E-002                  2.9595274819061754E-024                  0.0000000000000000E+000                  0.0000000000000000E+000 
                                     339                  1.5479955276530364E+000                  1.4771658701641419E-001                  4.3242767693050173E+000                 -4.6828749677679156E+000                  7.6026357037650936E+000                  6.9337352725448476E-001                  2.8644919156444532E-001                  2.0177281181069873E-002                  3.0117595429877545E-024                  0.0000000000000000E+000                  0.0000000000000000E+000 
                                     340                  1.5479955260156697E+000                  1.4771078345941518E-001                  4.3254854203241591E+000                 -4.6767074663182635E+000                  7.6104651356848683E+000                  6.9337352745295322E-001                  2.8644919136827135E-001                  2.0177281178775486E-002                  3.0550191392220799E-024                  0.0000000000000000E+000                  0.0000000000000000E+000 
                                     341                  1.5479955235596192E+000                  1.4770220044995275E-001                  4.3269093622795989E+000                 -4.6694491263990408E+000                  7.6196785823720345E+000                  6.9337352768820992E-001                  2.8644919113573453E-001                  2.0177281176055550E-002                  3.1067282708127133E-024                  0.0000000000000000E+000                  0.0000000000000000E+000 
                                     342                  1.5479955211035692E+000                  1.4769375919946071E-001                  4.3280748118009322E+000                 -4.6635151690788836E+000                  7.6272104845776569E+000                  6.9337352788191708E-001                  2.8644919094426669E-001                  2.0177281173816231E-002                  3.1496533168184470E-024                  0.0000000000000000E+000                  0.0000000000000000E+000 
                                     343                  1.5479955194662023E+000                  1.4768820779895650E-001                  4.3289958389310277E+000                 -4.6588448673536353E+000                  7.6331436491734541E+000                  6.9337352803566876E-001                  2.8644919079229264E-001                  2.0177281172038652E-002                  3.1838548888805586E-024                  0.0000000000000000E+000                  0.0000000000000000E+000 
                                     344                  1.5479955178288356E+000                  1.4768271556758913E-001                  4.3303604725353271E+000                 -4.6519661101610774E+000                  7.6418945671494845E+000                  6.9337352826451126E-001                  2.8644919056609591E-001                  2.0177281169392769E-002                  3.2349083669526776E-024                  0.0000000000000000E+000                  0.0000000000000000E+000 
                                     345                  1.5479955145541018E+000                  1.4767190310744230E-001                  4.3321393843272293E+000                 -4.6430000080152221E+000                  7.6532958669445401E+000                  6.9337352856502321E-001                  2.8644919026905818E-001                  2.0177281165918659E-002                  3.3026875188273010E-024                  0.0000000000000000E+000                  0.0000000000000000E+000 
                                     346                  1.5479955112793680E+000                  1.4766131080129200E-001                  4.3334445750225488E+000                 -4.6364234492439493E+000                  7.6616554253202027E+000                  6.9337352878709380E-001                  2.8644919004955505E-001                  2.0177281163351157E-002                  3.3533060761274424E-024                  0.0000000000000000E+000                  0.0000000000000000E+000 
                                     347                  1.5479955096420013E+000                  1.4765609395928841E-001                  4.3343047418433125E+000                 -4.6321139236732325E+000                  7.6671406493437129E+000                  6.9337352893406945E-001                  2.8644918990427864E-001                  2.0177281161651850E-002                  3.3868966225001963E-024                  0.0000000000000000E+000                  0.0000000000000000E+000 
                                     348                  1.5479955080046346E+000                  1.4765092844303718E-001                  4.3355804235329298E+000                 -4.6257579456686697E+000                  7.6752411159499410E+000                  6.9337352915295514E-001                  2.8644918968792354E-001                  2.0177281159121319E-002                  3.4370546291389639E-024                  0.0000000000000000E+000                  0.0000000000000000E+000 
                                     349                  1.5479955047299008E+000                  1.4764074696637511E-001                  4.3372462779288483E+000                 -4.6174595875227116E+000                  7.6858129159173512E+000                  6.9337352944071662E-001                  2.8644918940348890E-001                  2.0177281155794535E-002                  3.5036630257911997E-024                  0.0000000000000000E+000                  0.0000000000000000E+000 
                                     350                  1.5479955014551670E+000                  1.4763075749128304E-001                  4.3388778687757625E+000                 -4.6093625578649648E+000                  7.6961344142481805E+000                  6.9337352972454858E-001                  2.8644918912293837E-001                  2.0177281152513049E-002                  3.5699022410597952E-024                  0.0000000000000000E+000                  0.0000000000000000E+000 
                                     351                  1.5479954981804334E+000                  1.4762095186512986E-001                  4.3404767131893385E+000                 -4.6014574590399260E+000                  7.7062171943662578E+000                  6.9337353000459567E-001                  2.8644918884612902E-001                  2.0177281149275306E-002                  3.6357819921902455E-024                  0.0000000000000000E+000                  0.0000000000000000E+000 
                                     352                  1.5479954949056995E+000                  1.4761132246163453E-001                  4.3420442274809075E+000                 -4.5937355457334981E+000                  7.7160720536922591E+000                  6.9337353028099358E-001                  2.8644918857292651E-001                  2.0177281146079862E-002                  3.7013114266703794E-024                  0.0000000000000000E+000                  0.0000000000000000E+000 
                                     353                  1.5479954916309659E+000                  1.4760186213554397E-001                  4.3439652663140471E+000                 -4.5843360979396852E+000                  7.7280852814479681E+000                  6.9337353062208706E-001                  2.8644918823577648E-001                  2.0177281142136461E-002                  3.7826762361993589E-024                  0.0000000000000000E+000                  0.0000000000000000E+000 
                                     354                  1.5479954867188652E+000                  1.4758797435197513E-001                  4.3456529781271938E+000                 -4.5760573376012532E+000                  7.7386523676641481E+000                  6.9337353092427678E-001                  2.8644918793708046E-001                  2.0177281138642700E-002                  3.8558235807293898E-024                  0.0000000000000000E+000                  0.0000000000000000E+000 
                                     355                  1.5479954842409900E+000                  1.4758110054235679E-001                  4.3467684764516665E+000                 -4.5706252865695793E+000                  7.7455977951701458E+000                  6.9337353112507127E-001                  2.8644918773860745E-001                  2.0177281136321223E-002                  3.9045873254865324E-024                  0.0000000000000000E+000                  0.0000000000000000E+000 
                                     356                  1.5479954817631150E+000                  1.4757431185290718E-001                  4.3484228704334731E+000                 -4.5626265229025131E+000                  7.7558422819299864E+000                  6.9337353142442004E-001                  2.8644918744271947E-001                  2.0177281132860436E-002                  3.9775200731326628E-024                  0.0000000000000000E+000                  0.0000000000000000E+000 
                                     357                  1.5479954767855395E+000                  1.4756092261509135E-001                  4.3505751121875509E+000                 -4.5522259443557855E+000                  7.7691569754698158E+000                  6.9337353181708739E-001                  2.8644918705459188E-001                  2.0177281128320734E-002                  4.0743985183437839E-024                  0.0000000000000000E+000                  0.0000000000000000E+000 
                                     358                  1.5479954718079643E+000                  1.4754784902177498E-001                  4.3526723792698609E+000                 -4.5421419024942660E+000                  7.7820771103267976E+000                  6.9337353220304554E-001                  2.8644918667309588E-001                  2.0177281123858526E-002                  4.1705863681229631E-024                  0.0000000000000000E+000                  0.0000000000000000E+000 
                                     359                  1.5479954668303890E+000                  1.4753507435143193E-001                  4.3543774657870813E+000                 -4.5339612161092040E+000                  7.7925590423463929E+000                  6.9337353251934575E-001                  2.8644918636045241E-001                  2.0177281120201895E-002                  4.2502887306547039E-024                  0.0000000000000000E+000                  0.0000000000000000E+000 
                                     360                  1.5479954635120052E+000                  1.4752671621500815E-001                  4.3557189370308125E+000                 -4.5275638340653641E+000                  7.8007667899949231E+000                  6.9337353276964897E-001                  2.8644918611304304E-001                  2.0177281117307988E-002                  4.3136792224894197E-024                  0.0000000000000000E+000                  0.0000000000000000E+000 
                                     361                  1.5479954601936219E+000                  1.4751847982382069E-001                  4.3573743868140973E+000                 -4.5197154430566240E+000                  7.8108490328647786E+000                  6.9337353308030159E-001                  2.8644918580598183E-001                  2.0177281113716639E-002                  4.3927435270177981E-024                  0.0000000000000000E+000                  0.0000000000000000E+000 
                                     362                  1.5479954551866058E+000                  1.4750627387284504E-001                  4.3589982360410593E+000                 -4.5120119997893458E+000                  7.8207380644908557E+000                  6.9337353338718477E-001                  2.8644918550264670E-001                  2.0177281110168588E-002                  4.4717602179428386E-024                  0.0000000000000000E+000                  0.0000000000000000E+000 
                                     363                  1.5479954518387820E+000                  1.4749825557515170E-001                  4.3602792576148435E+000                 -4.5059696330215910E+000                  7.8285044016284573E+000                  6.9337353363060905E-001                  2.8644918526203661E-001                  2.0177281107354395E-002                  4.5347345790851487E-024                  0.0000000000000000E+000                  0.0000000000000000E+000 
                                     364                  1.5479954484909577E+000                  1.4749034762908547E-001                  4.3615410766217666E+000                 -4.5000359928714770E+000                  7.8361348433818545E+000                  6.9337353387158729E-001                  2.8644918502384448E-001                  2.0177281104568179E-002                  4.5974409190787286E-024                  0.0000000000000000E+000                  0.0000000000000000E+000 
                                     365                  1.5479954451431337E+000                  1.4748254656901846E-001                  4.3627843193129552E+000                 -4.4942073134849272E+000                  7.8436340659500434E+000                  6.9337353411018621E-001                  2.8644918478800396E-001                  2.0177281101809830E-002                  4.6598843302245187E-024                  0.0000000000000000E+000                  0.0000000000000000E+000 
                                     366                  1.5479954417953095E+000                  1.4747484909573041E-001                  4.3640095808625876E+000                 -4.4884800206389022E+000                  7.8510065082214071E+000                  6.9337353434646998E-001                  2.8644918455445195E-001                  2.0177281099078126E-002                  4.7220697218800661E-024                  0.0000000000000000E+000                  0.0000000000000000E+000 
                                     367                  1.5479954384474854E+000                  1.4746725206576522E-001                  4.3652174273914826E+000                 -4.4828507174014032E+000                  7.8582563875652429E+000                  6.9337353458049988E-001                  2.8644918432312788E-001                  2.0177281096372290E-002                  4.7840018474216188E-024                  0.0000000000000000E+000                  0.0000000000000000E+000 
                                     368                  1.5479954350996616E+000                  1.4745975248164297E-001                  4.3667082677553513E+000                 -4.4759390922655014E+000                  7.8671680208758543E+000                  6.9337353487080555E-001                  2.8644918403617831E-001                  2.0177281093016086E-002                  4.8611565945796385E-024                  0.0000000000000000E+000                  0.0000000000000000E+000 
                                     369                  1.5479954300630758E+000                  1.4744864726458851E-001                  4.3684684224814054E+000                 -4.4677946810895079E+000                  7.8776698348202467E+000                  6.9337353521578504E-001                  2.8644918369518718E-001                  2.0177281089027721E-002                  4.9536756943970416E-024                  0.0000000000000000E+000                  0.0000000000000000E+000 
                                     370                  1.5479954249967913E+000                  1.4743768326276105E-001                  4.3701982287447718E+000                 -4.4598243343166972E+000                  7.8879545002655878E+000                  6.9337353555709402E-001                  2.8644918335782432E-001                  2.0177281085081655E-002                  5.0459264968139091E-024                  0.0000000000000000E+000                  0.0000000000000000E+000 
                                     371                  1.5479954199305070E+000                  1.4742691783362233E-001                  4.3718940482428232E+000                 -4.4520431472179629E+000                  7.8980022196847868E+000                  6.9337353589389017E-001                  2.8644918302492184E-001                  2.0177281081187992E-002                  5.1376493385055086E-024                  0.0000000000000000E+000                  0.0000000000000000E+000 
                                     372                  1.5479954148642225E+000                  1.4741634278993346E-001                  4.3735573257280738E+000                 -4.4444425084030144E+000                  7.9078236704517106E+000                  6.9337353622633580E-001                  2.8644918269631958E-001                  2.0177281077344622E-002                  5.2288577015191476E-024                  0.0000000000000000E+000                  0.0000000000000000E+000 
                                     373                  1.5479954097979383E+000                  1.4740595045865346E-001                  4.3751894130421229E+000                 -4.4370143746604347E+000                  7.9174288240203845E+000                  6.9337353655458389E-001                  2.8644918237186662E-001                  2.0177281073549436E-002                  5.3195644873986372E-024                  0.0000000000000000E+000                  0.0000000000000000E+000 
                                     374                  1.5479954047316535E+000                  1.4739573363817235E-001                  4.3770722500404871E+000                 -4.4284973536075611E+000                  7.9284561949722701E+000                  6.9337353693569259E-001                  2.8644918199516395E-001                  2.0177281069143405E-002                  5.4255112592135108E-024                  0.0000000000000000E+000                  0.0000000000000000E+000 
                                     375                  1.5479953978864656E+000                  1.4738219639658798E-001                  4.3791848878998385E+000                 -4.4189696824071163E+000                  7.9407954741124653E+000                  6.9337353736660545E-001                  2.8644918156923294E-001                  2.0177281064161612E-002                  5.5465392754007657E-024                  0.0000000000000000E+000                  0.0000000000000000E+000 
                                     376                  1.5479953910412778E+000                  1.4736895167965200E-001                  4.3807332361429543E+000                 -4.4119949818772426E+000                  7.9498262648237539E+000                  6.9337353768469767E-001                  2.8644918125481822E-001                  2.0177281060484109E-002                  5.6368503556913406E-024                  0.0000000000000000E+000                  0.0000000000000000E+000 
                                     377                  1.5479953876186840E+000                  1.4736243438092303E-001                  4.3822619533737095E+000                 -4.4051801517513844E+000                  7.9586736124420359E+000                  6.9337353800032420E-001                  2.8644918094284072E-001                  2.0177281056835028E-002                  5.7265154511502351E-024                  0.0000000000000000E+000                  0.0000000000000000E+000 
                                     378                  1.5479953807734959E+000                  1.4734960186481208E-001                  4.3842557091282917E+000                 -4.3963010467596755E+000                  7.9701978481536671E+000                  6.9337353841478677E-001                  2.8644918053316987E-001                  2.0177281052043305E-002                  5.8454901666384984E-024                  0.0000000000000000E+000                  0.0000000000000000E+000 
                                     379                  1.5479953739283081E+000                  1.4733702794105122E-001                  4.3862059405657980E+000                 -4.3876577690123817E+000                  7.9814254538738894E+000                  6.9337353882314434E-001                  2.8644918012953346E-001                  2.0177281047322193E-002                  5.9636854619718486E-024                  0.0000000000000000E+000                  0.0000000000000000E+000 
                                     380                  1.5479953670831201E+000                  1.4732470072814474E-001                  4.3881146965758937E+000                 -4.3792383584508769E+000                  7.9923713247609891E+000                  6.9337353922564182E-001                  2.8644917973168926E-001                  2.0177281042668915E-002                  6.0811234370190352E-024                  0.0000000000000000E+000                  0.0000000000000000E+000 
                                     381                  1.5479953602379324E+000                  1.4731260917429506E-001                  4.3897506705631066E+000                 -4.3720430068041214E+000                  8.0017287887620085E+000                  6.9337353957290226E-001                  2.8644917938844355E-001                  2.0177281038654238E-002                  6.1833239067708380E-024                  0.0000000000000000E+000                  0.0000000000000000E+000 
                                     382                  1.5479953551040415E+000                  1.4730368887257936E-001                  4.3911311725015230E+000                 -4.3660028116382446E+000                  8.0095927041696715E+000                  6.9337353986749461E-001                  2.8644917909725714E-001                  2.0177281035248296E-002                  6.2704456658817699E-024                  0.0000000000000000E+000                  0.0000000000000000E+000 
                                     383                  1.5479953499701504E+000                  1.4729489123786596E-001                  4.3927333417464567E+000                 -4.3590289851001849E+000                  8.0186822285113433E+000                  6.9337354021117770E-001                  2.8644917875754738E-001                  2.0177281031274918E-002                  6.3725661740634863E-024                  0.0000000000000000E+000                  0.0000000000000000E+000 
                                     384                  1.5479953430030073E+000                  1.4728314142331411E-001                  4.3945421233776782E+000                 -4.3511766567887902E+000                  8.0289195151691040E+000                  6.9337354060162570E-001                  2.8644917837161338E-001                  2.0177281026760863E-002                  6.4895487471234146E-024                  0.0000000000000000E+000                  0.0000000000000000E+000 
                                     385                  1.5479953360358645E+000                  1.4727160121578750E-001                  4.3958730940860828E+000                 -4.3454050140003142E+000                  8.0364429566417570E+000                  6.9337354089063619E-001                  2.8644917808594422E-001                  2.0177281023419535E-002                  6.5769047981465829E-024                  0.0000000000000000E+000                  0.0000000000000000E+000 
                                     386                  1.5479953325522928E+000                  1.4726590694871886E-001                  4.3971899898791449E+000                 -4.3397441924033968E+000                  8.0438386675988536E+000                  6.9337354117778449E-001                  2.8644917780211571E-001                  2.0177281020099747E-002                  6.6637290788802470E-024                  0.0000000000000000E+000                  0.0000000000000000E+000 
                                     387                  1.5479953255851500E+000                  1.4725466523788028E-001                  4.3989138485058561E+000                 -4.3323411939692438E+000                  8.0535086803212028E+000                  6.9337354155581088E-001                  2.8644917742845977E-001                  2.0177281015729354E-002                  6.7790115902800999E-024                  0.0000000000000000E+000                  0.0000000000000000E+000 
                                     388                  1.5479953186180067E+000                  1.4724361267859518E-001                  4.4006061443455051E+000                 -4.3251040821061082E+000                  8.0629690142274715E+000                  6.9337354192917122E-001                  2.8644917705941597E-001                  2.0177281011412806E-002                  6.8936442891596396E-024                  0.0000000000000000E+000                  0.0000000000000000E+000 
                                     389                  1.5479953116508636E+000                  1.4723274195067390E-001                  4.4022681254944409E+000                 -4.3180257163629090E+000                  8.0722285744319429E+000                  6.9337354229802395E-001                  2.8644917669482756E-001                  2.0177281007148551E-002                  7.0076431258478566E-024                  0.0000000000000000E+000                  0.0000000000000000E+000 
                                     390                  1.5479953046837207E+000                  1.4722204616700829E-001                  4.4039009648577547E+000                 -4.3110994219116172E+000                  8.0812957104590470E+000                  6.9337354266251938E-001                  2.8644917633454625E-001                  2.0177281002934366E-002                  7.1210230669448206E-024                  0.0000000000000000E+000                  0.0000000000000000E+000 
                                     391                  1.5479952977165774E+000                  1.4721151883910655E-001                  4.4055111004623857E+000                 -4.3042966576976252E+000                  8.0902075409923118E+000                  6.9337354302399912E-001                  2.8644917597724567E-001                  2.0177280998755265E-002                  7.2341718774686458E-024                  0.0000000000000000E+000                  0.0000000000000000E+000 
                                     392                  1.5479952907030301E+000                  1.4720108534355211E-001                  4.4071044787156861E+000                 -4.2975909509018626E+000                  8.0989983933422334E+000                  6.9337354338373003E-001                  2.8644917562167371E-001                  2.0177280994596258E-002                  7.3474712782742762E-024                  0.0000000000000000E+000                  0.0000000000000000E+000 
                                     393                  1.5479952836430784E+000                  1.4719074299219051E-001                  4.4090685163944263E+000                 -4.2893801676012817E+000                  8.1097784933993449E+000                  6.9337354382980121E-001                  2.8644917518075969E-001                  2.0177280989439161E-002                  7.4886274049874920E-024                  0.0000000000000000E+000                  0.0000000000000000E+000 
                                     394                  1.5479952730531508E+000                  1.4717551866483530E-001                  4.4109864584661285E+000                 -4.2813623618681280E+000                  8.1202989344269767E+000                  6.9337354426855868E-001                  2.8644917474707465E-001                  2.0177280984366663E-002                  7.6290908350580318E-024                  0.0000000000000000E+000                  0.0000000000000000E+000 
                                     395                  1.5479952659931990E+000                  1.4716555390507974E-001                  4.4125024191216946E+000                 -4.2750663519399241E+000                  8.1285724855459733E+000                  6.9337354461735379E-001                  2.8644917440231210E-001                  2.0177280980334111E-002                  7.7412403888693353E-024                  0.0000000000000000E+000                  0.0000000000000000E+000 
                                     396                  1.5479952588706496E+000                  1.4715564480098403E-001                  4.4140011103061418E+000                 -4.2688645103633540E+000                  8.1367276005696656E+000                  6.9337354496398218E-001                  2.8644917405969106E-001                  2.0177280976326761E-002                  7.8533294223279362E-024                  0.0000000000000000E+000                  0.0000000000000000E+000 
                                     397                  1.5479952517480999E+000                  1.4714587553201766E-001                  4.4158447452222740E+000                 -4.2612825168451858E+000                  8.1467116429869080E+000                  6.9337354539276863E-001                  2.8644917363586198E-001                  2.0177280971369393E-002                  7.9925771036902066E-024                  0.0000000000000000E+000                  0.0000000000000000E+000 
                                     398                  1.5479952410642752E+000                  1.4713147403667617E-001                  4.4176530852029012E+000                 -4.2538463839993970E+000                  8.1564983367737600E+000                  6.9337354581617838E-001                  2.8644917321734742E-001                  2.0177280966474198E-002                  8.1315517507084976E-024                  0.0000000000000000E+000                  0.0000000000000000E+000 
                                     399                  1.5479952338942258E+000                  1.4712197230578633E-001                  4.4190880800053947E+000                 -4.2479811522785278E+000                  8.1642282570823568E+000                  6.9337354615398461E-001                  2.8644917288344651E-001                  2.0177280962568878E-002                  8.2428758556728666E-024                  0.0000000000000000E+000                  0.0000000000000000E+000 
                                     400                  1.5479952266766761E+000                  1.4711253531531712E-001                  4.4212142052262307E+000                 -4.2393635089486814E+000                  8.1756090730272852E+000                  6.9337354665735107E-001                  2.8644917238589973E-001                  2.0177280956749200E-002                  8.4092214827317425E-024                  0.0000000000000000E+000                  0.0000000000000000E+000 
                                     401                  1.5479952122415768E+000                  1.4709403037104579E-001                  4.4232831742903196E+000                 -4.2309506486110582E+000                  8.1867011176452245E+000                  6.9337354715110533E-001                  2.8644917189785390E-001                  2.0177280951040766E-002                  8.5748627763613147E-024                  0.0000000000000000E+000                  0.0000000000000000E+000 
                                     402                  1.5479952050240271E+000                  1.4708495454220744E-001                  4.4246421393094675E+000                 -4.2254697892940563E+000                  8.1939420904261677E+000                  6.9337354747720281E-001                  2.8644917157552635E-001                  2.0177280947270892E-002                  8.6845328527385494E-024                  0.0000000000000000E+000                  0.0000000000000000E+000 
                                     403                  1.5479951978064774E+000                  1.4707599197355753E-001                  4.4259824321440258E+000                 -4.2200815620229344E+000                  8.2010648951377334E+000                  6.9337354780030502E-001                  2.8644917125615954E-001                  2.0177280943535436E-002                  8.7937212064980158E-024                  0.0000000000000000E+000                  0.0000000000000000E+000 
                                     404                  1.5479951905889278E+000                  1.4706713937051369E-001                  4.4276345208777590E+000                 -4.2134759698102497E+000                  8.2098079073297914E+000                  6.9337354820053299E-001                  2.8644917086055882E-001                  2.0177280938908249E-002                  8.9294597648815809E-024                  0.0000000000000000E+000                  0.0000000000000000E+000 
                                     405                  1.5479951797626033E+000                  1.4705405991829848E-001                  4.4292637120948628E+000                 -4.2069628401937234E+000                  8.2184246076710803E+000                  6.9337354859756484E-001                  2.8644917046811702E-001                  2.0177280934318143E-002                  9.0653566505884098E-024                  0.0000000000000000E+000                  0.0000000000000000E+000 
                                     406                  1.5479951724489385E+000                  1.4704535503175684E-001                  4.4305596532762426E+000                 -4.2018093176040843E+000                  8.2252509016013651E+000                  6.9337354891490466E-001                  2.8644917015444615E-001                  2.0177280930649188E-002                  9.1743544108258614E-024                  0.0000000000000000E+000                  0.0000000000000000E+000 
                                     407                  1.5479951651352739E+000                  1.4703675231639377E-001                  4.4324769508760573E+000                 -4.1942412295667522E+000                  8.2352940693133814E+000                  6.9337354938679596E-001                  2.8644916968801037E-001                  2.0177280925193664E-002                  9.3368087375078517E-024                  0.0000000000000000E+000                  0.0000000000000000E+000 
                                     408                  1.5479951505079443E+000                  1.4701984262312476E-001                  4.4349873745944839E+000                 -4.1843474587043641E+000                  8.2484212394421270E+000                  6.9337355000952194E-001                  2.8644916907248391E-001                  2.0177280917994089E-002                  9.5535471267073460E-024                  0.0000000000000000E+000                  0.0000000000000000E+000 
                                     409                  1.5479951356855592E+000                  1.4700309143940726E-001                  4.4368370477420784E+000                 -4.1770688463718066E+000                  8.2580769123141700E+000                  6.9337355047190730E-001                  2.8644916861544439E-001                  2.0177280912648365E-002                  9.7162134415916437E-024                  0.0000000000000000E+000                  0.0000000000000000E+000 
                                     410                  1.5479951282743665E+000                  1.4699485433868612E-001                  4.4380542581515616E+000                 -4.1723129565646051E+000                  8.2643972652474496E+000                  6.9337355077767004E-001                  2.8644916831321648E-001                  2.0177280909113415E-002                  9.8239990993289684E-024                  0.0000000000000000E+000                  0.0000000000000000E+000 
                                     411                  1.5479951208631737E+000                  1.4698670648795947E-001                  4.4395569571416065E+000                 -4.1664699439041959E+000                  8.2721710923489002E+000                  6.9337355115682231E-001                  2.8644916793844777E-001                  2.0177280904729922E-002                  9.9580670593637095E-024                  0.0000000000000000E+000                  0.0000000000000000E+000 
                                     412                  1.5479951097463849E+000                  1.4697464720123812E-001                  4.4413289466694934E+000                 -4.1595940217643586E+000                  8.2813206569475479E+000                  6.9337355160646663E-001                  2.8644916749400195E-001                  2.0177280899531413E-002                  1.0118188839556773E-023                  0.0000000000000000E+000                  0.0000000000000000E+000 
                                     413                  1.5479950986295958E+000                  1.4696277635733740E-001                  4.4432221400988468E+000                 -4.1522848685984410E+000                  8.2910570316181520E+000                  6.9337355208980245E-001                  2.8644916701625395E-001                  2.0177280893943550E-002                  1.0291233777545929E-023                  0.0000000000000000E+000                  0.0000000000000000E+000 
                                     414                  1.5479950855693654E+000                  1.4694906178407713E-001                  4.4450922546058704E+000                 -4.1450842351539556E+000                  8.3006517268695763E+000                  6.9337355257035449E-001                  2.8644916654125768E-001                  2.0177280888387772E-002                  1.0464613763652637E-023                  0.0000000000000000E+000                  0.0000000000000000E+000 
                                     415                  1.5479950742712898E+000                  1.4693739171624548E-001                  4.4476477605825346E+000                 -4.1353474299575090E+000                  8.3136608256084674E+000                  6.9337355323157934E-001                  2.8644916588767744E-001                  2.0177280880743220E-002                  1.0703732647765373E-023                  0.0000000000000000E+000                  0.0000000000000000E+000 
                                     416                  1.5479950516751386E+000                  1.4691456632062405E-001                  4.4502704775363524E+000                 -4.1253278260661554E+000                  8.3270263092374091E+000                  6.9337355391667366E-001                  2.8644916521050362E-001                  2.0177280872822667E-002                  1.0955523540340189E-023                  0.0000000000000000E+000                  0.0000000000000000E+000 
                                     417                  1.5479950383823939E+000                  1.4690144332986618E-001                  4.4523181874174735E+000                 -4.1175818109021574E+000                  8.3373845660582884E+000                  6.9337355445554871E-001                  2.8644916467785875E-001                  2.0177280866592540E-002                  1.1154247199796744E-023                  0.0000000000000000E+000                  0.0000000000000000E+000 
                                     418                  1.5479950230949799E+000                  1.4688661650735588E-001                  4.4541957587909904E+000                 -4.1104945911665265E+000                  8.3468630033554430E+000                  6.9337355495302144E-001                  2.8644916418613725E-001                  2.0177280860841362E-002                  1.1339237733440900E-023                  0.0000000000000000E+000                  0.0000000000000000E+000 
                                     419                  1.5479950116294197E+000                  1.4687567541247007E-001                  4.4557798236750390E+000                 -4.1045472218596597E+000                  8.3548267085830030E+000                  6.9337355537511203E-001                  2.8644916376892660E-001                  2.0177280855961377E-002                  1.1496850404528893E-023                  0.0000000000000000E+000                  0.0000000000000000E+000 
                                     420                  1.5479950001638594E+000                  1.4686488231705716E-001                  4.4575993892216230E+000                 -4.0977510681745786E+000                  8.3639377056052258E+000                  6.9337355586265681E-001                  2.8644916328701836E-001                  2.0177280850324886E-002                  1.1679651100869713E-023                  0.0000000000000000E+000                  0.0000000000000000E+000 
                                     421                  1.5479949848764456E+000                  1.4685071374635322E-001                  4.4596566006868690E+000                 -4.0900899481489610E+000                  8.3742123703762079E+000                  6.9337355641753207E-001                  2.8644916273855814E-001                  2.0177280843909795E-002                  1.1889218248361574E-023                  0.0000000000000000E+000                  0.0000000000000000E+000 
                                     422                  1.5479949693169148E+000                  1.4683654374469526E-001                  4.4616912999706591E+000                 -4.0825459943428335E+000                  8.3843383867214492E+000                  6.9337355697010883E-001                  2.8644916219236993E-001                  2.0177280837521239E-002                  1.2099268851912856E-023                  0.0000000000000000E+000                  0.0000000000000000E+000 
                                     423                  1.5479949537573843E+000                  1.4682261640740860E-001                  4.4641844784815934E+000                 -4.0733724192301546E+000                  8.3966742245918660E+000                  6.9337355765215725E-001                  2.8644916151820682E-001                  2.0177280829635880E-002                  1.2359720195939381E-023                  0.0000000000000000E+000                  0.0000000000000000E+000 
                                     424                  1.5479949304180884E+000                  1.4680215962370424E-001                  4.4668625364535073E+000                 -4.0635349580694893E+000                  8.4099003772473431E+000                  6.9337355839141013E-001                  2.8644916078750060E-001                  2.0177280821089272E-002                  1.2645278280983565E-023                  0.0000000000000000E+000                  0.0000000000000000E+000 
                                     425                  1.5479949108133602E+000                  1.4678535886672428E-001                  4.4687805842644526E+000                 -4.0565156614281142E+000                  8.4193430333490191E+000                  6.9337355892502039E-001                  2.8644916026005951E-001                  2.0177280814920096E-002                  1.2853072367235488E-023                  0.0000000000000000E+000                  0.0000000000000000E+000 
                                     426                  1.5479948989534782E+000                  1.4677535727063318E-001                  4.4704446973194338E+000                 -4.0504723362944857E+000                  8.4274889892712022E+000                  6.9337355939058853E-001                  2.8644915979987401E-001                  2.0177280809537512E-002                  1.3034718944692218E-023                  0.0000000000000000E+000                  0.0000000000000000E+000 
                                     427                  1.5479948831170220E+000                  1.4676218567564794E-001                  4.4725507945872058E+000                 -4.0428545401488556E+000                  8.4377652700704253E+000                  6.9337355998351724E-001                  2.8644915921380015E-001                  2.0177280802682551E-002                  1.3267366921623821E-023                  0.0000000000000000E+000                  0.0000000000000000E+000 
                                     428                  1.5479948632690725E+000                  1.4674596300668666E-001                  4.4746235492759379E+000                 -4.0353726125609342E+000                  8.4478592210086010E+000                  6.9337356057126853E-001                  2.8644915863284393E-001                  2.0177280795887542E-002                  1.3499923634879819E-023                  0.0000000000000000E+000                  0.0000000000000000E+000 
                                     429                  1.5479948472394067E+000                  1.4673308368905758E-001                  4.4769008234591352E+000                 -4.0272197496587125E+000                  8.4588812544489969E+000                  6.9337356122147176E-001                  2.8644915799015785E-001                  2.0177280788370444E-002                  1.3757997465784947E-023                  0.0000000000000000E+000                  0.0000000000000000E+000 
                                     430                  1.5479948231332230E+000                  1.4671407326411612E-001                  4.4789037328959518E+000                 -4.0200391578267425E+000                  8.4685789333295496E+000                  6.9337356179775111E-001                  2.8644915742054100E-001                  2.0177280781707885E-002                  1.3989394739826925E-023                  0.0000000000000000E+000                  0.0000000000000000E+000 
                                     431                  1.5479948110801312E+000                  1.4670472300215184E-001                  4.4804550845941904E+000                 -4.0145246966273147E+000                  8.4760435874758855E+000                  6.9337356224654467E-001                  2.8644915697693607E-001                  2.0177280776519257E-002                  1.4169750093329139E-023                  0.0000000000000000E+000                  0.0000000000000000E+000 
                                     432                  1.5479947947473862E+000                  1.4669221169089280E-001                  4.4822115681740602E+000                 -4.0082950771976931E+000                  8.4844787954779424E+000                  6.9337356275753281E-001                  2.8644915647185559E-001                  2.0177280770611539E-002                  1.4376305796878064E-023                  0.0000000000000000E+000                  0.0000000000000000E+000 
                                     433                  1.5479947784146406E+000                  1.4667987750534023E-001                  4.4839398296325390E+000                 -4.0021879523526058E+000                  8.4927542159675706E+000                  6.9337356326322008E-001                  2.8644915597201465E-001                  2.0177280764765326E-002                  1.4581734892694053E-023                  0.0000000000000000E+000                  0.0000000000000000E+000 
                                     434                  1.5479947620818957E+000                  1.4666771452237720E-001                  4.4856408363183258E+000                 -3.9961986899820570E+000                  8.5008757947233864E+000                  6.9337356376376347E-001                  2.8644915547725819E-001                  2.0177280758978400E-002                  1.4786062360891036E-023                  0.0000000000000000E+000                  0.0000000000000000E+000 
                                     435                  1.5479947457491505E+000                  1.4665571712409273E-001                  4.4877498291398412E+000                 -3.9888189192267238E+000                  8.5108982994586899E+000                  6.9337356438813946E-001                  2.8644915486010086E-001                  2.0177280751759730E-002                  1.5041786606516954E-023                  0.0000000000000000E+000                  0.0000000000000000E+000 
                                     436                  1.5479947209240761E+000                  1.4663778698876548E-001                  4.4902479459040530E+000                 -3.9800999693908592E+000                  8.5227424384827426E+000                  6.9337356513350545E-001                  2.8644915412335203E-001                  2.0177280743142512E-002                  1.5349646462457985E-023                  0.0000000000000000E+000                  0.0000000000000000E+000 
                                     437                  1.5479946958785022E+000                  1.4662005495522965E-001                  4.4922964365074982E+000                 -3.9729688899202507E+000                  8.5324321466763564E+000                  6.9337356574943954E-001                  2.8644915351453892E-001                  2.0177280736021541E-002                  1.5606138733735740E-023                  0.0000000000000000E+000                  0.0000000000000000E+000 
                                     438                  1.5479946791079529E+000                  1.4660837374388894E-001                  4.4939144828260220E+000                 -3.9673694149366914E+000                  8.5400518778798293E+000                  6.9337356623879365E-001                  2.8644915303084234E-001                  2.0177280730363956E-002                  1.5810555615316291E-023                  0.0000000000000000E+000                  0.0000000000000000E+000 
                                     439                  1.5479946623374037E+000                  1.4659684125016428E-001                  4.4962166885695796E+000                 -3.9594629418211609E+000                  8.5508326150425145E+000                  6.9337356693930063E-001                  2.8644915233843404E-001                  2.0177280722265323E-002                  1.6103780875300335E-023                  0.0000000000000000E+000                  0.0000000000000000E+000 
                                     440                  1.5479946306409929E+000                  1.4657543557369779E-001                  4.4983759524598437E+000                 -3.9520253548823443E+000                  8.5609584248359472E+000                  6.9337356760160329E-001                  2.8644915168378848E-001                  2.0177280714608226E-002                  1.6384601185601186E-023                  0.0000000000000000E+000                  0.0000000000000000E+000 
                                     441                  1.5479946157151316E+000                  1.4656552571046189E-001                  4.5000806102114614E+000                 -3.9462102663726562E+000                  8.5688967177063997E+000                  6.9337356812749440E-001                  2.8644915116397734E-001                  2.0177280708528311E-002                  1.6607583154799881E-023                  0.0000000000000000E+000                  0.0000000000000000E+000 
                                     442                  1.5479945933263399E+000                  1.4655085737956178E-001                  4.5018584675016351E+000                 -3.9401495943566496E+000                  8.5771685133632456E+000                  6.9337356867923616E-001                  2.8644915061861431E-001                  2.0177280702149525E-002                  1.6843226974644356E-023                  0.0000000000000000E+000                  0.0000000000000000E+000 
                                     443                  1.5479945761056657E+000                  1.4653973037664034E-001                  4.5034841231721323E+000                 -3.9346364525254014E+000                  8.5847027142846759E+000                  6.9337356918646231E-001                  2.8644915011725230E-001                  2.0177280696285438E-002                  1.7060498489562071E-023                  0.0000000000000000E+000                  0.0000000000000000E+000 
                                     444                  1.5479945565901794E+000                  1.4652727864741530E-001                  4.5051851741048141E+000                 -3.9288843338540698E+000                  8.5925677824546174E+000                  6.9337356972010722E-001                  2.8644914958977702E-001                  2.0177280690115706E-002                  1.7290189896203675E-023                  0.0000000000000000E+000                  0.0000000000000000E+000 
                                     445                  1.5479945370746930E+000                  1.4651498970072299E-001                  4.5072786186940661E+000                 -3.9218474506041900E+000                  8.6022040316380206E+000                  6.9337357038076020E-001                  2.8644914893676193E-001                  2.0177280682477816E-002                  1.7575413356488322E-023                  0.0000000000000000E+000                  0.0000000000000000E+000 
                                     446                  1.5479945078014632E+000                  1.4649685064487306E-001                  4.5096168223326414E+000                 -3.9140022900134834E+000                  8.6129477981561866E+000                  6.9337357112412346E-001                  2.8644914820199291E-001                  2.0177280673883580E-002                  1.7898974712237538E-023                  0.0000000000000000E+000                  0.0000000000000000E+000 
                                     447                  1.5479944813961894E+000                  1.4648077972003798E-001                  4.5121657110944478E+000                 -3.9055137703226679E+000                  8.6245944156863850E+000                  6.9337357194066407E-001                  2.8644914739489247E-001                  2.0177280664443464E-002                  1.8255814978153261E-023                  0.0000000000000000E+000                  0.0000000000000000E+000 
                                     448                  1.5479944458767989E+000                  1.4645957741456853E-001                  4.5146650562132464E+000                 -3.8972034512521794E+000                  8.6359955076832033E+000                  6.9337357274808442E-001                  2.8644914659680687E-001                  2.0177280655108709E-002                  1.8612087570174599E-023                  0.0000000000000000E+000                  0.0000000000000000E+000 
                                     449                  1.5479944191591664E+000                  1.4644392935425682E-001                  4.5173199820112382E+000                 -3.8884612472382845E+000                  8.6480204308712807E+000                  6.9337357361248220E-001                  2.8644914574240260E-001                  2.0177280645115259E-002                  1.8994418443810869E-023                  0.0000000000000000E+000                  0.0000000000000000E+000 
                                     450                  1.5479943784493859E+000                  1.4642055833664039E-001                  4.5196623737969945E+000                 -3.8807378560722205E+000                  8.6586328332985723E+000                  6.9337357438163005E-001                  2.8644914498214702E-001                  2.0177280636222927E-002                  1.9338753362080030E-023                  0.0000000000000000E+000                  0.0000000000000000E+000 
                                     451                  1.5479943580944957E+000                  1.4640907742130646E-001                  4.5212016635550114E+000                 -3.8757021173313206E+000                  8.6655671108550898E+000                  6.9337357489001050E-001                  2.8644914447964409E-001                  2.0177280630345407E-002                  1.9566634728588890E-023                  0.0000000000000000E+000                  0.0000000000000000E+000 
                                     452                  1.5479943377396053E+000                  1.4639772796594716E-001                  4.5227356576531443E+000                 -3.8706999677091600E+000                  8.6724600612204679E+000                  6.9337357539908928E-001                  2.8644914397645094E-001                  2.0177280624459781E-002                  1.9795667459741039E-023                  0.0000000000000000E+000                  0.0000000000000000E+000 
                                     453                  1.5479943169822823E+000                  1.4638628576321527E-001                  4.5246455168432282E+000                 -3.8645051543117623E+000                  8.6810081385757272E+000                  6.9337357603622762E-001                  2.8644914334667870E-001                  2.0177280617093674E-002                  2.0083046147875325E-023                  0.0000000000000000E+000                  0.0000000000000000E+000 
                                     454                  1.5479942858462976E+000                  1.4636936388247496E-001                  4.5265200128537311E+000                 -3.8584268124929704E+000                  8.6893925034001924E+000                  6.9337357666545874E-001                  2.8644914272472222E-001                  2.0177280609819048E-002                  2.0369096413606348E-023                  0.0000000000000000E+000                  0.0000000000000000E+000 
                                     455                  1.5479942650889749E+000                  1.4635823834245368E-001                  4.5283844451826623E+000                 -3.8524263457238432E+000                  8.6976865976114102E+000                  6.9337357729475968E-001                  2.8644914210269667E-001                  2.0177280602543646E-002                  2.0655497836769977E-023                  0.0000000000000000E+000                  0.0000000000000000E+000 
                                     456                  1.5479942335218400E+000                  1.4634154950142056E-001                  4.5306000916123468E+000                 -3.8453128515125705E+000                  8.7075223799585384E+000                  6.9337357804743316E-001                  2.8644914135872507E-001                  2.0177280593841829E-002                  2.1000271321224939E-023                  0.0000000000000000E+000                  0.0000000000000000E+000 
                                     457                  1.5479942017391299E+000                  1.4632501777251272E-001                  4.5327820216726931E+000                 -3.8383394542926759E+000                  8.7171741498948663E+000                  6.9337357879367345E-001                  2.8644914062111215E-001                  2.0177280585214397E-002                  2.1343868217793851E-023                  0.0000000000000000E+000                  0.0000000000000000E+000 
                                     458                  1.5479941699564195E+000                  1.4630874752796211E-001                  4.5344189601568150E+000                 -3.8331164362635088E+000                  8.7244039504574591E+000                  6.9337357935690647E-001                  2.8644914006439082E-001                  2.0177280578702717E-002                  2.1604915370588076E-023                  0.0000000000000000E+000                  0.0000000000000000E+000 
                                     459                  1.5479941531977552E+000                  1.4630027024540970E-001                  4.5360963253988009E+000                 -3.8278095599483728E+000                  8.7317679158371337E+000                  6.9337357993673399E-001                  2.8644913949126694E-001                  2.0177280571999079E-002                  2.1873440718734623E-023                  0.0000000000000000E+000                  0.0000000000000000E+000 
                                     460                  1.5479941196804266E+000                  1.4628352013712559E-001                  4.5383790925410468E+000                 -3.8206012983671744E+000                  8.7417721148252898E+000                  6.9337358073069211E-001                  2.8644913870648786E-001                  2.0177280562819977E-002                  2.2243556058393668E-023                  0.0000000000000000E+000                  0.0000000000000000E+000 
                                     461                  1.5479940835266455E+000                  1.4626574776195464E-001                  4.5407161184702218E+000                 -3.8132552116581584E+000                  8.7519776769952244E+000                  6.9337358154919482E-001                  2.8644913789744803E-001                  2.0177280553357102E-002                  2.2627225709267710E-023                  0.0000000000000000E+000                  0.0000000000000000E+000 
                                     462                  1.5479940469457467E+000                  1.4624806487339165E-001                  4.5429523574324024E+000                 -3.8062574054117668E+000                  8.7617088706949957E+000                  6.9337358233777613E-001                  2.8644913711798364E-001                  2.0177280544240173E-002                  2.2998890516703696E-023                  0.0000000000000000E+000                  0.0000000000000000E+000 
                                     463                  1.5479940125741838E+000                  1.4623171360807163E-001                  4.5445495303869068E+000                 -3.8012694469284667E+000                  8.7686467147471969E+000                  6.9337358290429640E-001                  2.8644913655801313E-001                  2.0177280537690523E-002                  2.3267549289432621E-023                  0.0000000000000000E+000                  0.0000000000000000E+000 
                                     464                  1.5479939953884021E+000                  1.4622363065489552E-001                  4.5461482531260309E+000                 -3.7963180692527061E+000                  8.7755505525026933E+000                  6.9337358347384259E-001                  2.8644913599505156E-001                  2.0177280531105790E-002                  2.3537357891837242E-023                  0.0000000000000000E+000                  0.0000000000000000E+000 
                                     465                  1.5479939604493056E+000                  1.4620738274256445E-001                  4.5482557020152479E+000                 -3.7898008816671869E+000                  8.7846382332870299E+000                  6.9337358422882367E-001                  2.8644913524879889E-001                  2.0177280522377439E-002                  2.3897290417853384E-023                  0.0000000000000000E+000                  0.0000000000000000E+000 
                                     466                  1.5479939255102093E+000                  1.4619137504896826E-001                  4.5501893069272894E+000                 -3.7838436961082071E+000                  8.7929516338518443E+000                  6.9337358492563750E-001                  2.8644913456004117E-001                  2.0177280514321327E-002                  2.4231133632013741E-023                  0.0000000000000000E+000                  0.0000000000000000E+000 
                                     467                  1.5479938952410572E+000                  1.4617769446311638E-001                  4.5519583087716144E+000                 -3.7784189053327135E+000                  8.8005307056237516E+000                  6.9337358556652529E-001                  2.8644913392656279E-001                  2.0177280506911921E-002                  2.4539218496049824E-023                  0.0000000000000000E+000                  0.0000000000000000E+000 
                                     468                  1.5479938649719052E+000                  1.4616418243021850E-001                  4.5540129012635617E+000                 -3.7721531476871744E+000                  8.8092972667261495E+000                  6.9337358631490187E-001                  2.8644913318683835E-001                  2.0177280498259842E-002                  2.4899968199632915E-023                  0.0000000000000000E+000                  0.0000000000000000E+000 
                                     469                  1.5479938238959599E+000                  1.4614610695900501E-001                  4.5563352432482311E+000                 -3.7650949087842949E+000                  8.8191789035316734E+000                  6.9337358716615771E-001                  2.8644913234542402E-001                  2.0177280488418270E-002                  2.5312735344716797E-023                  0.0000000000000000E+000                  0.0000000000000000E+000 
                                     470                  1.5479937828200145E+000                  1.4612832067668294E-001                  4.5587825201135335E+000                 -3.7577013623291493E+000                  8.8295452780137662E+000                  6.9337358806922511E-001                  2.8644913145279716E-001                  2.0177280477977733E-002                  2.5752491359031367E-023                  0.0000000000000000E+000                  0.0000000000000000E+000 
                                     471                  1.5479937356957978E+000                  1.4610825725569590E-001                  4.5617049860995706E+000                 -3.7489317745326725E+000                  8.8418616123670972E+000                  6.9337358915570091E-001                  2.8644913037888231E-001                  2.0177280465416780E-002                  2.6284062751709281E-023                  0.0000000000000000E+000                  0.0000000000000000E+000 
                                     472                  1.5479936752752392E+000                  1.4608304313033474E-001                  4.5653600212826637E+000                 -3.7380480250122572E+000                  8.8571755099683536E+000                  6.9337359052686320E-001                  2.8644912902357234E-001                  2.0177280449564461E-002                  2.6959155168839513E-023                  0.0000000000000000E+000                  0.0000000000000000E+000 
                                     473                  1.5479935976841288E+000                  1.4605145873372158E-001                  4.5683231086726153E+000                 -3.7292351516982554E+000                  8.8695706984141189E+000                  6.9337359164890089E-001                  2.8644912791450683E-001                  2.0177280436592282E-002                  2.7518552114448266E-023                  0.0000000000000000E+000                  0.0000000000000000E+000 
                                     474                  1.5479935599820451E+000                  1.4603641751456606E-001                  4.5702445030993726E+000                 -3.7235775066628349E+000                  8.8775509439599496E+000                  6.9337359238115004E-001                  2.8644912719072341E-001                  2.0177280428126609E-002                  2.7883808393609501E-023                  0.0000000000000000E+000                  0.0000000000000000E+000 
                                     475                  1.5479935217065024E+000                  1.4602134358187091E-001                  4.5723572615666717E+000                 -3.7173899074670436E+000                  8.8862907371200457E+000                  6.9337359319064862E-001                  2.8644912639058351E-001                  2.0177280418767873E-002                  2.8288862980382657E-023                  0.0000000000000000E+000                  0.0000000000000000E+000 
                                     476                  1.5479934751672582E+000                  1.4600327239582786E-001                  4.5741044465966043E+000                 -3.7122798934585304E+000                  8.8935084527856141E+000                  6.9337359386360387E-001                  2.8644912572540854E-001                  2.0177280410987652E-002                  2.8627834268944064E-023                  0.0000000000000000E+000                  0.0000000000000000E+000 
                                     477                  1.5479934503761541E+000                  1.4599375770760467E-001                  4.5756546587578466E+000                 -3.7077797330952897E+000                  8.8998787090893217E+000                  6.9337359446320268E-001                  2.8644912513274184E-001                  2.0177280404055420E-002                  2.8929732413593318E-023                  0.0000000000000000E+000                  0.0000000000000000E+000 
                                     478                  1.5479934112252443E+000                  1.4597888544739740E-001                  4.5780649126668820E+000                 -3.7008201594066712E+000                  8.9097439069791431E+000                  6.9337359540024512E-001                  2.8644912420653279E-001                  2.0177280393222086E-002                  2.9402940626070359E-023                  0.0000000000000000E+000                  0.0000000000000000E+000 
                                     479                  1.5479933494975886E+000                  1.4595580669906297E-001                  4.5808385125988549E+000                 -3.6928380782880716E+000                  8.9210643931867377E+000                  6.9337359648589059E-001                  2.8644912313343862E-001                  2.0177280380670792E-002                  2.9955266433607432E-023                  0.0000000000000000E+000                  0.0000000000000000E+000 
                                     480                  1.5479932926315279E+000                  1.4593492963298940E-001                  4.5834620232710179E+000                 -3.6853395897450332E+000                  8.9317174119551161E+000                  6.9337359751988892E-001                  2.8644912211139451E-001                  2.0177280368716577E-002                  3.0483633549432895E-023                  0.0000000000000000E+000                  0.0000000000000000E+000 
                                     481                  1.5479932350593555E+000                  1.4591415215017745E-001                  4.5866239335584513E+000                 -3.6763835957516138E+000                  8.9444722376739954E+000                  6.9337359877513960E-001                  2.8644912087065605E-001                  2.0177280354204408E-002                  3.1127001067539655E-023                  0.0000000000000000E+000                  0.0000000000000000E+000 
                                     482                  1.5479931518976908E+000                  1.4588474704285770E-001                  4.5899007515487131E+000                 -3.6671382314705823E+000                  8.9576465655833815E+000                  6.9337360008661819E-001                  2.8644911957433983E-001                  2.0177280339041981E-002                  3.1805488968577484E-023                  0.0000000000000000E+000                  0.0000000000000000E+000 
                                     483                  1.5479930853322283E+000                  1.4586170176971019E-001                  4.5925438777809156E+000                 -3.6597382455326368E+000                  8.9682121445065484E+000                  6.9337360115222746E-001                  2.8644911852105026E-001                  2.0177280326722280E-002                  3.2359255752418892E-023                  0.0000000000000000E+000                  0.0000000000000000E+000 
                                     484                  1.5479930285198482E+000                  1.4584236252633559E-001                  4.5950097385480406E+000                 -3.6528845257290081E+000                  8.9780165470779583E+000                  6.9337360215256572E-001                  2.8644911753227709E-001                  2.0177280315157198E-002                  3.2880792766076868E-023                  0.0000000000000000E+000                  0.0000000000000000E+000 
                                     485                  1.5479929681474585E+000                  1.4582213044789230E-001                  4.5972634428965442E+000                 -3.6466485025872020E+000                  8.9869461189462747E+000                  6.9337360307208129E-001                  2.8644911662339223E-001                  2.0177280304526479E-002                  3.3362670695722703E-023                  0.0000000000000000E+000                  0.0000000000000000E+000 
                                     486                  1.5479929194850370E+000                  1.4580605310440872E-001                  4.6000147364956456E+000                 -3.6391109605136678E+000                  8.9977705686327276E+000                  6.9337360420129091E-001                  2.8644911550723778E-001                  2.0177280291471256E-002                  3.3954616146153251E-023                  0.0000000000000000E+000                  0.0000000000000000E+000 
                                     487                  1.5479928329536909E+000                  1.4577795204070218E-001                  4.6034825025848960E+000                 -3.6296551443205676E+000                  9.0113616911862735E+000                  6.9337360563506301E-001                  2.8644911409004170E-001                  2.0177280274895293E-002                  3.4712177218788460E-023                  0.0000000000000000E+000                  0.0000000000000000E+000 
                                     488                  1.5479927449397766E+000                  1.4574997969225520E-001                  4.6065415807993100E+000                 -3.6213684286368406E+000                  9.0232903693792483E+000                  6.9337360690956173E-001                  2.8644911283027780E-001                  2.0177280260160524E-002                  3.5390046493973393E-023                  0.0000000000000000E+000                  0.0000000000000000E+000 
                                     489                  1.5479926752328734E+000                  1.4572824060851458E-001                  4.6094623144935394E+000                 -3.6135328806730032E+000                  9.0346000304340990E+000                  6.9337360813485349E-001                  2.8644911161915187E-001                  2.0177280245994633E-002                  3.6043258850506290E-023                  0.0000000000000000E+000                  0.0000000000000000E+000 
                                     490                  1.5479925913801176E+000                  1.4570255331329207E-001                  4.6123589566410077E+000                 -3.6058035232530359E+000                  9.0457694641838753E+000                  6.9337360935813508E-001                  2.8644911041001292E-001                  2.0177280231852057E-002                  3.6699506184091794E-023                  0.0000000000000000E+000                  0.0000000000000000E+000 
                                     491                  1.5479925196380206E+000                  1.4568096013024195E-001                  4.6148769999186268E+000                 -3.5991324815600576E+000                  9.0554276524214377E+000                  6.9337361042807677E-001                  2.8644910935244111E-001                  2.0177280219482174E-002                  3.7275559612024067E-023                  0.0000000000000000E+000                  0.0000000000000000E+000 
                                     492                  1.5479924536007543E+000                  1.4566138420040220E-001                  4.6167797681540668E+000                 -3.5941125284891595E+000                  9.0627021946407975E+000                  6.9337361124060448E-001                  2.8644910854930716E-001                  2.0177280210088355E-002                  3.7715032318840607E-023                  0.0000000000000000E+000                  0.0000000000000000E+000 
                                     493                  1.5479924138397949E+000                  1.4564973175555926E-001                  4.6184474999087328E+000                 -3.5897436691948053E+000                  9.0690464223064104E+000                  6.9337361195562786E-001                  2.8644910784255034E-001                  2.0177280201821857E-002                  3.8101747017914833E-023                  0.0000000000000000E+000                  0.0000000000000000E+000 
                                     494                  1.5479923598849048E+000                  1.4563407639346793E-001                  4.6208246354290621E+000                 -3.5835526477717945E+000                  9.0780508997435749E+000                  6.9337361297937861E-001                  2.8644910683063535E-001                  2.0177280189985991E-002                  3.8656597561996464E-023                  0.0000000000000000E+000                  0.0000000000000000E+000 
                                     495                  1.5479922784741476E+000                  1.4561078574956185E-001                  4.6231755494926787E+000                 -3.5774455118264639E+000                  9.0869360766891418E+000                  6.9337361399707365E-001                  2.8644910582470617E-001                  2.0177280178220180E-002                  3.9211898273969268E-023                  0.0000000000000000E+000                  0.0000000000000000E+000 
                                     496                  1.5479922235624135E+000                  1.4559529344954861E-001                  4.6255271565431855E+000                 -3.5713925580588395E+000                  9.0957664187645033E+000                  6.9337361502037387E-001                  2.8644910481323654E-001                  2.0177280166389533E-002                  3.9770195315933437E-023                  0.0000000000000000E+000                  0.0000000000000000E+000 
                                     497                  1.5479921402211130E+000                  1.4557210263059855E-001                  4.6282089418057062E+000                 -3.5645187827627685E+000                  9.1058029749255027E+000                  6.9337361619369631E-001                  2.8644910365347920E-001                  2.0177280152824495E-002                  4.0413910895929720E-023                  0.0000000000000000E+000                  0.0000000000000000E+000 
                                     498                  1.5479920630070725E+000                  1.4555095095258655E-001                  4.6305278789144371E+000                 -3.5586098476813177E+000                  9.1144435519608233E+000                  6.9337361721375956E-001                  2.8644910264520901E-001                  2.0177280141031373E-002                  4.0975648771991408E-023                  0.0000000000000000E+000                  0.0000000000000000E+000 
                                     499                  1.5479919990212532E+000                  1.4553365752747138E-001                  4.6323805937425577E+000                 -3.5539135263778805E+000                  9.1213202849650603E+000                  6.9337361803240505E-001                  2.8644910183602801E-001                  2.0177280131566944E-002                  4.1427709622571064E-023                  0.0000000000000000E+000                  0.0000000000000000E+000 
                                     500                  1.5479919486243172E+000                  1.4552018183012383E-001                  4.6343423626135234E+000                 -3.5489740903529028E+000                  9.1285671699936213E+000                  6.9337361890281946E-001                  2.8644910097567672E-001                  2.0177280121503882E-002                  4.1908591104728102E-023                  0.0000000000000000E+000                  0.0000000000000000E+000 
                                     501                  1.5479918765206622E+000                  1.4550111784155773E-001                  4.6362883742517207E+000                 -3.5440868572833413E+000                  9.1357405136130705E+000                  6.9337361976979228E-001                  2.8644910011872704E-001                  2.0177280111480678E-002                  4.2389921288025601E-023                  0.0000000000000000E+000                  0.0000000000000000E+000 
                                     502                  1.5479918253586236E+000                  1.4548774062491851E-001                  4.6384657985207323E+000                 -3.5386633569074246E+000                  9.1437207599973238E+000                  6.9337362074419284E-001                  2.8644909915559191E-001                  2.0177280100215245E-002                  4.2930585399612564E-023                  0.0000000000000000E+000                  0.0000000000000000E+000 
                                     503                  1.5479917369926639E+000                  1.4546491967537584E-001                  4.6408569268499562E+000                 -3.5327232250428469E+000                  9.1524644040645011E+000                  6.9337362181930717E-001                  2.8644909809290708E-001                  2.0177280087785743E-002                  4.3530722393716081E-023                  0.0000000000000000E+000                  0.0000000000000000E+000 
                                     504                  1.5479916695435585E+000                  1.4544773486338430E-001                  4.6435934610401004E+000                 -3.5259912603542740E+000                  9.1624026902975064E+000                  6.9337362305650274E-001                  2.8644909687001502E-001                  2.0177280073482295E-002                  4.4221077288311940E-023                  0.0000000000000000E+000                  0.0000000000000000E+000 
                                     505                  1.5479915560658810E+000                  1.4541926302238908E-001                  4.6470966649449830E+000                 -3.5174235644986895E+000                  9.1750680461388701E+000                  6.9337362465058305E-001                  2.8644909529436424E-001                  2.0177280055052704E-002                  4.5115651989141620E-023                  0.0000000000000000E+000                  0.0000000000000000E+000 
                                     506                  1.5479914329501527E+000                  1.4538897024454051E-001                  4.6506914306723601E+000                 -3.5087055818621091E+000                  9.1879837736127694E+000                  6.9337362629847776E-001                  2.8644909366552118E-001                  2.0177280036001055E-002                  4.6044628283439973E-023                  0.0000000000000000E+000                  0.0000000000000000E+000 
                                     507                  1.5479913076529879E+000                  1.4535874710363109E-001                  4.6533604525130636E+000                 -3.5022635783589715E+000                  9.1975367851072765E+000                  6.9337362752991782E-001                  2.8644909244831812E-001                  2.0177280021764110E-002                  4.6743434527584951E-023                  0.0000000000000000E+000                  0.0000000000000000E+000 
                                     508                  1.5479912444542894E+000                  1.4534372494469497E-001                  4.6558207669159124E+000                 -3.4963928894157346E+000                  9.2062738909027981E+000                  6.9337362867133934E-001                  2.8644909132009272E-001                  2.0177280008567999E-002                  4.7389564918072672E-023                  0.0000000000000000E+000                  0.0000000000000000E+000 
                                     509                  1.5479911316124555E+000                  1.4531725909167517E-001                  4.6584839549384274E+000                 -3.4900545391684092E+000                  9.2157098379340532E+000                  6.9337362991330986E-001                  2.8644909009248093E-001                  2.0177279994209263E-002                  4.8097269163883023E-023                  0.0000000000000000E+000                  0.0000000000000000E+000 
                                     510                  1.5479910503601211E+000                  1.4529847539222535E-001                  4.6607012800664265E+000                 -3.4848163394955911E+000                  9.2235246843135634E+000                  6.9337363095266946E-001                  2.8644908906513750E-001                  2.0177279982193097E-002                  4.8690163887050519E-023                  0.0000000000000000E+000                  0.0000000000000000E+000 
                                     511                  1.5479909676686396E+000                  1.4527958572231647E-001                  4.6629072836630776E+000                 -3.4796323823952178E+000                  9.2312695158676430E+000                  6.9337363199148150E-001                  2.8644908803833546E-001                  2.0177279970183037E-002                  4.9284166532227025E-023                  0.0000000000000000E+000                  0.0000000000000000E+000 
                                     512                  1.5479908849771580E+000                  1.4526091776719496E-001                  4.6662134338187133E+000                 -3.4719420220416422E+000                  9.2427948295497906E+000                  6.9337363355746751E-001                  2.8644908649045409E-001                  2.0177279952078409E-002                  5.0178838399056670E-023                  0.0000000000000000E+000                  0.0000000000000000E+000 
                                     513                  1.5479907160754041E+000                  1.4522344946820831E-001                  4.6705926583682267E+000                 -3.4618131687024434E+000                  9.2579921078589358E+000                  6.9337363564804511E-001                  2.8644908442404626E-001                  2.0177279927908631E-002                  5.1382211358566971E-023                  0.0000000000000000E+000                  0.0000000000000000E+000 
                                     514                  1.5479905429718022E+000                  1.4518592456691923E-001                  4.6736301724995846E+000                 -3.4548200228892227E+000                  9.2684930284488818E+000                  6.9337363710923061E-001                  2.8644908297975374E-001                  2.0177279911015589E-002                  5.2229966908523213E-023                  0.0000000000000000E+000                  0.0000000000000000E+000 
                                     515                  1.5479904727530922E+000                  1.4517094318360413E-001                  4.6758093370170872E+000                 -3.4498608707482301E+000                  9.2759674945490804E+000                  6.9337363816345343E-001                  2.8644908193771912E-001                  2.0177279898827449E-002                  5.2839674565152116E-023                  0.0000000000000000E+000                  0.0000000000000000E+000 
                                     516                  1.5479903661819614E+000                  1.4514846114522315E-001                  4.6784115331971243E+000                 -3.4439637271651034E+000                  9.2848644621895531E+000                  6.9337363942859342E-001                  2.8644908068720565E-001                  2.0177279884200927E-002                  5.3574045192102200E-023                  0.0000000000000000E+000                  0.0000000000000000E+000 
                                     517                  1.5479902583568388E+000                  1.4512601786574594E-001                  4.6810029485520026E+000                 -3.4381260504767992E+000                  9.2936860211585586E+000                  6.9337364069540197E-001                  2.8644907943504294E-001                  2.0177279869555087E-002                  5.4311138634428525E-023                  0.0000000000000000E+000                  0.0000000000000000E+000 
                                     518                  1.5479901492667969E+000                  1.4510361100255406E-001                  4.6835915027155659E+000                 -3.4323293370109353E+000                  9.3024598426319614E+000                  6.9337364196776197E-001                  2.8644907817739301E-001                  2.0177279854844965E-002                  5.5053170779870049E-023                  0.0000000000000000E+000                  0.0000000000000000E+000 
                                     519                  1.5479900382460248E+000                  1.4508110642573413E-001                  4.6861772561943846E+000                 -3.4265725393687925E+000                  9.3111870538222430E+000                  6.9337364324574757E-001                  2.8644907691418248E-001                  2.0177279840069895E-002                  5.5800203574775739E-023                  0.0000000000000000E+000                  0.0000000000000000E+000 
                                     520                  1.5479899259154772E+000                  1.4505863269599403E-001                  4.6883171833490351E+000                 -3.4218271271654039E+000                  9.3183877325856272E+000                  6.9337364430870330E-001                  2.8644907586351570E-001                  2.0177279827781058E-002                  5.6423668014043025E-023                  0.0000000000000000E+000                  0.0000000000000000E+000 
                                     521                  1.5479898505918535E+000                  1.4504372470426632E-001                  4.6904629737096561E+000                 -3.4171039773129883E+000                  9.3255713026829596E+000                  6.9337364537955215E-001                  2.8644907480504722E-001                  2.0177279815400628E-002                  5.7051178030110346E-023                  0.0000000000000000E+000                  0.0000000000000000E+000 
                                     522                  1.5479897356072299E+000                  1.4502121028803835E-001                  4.6930323993407139E+000                 -3.4114700046741615E+000                  9.3341478798553279E+000                  6.9337364666828749E-001                  2.8644907353121113E-001                  2.0177279800501324E-002                  5.7808903296903788E-023                  0.0000000000000000E+000                  0.0000000000000000E+000 
                                     523                  1.5479896192663960E+000                  1.4499872043445283E-001                  4.6960250083212074E+000                 -3.4049562291576794E+000                  9.3440851960302354E+000                  6.9337364817837699E-001                  2.8644907203858017E-001                  2.0177279783042845E-002                  5.8697605975800065E-023                  0.0000000000000000E+000                  0.0000000000000000E+000 
                                     524                  1.5479894618611081E+000                  1.4496873994605111E-001                  4.6994283851510650E+000                 -3.3975893606179430E+000                  9.3553394331533841E+000                  6.9337364990770034E-001                  2.8644907032924993E-001                  2.0177279763049727E-002                  5.9719304314190491E-023                  0.0000000000000000E+000                  0.0000000000000000E+000 
                                     525                  1.5479893016715067E+000                  1.4493873610794414E-001                  4.7019613762865244E+000                 -3.3921265668866658E+000                  9.3636908078245753E+000                  6.9337365120316286E-001                  2.8644906904876449E-001                  2.0177279748072596E-002                  6.0488486767089182E-023                  0.0000000000000000E+000                  0.0000000000000000E+000 
                                     526                  1.5479892208745676E+000                  1.4492378952093685E-001                  4.7040823875555660E+000                 -3.3875921885014493E+000                  9.3706425638566326E+000                  6.9337365229359638E-001                  2.8644906797093767E-001                  2.0177279735466014E-002                  6.1134523657275645E-023                  0.0000000000000000E+000                  0.0000000000000000E+000 
                                     527                  1.5479890975357478E+000                  1.4490120718678892E-001                  4.7074763491087488E+000                 -3.3803864858998387E+000                  9.3817123539132830E+000                  6.9337365404921381E-001                  2.8644906623561739E-001                  2.0177279715168805E-002                  6.2175496857939601E-023                  0.0000000000000000E+000                  0.0000000000000000E+000 
                                     528                  1.5479888890629800E+000                  1.4486365779846216E-001                  4.7112602388066218E+000                 -3.3723802723512835E+000                  9.3940180990749464E+000                  6.9337365602231715E-001                  2.8644906428532546E-001                  2.0177279692357386E-002                  6.3353086207820543E-023                  0.0000000000000000E+000                  0.0000000000000000E+000 
                                     529                  1.5479887187440240E+000                  1.4483353385539199E-001                  4.7146234443508588E+000                 -3.3653233029512299E+000                  9.4048912815804737E+000                  6.9337365779040838E-001                  2.8644906253767549E-001                  2.0177279671916182E-002                  6.4409687121226710E-023                  0.0000000000000000E+000                  0.0000000000000000E+000 
                                     530                  1.5479885454139897E+000                  1.4480336518821169E-001                  4.7179785034829402E+000                 -3.3583290891381061E+000                  9.4156870449744314E+000                  6.9337365956790498E-001                  2.8644906078072890E-001                  2.0177279651366176E-002                  6.5474421582048583E-023                  0.0000000000000000E+000                  0.0000000000000000E+000 
                                     531                  1.5479883690200231E+000                  1.4477314741943331E-001                  4.7213256468461680E+000                 -3.3513955755405673E+000                  9.4264078033011867E+000                  6.9337366135509015E-001                  2.8644905901420581E-001                  2.0177279630704037E-002                  6.6547430766943414E-023                  0.0000000000000000E+000                  0.0000000000000000E+000 
                                     532                  1.5479881895083494E+000                  1.4474287629292268E-001                  4.7238253434004793E+000                 -3.3462325096763172E+000                  9.4343950550736047E+000                  6.9337366269905398E-001                  2.8644905768577988E-001                  2.0177279615166133E-002                  6.7357952444548604E-023                  0.0000000000000000E+000                  0.0000000000000000E+000 
                                     533                  1.5479880981663037E+000                  1.4472765288806627E-001                  4.7254930981144465E+000                 -3.3428094617110782E+000                  9.4397012216336975E+000                  6.9337366360015229E-001                  2.8644905679509930E-001                  2.0177279604748355E-002                  6.7900797942260586E-023                  0.0000000000000000E+000                  0.0000000000000000E+000 
                                     534                  1.5479880068242580E+000                  1.4471254741806902E-001                  4.7279969573940637E+000                 -3.3377027311329979E+000                  9.4476334674591964E+000                  6.9337366495969888E-001                  2.8644905545127075E-001                  2.0177279589030372E-002                  6.8718861559041297E-023                  0.0000000000000000E+000                  0.0000000000000000E+000 
                                     535                  1.5479878209120859E+000                  1.4468215726794417E-001                  4.7313215180755908E+000                 -3.3309396954370860E+000                  9.4581427181740469E+000                  6.9337366677764034E-001                  2.8644905365434692E-001                  2.0177279568012740E-002                  6.9817571163499273E-023                  0.0000000000000000E+000                  0.0000000000000000E+000 
                                     536                  1.5479876317152024E+000                  1.4465170166282262E-001                  4.7346388747322203E+000                 -3.3242298385688591E+000                  9.4685856690223655E+000                  6.9337366860639493E-001                  2.8644905184673497E-001                  2.0177279546870097E-002                  7.0925148179332029E-023                  0.0000000000000000E+000                  0.0000000000000000E+000 
                                     537                  1.5479874391759898E+000                  1.4462117677625161E-001                  4.7379491588310847E+000                 -3.3175714434479562E+000                  9.4789642830498142E+000                  6.9337367044624243E-001                  2.8644905002815829E-001                  2.0177279525599223E-002                  7.2041747146702125E-023                  0.0000000000000000E+000                  0.0000000000000000E+000 
                                     538                  1.5479872432358297E+000                  1.4459057887664320E-001                  4.7412524846111115E+000                 -3.3109628515925911E+000                  9.4892804467026810E+000                  6.9337367229746261E-001                  2.8644904819834061E-001                  2.0177279504196788E-002                  7.3167525319508998E-023                  0.0000000000000000E+000                  0.0000000000000000E+000 
                                     539                  1.5479870438350831E+000                  1.4455990432290838E-001                  4.7445489501160969E+000                 -3.3044024564470669E+000                  9.4995359736983751E+000                  6.9337367416033457E-001                  2.8644904635700563E-001                  2.0177279482659793E-002                  7.4302643393045697E-023                  0.0000000000000000E+000                  0.0000000000000000E+000 
                                     540                  1.5479868409130748E+000                  1.4452914956064400E-001                  4.7478386387808653E+000                 -3.2978887002643429E+000                  9.5097326086542378E+000                  6.9337367603513811E-001                  2.8644904450387704E-001                  2.0177279460984909E-002                  7.5447265695464181E-023                  0.0000000000000000E+000                  0.0000000000000000E+000 
                                     541                  1.5479866344080739E+000                  1.4449831111859066E-001                  4.7511216210456224E+000                 -3.2914200780852099E+000                  9.5198720304924187E+000                  6.9337367792215276E-001                  2.8644904263867865E-001                  2.0177279439168583E-002                  7.6601559141231238E-023                  0.0000000000000000E+000                  0.0000000000000000E+000 
                                     542                  1.5479864242572763E+000                  1.4446738560491698E-001                  4.7543979541855679E+000                 -3.2849951346273762E+000                  9.5299558556373718E+000                  6.9337367982165843E-001                  2.8644904076113353E-001                  2.0177279417208038E-002                  7.7765693401075593E-023                  0.0000000000000000E+000                  0.0000000000000000E+000 
                                     543                  1.5479862103967872E+000                  1.4443636970371893E-001                  4.7576676833613156E+000                 -3.2786124625281605E+000                  9.5399856410208841E+000                  6.9337368173393543E-001                  2.8644903887096490E-001                  2.0177279395099612E-002                  7.8939840859167343E-023                  0.0000000000000000E+000                  0.0000000000000000E+000 
                                     544                  1.5479859927616002E+000                  1.4440526017174568E-001                  4.7609308415624634E+000                 -3.2722706992924464E+000                  9.5499628869084319E+000                  6.9337368365926400E-001                  2.8644903696789542E-001                  2.0177279372840529E-002                  8.0124176830580424E-023                  0.0000000000000000E+000                  0.0000000000000000E+000 
                                     545                  1.5479857712855798E+000                  1.4437405383535551E-001                  4.7641874505125132E+000                 -3.2659685220500698E+000                  9.5598890395593212E+000                  6.9337368559792534E-001                  2.8644903505164721E-001                  2.0177279350427457E-002                  8.1318880236440790E-023                  0.0000000000000000E+000                  0.0000000000000000E+000 
                                     546                  1.5479855459014427E+000                  1.4434274758790644E-001                  4.7674375220331573E+000                 -3.2597046439378516E+000                  9.5697654937324881E+000                  6.9337368755020123E-001                  2.8644903312194209E-001                  2.0177279327856734E-002                  8.2524134042360182E-023                  0.0000000000000000E+000                  0.0000000000000000E+000 
                                     547                  1.5479853165407349E+000                  1.4431133838742682E-001                  4.7706810589200321E+000                 -3.2534778186111382E+000                  9.5795935950482214E+000                  6.9337368951637401E-001                  2.8644903117850068E-001                  2.0177279305125362E-002                  8.3740124150297329E-023                  0.0000000000000000E+000                  0.0000000000000000E+000 
                                     548                  1.5479850831338153E+000                  1.4427982325401506E-001                  4.7739180553636960E+000                 -3.2472868390757492E+000                  9.5893746422159936E+000                  6.9337369149672667E-001                  2.8644902922104326E-001                  2.0177279282230121E-002                  8.4967039336927372E-023                  0.0000000000000000E+000                  0.0000000000000000E+000 
                                     549                  1.5479848456098331E+000                  1.4424819926733590E-001                  4.7771484972044593E+000                 -3.2411305357683853E+000                  9.5991098891372015E+000                  6.9337369349154343E-001                  2.8644902724928895E-001                  2.0177279259167680E-002                  8.6205071354229769E-023                  0.0000000000000000E+000                  0.0000000000000000E+000 
                                     550                  1.5479846038967064E+000                  1.4421646356428555E-001                  4.7803723623250622E+000                 -3.2350077749259034E+000                  9.6088005468917412E+000                  6.9337369550110917E-001                  2.8644902526295624E-001                  2.0177279235934598E-002                  8.7454414994450431E-023                  0.0000000000000000E+000                  0.0000000000000000E+000 
                                     551                  1.5479843579211043E+000                  1.4418461333678570E-001                  4.7835896209062181E+000                 -3.2289174547020463E+000                  9.6184477856159134E+000                  6.9337369752570965E-001                  2.8644902326176264E-001                  2.0177279212527655E-002                  8.8715268644193055E-023                  0.0000000000000000E+000                  0.0000000000000000E+000 
                                     552                  1.5479841076084215E+000                  1.4415264582989162E-001                  4.7868002367504605E+000                 -3.2228585009378103E+000                  9.6280527362783310E+000                  6.9337369956563155E-001                  2.8644902124542465E-001                  2.0177279188943853E-002                  8.9987834972714165E-023                  0.0000000000000000E+000                  0.0000000000000000E+000 
                                     553                  1.5479838528827590E+000                  1.4412055834022319E-001                  4.7900041679808334E+000                 -3.2168298714008614E+000                  9.6376164923602960E+000                  6.9337370162116307E-001                  2.8644901921365767E-001                  2.0177279165179307E-002                  9.1272319872196898E-023                  0.0000000000000000E+000                  0.0000000000000000E+000 
                                     554                  1.5479835936669009E+000                  1.4408834821409153E-001                  4.7932013673554446E+000                 -3.2108305555364516E+000                  9.6471401114470119E+000                  6.9337370369259321E-001                  2.8644901716617571E-001                  2.0177279141231130E-002                  9.2568932290428878E-023                  0.0000000000000000E+000                  0.0000000000000000E+000 
                                     555                  1.5479833298822916E+000                  1.4405601284567704E-001                  4.7963917825199429E+000                 -3.2048595731207099E+000                  9.6566246167350656E+000                  6.9337370578021240E-001                  2.8644901510269194E-001                  2.0177279117095659E-002                  9.3877884302081083E-023                  0.0000000000000000E+000                  0.0000000000000000E+000 
                                     556                  1.5479830614490133E+000                  1.4402354967529682E-001                  4.7995753564018626E+000                 -3.1989159731703118E+000                  9.6660709984616595E+000                  6.9337370788431230E-001                  2.8644901302291809E-001                  2.0177279092769673E-002                  9.5199391139426176E-023                  0.0000000000000000E+000                  0.0000000000000000E+000 
                                     557                  1.5479827882857631E+000                  1.4399095618775637E-001                  4.8027520273013788E+000                 -3.1929988316655313E+000                  9.6754802152601886E+000                  6.9337371000518555E-001                  2.8644901092656477E-001                  2.0177279068249732E-002                  9.6533671505109262E-023                  0.0000000000000000E+000                  0.0000000000000000E+000 
                                     558                  1.5479825103098273E+000                  1.4395822991089507E-001                  4.8059217297688681E+000                 -3.1871072468348114E+000                  9.6848531954468200E+000                  6.9337371214312615E-001                  2.8644900881334129E-001                  2.0177279043532614E-002                  9.7880948482301412E-023                  0.0000000000000000E+000                  0.0000000000000000E+000 
                                     559                  1.5479822274370592E+000                  1.4392536841447184E-001                  4.8090843957426062E+000                 -3.1812403425840161E+000                  9.6941908382422088E+000                  6.9337371429842964E-001                  2.8644900668295564E-001                  2.0177279018614769E-002                  9.9241448627370437E-023                  0.0000000000000000E+000                  0.0000000000000000E+000 
                                     560                  1.5479819395818537E+000                  1.4389236930881230E-001                  4.8122399546577395E+000                 -3.1753972692788919E+000                  9.7034940149322306E+000                  6.9337371647139312E-001                  2.8644900453511446E-001                  2.0177278993492420E-002                  1.0061540161714709E-022                  0.0000000000000000E+000                  0.0000000000000000E+000 
                                     561                  1.5479816466571228E+000                  1.4385923024339373E-001                  4.8153883338765251E+000                 -3.1695772030183669E+000                  9.7127635699713473E+000                  6.9337371866231434E-001                  2.8644900236952275E-001                  2.0177278968162904E-002                  1.0200304023623412E-022                  0.0000000000000000E+000                  0.0000000000000000E+000 
                                     562                  1.5479813485742688E+000                  1.4382594890547026E-001                  4.8185294587045906E+000                 -3.1637793444472897E+000                  9.7220003220320148E+000                  6.9337372087149340E-001                  2.8644900018588448E-001                  2.0177278942622112E-002                  1.0340460048354078E-022                  0.0000000000000000E+000                  0.0000000000000000E+000 
                                     563                  1.5479810452431597E+000                  1.4379252301881257E-001                  4.8216632526790573E+000                 -3.1580029177639641E+000                  9.7312050650033441E+000                  6.9337372309923107E-001                  2.8644899798390222E-001                  2.0177278916866714E-002                  1.0482032164743259E-022                  0.0000000000000000E+000                  0.0000000000000000E+000 
                                     564                  1.5479807365721026E+000                  1.4375895034248554E-001                  4.8247896381266147E+000                 -3.1522471666075664E+000                  9.7403785689417344E+000                  6.9337372534582964E-001                  2.8644899576327709E-001                  2.0177278890893269E-002                  1.0625044717478097E-022                  0.0000000000000000E+000                  0.0000000000000000E+000 
                                     565                  1.5479804224678171E+000                  1.4372522866996296E-001                  4.8279085373939514E+000                 -3.1465113548949910E+000                  9.7495215809764293E+000                  6.9337372761159277E-001                  2.8644899352370889E-001                  2.0177278864698334E-002                  1.0769522436294055E-022                  0.0000000000000000E+000                  0.0000000000000000E+000 
                                     566                  1.5479801028354074E+000                  1.4369135582817213E-001                  4.8310198734859311E+000                 -3.1407947700890415E+000                  9.7586348261724272E+000                  6.9337372989682577E-001                  2.8644899126489598E-001                  2.0177278838278245E-002                  1.0915490340459324E-022                  0.0000000000000000E+000                  0.0000000000000000E+000 
                                     567                  1.5479797775783353E+000                  1.4365732967627545E-001                  4.8341235700512142E+000                 -3.1350967223378134E+000                  9.7677190083531649E+000                  6.9337373220183496E-001                  2.8644898898653559E-001                  2.0177278811629451E-002                  1.1062973743444385E-022                  0.0000000000000000E+000                  0.0000000000000000E+000 
                                     568                  1.5479794465983925E+000                  1.4362314810449542E-001                  4.8372195517160756E+000                 -3.1294165439488935E+000                  9.7767748108852537E+000                  6.9337373452692785E-001                  2.8644898668832347E-001                  2.0177278784748731E-002                  1.1211998249849807E-022                  0.0000000000000000E+000                  0.0000000000000000E+000 
                                     569                  1.5479791097956701E+000                  1.4358880903300777E-001                  4.8403077439508371E+000                 -3.1237535883297332E+000                  9.7858028974273115E+000                  6.9337373687241399E-001                  2.8644898436995408E-001                  2.0177278757631978E-002                  1.1362589767048531E-022                  0.0000000000000000E+000                  0.0000000000000000E+000 
                                     570                  1.5479787670685321E+000                  1.4355431041085298E-001                  4.8433880736082067E+000                 -3.1181072278478128E+000                  9.7948039126449267E+000                  6.9337373923860324E-001                  2.8644898203112096E-001                  2.0177278730275860E-002                  1.1514774547737869E-022                  0.0000000000000000E+000                  0.0000000000000000E+000 
                                     571                  1.5479784183135841E+000                  1.4351965021506033E-001                  4.8464604699507836E+000                 -3.1124768504818827E+000                  9.8037784828934065E+000                  6.9337374162580689E-001                  2.8644897967151617E-001                  2.0177278702676937E-002                  1.1668579269770021E-022                  0.0000000000000000E+000                  0.0000000000000000E+000 
                                     572                  1.5479780634256428E+000                  1.4348482644997945E-001                  4.8495248657071865E+000                 -3.1068618651091930E+000                  9.8127272168702628E+000                  6.9337374403433771E-001                  2.8644897729083085E-001                  2.0177278674831434E-002                  1.1824030882163505E-022                  0.0000000000000000E+000                  0.0000000000000000E+000 
                                     573                  1.5479777022977079E+000                  1.4344983714622236E-001                  4.8525811972735369E+000                 -3.1012617020669211E+000                  9.8216507062388043E+000                  6.9337374646450922E-001                  2.8644897488875515E-001                  2.0177278646735575E-002                  1.1981156572337105E-022                  0.0000000000000000E+000                  0.0000000000000000E+000 
                                     574                  1.5479773348209283E+000                  1.4341468035951507E-001                  4.8556294047350059E+000                 -3.0956758124495378E+000                  9.8305495262246136E+000                  6.9337374891663595E-001                  2.8644897246497791E-001                  2.0177278618386141E-002                  1.2139983767523489E-022                  0.0000000000000000E+000                  0.0000000000000000E+000 
                                     575                  1.5479769608845717E+000                  1.4337935416960229E-001                  4.8586694318266446E+000                 -3.0901036673655766E+000                  9.8394242361860851E+000                  6.9337375139103363E-001                  2.8644897001918740E-001                  2.0177278589778913E-002                  1.2300540138181708E-022                  0.0000000000000000E+000                  0.0000000000000000E+000 
                                     576                  1.5479765803759928E+000                  1.4334385667919214E-001                  4.8617012261101458E+000                 -3.0845447571679050E+000                  9.8482753801606631E+000                  6.9337375388801836E-001                  2.8644896755107080E-001                  2.0177278560910894E-002                  1.2462853603135752E-022                  0.0000000000000000E+000                  0.0000000000000000E+000 
                                     577                  1.5479761931805993E+000                  1.4330818601292838E-001                  4.8647247395043367E+000                 -3.0789985862028044E+000                  9.8571034873880343E+000                  6.9337375640790755E-001                  2.8644896506031459E-001                  2.0177278531777865E-002                  1.2626952469226163E-022                  0.0000000000000000E+000                  0.0000000000000000E+000 
                                     578                  1.5479757991818206E+000                  1.4327234031679514E-001                  4.8677399295911465E+000                 -3.0734646747150847E+000                  9.8659090728115757E+000                  6.9337375895101883E-001                  2.8644896254660479E-001                  2.0177278502376383E-002                  1.2792865366719837E-022                  0.0000000000000000E+000                  0.0000000000000000E+000 
                                     579                  1.5479753982610720E+000                  1.4323631775734821E-001                  4.8707467600743453E+000                 -3.0679425634759152E+000                  9.8746926375587094E+000                  6.9337376151767094E-001                  2.8644896000962627E-001                  2.0177278472702787E-002                  1.2960621096471868E-022                  0.0000000000000000E+000                  0.0000000000000000E+000 
                                     580                  1.5479749902977213E+000                  1.4320011652052550E-001                  4.8737452007733904E+000                 -3.0624318133668136E+000                  9.8834546694013863E+000                  6.9337376410818286E-001                  2.8644895744906390E-001                  2.0177278442753188E-002                  1.3130248621567916E-022                  0.0000000000000000E+000                  0.0000000000000000E+000 
                                     581                  1.5479745751690541E+000                  1.4316373481050712E-001                  4.8767352274856917E+000                 -3.0569320046785622E+000                  9.8921956431976756E+000                  6.9337376672287399E-001                  2.8644895486460165E-001                  2.0177278412524369E-002                  1.3301777068030475E-022                  0.0000000000000000E+000                  0.0000000000000000E+000 
                                     582                  1.5479741527502373E+000                  1.4312717084856558E-001                  4.8797168220625728E+000                 -3.0514427366944865E+000                  9.9009160213153571E+000                  6.9337376936206463E-001                  2.8644895225592337E-001                  2.0177278382011998E-002                  1.3475235717308131E-022                  0.0000000000000000E+000                  0.0000000000000000E+000 
                                     583                  1.5479737229142840E+000                  1.4309042287195048E-001                  4.8826899723071815E+000                 -3.0459636253726941E+000                  9.9096162540384825E+000                  6.9337377202607442E-001                  2.8644894962271267E-001                  2.0177278351212857E-002                  1.3650654060175215E-022                  0.0000000000000000E+000                  0.0000000000000000E+000 
                                     584                  1.5479732855320163E+000                  1.4305348913293772E-001                  4.8856546728409516E+000                 -3.0404942965849640E+000                  9.9182967799575508E+000                  6.9337377471522399E-001                  2.8644894696465290E-001                  2.0177278320123060E-002                  1.3828062000688365E-022                  0.0000000000000000E+000                  0.0000000000000000E+000 
                                     585                  1.5479728404720268E+000                  1.4301636789843500E-001                  4.8886109258578401E+000                 -3.0350343927999717E+000                  9.9269580263442467E+000                  6.9337377742983386E-001                  2.8644894428142714E-001                  2.0177278288739053E-002                  1.4007489632049195E-022                  0.0000000000000000E+000                  0.0000000000000000E+000 
                                     586                  1.5479723876006426E+000                  1.4297905744899850E-001                  4.8915587412170423E+000                 -3.0295835758183052E+000                  9.9356004095113644E+000                  6.9337378017022466E-001                  2.8644894157271872E-001                  2.0177278257056619E-002                  1.4188967127105992E-022                  0.0000000000000000E+000                  0.0000000000000000E+000 
                                     587                  1.5479719267818857E+000                  1.4294155607759901E-001                  4.8944981363527376E+000                 -3.0241415262656650E+000                  9.9442243351586903E+000                  6.9337378293671692E-001                  2.8644893883821049E-001                  2.0177278225072648E-002                  1.4372524730906890E-022                  0.0000000000000000E+000                  0.0000000000000000E+000 
                                     588                  1.5479714578774333E+000                  1.4290386208839334E-001                  4.8974291361196745E+000                 -3.0187079430279073E+000                  9.9528301987055610E+000                  6.9337378572963104E-001                  2.8644893607758576E-001                  2.0177278192783143E-002                  1.4558192755549035E-022                  0.0000000000000000E+000                  0.0000000000000000E+000 
                                     589                  1.5479709807465785E+000                  1.4286597379551794E-001                  4.9003517726398194E+000                 -3.0132825427025947E+000                  9.9614183856105587E+000                  6.9337378854928744E-001                  2.8644893329052817E-001                  2.0177278160184331E-002                  1.4746001574921512E-022                  0.0000000000000000E+000                  0.0000000000000000E+000 
                                     590                  1.5479704952461890E+000                  1.4282788952189468E-001                  4.9032959954402955E+000                 -3.0078100526311493E+000                  9.9700766612291236E+000                  6.9337379142531752E-001                  2.8644893044774833E-001                  2.0177278126934151E-002                  1.4937923224039762E-022                  0.0000000000000000E+000                  0.0000000000000000E+000 
                                     591                  1.5479699911435421E+000                  1.4278883077587945E-001                  4.9062601536967305E+000                 -3.0022918517278900E+000                  9.9788018531004603E+000                  6.9337379435763158E-001                  2.8644892754933543E-001                  2.0177278093032935E-002                  1.5134006520817470E-022                  0.0000000000000000E+000                  0.0000000000000000E+000 
                                     592                  1.5479694782007642E+000                  1.4274957825945989E-001                  4.9092147397098236E+000                 -2.9967832473748603E+000                  9.9875068018057984E+000                  6.9337379731775084E-001                  2.8644892462343885E-001                  2.0177278058810311E-002                  1.5332345759640522E-022                  0.0000000000000000E+000                  0.0000000000000000E+000 
                                     593                  1.5479689562641208E+000                  1.4271013018411707E-001                  4.9121598481422657E+000                 -2.9912839538866773E+000                  9.9961919488017781E+000                  6.9337380030600193E-001                  2.8644892166973540E-001                  2.0177278024262613E-002                  1.5532972723444616E-022                  0.0000000000000000E+000                  0.0000000000000000E+000 
                                     594                  1.5479684251772312E+000                  1.4267048477003280E-001                  4.9151007256553623E+000                 -2.9857841887384597E+000                  1.0004872809345724E+001                  6.9337380332801490E-001                  2.8644891868266076E-001                  2.0177277989324338E-002                  1.5736273249290328E-022                  0.0000000000000000E+000                  0.0000000000000000E+000 
                                     595                  1.5479678828971015E+000                  1.4263050219638063E-001                  4.9180371873260880E+000                 -2.9802839897584490E+000                  1.0013549189820244E+001                  6.9337380638404011E-001                  2.8644891566196679E-001                  2.0177277953993045E-002                  1.5942282337460904E-022                  0.0000000000000000E+000                  0.0000000000000000E+000 
                                     596                  1.5479673311128210E+000                  1.4259031974509309E-001                  4.9209642664079292E+000                 -2.9747927420122320E+000                  1.0022206390606058E+001                  6.9337380946919136E-001                  2.8644891261248367E-001                  2.0177277918324910E-002                  1.6150678349799926E-022                  0.0000000000000000E+000                  0.0000000000000000E+000 
                                     597                  1.5479667696592194E+000                  1.4254993562942139E-001                  4.9238820932980865E+000                 -2.9693102180807345E+000                  1.0030844825854878E+001                  6.9337381258379271E-001                  2.8644890953389085E-001                  2.0177277882316380E-002                  1.6361493254359957E-022                  0.0000000000000000E+000                  0.0000000000000000E+000 
                                     598                  1.5479661983682838E+000                  1.4250934806677426E-001                  4.9267908054471974E+000                 -2.9638361963453654E+000                  1.0039464899177172E+001                  6.9337381572816736E-001                  2.8644890642586901E-001                  2.0177277845963681E-002                  1.6574759419037551E-022                  0.0000000000000000E+000                  0.0000000000000000E+000 
                                     599                  1.5479656170691112E+000                  1.4246855527841520E-001                  4.9296905473187635E+000                 -2.9583704721836170E+000                  1.0048067003972266E+001                  6.9337381890263805E-001                  2.8644890328809913E-001                  2.0177277809262817E-002                  1.6790509165771106E-022                  0.0000000000000000E+000                  0.0000000000000000E+000 
                                     600                  1.5479650255878590E+000                  1.4242755548808994E-001                  4.9325814701676940E+000                 -2.9529128584952162E+000                  1.0056651523745780E+001                  6.9337382210752618E-001                  2.8644890012026336E-001                  2.0177277772210456E-002                  1.7008774718902657E-022                  0.0000000000000000E+000                  0.0000000000000000E+000 
                                     601                  1.5479644237476955E+000                  1.4238634692057348E-001                  4.9354695349760460E+000                 -2.9474523302368216E+000                  1.0065235969236120E+001                  6.9337382534968794E-001                  2.8644889691558495E-001                  2.0177277734727106E-002                  1.7230030903942066E-022                  0.0000000000000000E+000                  0.0000000000000000E+000 
                                     602                  1.5479638089159145E+000                  1.4234476291503953E-001                  4.9383545778479885E+000                 -2.9419890545075349E+000                  1.0073820020830944E+001                  6.9337382862935315E-001                  2.8644889367383658E-001                  2.0177277696810325E-002                  1.7454313926426029E-022                  0.0000000000000000E+000                  0.0000000000000000E+000 
                                     603                  1.5479631833194407E+000                  1.4230296774497586E-001                  4.9412310353385482E+000                 -2.9365338565318861E+000                  1.0082386874075235E+001                  6.9337383194041835E-001                  2.8644889040105131E-001                  2.0177277658530279E-002                  1.7681214064104730E-022                  0.0000000000000000E+000                  0.0000000000000000E+000 
                                     604                  1.5479625467714206E+000                  1.4226095960201554E-001                  4.9440990911136540E+000                 -2.9310865946971565E+000                  1.0090936893349793E+001                  6.9337383528320173E-001                  2.8644888709691463E-001                  2.0177277619883638E-002                  1.7910763567127315E-022                  0.0000000000000000E+000                  0.0000000000000000E+000 
                                     605                  1.5479618990817898E+000                  1.4221873667462689E-001                  4.9469589341097233E+000                 -2.9256471306368881E+000                  1.0099470434033886E+001                  6.9337383865802071E-001                  2.8644888376111277E-001                  2.0177277580866515E-002                  1.8142995066642837E-022                  0.0000000000000000E+000                  0.0000000000000000E+000 
                                     606                  1.5479612400572198E+000                  1.4217629714787783E-001                  4.9498107580123261E+000                 -2.9202153396602291E+000                  1.0107987842777812E+001                  6.9337384206519204E-001                  2.8644888039333227E-001                  2.0177277541475691E-002                  1.8377941121801540E-022                  0.0000000000000000E+000                  0.0000000000000000E+000 
                                     607                  1.5479605695010610E+000                  1.4213363920220112E-001                  4.9526547612042044E+000                 -2.9147911111542602E+000                  1.0116489457765427E+001                  6.9337384550503267E-001                  2.8644887699326055E-001                  2.0177277501706836E-002                  1.8615634173217284E-022                  0.0000000000000000E+000                  0.0000000000000000E+000 
                                     608                  1.5479598872132874E+000                  1.4209076101206641E-001                  4.9554976736871588E+000                 -2.9093620154499522E+000                  1.0124995010420394E+001                  6.9337384898587451E-001                  2.8644887355266135E-001                  2.0177277461464138E-002                  1.8856657603735626E-022                  0.0000000000000000E+000                  0.0000000000000000E+000 
                                     609                  1.5479591898124754E+000                  1.4204746464352283E-001                  4.9583393419883279E+000                 -2.9039283334507924E+000                  1.0133504059145407E+001                  6.9337385250792238E-001                  2.8644887007133268E-001                  2.0177277420744932E-002                  1.9101048721387484E-022                  0.0000000000000000E+000                  0.0000000000000000E+000 
                                     610                  1.5479584802140534E+000                  1.4200394571392280E-001                  4.9611735294604049E+000                 -2.8985024472151641E+000                  1.0141997492753529E+001                  6.9337385606361257E-001                  2.8644886655675061E-001                  2.0177277379636815E-002                  1.9348289947680365E-022                  0.0000000000000000E+000                  0.0000000000000000E+000 
                                     611                  1.5479577582065545E+000                  1.4196020233978338E-001                  4.9640004601927501E+000                 -2.8930842796705369E+000                  1.0150475637003249E+001                  6.9337385965325904E-001                  2.8644886300860484E-001                  2.0177277338136124E-002                  1.9598413633379523E-022                  0.0000000000000000E+000                  0.0000000000000000E+000 
                                     612                  1.5479570235748839E+000                  1.4191623262783667E-001                  4.9668203608310426E+000                 -2.8876737540147963E+000                  1.0158938809811930E+001                  6.9337386327717554E-001                  2.8644885942658516E-001                  2.0177277296239304E-002                  1.9851452534371811E-022                  0.0000000000000000E+000                  0.0000000000000000E+000 
                                     613                  1.5479562761002561E+000                  1.4187203467497550E-001                  4.9696334600273273E+000                 -2.8822708031349844E+000                  1.0167387321486373E+001                  6.9337386693567660E-001                  2.8644885581038088E-001                  2.0177277253942583E-002                  2.0107439368300770E-022                  0.0000000000000000E+000                  0.0000000000000000E+000 
                                     614                  1.5479555155601352E+000                  1.4182760656722115E-001                  4.9724399883888104E+000                 -2.8768753700120859E+000                  1.0175821474945192E+001                  6.9337387062907652E-001                  2.8644885215968113E-001                  2.0177277211242295E-002                  2.0366406771589060E-022                  0.0000000000000000E+000                  0.0000000000000000E+000 
                                     615                  1.5479547417281687E+000                  1.4178294637863742E-001                  4.9752474999666401E+000                 -2.8714734680085616E+000                  1.0184263439332888E+001                  6.9337387436746900E-001                  2.8644884846450902E-001                  2.0177277168021979E-002                  2.0629069477031031E-022                  0.0000000000000000E+000                  0.0000000000000000E+000 
                                     616                  1.5479539502789883E+000                  1.4173782008159505E-001                  4.9780558366005021E+000                 -2.8660654758014568E+000                  1.0192712652861690E+001                  6.9337387815103224E-001                  2.8644884472468835E-001                  2.0177277124279414E-002                  2.0895465985686791E-022                  0.0000000000000000E+000                  0.0000000000000000E+000 
                                     617                  1.5479531450020039E+000                  1.4169245938773423E-001                  4.9808580019019510E+000                 -2.8606654376398879E+000                  1.0201147499114615E+001                  6.9337388197047078E-001                  2.8644884094940709E-001                  2.0177277080122069E-002                  2.1164948358732748E-022                  0.0000000000000000E+000                  0.0000000000000000E+000 
                                     618                  1.5479523256577858E+000                  1.4164686229067058E-001                  4.9836542432059332E+000                 -2.8552733180449965E+000                  1.0209568274209474E+001                  6.9337388582610016E-001                  2.8644883713835356E-001                  2.0177277035546282E-002                  2.1437549156962762E-022                  0.0000000000000000E+000                  0.0000000000000000E+000 
                                     619                  1.5479514920028032E+000                  1.4160102676880348E-001                  4.9864448077641121E+000                 -2.8498890797776144E+000                  1.0217975267292580E+001                  6.9337388971823655E-001                  2.8644883329121501E-001                  2.0177276990548387E-002                  2.1713301365630519E-022                  0.0000000000000000E+000                  0.0000000000000000E+000 
                                     620                  1.5479506437893540E+000                  1.4155495078536062E-001                  4.9892299418651636E+000                 -2.8445126908827736E+000                  1.0226368760738865E+001                  6.9337389364719770E-001                  2.8644882940767752E-001                  2.0177276945124722E-002                  2.1992238036264360E-022                  0.0000000000000000E+000                  0.0000000000000000E+000 
                                     621                  1.5479497807654947E+000                  1.4150863228771787E-001                  4.9920182312067718E+000                 -2.8391281871078635E+000                  1.0234774010781381E+001                  6.9337389762523816E-001                  2.8644882547562805E-001                  2.0177276899133734E-002                  2.2275235337681715E-022                  0.0000000000000000E+000                  0.0000000000000000E+000 
                                     622                  1.5479488974345594E+000                  1.4146179299429262E-001                  4.9948094859933612E+000                 -2.8337360312183590E+000                  1.0243190322695728E+001                  6.9337390165250889E-001                  2.8644882149491740E-001                  2.0177276852573645E-002                  2.2562333405860259E-022                  0.0000000000000000E+000                  0.0000000000000000E+000 
                                     623                  1.5479479986848423E+000                  1.4141470888156679E-001                  4.9975957106465021E+000                 -2.8283522966365267E+000                  1.0251592951854025E+001                  6.9337390571760293E-001                  2.8644881747682072E-001                  2.0177276805576350E-002                  2.2852724702776904E-022                  0.0000000000000000E+000                  0.0000000000000000E+000 
                                     624                  1.5479470842496588E+000                  1.4136737779879088E-001                  5.0003771587367192E+000                 -2.8229769625710497E+000                  1.0259982178537539E+001                  6.9337390982084490E-001                  2.8644881342101719E-001                  2.0177276758137852E-002                  2.3146442372078842E-022                  0.0000000000000000E+000                  0.0000000000000000E+000 
                                     625                  1.5479461538577615E+000                  1.4131979757674024E-001                  5.0031540825729470E+000                 -2.8176100113412255E+000                  1.0268358276516429E+001                  6.9337391396256054E-001                  2.8644880932718492E-001                  2.0177276710254599E-002                  2.3443519676455334E-022                  0.0000000000000000E+000                  0.0000000000000000E+000 
                                     626                  1.5479452072332647E+000                  1.4127196602718922E-001                  5.0059267320552081E+000                 -2.8122514229067179E+000                  1.0276721513234131E+001                  6.9337391814307758E-001                  2.8644880519499966E-001                  2.0177276661922816E-002                  2.3743990297481878E-022                  0.0000000000000000E+000                  0.0000000000000000E+000 
                                     627                  1.5479442440955642E+000                  1.4122388094297117E-001                  5.0086953536330290E+000                 -2.8069011786729545E+000                  1.0285072149985494E+001                  6.9337392236272688E-001                  2.8644880102413472E-001                  2.0177276613138395E-002                  2.4047888128859837E-022                  0.0000000000000000E+000                  0.0000000000000000E+000 
                                     628                  1.5479432641592585E+000                  1.4117554009762706E-001                  5.0114694875005794E+000                 -2.8015414859778298E+000                  1.0293438300963270E+001                  6.9337392663620701E-001                  2.8644879680006108E-001                  2.0177276563731916E-002                  2.4356276647473232E-022                  0.0000000000000000E+000                  0.0000000000000000E+000 
                                     629                  1.5479422604650637E+000                  1.4112661811978977E-001                  5.0142489073865386E+000                 -2.7961728793613920E+000                  1.0301819149277248E+001                  6.9337393096364552E-001                  2.8644879252265315E-001                  2.0177276513701381E-002                  2.4669197977995330E-022                  0.0000000000000000E+000                  0.0000000000000000E+000 
                                     630                  1.5479412392704643E+000                  1.4107743799232145E-001                  5.0170246649541497E+000                 -2.7908132871948137E+000                  1.0310187050741467E+001                  6.9337393533126424E-001                  2.8644878820552933E-001                  2.0177276463206439E-002                  2.4985660210497449E-022                  0.0000000000000000E+000                  0.0000000000000000E+000 
                                     631                  1.5479402002731688E+000                  1.4102799737363272E-001                  5.0197970048317808E+000                 -2.7854626861229499E+000                  1.0318542268926215E+001                  6.9337393973940764E-001                  2.8644878384834943E-001                  2.0177276412242984E-002                  2.5305697959537309E-022                  0.0000000000000000E+000                  0.0000000000000000E+000 
                                     632                  1.5479391431657217E+000                  1.4097829390164898E-001                  5.0225661682909024E+000                 -2.7801210545305040E+000                  1.0326885061371753E+001                  6.9337394418842258E-001                  2.8644877945077052E-001                  2.0177276360806906E-002                  2.5629346024241449E-022                  0.0000000000000000E+000                  0.0000000000000000E+000 
                                     633                  1.5479380676354177E+000                  1.4092832519338441E-001                  5.0253323924485898E+000                 -2.7747883690992823E+000                  1.0335215679756852E+001                  6.9337394867865976E-001                  2.8644877501244592E-001                  2.0177276308894321E-002                  2.5956639596340889E-022                  0.0000000000000000E+000                  0.0000000000000000E+000 
                                     634                  1.5479369733642137E+000                  1.4087808884491096E-001                  5.0281062442882787E+000                 -2.7694449019683924E+000                  1.0343565280884020E+001                  6.9337395322747253E-001                  2.8644877051622286E-001                  2.0177276256304610E-002                  2.6288847096972445E-022                  0.0000000000000000E+000                  0.0000000000000000E+000 
                                     635                  1.5479358517464408E+000                  1.4082720895265716E-001                  5.0308874486972845E+000                 -2.7640912470655694E+000                  1.0351932927037518E+001                  6.9337395783496647E-001                  2.8644876596199714E-001                  2.0177276203036332E-002                  2.6626013128824620E-022                  0.0000000000000000E+000                  0.0000000000000000E+000 
                                     636                  1.5479347105910344E+000                  1.4077605897095699E-001                  5.0336660168634362E+000                 -2.7587472626586553E+000                  1.0360287910441588E+001                  6.9337396248479899E-001                  2.8644876136592246E-001                  2.0177276149278556E-002                  2.6966944849923097E-022                  0.0000000000000000E+000                  0.0000000000000000E+000 
                                     637                  1.5479335495609003E+000                  1.4072463636794480E-001                  5.0364421777400956E+000                 -2.7534129077902301E+000                  1.0368630488579392E+001                  6.9337396717733968E-001                  2.8644875672763315E-001                  2.0177276095027175E-002                  2.7311678908271521E-022                  0.0000000000000000E+000                  0.0000000000000000E+000 
                                     638                  1.5479323683131943E+000                  1.4067293859097496E-001                  5.0392161552241390E+000                 -2.7480881414257992E+000                  1.0376960913086725E+001                  6.9337397191296291E-001                  2.8644875204675962E-001                  2.0177276040277414E-002                  2.7660252289890487E-022                  0.0000000000000000E+000                  0.0000000000000000E+000 
                                     639                  1.5479311664992275E+000                  1.4062096306642391E-001                  5.0419997926967710E+000                 -2.7427508631406452E+000                  1.0385314090676516E+001                  6.9337397671214940E-001                  2.8644874730305758E-001                  2.0177275984793019E-002                  2.8014174520895053E-022                  0.0000000000000000E+000                  0.0000000000000000E+000 
                                     640                  1.5479299335645313E+000                  1.4056827388794610E-001                  5.0447927515420812E+000                 -2.7374017342286892E+000                  1.0393688941604651E+001                  6.9337398157497798E-001                  2.8644874249644919E-001                  2.0177275928572769E-002                  2.8373493027382824E-022                  0.0000000000000000E+000                  0.0000000000000000E+000 
                                     641                  1.5479286791707338E+000                  1.4051530454209024E-001                  5.0475837536170562E+000                 -2.7320629712442148E+000                  1.0402051003527061E+001                  6.9337398648208293E-001                  2.8644873764607626E-001                  2.0177275871840816E-002                  2.8736778358205040E-022                  0.0000000000000000E+000                  0.0000000000000000E+000 
                                     642                  1.5479274029479502E+000                  1.4046205231509071E-001                  5.0503730134028242E+000                 -2.7267345111699468E+000                  1.0410400537320376E+001                  6.9337399143386158E-001                  2.8644873275154631E-001                  2.0177275814592166E-002                  2.9104069292598989E-022                  0.0000000000000000E+000                  0.0000000000000000E+000 
                                     643                  1.5479261045199944E+000                  1.4040851447286004E-001                  5.0531607391802691E+000                 -2.7214162895034870E+000                  1.0418737797933426E+001                  6.9337399643071607E-001                  2.8644872781246133E-001                  2.0177275756822599E-002                  2.9475405107237208E-022                  0.0000000000000000E+000                  0.0000000000000000E+000 
                                     644                  1.5479247835042733E+000                  1.4035468826098732E-001                  5.0559599104408006E+000                 -2.7160841504403863E+000                  1.0427100967109347E+001                  6.9337400149624751E-001                  2.8644872280549372E-001                  2.0177275698258779E-002                  2.9852540395473952E-022                  0.0000000000000000E+000                  0.0000000000000000E+000 
                                     645                  1.5479234272517195E+000                  1.4030008018041257E-001                  5.0587701282218163E+000                 -2.7107388044293850E+000                  1.0435488843165418E+001                  6.9337400663051207E-001                  2.8644871773058755E-001                  2.0177275638900372E-002                  3.0235526060598326E-022                  0.0000000000000000E+000                  0.0000000000000000E+000 
                                     646                  1.5479220474133548E+000                  1.4024518130185729E-001                  5.0615789563357101E+000                 -2.7054044902128336E+000                  1.0443863690334735E+001                  6.9337401181113845E-001                  2.8644871260985549E-001                  2.0177275579006060E-002                  3.0622693521101340E-022                  0.0000000000000000E+000                  0.0000000000000000E+000 
                                     647                  1.5479206435830406E+000                  1.4018998872179009E-001                  5.0643865922348841E+000                 -2.7000811185012430E+000                  1.0452225775590355E+001                  6.9337401703855750E-001                  2.8644870744287171E-001                  2.0177275518570736E-002                  3.1014084230399778E-022                  0.0000000000000000E+000                  0.0000000000000000E+000 
                                     648                  1.5479192153477286E+000                  1.4013449951745466E-001                  5.0671932268339646E+000                 -2.6947686004572988E+000                  1.0460575359822023E+001                  6.9337402231320611E-001                  2.8644870222920449E-001                  2.0177275457589405E-002                  3.1409740086595723E-022                  0.0000000000000000E+000                  0.0000000000000000E+000 
                                     649                  1.5479177622873439E+000                  1.4007871074666334E-001                  5.0700132233288882E+000                 -2.6894403292003690E+000                  1.0468954561191465E+001                  6.9337402766250489E-001                  2.8644869694175007E-001                  2.0177275395744987E-002                  3.1811716930491562E-022                  0.0000000000000000E+000                  0.0000000000000000E+000 
                                     650                  1.5479162691132962E+000                  1.4002205891545844E-001                  5.0728461098255693E+000                 -2.6840970785783718E+000                  1.0477362031847854E+001                  6.9337403308648116E-001                  2.8644869158048153E-001                  2.0177275333037370E-002                  3.2220069625531961E-022                  0.0000000000000000E+000                  0.0000000000000000E+000 
                                     651                  1.5479147499942463E+000                  1.3996510514414642E-001                  5.0756780444104512E+000                 -2.6787655096184517E+000                  1.0485756104765725E+001                  6.9337403855907886E-001                  2.8644868617115365E-001                  2.0177275269767536E-002                  3.2632835014202592E-022                  0.0000000000000000E+000                  0.0000000000000000E+000 
                                     652                  1.5479132044838844E+000                  1.3990784633014025E-001                  5.0785092057608274E+000                 -2.6734455007186400E+000                  1.0494137056110089E+001                  6.9337404408076619E-001                  2.8644868071330382E-001                  2.0177275205929934E-002                  3.3050057992368465E-022                  0.0000000000000000E+000                  0.0000000000000000E+000 
                                     653                  1.5479116321283157E+000                  1.3985027935367084E-001                  5.0813553841334249E+000                 -2.6681079391599387E+000                  1.0502551034032102E+001                  6.9337404968285432E-001                  2.8644867517598266E-001                  2.0177275141163076E-002                  3.3474102124181997E-022                  0.0000000000000000E+000                  0.0000000000000000E+000 
                                     654                  1.5479100149062579E+000                  1.3979176951957714E-001                  5.0842160345715639E+000                 -2.6627536623361889E+000                  1.0510996543786083E+001                  6.9337405536533814E-001                  2.8644866955919523E-001                  2.0177275075466627E-002                  3.3905026277379215E-022                  0.0000000000000000E+000                  0.0000000000000000E+000 
                                     655                  1.5479083696030376E+000                  1.3973294926816654E-001                  5.0870758781175960E+000                 -2.6574118054395566E+000                  1.0519427909316100E+001                  6.9337406109840527E-001                  2.8644866389240931E-001                  2.0177275009185425E-002                  3.4340566099438424E-022                  0.0000000000000000E+000                  0.0000000000000000E+000 
                                     656                  1.5479066957359964E+000                  1.3967381530843143E-001                  5.0899350813553967E+000                 -2.6520822203116712E+000                  1.0527845424883752E+001                  6.9337406688255920E-001                  2.8644865817512727E-001                  2.0177274942313472E-002                  3.4780769243892498E-022                  0.0000000000000000E+000                  0.0000000000000000E+000 
                                     657                  1.5479049928142818E+000                  1.3961436433381194E-001                  5.0928105914991262E+000                 -2.6467338533693447E+000                  1.0536298413953011E+001                  6.9337407275268714E-001                  2.8644865237286515E-001                  2.0177274874447759E-002                  3.5228286768233176E-022                  0.0000000000000000E+000                  0.0000000000000000E+000 
                                     658                  1.5479032400978794E+000                  1.3955389886090755E-001                  5.0957018016266282E+000                 -2.6413675857330570E+000                  1.0544785267907180E+001                  6.9337407870875645E-001                  2.8644864648565516E-001                  2.0177274805588397E-002                  3.5683181780765161E-022                  0.0000000000000000E+000                  0.0000000000000000E+000 
                                     659                  1.5479014569687541E+000                  1.3949311417116578E-001                  5.0985922622811461E+000                 -2.6360144523288400E+000                  1.0553257161770885E+001                  6.9337408471751150E-001                  2.8644864054636865E-001                  2.0177274736119855E-002                  3.6142909766513396E-022                  0.0000000000000000E+000                  0.0000000000000000E+000 
                                     660                  1.5478996429046101E+000                  1.3943200677835588E-001                  5.1015003272058195E+000                 -2.6306409849120147E+000                  1.0561767329932026E+001                  6.9337409081779255E-001                  2.8644863451661423E-001                  2.0177274665593270E-002                  3.6610437014168245E-022                  0.0000000000000000E+000                  0.0000000000000000E+000 
                                     661                  1.5478977742497710E+000                  1.3936980802262289E-001                  5.1044253180189454E+000                 -2.6252481267225978E+000                  1.0570314022761059E+001                  6.9337409700952912E-001                  2.8644862839646168E-001                  2.0177274594009198E-002                  3.7085830557402433E-022                  0.0000000000000000E+000                  0.0000000000000000E+000 
                                     662                  1.5478958731875612E+000                  1.3930728453997163E-001                  5.1073493816693913E+000                 -2.6198692938944421E+000                  1.0578844545662037E+001                  6.9337410325564608E-001                  2.8644862222255751E-001                  2.0177274521796407E-002                  3.7566236845585543E-022                  0.0000000000000000E+000                  0.0000000000000000E+000 
                                     663                  1.5478939391617841E+000                  1.3924443265306197E-001                  5.1102922426922790E+000                 -2.6144687225909640E+000                  1.0587415892220305E+001                  6.9337410959904766E-001                  2.8644861595249327E-001                  2.0177274448459070E-002                  3.8054948185658872E-022                  0.0000000000000000E+000                  0.0000000000000000E+000 
                                     664                  1.5478919453920383E+000                  1.3918041189661245E-001                  5.1132531522583662E+000                 -2.6090474149350893E+000                  1.0596026176806404E+001                  6.9337411603962174E-001                  2.8644860958638013E-001                  2.0177274373998078E-002                  3.8552035741044373E-022                  0.0000000000000000E+000                  0.0000000000000000E+000 
                                     665                  1.5478899170635088E+000                  1.3911606088936093E-001                  5.1162128905555875E+000                 -2.6036410463315729E+000                  1.0604618991596990E+001                  6.9337412253636521E-001                  2.8644860316474691E-001                  2.0177274298887937E-002                  3.9054326591659833E-022                  0.0000000000000000E+000                  0.0000000000000000E+000 
                                     666                  1.5478878535834557E+000                  1.3905137575115467E-001                  5.1191921534023530E+000                 -2.5982123065748035E+000                  1.0613253893677070E+001                  6.9337412913555774E-001                  2.8644859664184913E-001                  2.0177274222593189E-002                  3.9565390287169205E-022                  0.0000000000000000E+000                  0.0000000000000000E+000 
                                     667                  1.5478857253360143E+000                  1.3898545934550738E-001                  5.1221901377761982E+000                 -2.5927622236582724E+000                  1.0621928908172713E+001                  6.9337413583706120E-001                  2.8644859001782319E-001                  2.0177274145115609E-002                  4.0085302805961547E-022                  0.0000000000000000E+000                  0.0000000000000000E+000 
                                     668                  1.5478835602186702E+000                  1.3891920703832444E-001                  5.1252084362209169E+000                 -2.5872888807363945E+000                  1.0630647634092139E+001                  6.9337414264593233E-001                  2.8644858328767081E-001                  2.0177274066396800E-002                  4.0614425327355672E-022                  0.0000000000000000E+000                  0.0000000000000000E+000 
                                     669                  1.5478813257364785E+000                  1.3885165727593693E-001                  5.1282461826802717E+000                 -2.5817933647957019E+000                  1.0639407976180422E+001                  6.9337414956198884E-001                  2.8644857645157235E-001                  2.0177273986438760E-002                  4.1152836685738837E-022                  0.0000000000000000E+000                  0.0000000000000000E+000 
                                     670                  1.5478790525579613E+000                  1.3878377004251757E-001                  5.1313049069862018E+000                 -2.5762739172679674E+000                  1.0648213307378473E+001                  6.9337415659032531E-001                  2.8644856950449205E-001                  2.0177273905182647E-002                  4.1700898598297914E-022                  0.0000000000000000E+000                  0.0000000000000000E+000 
                                     671                  1.5478767052484328E+000                  1.3871452141260887E-001                  5.1344077024370920E+000                 -2.5706888947954609E+000                  1.0657129992134001E+001                  6.9337416378660843E-001                  2.8644856239140665E-001                  2.0177273821984976E-002                  4.2263028104854947E-022                  0.0000000000000000E+000                  0.0000000000000000E+000 
                                     672                  1.5478742802283765E+000                  1.3864386021393457E-001                  5.1375308807567892E+000                 -2.5650808880759532E+000                  1.0666089913294105E+001                  6.9337417109858357E-001                  2.8644855516396678E-001                  2.0177273737449708E-002                  4.2835225724597477E-022                  0.0000000000000000E+000                  0.0000000000000000E+000 
                                     673                  1.5478718132352642E+000                  1.3857286352702763E-001                  5.1406758364354506E+000                 -2.5594484553705930E+000                  1.0675095974678483E+001                  6.9337417853132910E-001                  2.8644854781715284E-001                  2.0177273651518002E-002                  4.3417847251108362E-022                  0.0000000000000000E+000                  0.0000000000000000E+000 
                                     674                  1.5478692635286393E+000                  1.3850039605335071E-001                  5.1438674004280980E+000                 -2.5537470941730480E+000                  1.0684219220591714E+001                  6.9337418614646140E-001                  2.8644854029006073E-001                  2.0177273563477871E-002                  4.4015809027540168E-022                  0.0000000000000000E+000                  0.0000000000000000E+000 
                                     675                  1.5478666275245063E+000                  1.3842641554580246E-001                  5.1471341011340552E+000                 -2.5479270793557465E+000                  1.0693539859087045E+001                  6.9337419401677802E-001                  2.8644853251073460E-001                  2.0177273472487434E-002                  4.4634857528893955E-022                  0.0000000000000000E+000                  0.0000000000000000E+000 
                                     676                  1.5478638555909197E+000                  1.3834961572695648E-001                  5.1505345849316297E+000                 -2.5418853791982627E+000                  1.0703223571340708E+001                  6.9337420229166458E-001                  2.8644852433151557E-001                  2.0177273376819849E-002                  4.5286858148839866E-022                  0.0000000000000000E+000                  0.0000000000000000E+000 
                                     677                  1.5478608886819603E+000                  1.3826850528652854E-001                  5.1540106831854775E+000                 -2.5357245127142756E+000                  1.0713105259947454E+001                  6.9337421083848738E-001                  2.8644851588350451E-001                  2.0177273278008112E-002                  4.5961699397610534E-022                  0.0000000000000000E+000                  0.0000000000000000E+000 
                                     678                  1.5478578704681927E+000                  1.3818710884307869E-001                  5.1574767684671272E+000                 -2.5295981655716879E+000                  1.0722939551583856E+001                  6.9337421944987943E-001                  2.8644850737167077E-001                  2.0177273178449751E-002                  4.6642906744900499E-022                  0.0000000000000000E+000                  0.0000000000000000E+000 
                                     679                  1.5478548000721837E+000                  1.3810541899122153E-001                  5.1609331818784083E+000                 -2.5235054223557372E+000                  1.0732727722320353E+001                  6.9337422812682092E-001                  2.8644849879504525E-001                  2.0177273078133773E-002                  4.7330568063207366E-022                  0.0000000000000000E+000                  0.0000000000000000E+000 
                                     680                  1.5478516766016976E+000                  1.3802342842235935E-001                  5.1643802480888112E+000                 -2.5174453981492220E+000                  1.0742471004791303E+001                  6.9337423687029909E-001                  2.8644849015265222E-001                  2.0177272977048633E-002                  4.8024772060714832E-022                  0.0000000000000000E+000                  0.0000000000000000E+000 
                                     681                  1.5478484991494497E+000                  1.3794112991947613E-001                  5.1678182770432741E+000                 -2.5114172427391872E+000                  1.0752170590106902E+001                  6.9337424568130757E-001                  2.8644848144350982E-001                  2.0177272875182561E-002                  4.8725607653854755E-022                  0.0000000000000000E+000                  0.0000000000000000E+000 
                                     682                  1.5478452667928566E+000                  1.3785851635115121E-001                  5.1712811531547063E+000                 -2.5053620817140856E+000                  1.0761921534521699E+001                  6.9337425464813651E-001                  2.8644847258034822E-001                  2.0177272771515264E-002                  4.9440064625394567E-022                  0.0000000000000000E+000                  0.0000000000000000E+000 
                                     683                  1.5478419144735365E+000                  1.3777397424417409E-001                  5.1747673709957596E+000                 -2.4992814614238603E+000                  1.0771720594712498E+001                  6.9337426377002220E-001                  2.8644846356392256E-001                  2.0177272666055179E-002                  5.0168258542719321E-022                  0.0000000000000000E+000                  0.0000000000000000E+000 
                                     684                  1.5478385042502576E+000                  1.3768911796608185E-001                  5.1782439651760690E+000                 -2.4932333864853153E+000                  1.0781474604089620E+001                  6.9337427296221044E-001                  2.8644845447800737E-001                  2.0177272559782189E-002                  5.0903387483787195E-022                  0.0000000000000000E+000                  0.0000000000000000E+000 
                                     685                  1.5478350351340902E+000                  1.3760394005529106E-001                  5.1817112381204637E+000                 -2.4872169938345046E+000                  1.0791184760436572E+001                  6.9337428222575948E-001                  2.8644844532155622E-001                  2.0177272452684303E-002                  5.1645547979407863E-022                  0.0000000000000000E+000                  0.0000000000000000E+000 
                                     686                  1.5478315061194503E+000                  1.3751843314078671E-001                  5.1851694792466247E+000                 -2.4812314522980614E+000                  1.0800852221551986E+001                  6.9337429156173402E-001                  2.8644843609351683E-001                  2.0177272344749086E-002                  5.2394837057203182E-022                  0.0000000000000000E+000                  0.0000000000000000E+000 
                                     687                  1.5478279161838222E+000                  1.3743258993653001E-001                  5.1886189662034301E+000                 -2.4752759621875944E+000                  1.0810478106974655E+001                  6.9337430097120423E-001                  2.8644842679283145E-001                  2.0177272235964328E-002                  5.3151352127946369E-022                  0.0000000000000000E+000                  0.0000000000000000E+000 
                                     688                  1.5478242642874800E+000                  1.3734640323593664E-001                  5.1920599657301558E+000                 -2.4693497484913762E+000                  1.0820063499616655E+001                  6.9337431045524589E-001                  2.8644841741843691E-001                  2.0177272126317147E-002                  5.3915191701347610E-022                  0.0000000000000000E+000                  0.0000000000000000E+000 
                                     689                  1.5478205493732020E+000                  1.3725986590768641E-001                  5.1954927341115136E+000                 -2.4634520595829597E+000                  1.0829609447310462E+001                  6.9337432001494026E-001                  2.8644840796926418E-001                  2.0177272015795555E-002                  5.4686455445978482E-022                  0.0000000000000000E+000                  0.0000000000000000E+000 
                                     690                  1.5478167703659833E+000                  1.3717297089179586E-001                  5.1989175176044826E+000                 -2.4575821662642374E+000                  1.0839116964275266E+001                  6.9337432965137480E-001                  2.8644839844423853E-001                  2.0177271904386673E-002                  5.5465244214652299E-022                  0.0000000000000000E+000                  0.0000000000000000E+000 
                                     691                  1.5478129261727394E+000                  1.3708571119587862E-001                  5.2023345528424736E+000                 -2.4517393612777041E+000                  1.0848587032507607E+001                  6.9337433936564330E-001                  2.8644838884227874E-001                  2.0177271792077955E-002                  5.6251660012876820E-022                  0.0000000000000000E+000                  0.0000000000000000E+000 
                                     692                  1.5478090156820106E+000                  1.3699807989149654E-001                  5.2057440672906408E+000                 -2.4459229626686168E+000                  1.0858020603100993E+001                  6.9337434915884610E-001                  2.8644837916229732E-001                  2.0177271678856634E-002                  5.7045805439366784E-022                  0.0000000000000000E+000                  0.0000000000000000E+000 
                                     693                  1.5478050377636563E+000                  1.3691007010982523E-001                  5.2091462797230585E+000                 -2.4401323112084947E+000                  1.0867418597498800E+001                  6.9337435903209044E-001                  2.8644836940319962E-001                  2.0177271564709942E-002                  5.7847783910956182E-022                  0.0000000000000000E+000                  0.0000000000000000E+000 
                                     694                  1.5478009912685489E+000                  1.3682167503781262E-001                  5.2125414006291235E+000                 -2.4343667668533380E+000                  1.0876781908684581E+001                  6.9337436898649074E-001                  2.8644835956388442E-001                  2.0177271449624889E-002                  5.8657700049499768E-022                  0.0000000000000000E+000                  0.0000000000000000E+000 
                                     695                  1.5477968750282582E+000                  1.3673288791504618E-001                  5.2159296325483160E+000                 -2.4286257079695535E+000                  1.0886111402313315E+001                  6.9337437902316823E-001                  2.8644834964324301E-001                  2.0177271333588820E-002                  5.9475659709684660E-022                  0.0000000000000000E+000                  0.0000000000000000E+000 
                                     696                  1.5477926878547359E+000                  1.3664370203074952E-001                  5.2193111704064004E+000                 -2.4229085306579043E+000                  1.0895407917787223E+001                  6.9337438914325256E-001                  2.8644833964015914E-001                  2.0177271216588299E-002                  6.0301769998289831E-022                  0.0000000000000000E+000                  0.0000000000000000E+000 
                                     697                  1.5477884285399899E+000                  1.3655411072092624E-001                  5.2226862018065150E+000                 -2.4172146482008028E+000                  1.0904672269279319E+001                  6.9337439934788037E-001                  2.8644832955350924E-001                  2.0177271098610339E-002                  6.1136139279986415E-022                  0.0000000000000000E+000                  0.0000000000000000E+000 
                                     698                  1.5477840958557576E+000                  1.3646410736558698E-001                  5.2260549071852793E+000                 -2.4115434910852422E+000                  1.0913905246707666E+001                  6.9337440963819674E-001                  2.8644831938216159E-001                  2.0177270979641726E-002                  6.1978877100412697E-022                  0.0000000000000000E+000                  0.0000000000000000E+000 
                                     699                  1.5477796885531703E+000                  1.3637368538596784E-001                  5.2294174598912555E+000                 -2.4058945056778147E+000                  1.0923107616663325E+001                  6.9337442001535476E-001                  2.8644830912497599E-001                  2.0177270859669250E-002                  6.2830094310103803E-022                  0.0000000000000000E+000                  0.0000000000000000E+000 
                                     700                  1.5477752053624163E+000                  1.3628283824200016E-001                  5.2327740264080029E+000                 -2.4002671531906445E+000                  1.0932280123294486E+001                  6.9337443048051706E-001                  2.8644829878080369E-001                  2.0177270738679254E-002                  6.3689903157009153E-022                  0.0000000000000000E+000                  0.0000000000000000E+000 
                                     701                  1.5477706449923943E+000                  1.3619155942997374E-001                  5.2361247666117192E+000                 -2.3946609091407938E+000                  1.0941423489149257E+001                  6.9337444103485490E-001                  2.8644828834848685E-001                  2.0177270616658305E-002                  6.4558417312161174E-022                  0.0000000000000000E+000                  0.0000000000000000E+000 
                                     702                  1.5477660061303640E+000                  1.3609984248031615E-001                  5.2394698340326649E+000                 -2.3890752628538277E+000                  1.0950538415979485E+001                  6.9337445167954903E-001                  2.8644827782685833E-001                  2.0177270493592636E-002                  6.5435751892486926E-022                  0.0000000000000000E+000                  0.0000000000000000E+000 
                                     703                  1.5477612874415909E+000                  1.3600768095545016E-001                  5.2428093760975294E+000                 -2.3835097166088732E+000                  1.0959625585507643E+001                  6.9337446241578959E-001                  2.8644826721474170E-001                  2.0177270369468703E-002                  6.6322023544824653E-022                  0.0000000000000000E+000                  0.0000000000000000E+000 
                                     704                  1.5477564875689840E+000                  1.3591506844780712E-001                  5.2461966141431526E+000                 -2.3778764605719624E+000                  1.0968828936950935E+001                  6.9337447341779435E-001                  2.8644825633993359E-001                  2.0177270242272005E-002                  6.7231546170095545E-022                  0.0000000000000000E+000                  0.0000000000000000E+000 
                                     705                  1.5477514503876637E+000                  1.3581906713301806E-001                  5.2496290216663919E+000                 -2.3721781636270545E+000                  1.0978143032084835E+001                  6.9337448468384799E-001                  2.8644824520412915E-001                  2.0177270112022860E-002                  6.8164515312734500E-022                  0.0000000000000000E+000                  0.0000000000000000E+000 
                                     706                  1.5477463265785287E+000                  1.3572262364461568E-001                  5.2530541934234973E+000                 -2.3665026806195750E+000                  1.0987424821600159E+001                  6.9337449604515256E-001                  2.8644823397417507E-001                  2.0177269980672374E-002                  6.9106877660885409E-022                  0.0000000000000000E+000                  0.0000000000000000E+000 
                                     707                  1.5477411146699853E+000                  1.3562573089631449E-001                  5.2564723076328450E+000                 -2.3608494324294558E+000                  1.0996675102480935E+001                  6.9337450750300544E-001                  2.8644822264878889E-001                  2.0177269848205670E-002                  7.0058761871765105E-022                  0.0000000000000000E+000                  0.0000000000000000E+000 
                                     708                  1.5477358131658217E+000                  1.3552838184815685E-001                  5.2598835355425662E+000                 -2.3552178559579193E+000                  1.1005894648154062E+001                  6.9337451905871328E-001                  2.8644821122667907E-001                  2.0177269714607649E-002                  7.1020298214653059E-022                  0.0000000000000000E+000                  0.0000000000000000E+000 
                                     709                  1.5477304205448070E+000                  1.3543056950382798E-001                  5.2632880417591874E+000                 -2.3496074026621643E+000                  1.1015084209383872E+001                  6.9337453071359267E-001                  2.8644819970654423E-001                  2.0177269579863100E-002                  7.1991618753182565E-022                  0.0000000000000000E+000                  0.0000000000000000E+000 
                                     710                  1.5477249352602793E+000                  1.3533228690832222E-001                  5.2666859849166299E+000                 -2.3440175352683026E+000                  1.1024244515124868E+001                  6.9337454246896979E-001                  2.8644818808707373E-001                  2.0177269443956480E-002                  7.2972857867429213E-022                  0.0000000000000000E+000                  0.0000000000000000E+000 
                                     711                  1.5477193557397313E+000                  1.3523352714632217E-001                  5.2700775183297601E+000                 -2.3384477308057812E+000                  1.1033376273334811E+001                  6.9337455432617967E-001                  2.8644817636694758E-001                  2.0177269306872692E-002                  7.3964151688432757E-022                  0.0000000000000000E+000                  0.0000000000000000E+000 
                                     712                  1.5477136803843845E+000                  1.3513428333988645E-001                  5.2734627902580220E+000                 -2.3328974812930094E+000                  1.1042480171750496E+001                  6.9337456628656724E-001                  2.8644816454483663E-001                  2.0177269168596190E-002                  7.4965637912497749E-022                  0.0000000000000000E+000                  0.0000000000000000E+000 
                                     713                  1.5477079075687610E+000                  1.3503454864596062E-001                  5.2768419440656000E+000                 -2.3273662931691823E+000                  1.1051556878628144E+001                  6.9337457835148675E-001                  2.8644815261940232E-001                  2.0177269029110878E-002                  7.5977455833006992E-022                  0.0000000000000000E+000                  0.0000000000000000E+000 
                                     714                  1.5477020356402460E+000                  1.3493431625400443E-001                  5.2802151183669777E+000                 -2.3218536867425330E+000                  1.1060607043450538E+001                  6.9337459052230177E-001                  2.8644814058929657E-001                  2.0177268888401656E-002                  7.6999746374298961E-022                  0.0000000000000000E+000                  0.0000000000000000E+000 
                                     715                  1.5476960629186449E+000                  1.3483357938369406E-001                  5.2835824473149433E+000                 -2.3163591948667248E+000                  1.1069631297602502E+001                  6.9337460280038632E-001                  2.8644812845316170E-001                  2.0177268746451982E-002                  7.8032652276731978E-022                  0.0000000000000000E+000                  0.0000000000000000E+000 
                                     716                  1.5476899876957317E+000                  1.3473233128293194E-001                  5.2869440613318313E+000                 -2.3108823608925135E+000                  1.1078630255016526E+001                  6.9337461518712318E-001                  2.8644811620963051E-001                  2.0177268603246312E-002                  7.9076318438069859E-022                  0.0000000000000000E+000                  0.0000000000000000E+000 
                                     717                  1.5476838082347912E+000                  1.3463056522630099E-001                  5.2903000877764317E+000                 -2.3054227413251001E+000                  1.1087604512789969E+001                  6.9337462768390556E-001                  2.8644810385732605E-001                  2.0177268458768438E-002                  8.0130891369079297E-022                  0.0000000000000000E+000                  0.0000000000000000E+000 
                                     718                  1.5476775227701536E+000                  1.3452827451287316E-001                  5.2936506511298882E+000                 -2.2999799060873021E+000                  1.1096554651775506E+001                  6.9337464029213614E-001                  2.8644809139486210E-001                  2.0177268313001706E-002                  8.1196519076921404E-022                  0.0000000000000000E+000                  0.0000000000000000E+000 
                                     719                  1.5476711295067223E+000                  1.3442545246394635E-001                  5.2969958730811104E+000                 -2.2945534380376396E+000                  1.1105481237146121E+001                  6.9337465301322643E-001                  2.8644807882084306E-001                  2.0177268165930462E-002                  8.2273351089958229E-022                  0.0000000000000000E+000                  0.0000000000000000E+000 
                                     720                  1.5476646266194929E+000                  1.3432209242084556E-001                  5.3003358726067225E+000                 -2.2891429325066261E+000                  1.1114384818936070E+001                  6.9337466584859764E-001                  2.8644806613386420E-001                  2.0177268017538164E-002                  8.3361538483236029E-022                  0.0000000000000000E+000                  0.0000000000000000E+000 
                                     721                  1.5476580122530663E+000                  1.3421818774279223E-001                  5.3036707663308382E+000                 -2.2837479968952477E+000                  1.1123265932558862E+001                  6.9337467878635617E-001                  2.8644805334568202E-001                  2.0177267867961812E-002                  9.4472108543496665E-022                  0.0000000000000000E+000                  0.0000000000000000E+000 
                                     722                  1.5476512845211532E+000                  1.3411373180485342E-001                  5.3083066450051524E+000                 -2.2762890621707061E+000                  1.1135569164136397E+001                  6.9337469668740004E-001                  2.8644803565159588E-001                  2.0177267661004139E-002                  1.1703735990212425E-021                  0.0000000000000000E+000                  0.0000000000000000E+000 
                                     723                  1.5476390905988575E+000                  1.3392744373641180E-001                  5.3127272878420282E+000                 -2.2691311108844339E+000                  1.1147342394881925E+001                  6.9337471344039758E-001                  2.8644801909228340E-001                  2.0177267467319071E-002                  1.4347692690324462E-021                  0.0000000000000000E+000                  0.0000000000000000E+000 
                                     724                  1.5476327008789477E+000                  1.3383132919180987E-001                  5.3157121955781577E+000                 -2.2643247015229724E+000                  1.1155264107963276E+001                  6.9337472468605088E-001                  2.8644800797664344E-001                  2.0177267337305738E-002                  1.6455885085582182E-021                  0.0000000000000000E+000                  0.0000000000000000E+000 
                                     725                  1.5476263111590378E+000                  1.3373620969274724E-001                  5.3186485489886293E+000                 -2.2596016337814055E+000                  1.1163050636442948E+001                  6.9337473566661423E-001                  2.8644799712302876E-001                  2.0177267210357064E-002                  1.8826095488521538E-021                  0.0000000000000000E+000                  0.0000000000000000E+000 
                                     726                  1.5476199214391280E+000                  1.3364205750965916E-001                  5.3215379222620642E+000                 -2.2549590354516700E+000                  1.1170706561242030E+001                  6.9337474639256536E-001                  2.8644798652108261E-001                  2.0177267086352035E-002                  2.1485089931138474E-021                  0.0000000000000000E+000                  0.0000000000000000E+000 
                                     727                  1.5476135317192181E+000                  1.3354884615031914E-001                  5.3244736052318205E+000                 -2.2502481988892740E+000                  1.1178477922389595E+001                  6.9337475722262176E-001                  2.8644797581623493E-001                  2.0177266961143303E-002                  2.4564255899250900E-021                  0.0000000000000000E+000                  0.0000000000000000E+000 
                                     728                  1.5476067281217016E+000                  1.3345060306833958E-001                  5.3274518108870765E+000                 -2.2454727618506216E+000                  1.1186357035839801E+001                  6.9337476811231302E-001                  2.8644796505244174E-001                  2.0177266835245233E-002                  2.8130777775040621E-021                  0.0000000000000000E+000                  0.0000000000000000E+000 
                                     729                  1.5475999245241849E+000                  1.3335336870889108E-001                  5.3303817628213714E+000                 -2.2407794847163758E+000                  1.1194102585640911E+001                  6.9337477874541376E-001                  2.8644795454227256E-001                  2.0177266712313680E-002                  3.2134853095055663E-021                  0.0000000000000000E+000                  0.0000000000000000E+000 
                                     730                  1.5475931209266685E+000                  1.3325711516855510E-001                  5.3332650212813819E+000                 -2.2361655606750230E+000                  1.1201719069550009E+001                  6.9337478913234285E-001                  2.8644794427542908E-001                  2.0177266592228071E-002                  3.6620538711775189E-021                  0.0000000000000000E+000                  0.0000000000000000E+000 
                                     731                  1.5475863173291518E+000                  1.3316181577918110E-001                  5.3375151699721179E+000                 -2.2294006596325784E+000                  1.1212908695637038E+001                  6.9337480433907261E-001                  2.8644792924450746E-001                  2.0177266416419926E-002                  4.4373221573783987E-021                  0.0000000000000000E+000                  0.0000000000000000E+000 
                                     732                  1.5475727101341186E+000                  1.3297397931967961E-001                  5.3416494602198332E+000                 -2.2227742847995549E+000                  1.1223835805031170E+001                  6.9337481890192831E-001                  2.8644791485001614E-001                  2.0177266248055492E-002                  5.3461928617389091E-021                  0.0000000000000000E+000                  0.0000000000000000E+000 
                                     733                  1.5475659065366019E+000                  1.3288139356315010E-001                  5.3443601274782475E+000                 -2.2184524122951732E+000                  1.1230976738834515E+001                  6.9337482840090725E-001                  2.8644790546085686E-001                  2.0177266138235894E-002                  6.0387435807584547E-021                  0.0000000000000000E+000                  0.0000000000000000E+000 
                                     734                  1.5475591029390854E+000                  1.3278966622795257E-001                  5.3485676150172674E+000                 -2.2117816922147213E+000                  1.1242022104268900E+001                  6.9337484307014130E-001                  2.8644789096121703E-001                  2.0177265968641667E-002                  7.2914612521626768E-021                  0.0000000000000000E+000                  0.0000000000000000E+000 
                                     735                  1.5475444317600571E+000                  1.3259468873080385E-001                  5.3541496720790311E+000                 -2.2029039030064426E+000                  1.1256699596139173E+001                  6.9337486221780387E-001                  2.8644787203492472E-001                  2.0177265747271411E-002                  9.3555865784076490E-021                  0.0000000000000000E+000                  0.0000000000000000E+000 
                                     736                  1.5475297605810285E+000                  1.3240340144699939E-001                  5.3595653071056875E+000                 -2.1943051527856769E+000                  1.1270921716084416E+001                  6.9337488054001051E-001                  2.8644785392454508E-001                  2.0177265535444411E-002                  1.1903235570058293E-020                  0.0000000000000000E+000                  0.0000000000000000E+000 
                                     737                  1.5475150894020002E+000                  1.3221561858383252E-001                  5.3635155133506007E+000                 -2.1880176052117131E+000                  1.1281308408329609E+001                  6.9337489370926397E-001                  2.8644784090754416E-001                  2.0177265383191867E-002                  1.4181208913474971E-020                  0.0000000000000000E+000                  0.0000000000000000E+000 
                                     738                  1.5475077538124860E+000                  1.3212298700676969E-001                  5.3661075282533908E+000                 -2.1839120735246715E+000                  1.1288103099182452E+001                  6.9337490230799137E-001                  2.8644783240822858E-001                  2.0177265283780055E-002                  1.5902817138579663E-020                  0.0000000000000000E+000                  0.0000000000000000E+000 
                                     739                  1.5475004182229717E+000                  1.3203116850508417E-001                  5.3699353378150274E+000                 -2.1778773993002614E+000                  1.1298108191726328E+001                  6.9337491494186720E-001                  2.8644781992041574E-001                  2.0177265137717004E-002                  1.8826002037885472E-020                  0.0000000000000000E+000                  0.0000000000000000E+000 
                                     740                  1.5474857470439436E+000                  1.3184989466268202E-001                  5.3749070744964058E+000                 -2.1700187861541376E+000                  1.1311120828826487E+001                  6.9337493111817716E-001                  2.8644780393112357E-001                  2.0177264950699270E-002                  2.3423931137978382E-020                  0.0000000000000000E+000                  0.0000000000000000E+000 
                                     741                  1.5474710758649151E+000                  1.3167165029909883E-001                  5.3797467892881041E+000                 -2.1623791076500170E+000                  1.1323775228357876E+001                  6.9337494667239419E-001                  2.8644778855673209E-001                  2.0177264770873782E-002                  2.8953510737025097E-020                  0.0000000000000000E+000                  0.0000000000000000E+000 
                                     742                  1.5474564046858865E+000                  1.3149629999639759E-001                  5.3832875407760854E+000                 -2.1567767472866000E+000                  1.1333044495020083E+001                  6.9337495790305181E-001                  2.8644777745591471E-001                  2.0177264641033421E-002                  3.3794630836413723E-020                  0.0000000000000000E+000                  0.0000000000000000E+000 
                                     743                  1.5474490690963723E+000                  1.3140967022785063E-001                  5.3856147690485230E+000                 -2.1531103087549943E+000                  1.1339120673969834E+001                  6.9337496525198183E-001                  2.8644777019194712E-001                  2.0177264556071051E-002                  3.7399887076297868E-020                  0.0000000000000000E+000                  0.0000000000000000E+000 
                                     744                  1.5474417335068582E+000                  1.3132371751482749E-001                  5.3880248354153037E+000                 -2.1493169272576971E+000                  1.1345409043491774E+001                  6.9337497281940996E-001                  2.8644776271200761E-001                  2.0177264468582479E-002                  4.1531496421689443E-020                  0.0000000000000000E+000                  0.0000000000000000E+000 
                                     745                  1.5474336799939938E+000                  1.3123011535399001E-001                  5.3905132793341028E+000                 -2.1454012864802574E+000                  1.1351900202579451E+001                  6.9337498058293667E-001                  2.8644775503823672E-001                  2.0177264378826609E-002                  4.6267916113152439E-020                  0.0000000000000000E+000                  0.0000000000000000E+000 
                                     746                  1.5474256264811297E+000                  1.3113729357879289E-001                  5.3929682759545265E+000                 -2.1415406520093399E+000                  1.1358301165779132E+001                  6.9337498819481103E-001                  2.8644774751436491E-001                  2.0177264290824004E-002                  5.1459576466359032E-020                  0.0000000000000000E+000                  0.0000000000000000E+000 
                                     747                  1.5474175729682655E+000                  1.3104523451438835E-001                  5.3953907223587914E+000                 -2.1377334809559341E+000                  1.1364614434819352E+001                  6.9337499566000416E-001                  2.8644774013547847E-001                  2.0177264204517376E-002                  5.7142190391500645E-020                  0.0000000000000000E+000                  0.0000000000000000E+000 
                                     748                  1.5474095194554010E+000                  1.3095392112893264E-001                  5.3983771169870112E+000                 -2.1330513126913568E+000                  1.1372385546372465E+001                  6.9337500481368108E-001                  2.8644773108762916E-001                  2.0177264098689696E-002                  6.5000350153390756E-020                  0.0000000000000000E+000                  0.0000000000000000E+000 
                                     749                  1.5473974391861047E+000                  1.3081831356693518E-001                  5.4018942704112938E+000                 -2.1275313506124540E+000                  1.1381542210640861E+001                  6.9337501549072478E-001                  2.8644772053402512E-001                  2.0177263975250104E-002                  7.5625791008403012E-020                  0.0000000000000000E+000                  0.0000000000000000E+000 
                                     750                  1.5473853589168083E+000                  1.3068429394539233E-001                  5.4053450642218532E+000                 -2.1221198963170642E+000                  1.1390520688538944E+001                  6.9337502587539801E-001                  2.8644771026941124E-001                  2.0177263855190697E-002                  8.7703233553424162E-020                  0.0000000000000000E+000                  0.0000000000000000E+000 
                                     751                  1.5473732786475116E+000                  1.3055181200340357E-001                  5.4087319802250278E+000                 -2.1168127067316269E+000                  1.1399327865447951E+001                  6.9337503598106032E-001                  2.8644770028058275E-001                  2.0177263738356932E-002                  1.0139322780622985E-019                  0.0000000000000000E+000                  0.0000000000000000E+000 
                                     752                  1.5473611983782152E+000                  1.3042082002325320E-001                  5.4126091239438994E+000                 -2.1107520842113421E+000                  1.1409394055458106E+001                  6.9337504745943890E-001                  2.8644768893490807E-001                  2.0177263605652973E-002                  1.1965043582549027E-019                  0.0000000000000000E+000                  0.0000000000000000E+000 
                                     753                  1.5473450913524867E+000                  1.3024840388141007E-001                  5.4169381549851234E+000                 -2.1039797251880077E+000                  1.1420637132206492E+001                  6.9337506012708849E-001                  2.8644767641371199E-001                  2.0177263459199457E-002                  1.4386877585291597E-019                  0.0000000000000000E+000                  0.0000000000000000E+000 
                                     754                  1.5473289843267579E+000                  1.3007845468618520E-001                  5.4201138332744705E+000                 -2.0990000358115863E+000                  1.1428895167666440E+001                  6.9337506931115722E-001                  2.8644766733582222E-001                  2.0177263353020614E-002                  1.6464294325738512E-019                  0.0000000000000000E+000                  0.0000000000000000E+000 
                                     755                  1.5473209308138935E+000                  1.2999437511476089E-001                  5.4222042498927445E+000                 -2.0957342516115993E+000                  1.1434318703044269E+001                  6.9337507533275711E-001                  2.8644766138383937E-001                  2.0177263283403524E-002                  1.7989336894989018E-019                  0.0000000000000000E+000                  0.0000000000000000E+000 
                                     756                  1.5473128773010294E+000                  1.2991087711505842E-001                  5.4253008376665095E+000                 -2.0909137668509308E+000                  1.1442335153845336E+001                  6.9337508421649618E-001                  2.8644765260280702E-001                  2.0177263180696792E-002                  2.0505924281480420E-019                  0.0000000000000000E+000                  0.0000000000000000E+000 
                                     757                  1.5472967702753007E+000                  1.2974558248157425E-001                  5.4283362839571119E+000                 -2.0861623979479038E+000                  1.1450218113207809E+001                  6.9337509282291987E-001                  2.8644764409588419E-001                  2.0177263081195940E-002                  2.3309009320635674E-019                  0.0000000000000000E+000                  0.0000000000000000E+000 
                                     758                  1.5472887167624363E+000                  1.2966376462915694E-001                  5.4303355239092328E+000                 -2.0830439732236976E+000                  1.1455398886166179E+001                  6.9337509846348766E-001                  2.8644763852052818E-001                  2.0177263015984215E-002                  2.5356802446709824E-019                  0.0000000000000000E+000                  0.0000000000000000E+000 
                                     759                  1.5472806632495721E+000                  1.2958248638831910E-001                  5.4332986844439803E+000                 -2.0784376142339096E+000                  1.1463061622090590E+001                  6.9337510679070435E-001                  2.8644763028958420E-001                  2.0177262919711447E-002                  2.8719934008530139E-019                  0.0000000000000000E+000                  0.0000000000000000E+000 
                                     760                  1.5472645562238436E+000                  1.2942151032712104E-001                  5.4371706091098480E+000                 -2.0724043289685303E+000                  1.1473087300316632E+001                  6.9337511755202019E-001                  2.8644761965268228E-001                  2.0177262795297524E-002                  3.3783151374601137E-019                  0.0000000000000000E+000                  0.0000000000000000E+000 
                                     761                  1.5472484491981149E+000                  1.2926257959930312E-001                  5.4409625535595181E+000                 -2.0664996254150263E+000                  1.1482900841688020E+001                  6.9337512797849499E-001                  2.8644760934675029E-001                  2.0177262674754726E-002                  3.9588033867242573E-019                  0.0000000000000000E+000                  0.0000000000000000E+000 
                                     762                  1.5472323421723859E+000                  1.2910562393303437E-001                  5.4446777818483207E+000                 -2.0607180439026487E+000                  1.1492511154213066E+001                  6.9337513811576956E-001                  2.8644759932667491E-001                  2.0177262557555586E-002                  4.6221789871515617E-019                  0.0000000000000000E+000                  0.0000000000000000E+000 
                                     763                  1.5472162351466574E+000                  1.2895057691363188E-001                  5.4483193663038669E+000                 -2.0550544690459245E+000                  1.1501926595012607E+001                  6.9337514796154032E-001                  2.8644758959473321E-001                  2.0177262443726418E-002                  5.3779428528535854E-019                  0.0000000000000000E+000                  0.0000000000000000E+000 
                                     764                  1.5472001281209289E+000                  1.2879737569501684E-001                  5.4518901971142304E+000                 -2.0495040979556456E+000                  1.1511155014868541E+001                  6.9337515752976187E-001                  2.8644758013713195E-001                  2.0177262333106238E-002                  6.2364231379100674E-019                  0.0000000000000000E+000                  0.0000000000000000E+000 
                                     765                  1.5471840210952001E+000                  1.2864596073943854E-001                  5.4555933509164660E+000                 -2.0437546683823373E+000                  1.1520717899865964E+001                  6.9337516736766514E-001                  2.8644757041296676E-001                  2.0177262219368108E-002                  7.2686772020427748E-019                  0.0000000000000000E+000                  0.0000000000000000E+000 
                                     766                  1.5471660636182452E+000                  1.2847918741444089E-001                  5.4594173841932259E+000                 -2.0378172688625380E+000                  1.1530592171880931E+001                  6.9337517742692045E-001                  2.8644756047000863E-001                  2.0177262103070914E-002                  8.5105804387889837E-019                  0.0000000000000000E+000                  0.0000000000000000E+000 
                                     767                  1.5471481061412902E+000                  1.2831449014671154E-001                  5.4631635692077074E+000                 -2.0320038938905904E+000                  1.1540261304513967E+001                  6.9337518718906055E-001                  2.8644755082073076E-001                  2.0177261990208750E-002                  9.9284335867372145E-019                  0.0000000000000000E+000                  0.0000000000000000E+000 
                                     768                  1.5471301486643354E+000                  1.2815179893163084E-001                  5.4668350454908659E+000                 -2.0263093788491333E+000                  1.1549733765084582E+001                  6.9337519666867742E-001                  2.8644754145070989E-001                  2.0177261880612640E-002                  1.1542186655163500E-018                  0.0000000000000000E+000                  0.0000000000000000E+000 
                                     769                  1.5471121911873802E+000                  1.2799104753598203E-001                  5.4722234939805023E+000                 -2.0180009768459741E+000                  1.1563586001045447E+001                  6.9337521048181538E-001                  2.8644752779726845E-001                  2.0177261720916162E-002                  1.4385222557254592E-018                  0.0000000000000000E+000                  0.0000000000000000E+000 
                                     770                  1.5470762762334707E+000                  1.2767511721805366E-001                  5.4774305088324438E+000                 -2.0098926643802191E+000                  1.1577048240295017E+001                  6.9337522354414460E-001                  2.8644751488595577E-001                  2.0177261569899629E-002                  1.7784967444709928E-018                  0.0000000000000000E+000                  0.0000000000000000E+000 
                                     771                  1.5470583187565159E+000                  1.2751982134985515E-001                  5.4808310380867704E+000                 -2.0046279300197574E+000                  1.1585808978909363E+001                  6.9337523202085249E-001                  2.8644750650724887E-001                  2.0177261471898689E-002                  2.0417602593258889E-018                  0.0000000000000000E+000                  0.0000000000000000E+000 
                                     772                  1.5470403612795607E+000                  1.2736623292248250E-001                  5.4841700373054358E+000                 -1.9994605252366784E+000                  1.1594408419775421E+001                  6.9337524027468511E-001                  2.8644749834884059E-001                  2.0177261376474354E-002                  2.3373597360989304E-018                  0.0000000000000000E+000                  0.0000000000000000E+000 
                                     773                  1.5470224038026059E+000                  1.2721430088221802E-001                  5.4874497217652252E+000                 -1.9943868540939600E+000                  1.1602852481594997E+001                  6.9337524831539810E-001                  2.8644749040108808E-001                  2.0177261283513825E-002                  2.6684725679039796E-018                  0.0000000000000000E+000                  0.0000000000000000E+000 
                                     774                  1.5470044463256509E+000                  1.2706397661908833E-001                  5.4906721886134555E+000                 -1.9894035167091950E+000                  1.1611146762301113E+001                  6.9337525615916928E-001                  2.8644748264800041E-001                  2.0177261192830365E-002                  3.0385116350634469E-018                  0.0000000000000000E+000                  0.0000000000000000E+000 
                                     775                  1.5469864888486959E+000                  1.2691521380768928E-001                  5.4938394285806211E+000                 -1.9845072990359862E+000                  1.1619296561849916E+001                  6.9337526379691206E-001                  2.8644747509855911E-001                  2.0177261104528776E-002                  3.4511374811647193E-018                  0.0000000000000000E+000                  0.0000000000000000E+000 
                                     776                  1.5469685313717410E+000                  1.2676796825972969E-001                  5.4985019437191767E+000                 -1.9773355677325339E+000                  1.1631257341359186E+001                  6.9337527495591222E-001                  2.8644746406857063E-001                  2.0177260975517086E-002                  4.1600942182358062E-018                  0.0000000000000000E+000                  0.0000000000000000E+000 
                                     777                  1.5469326164178310E+000                  1.2647786246081930E-001                  5.5030285740440448E+000                 -1.9703121379992197E+000                  1.1642927984013806E+001                  6.9337528560739348E-001                  2.8644745354023349E-001                  2.0177260852373036E-002                  4.9851709446505835E-018                  0.0000000000000000E+000                  0.0000000000000000E+000 
                                     778                  1.5469146589408762E+000                  1.2633492284591250E-001                  5.5059928567677252E+000                 -1.9657354615353475E+000                  1.1650547591531708E+001                  6.9337529254391506E-001                  2.8644744668390648E-001                  2.0177260772178407E-002                  5.6101335338016665E-018                  0.0000000000000000E+000                  0.0000000000000000E+000 
                                     779                  1.5468967014639214E+000                  1.2619334258399570E-001                  5.5103619407292070E+000                 -1.9590212418327240E+000                  1.1661746340255908E+001                  6.9337530270853975E-001                  2.8644743663679717E-001                  2.0177260654663076E-002                  6.6733060947632951E-018                  0.0000000000000000E+000                  0.0000000000000000E+000 
                                     780                  1.5468607865100115E+000                  1.2591412057933535E-001                  5.5160191637639331E+000                 -1.9502931894690543E+000                  1.1676278868412274E+001                  6.9337531565723121E-001                  2.8644742383780830E-001                  2.0177260504960493E-002                  8.3485446228854397E-018                  0.0000000000000000E+000                  0.0000000000000000E+000 
                                     781                  1.5468248715561017E+000                  1.2563993051787536E-001                  5.5201430802383546E+000                 -1.9439077995278142E+000                  1.1686893984364634E+001                  6.9337532495372400E-001                  2.8644741464879425E-001                  2.0177260397481689E-002                  9.8240288297253281E-018                  0.0000000000000000E+000                  0.0000000000000000E+000 
                                     782                  1.5468069140791467E+000                  1.2550464522522700E-001                  5.5228480322556237E+000                 -1.9397381223525385E+000                  1.1693837770183908E+001                  6.9337533102045745E-001                  2.8644740865219970E-001                  2.0177260327342905E-002                  1.0927357089865805E-017                  0.0000000000000000E+000                  0.0000000000000000E+000 
                                     783                  1.5467889566021917E+000                  1.2537052786014796E-001                  5.5268411422783092E+000                 -1.9336087453481645E+000                  1.1704061976483922E+001                  6.9337533992888445E-001                  2.8644739984676482E-001                  2.0177260224350735E-002                  1.2780905993415507E-017                  0.0000000000000000E+000                  0.0000000000000000E+000 
                                     784                  1.5467530416482820E+000                  1.2510568758975499E-001                  5.5320248826819931E+000                 -1.9256228409971952E+000                  1.1717361883943505E+001                  6.9337535132214911E-001                  2.8644738858522018E-001                  2.0177260092630656E-002                  1.5654316502994732E-017                  0.0000000000000000E+000                  0.0000000000000000E+000 
                                     785                  1.5467171266943722E+000                  1.2484520055548215E-001                  5.5358128697486180E+000                 -1.9197676446718772E+000                  1.1727099016909339E+001                  6.9337535953169904E-001                  2.8644738047058266E-001                  2.0177259997718355E-002                  1.8146955413619786E-017                  0.0000000000000000E+000                  0.0000000000000000E+000 
                                     786                  1.5466991692174175E+000                  1.2471652836263324E-001                  5.5383008550302133E+000                 -1.9159374969858483E+000                  1.1733478658669915E+001                  6.9337536489843743E-001                  2.8644737516589036E-001                  2.0177259935672209E-002                  1.9991206814662871E-017                  0.0000000000000000E+000                  0.0000000000000000E+000 
                                     787                  1.5466812117404622E+000                  1.2458887300513297E-001                  5.5419785062849458E+000                 -1.9102978245619111E+000                  1.1742886603249719E+001                  6.9337537279261063E-001                  2.8644736736298326E-001                  2.0177259844406104E-002                  2.3057515278896189E-017                  0.0000000000000000E+000                  0.0000000000000000E+000 
                                     788                  1.5466452967865525E+000                  1.2433652531539154E-001                  5.5467630933743006E+000                 -1.9029359951443552E+000                  1.1755149454479184E+001                  6.9337538292220735E-001                  2.8644735735049709E-001                  2.0177259727295560E-002                  2.7747125111072060E-017                  0.0000000000000000E+000                  0.0000000000000000E+000 
                                     789                  1.5466093818326425E+000                  1.2408798958662540E-001                  5.5516113092517108E+000                 -1.8954831812083794E+000                  1.1767567315437997E+001                  6.9337539306725715E-001                  2.8644734732273641E-001                  2.0177259610006493E-002                  3.3450422191799555E-017                  0.0000000000000000E+000                  0.0000000000000000E+000 
                                     790                  1.5465706317456143E+000                  1.2382392979775340E-001                  5.5565127763793996E+000                 -1.8879472177857148E+000                  1.1780121575865435E+001                  6.9337540319394908E-001                  2.8644733731312133E-001                  2.0177259492929589E-002                  4.0382085255466715E-017                  0.0000000000000000E+000                  0.0000000000000000E+000 
                                     791                  1.5465318816585860E+000                  1.2356394234979835E-001                  5.5601000167274082E+000                 -1.8824142302315074E+000                  1.1789326261997262E+001                  6.9337541050704532E-001                  2.8644733008457329E-001                  2.0177259408381332E-002                  4.6331973900688926E-017                  0.0000000000000000E+000                  0.0000000000000000E+000 
                                     792                  1.5465125066150720E+000                  1.2343542190980698E-001                  5.5624581633976833E+000                 -1.8787908831153468E+000                  1.1795363109861796E+001                  6.9337541529284485E-001                  2.8644732535410344E-001                  2.0177259353051702E-002                  5.0701615505471156E-017                  0.0000000000000000E+000                  0.0000000000000000E+000 
                                     793                  1.5464931315715580E+000                  1.2330785648324752E-001                  5.5659467840900385E+000                 -1.8734501055011683E+000                  1.1804274146857848E+001                  6.9337542233993343E-001                  2.8644731838848780E-001                  2.0177259271578762E-002                  5.7914033284220051E-017                  0.0000000000000000E+000                  0.0000000000000000E+000 
                                     794                  1.5464543814845295E+000                  1.2305551303926240E-001                  5.5704917286526836E+000                 -1.8664699021578968E+000                  1.1815904408018289E+001                  6.9337543140097302E-001                  2.8644730943220487E-001                  2.0177259166822115E-002                  6.8839871784979161E-017                  0.0000000000000000E+000                  0.0000000000000000E+000 
                                     795                  1.5464156313975013E+000                  1.2280676282430289E-001                  5.5749293179798496E+000                 -1.8596568717950095E+000                  1.1827256683723055E+001                  6.9337544014821517E-001                  2.8644730078609149E-001                  2.0177259065693343E-002                  8.1448481851313896E-017                  0.0000000000000000E+000                  0.0000000000000000E+000 
                                     796                  1.5463768813104730E+000                  1.2256146623704504E-001                  5.5781848404193184E+000                 -1.8546440931230121E+000                  1.1835598738163018E+001                  6.9337544648777594E-001                  2.8644729451982376E-001                  2.0177258992400304E-002                  9.2116000412870161E-017                  0.0000000000000000E+000                  0.0000000000000000E+000 
                                     797                  1.5463575062669590E+000                  1.2244007179384327E-001                  5.5803277953833028E+000                 -1.8513557902673012E+000                  1.1841078413498511E+001                  6.9337545064363870E-001                  2.8644729041200778E-001                  2.0177258944353516E-002                  9.9871032463272949E-017                  0.0000000000000000E+000                  0.0000000000000000E+000 
                                     798                  1.5463381312234450E+000                  1.2231949229744679E-001                  5.5835021961535549E+000                 -1.8465008892766879E+000                  1.1849179239379577E+001                  6.9337545677365653E-001                  2.8644728435286038E-001                  2.0177258873483095E-002                  1.1254436161013224E-016                  0.0000000000000000E+000                  0.0000000000000000E+000 
                                     799                  1.5462993811364165E+000                  1.2208071801183644E-001                  5.5876467124157303E+000                 -1.8401437878161746E+000                  1.1859773248893895E+001                  6.9337546468167977E-001                  2.8644727653626362E-001                  2.0177258782056562E-002                  1.3149340123689657E-016                  0.0000000000000000E+000                  0.0000000000000000E+000 
                                     800                  1.5462606310493883E+000                  1.2184502747184978E-001                  5.5917021312795354E+000                 -1.8339251576750268E+000                  1.1870136925612998E+001                  6.9337547233975150E-001                  2.8644726896672851E-001                  2.0177258693520050E-002                  1.5305005732010193E-016                  0.0000000000000000E+000                  0.0000000000000000E+000 
                                     801                  1.5462218809623600E+000                  1.2161231153149565E-001                  5.5956722835725499E+000                 -1.8278389810652134E+000                  1.1880280260519051E+001                  6.9337547976094727E-001                  2.8644726163133072E-001                  2.0177258607722015E-002                  1.7749571398401249E-016                  0.0000000000000000E+000                  0.0000000000000000E+000 
                                     802                  1.5461831308753318E+000                  1.2138246720018886E-001                  5.5995607562366958E+000                 -1.8218796245220883E+000                  1.1890212606159201E+001                  6.9337548695739903E-001                  2.8644725451807868E-001                  2.0177258524522346E-002                  2.0513397445413770E-016                  0.0000000000000000E+000                  0.0000000000000000E+000 
                                     803                  1.5461443807883033E+000                  1.2115539717233657E-001                  5.6033709126767874E+000                 -1.8160418069314646E+000                  1.1899942729979184E+001                  6.9337549394038478E-001                  2.8644724761582480E-001                  2.0177258443790480E-002                  2.3629177741995040E-016                  0.0000000000000000E+000                  0.0000000000000000E+000 
                                     804                  1.5461056307012753E+000                  1.2093100940188251E-001                  5.6071059110445045E+000                 -1.8103205710994543E+000                  1.1909478862197563E+001                  6.9337550072040210E-001                  2.8644724091419260E-001                  2.0177258365405293E-002                  2.7132053638865733E-016                  0.0000000000000000E+000                  0.0000000000000000E+000 
                                     805                  1.5460668806142468E+000                  1.2070921671649643E-001                  5.6125886040724602E+000                 -1.8019696030796721E+000                  1.1923429260167516E+001                  6.9337551059844205E-001                  2.8644723115035481E-001                  2.0177258251203201E-002                  3.3209761251561323E-016                  0.0000000000000000E+000                  0.0000000000000000E+000 
                                     806                  1.5459893804401903E+000                  1.2027308968573683E-001                  5.6178893881575123E+000                 -1.7938118174877657E+000                  1.1936998346303964E+001                  6.9337551993722546E-001                  2.8644722191953914E-001                  2.0177258143235344E-002                  4.0354558165537750E-016                  0.0000000000000000E+000                  0.0000000000000000E+000 
                                     807                  1.5459506303531623E+000                  1.2005860254035869E-001                  5.6204887627710116E+000                 -1.7898234412546921E+000                  1.1943639992440650E+001                  6.9337552448244166E-001                  2.8644721742687113E-001                  2.0177258090687156E-002                  4.4387507905983683E-016                  0.0000000000000000E+000                  0.0000000000000000E+000 
                                     808                  1.5459312553096480E+000                  1.1995222150089768E-001                  5.6222043260936374E+000                 -1.7871982942369522E+000                  1.1948016201112198E+001                  6.9337552747226994E-001                  2.8644721447160892E-001                  2.0177258056121139E-002                  4.7262144711292470E-016                  0.0000000000000000E+000                  0.0000000000000000E+000 
                                     809                  1.5459118802661338E+000                  1.1984640402927432E-001                  5.6247521742933859E+000                 -1.7833098349039176E+000                  1.1954505119951611E+001                  6.9337553189745404E-001                  2.8644721009758534E-001                  2.0177258004960619E-002                  5.1869786202838968E-016                  0.0000000000000000E+000                  0.0000000000000000E+000 
                                     810                  1.5458731301791055E+000                  1.1963642661632187E-001                  5.6280929352615416E+000                 -1.7781991394855003E+000                  1.1963024986361630E+001                  6.9337553764413251E-001                  2.8644720441734539E-001                  2.0177257938522097E-002                  5.8585279262053778E-016                  0.0000000000000000E+000                  0.0000000000000000E+000 
                                     811                  1.5458343800920773E+000                  1.1942860602174070E-001                  5.6330084163747998E+000                 -1.7707172456083473E+000                  1.1975522616590579E+001                  6.9337554604307694E-001                  2.8644719611550296E-001                  2.0177257841420104E-002                  7.0034926629346324E-016                  0.0000000000000000E+000                  0.0000000000000000E+000 
                                     812                  1.5457568799180208E+000                  1.1901919226730183E-001                  5.6377779200312874E+000                 -1.7633895515166014E+000                  1.1987715295028408E+001                  6.9337555403029005E-001                  2.8644718822063187E-001                  2.0177257749078081E-002                  8.3242640876021561E-016                  0.0000000000000000E+000                  0.0000000000000000E+000 
                                     813                  1.5457181298309925E+000                  1.1881748500715840E-001                  5.6408998438815372E+000                 -1.7586169772946285E+000                  1.1995672073429279E+001                  6.9337555922718097E-001                  2.8644718308382328E-001                  2.0177257688995809E-002                  9.3173794157247885E-016                  0.0000000000000000E+000                  0.0000000000000000E+000 
                                     814                  1.5456793797439643E+000                  1.1861770538517806E-001                  5.6439715548679992E+000                 -1.7539219011221552E+000                  1.2003499760521009E+001                  6.9337556430044434E-001                  2.8644717806921294E-001                  2.0177257630342726E-002                  1.0407490555163096E-015                  0.0000000000000000E+000                  0.0000000000000000E+000 
                                     815                  1.5456406296569358E+000                  1.1841980226765172E-001                  5.6469946760396263E+000                 -1.7493017870963292E+000                  1.2011202569346329E+001                  6.9337556925498667E-001                  2.8644717317195112E-001                  2.0177257573062213E-002                  1.1602015143783765E-015                  0.0000000000000000E+000                  0.0000000000000000E+000 
                                     816                  1.5456018795699078E+000                  1.1822372669582508E-001                  5.6514511767061180E+000                 -1.7425219643223422E+000                  1.2022526412790254E+001                  6.9337557651463577E-001                  2.8644716599623243E-001                  2.0177257489131795E-002                  1.3610518618986385E-015                  0.0000000000000000E+000                  0.0000000000000000E+000 
                                     817                  1.5455243793958513E+000                  1.1783687192007682E-001                  5.6572239086226830E+000                 -1.7337024541054908E+000                  1.2037230425397663E+001                  6.9337558576123448E-001                  2.8644715685653566E-001                  2.0177257382229863E-002                  1.6726423328301427E-015                  0.0000000000000000E+000                  0.0000000000000000E+000 
                                     818                  1.5454468792217948E+000                  1.1745678855356372E-001                  5.6614336535176699E+000                 -1.7272457908173040E+000                  1.2047977244330431E+001                  6.9337559239888424E-001                  2.8644715029562517E-001                  2.0177257305490581E-002                  1.9430426017152511E-015                  0.0000000000000000E+000                  0.0000000000000000E+000 
                                     819                  1.5454081291347666E+000                  1.1726918380291119E-001                  5.6641952849710551E+000                 -1.7230285636244214E+000                  1.2055008702552756E+001                  6.9337559673022608E-001                  2.8644714601435889E-001                  2.0177257255415082E-002                  2.1431305327896749E-015                  0.0000000000000000E+000                  0.0000000000000000E+000 
                                     820                  1.5453693790477383E+000                  1.1708315205794848E-001                  5.6671201659907275E+000                 -1.7185652218864269E+000                  1.2062452359179090E+001                  6.9337560128684961E-001                  2.8644714151041556E-001                  2.0177257202734777E-002                  2.3770342488853754E-015                  0.0000000000000000E+000                  0.0000000000000000E+000 
                                     821                  1.5453248476420285E+000                  1.1687126017663914E-001                  5.6701986931839921E+000                 -1.7138651099565594E+000                  1.2070288975254334E+001                  6.9337560604410131E-001                  2.8644713680816331E-001                  2.0177257147735439E-002                  2.6502407928790900E-015                  0.0000000000000000E+000                  0.0000000000000000E+000 
                                     822                  1.5452803162363191E+000                  1.1666134351138432E-001                  5.6732287071240544E+000                 -1.7092395974876538E+000                  1.2078001231863251E+001                  6.9337561069035258E-001                  2.8644713221562851E-001                  2.0177257094018852E-002                  2.9490876477851346E-015                  0.0000000000000000E+000                  0.0000000000000000E+000 
                                     823                  1.5452357848306095E+000                  1.1645335072598928E-001                  5.6762117465262714E+000                 -1.7046862933520079E+000                  1.2085593106673953E+001                  6.9337561522993585E-001                  2.8644712772852826E-001                  2.0177257041535945E-002                  3.2754510779960336E-015                  0.0000000000000000E+000                  0.0000000000000000E+000 
                                     824                  1.5451912534248997E+000                  1.1624723262441175E-001                  5.6806106249979837E+000                 -1.6980015897595246E+000                  1.2096758326441822E+001                  6.9337562188457424E-001                  2.8644712115082560E-001                  2.0177256964600154E-002                  3.8219091904520748E-015                  0.0000000000000000E+000                  0.0000000000000000E+000 
                                     825                  1.5451021906134808E+000                  1.1584043285650582E-001                  5.6863119782202878E+000                 -1.6893007785375129E+000                  1.2111264873977746E+001                  6.9337563036795091E-001                  2.8644711276552715E-001                  2.0177256866521942E-002                  4.6650096778901518E-015                  0.0000000000000000E+000                  0.0000000000000000E+000 
                                     826                  1.5450131278020620E+000                  1.1544058952741018E-001                  5.6904719268619539E+000                 -1.6829274672549221E+000                  1.2121873314997272E+001                  6.9337563646254530E-001                  2.8644710674139351E-001                  2.0177256796061194E-002                  5.3928780584382161E-015                  0.0000000000000000E+000                  0.0000000000000000E+000 
                                     827                  1.5449685963963522E+000                  1.1524317343957501E-001                  5.6932016792304800E+000                 -1.6787630988717530E+000                  1.2128816643938727E+001                  6.9337564044104127E-001                  2.8644710280889391E-001                  2.0177256750064876E-002                  5.9295168651745820E-015                  0.0000000000000000E+000                  0.0000000000000000E+000 
                                     828                  1.5449240649906426E+000                  1.1504737555539764E-001                  5.6958934323256090E+000                 -1.6746570230700455E+000                  1.2135662753160560E+001                  6.9337564433747700E-001                  2.8644709895750559E-001                  2.0177256705017355E-002                  6.5097580308976171E-015                  0.0000000000000000E+000                  0.0000000000000000E+000 
                                     829                  1.5448795335849332E+000                  1.1485315868962889E-001                  5.6985482547653143E+000                 -1.6706075871465491E+000                  1.2142414395377353E+001                  6.9337564815470043E-001                  2.8644709518441397E-001                  2.0177256660885545E-002                  7.1363605025944126E-015                  0.0000000000000000E+000                  0.0000000000000000E+000 
                                     830                  1.5448350021792234E+000                  1.1466048702983891E-001                  5.7024707295539176E+000                 -1.6646480867727567E+000                  1.2152366203488425E+001                  6.9337565376521026E-001                  2.8644708963876853E-001                  2.0177256596021209E-002                  8.1711358289013870E-015                  0.0000000000000000E+000                  0.0000000000000000E+000 
                                     831                  1.5447459393678045E+000                  1.1427964180371661E-001                  5.7075707904837065E+000                 -1.6568698904776304E+000                  1.2165334189779921E+001                  6.9337566095376468E-001                  2.8644708253332241E-001                  2.0177256512912911E-002                  9.7392289656795773E-015                  0.0000000000000000E+000                  0.0000000000000000E+000 
                                     832                  1.5446568765563853E+000                  1.1390457883584292E-001                  5.7125402751901078E+000                 -1.6492918200306308E+000                  1.2177968382145016E+001                  6.9337566787051497E-001                  2.8644707569653821E-001                  2.0177256432946766E-002                  1.1549006340228810E-014                  0.0000000000000000E+000                  0.0000000000000000E+000 
                                     833                  1.5445678137449665E+000                  1.1353505453846670E-001                  5.7161795289143820E+000                 -1.6437230417444733E+000                  1.2187239164492693E+001                  6.9337567286790380E-001                  2.8644707075692538E-001                  2.0177256375170760E-002                  1.3079853834887500E-014                  0.0000000000000000E+000                  0.0000000000000000E+000 
                                     834                  1.5445232823392570E+000                  1.1335229807890052E-001                  5.7185725080239065E+000                 -1.6400748425199332E+000                  1.2193321519410448E+001                  6.9337567613905471E-001                  2.8644706752359278E-001                  2.0177256337352567E-002                  1.4192459311892471E-014                  0.0000000000000000E+000                  0.0000000000000000E+000 
                                     835                  1.5444787509335471E+000                  1.1317084227836022E-001                  5.7221135862085903E+000                 -1.6346954005311052E+000                  1.2202302841900082E+001                  6.9337568095712032E-001                  2.8644706276122989E-001                  2.0177256281649791E-002                  1.6009994957750415E-014                  0.0000000000000000E+000                  0.0000000000000000E+000 
                                     836                  1.5443896881221282E+000                  1.1281172840684911E-001                  5.7267294902425592E+000                 -1.6276589001240103E+000                  1.2214033676094324E+001                  6.9337568715547537E-001                  2.8644705663453540E-001                  2.0177256209989225E-002                  1.8725540448519074E-014                  0.0000000000000000E+000                  0.0000000000000000E+000 
                                     837                  1.5443006253107094E+000                  1.1245751444516093E-001                  5.7312387374909610E+000                 -1.6207856775820264E+000                  1.2225492146829062E+001                  6.9337569314228276E-001                  2.8644705071694276E-001                  2.0177256140774480E-002                  2.1811551119613391E-014                  0.0000000000000000E+000                  0.0000000000000000E+000 
                                     838                  1.5442115624992903E+000                  1.1210801376310214E-001                  5.7356462786296865E+000                 -1.6140681225202829E+000                  1.2236690948248217E+001                  6.9337569892964646E-001                  2.8644704499648804E-001                  2.0177256073865557E-002                  2.5306741508560073E-014                  0.0000000000000000E+000                  0.0000000000000000E+000 
                                     839                  1.5441224996878713E+000                  1.1176305103767684E-001                  5.7399567269972875E+000                 -1.6074991483257963E+000                  1.2247641903246171E+001                  6.9337570452872477E-001                  2.8644703946214189E-001                  2.0177256009133337E-002                  2.9252673826423735E-014                  0.0000000000000000E+000                  0.0000000000000000E+000 
                                     840                  1.5440334368764521E+000                  1.1142246132402785E-001                  5.7441743885572611E+000                 -1.6010721448465557E+000                  1.2258356041557599E+001                  6.9337570994982212E-001                  2.8644703410371897E-001                  2.0177255946458916E-002                  3.3693880680807454E-014                  0.0000000000000000E+000                  0.0000000000000000E+000 
                                     841                  1.5439443740650334E+000                  1.1108608922202129E-001                  5.7483032884986640E+000                 -1.5947809358689327E+000                  1.2268843669282040E+001                  6.9337571520247199E-001                  2.8644702891179619E-001                  2.0177255885731826E-002                  3.8677989182598115E-014                  0.0000000000000000E+000                  0.0000000000000000E+000 
                                     842                  1.5438553112536144E+000                  1.1075378812706003E-001                  5.7523471950165534E+000                 -1.5886197421485926E+000                  1.2279114430946843E+001                  6.9337572029550876E-001                  2.8644702387764115E-001                  2.0177255826850038E-002                  4.4255846308490660E-014                  0.0000000000000000E+000                  0.0000000000000000E+000 
                                     843                  1.5437662484421952E+000                  1.1042541955428319E-001                  5.7563096407251377E+000                 -1.5825831481308092E+000                  1.2289177365049913E+001                  6.9337572523713342E-001                  2.8644701899314767E-001                  2.0177255769718849E-002                  5.0481645689868912E-014                  0.0000000000000000E+000                  0.0000000000000000E+000 
                                     844                  1.5436771856307763E+000                  1.1010085252771104E-001                  5.7592261185581046E+000                 -1.5781276402567781E+000                  1.2296595978887767E+001                  6.9337572883584297E-001                  2.8644701543604362E-001                  2.0177255728113463E-002                  5.5605256920543826E-014                  0.0000000000000000E+000                  0.0000000000000000E+000 
                                     845                  1.5436326542250669E+000                  1.0993995582002203E-001                  5.7611493137752197E+000                 -1.5751982233456503E+000                  1.2301479292242821E+001                  6.9337573120048379E-001                  2.8644701309874077E-001                  2.0177255700775443E-002                  5.9257455929076036E-014                  0.0000000000000000E+000                  0.0000000000000000E+000 
                                     846                  1.5435881228193571E+000                  1.0977996352272877E-001                  5.7640031319804859E+000                 -1.5708636362887693E+000                  1.2308713183196843E+001                  6.9337573469666292E-001                  2.8644700964298181E-001                  2.0177255660355220E-002                  6.5111204431486137E-014                  0.0000000000000000E+000                  0.0000000000000000E+000 
                                     847                  1.5434990600079381E+000                  1.0946263405680548E-001                  5.7677403121374917E+000                 -1.5651715524835630E+000                  1.2318201522816887E+001                  6.9337573922775519E-001                  2.8644700516427446E-001                  2.0177255607970346E-002                  7.3641369272470943E-014                  0.0000000000000000E+000                  0.0000000000000000E+000 
                                     848                  1.5434099971965189E+000                  1.0914875297938961E-001                  5.7714081628640814E+000                 -1.5595854852230782E+000                  1.2327513053292648E+001                  6.9337574363495835E-001                  2.8644700080802399E-001                  2.0177255557017659E-002                  8.3072295439133651E-014                  0.0000000000000000E+000                  0.0000000000000000E+000 
                                     849                  1.5433209343851002E+000                  1.0883821430208869E-001                  5.7750092915795985E+000                 -1.5541014421102335E+000                  1.2336654438402643E+001                  6.9337574792405166E-001                  2.8644699656851780E-001                  2.0177255507430547E-002                  9.3476854193250608E-014                  0.0000000000000000E+000                  0.0000000000000000E+000 
                                     850                  1.5432318715736810E+000                  1.0853091723796594E-001                  5.7785461606137698E+000                 -1.5487156533359865E+000                  1.2345631970297269E+001                  6.9337575210044577E-001                  2.8644699244040783E-001                  2.0177255459146393E-002                  1.0493204900190763E-013                  0.0000000000000000E+000                  0.0000000000000000E+000 
                                     851                  1.5431428087622621E+000                  1.0822676585421613E-001                  5.7820210977816897E+000                 -1.5434245553816290E+000                  1.2354451596682832E+001                  6.9337575616921276E-001                  2.8644698841868071E-001                  2.0177255412106465E-002                  1.1751915029204232E-013                  0.0000000000000000E+000                  0.0000000000000000E+000 
                                     852                  1.5430537459508431E+000                  1.0792566875396799E-001                  5.7854363059262166E+000                 -1.5382247760983132E+000                  1.2363118945562013E+001                  6.9337576013511248E-001                  2.8644698449863165E-001                  2.0177255366255809E-002                  1.3132383087040117E-013                  0.0000000000000000E+000                  0.0000000000000000E+000 
                                     853                  1.5429646831394239E+000                  1.0762753878432609E-001                  5.7887938715687790E+000                 -1.5331131210548223E+000                  1.2371639347789994E+001                  6.9337576400261747E-001                  2.8644698067583985E-001                  2.0177255321542686E-002                  1.4643630195887036E-013                  0.0000000000000000E+000                  0.0000000000000000E+000 
                                     854                  1.5428756203280052E+000                  1.0733229276815524E-001                  5.7937373573004818E+000                 -1.5256238386767909E+000                  1.2384147266959502E+001                  6.9337576966197412E-001                  2.8644697508191208E-001                  2.0177255256113802E-002                  1.7181186216482392E-013                  0.0000000000000000E+000                  0.0000000000000000E+000 
                                     855                  1.5426974947051670E+000                  1.0675013506590667E-001                  5.7985403880446196E+000                 -1.5182778494157518E+000                  1.2396368073601090E+001                  6.9337577505623582E-001                  2.8644696975001466E-001                  2.0177255193749577E-002                  2.0059554288829298E-013                  0.0000000000000000E+000                  0.0000000000000000E+000 
                                     856                  1.5426084318937479E+000                  1.0646307769234599E-001                  5.8016861902697157E+000                 -1.5134898899578995E+000                  1.2404348741712599E+001                  6.9337577856980248E-001                  2.8644696627706911E-001                  2.0177255153128404E-002                  2.2193708510432619E-013                  0.0000000000000000E+000                  0.0000000000000000E+000 
                                     857                  1.5425193690823291E+000                  1.0617860666488332E-001                  5.8049550369160281E+000                 -1.5085174981497915E+000                  1.2412638479487899E+001                  6.9337578219482687E-001                  2.8644696269395437E-001                  2.0177255111218706E-002                  2.4646093052249594E-013                  0.0000000000000000E+000                  0.0000000000000000E+000 
                                     858                  1.5424203916460446E+000                  1.0586542096772664E-001                  5.8083387790270899E+000                 -1.5033680400650800E+000                  1.2421221579160031E+001                  6.9337578591667726E-001                  2.8644695901513306E-001                  2.0177255068189681E-002                  2.7463520081069227E-013                  0.0000000000000000E+000                  0.0000000000000000E+000 
                                     859                  1.5423214142097599E+000                  1.0555525975649328E-001                  5.8116663764941867E+000                 -1.4983043712920523E+000                  1.2429661640137533E+001                  6.9337578954832102E-001                  2.8644695542547544E-001                  2.0177255026203600E-002                  3.0540265576554945E-013                  0.0000000000000000E+000                  0.0000000000000000E+000 
                                     860                  1.5422224367734751E+000                  1.0524803947055125E-001                  5.8149397250718744E+000                 -1.4933235848396946E+000                  1.2437963508661825E+001                  6.9337579309357955E-001                  2.8644695192120462E-001                  2.0177254985215831E-002                  3.3894557179653154E-013                  0.0000000000000000E+000                  0.0000000000000000E+000 
                                     861                  1.5421234593371909E+000                  1.0494368024289093E-001                  5.8197621610381827E+000                 -1.4860206416607655E+000                  1.2450159028661393E+001                  6.9337579828686291E-001                  2.8644694678796173E-001                  2.0177254925175303E-002                  3.9498043578332623E-013                  0.0000000000000000E+000                  0.0000000000000000E+000 
                                     862                  1.5419255044646216E+000                  1.0434323902773883E-001                  5.8244521929507531E+000                 -1.4788520116749593E+000                  1.2462084795565664E+001                  6.9337580324677350E-001                  2.8644694188539382E-001                  2.0177254867832728E-002                  4.5818893669810432E-013                  0.0000000000000000E+000                  0.0000000000000000E+000 
                                     863                  1.5418265270283369E+000                  1.0404701717107133E-001                  5.8275256872596959E+000                 -1.4741764578499215E+000                  1.2469877721319532E+001                  6.9337580648048092E-001                  2.8644693868907206E-001                  2.0177254830447078E-002                  5.0483863086416570E-013                  0.0000000000000000E+000                  0.0000000000000000E+000 
                                     864                  1.5417275495920522E+000                  1.0375336964167370E-001                  5.8305530990362326E+000                 -1.4695712562204044E+000                  1.2477553335778465E+001                  6.9337580964391132E-001                  2.8644693556221468E-001                  2.0177254793874000E-002                  5.5531365889942918E-013                  0.0000000000000000E+000                  0.0000000000000000E+000 
                                     865                  1.5416285721557679E+000                  1.0346223202085406E-001                  5.8335358367904924E+000                 -1.4650342446809905E+000                  1.2485115240951989E+001                  6.9337581273978133E-001                  2.8644693250213665E-001                  2.0177254758082075E-002                  6.0985339786675302E-013                  0.0000000000000000E+000                  0.0000000000000000E+000 
                                     866                  1.5415295947194831E+000                  1.0317354247383999E-001                  5.8379375212407618E+000                 -1.4583679511589134E+000                  1.2496245287625857E+001                  6.9337581728586339E-001                  2.8644692800861288E-001                  2.0177254705523673E-002                  6.9997052215994998E-013                  0.0000000000000000E+000                  0.0000000000000000E+000 
                                     867                  1.5413316398469139E+000                  1.0260326922899260E-001                  5.8436506679184710E+000                 -1.4496780788701151E+000                  1.2510727885803773E+001                  6.9337582310119894E-001                  2.8644692226050977E-001                  2.0177254638291231E-002                  8.3661291501563352E-013                  0.0000000000000000E+000                  0.0000000000000000E+000 
                                     868                  1.5411336849743447E+000                  1.0204210459877495E-001                  5.8478249259618114E+000                 -1.4433035598500601E+000                  1.2521334127827281E+001                  6.9337582729215519E-001                  2.8644691811800599E-001                  2.0177254589838878E-002                  9.5265315640524842E-013                  0.0000000000000000E+000                  0.0000000000000000E+000 
                                     869                  1.5410347075380599E+000                  1.0176480855606682E-001                  5.8505658559705624E+000                 -1.4391354084639503E+000                  1.2528280870880334E+001                  6.9337583003229852E-001                  2.8644691540954198E-001                  2.0177254558159552E-002                  1.0372077667638266E-012                  0.0000000000000000E+000                  0.0000000000000000E+000 
                                     870                  1.5409357301017756E+000                  1.0148963656677239E-001                  5.8539438756855278E+000                 -1.4340087751496038E+000                  1.2536831790522752E+001                  6.9337583339237052E-001                  2.8644691208831663E-001                  2.0177254519312848E-002                  1.1515175946542386E-012                  0.0000000000000000E+000                  0.0000000000000000E+000 
                                     871                  1.5407872639473483E+000                  1.0108075752817211E-001                  5.8579214898852117E+000                 -1.4279602395486368E+000                  1.2546911997395727E+001                  6.9337583731231589E-001                  2.8644690821369045E-001                  2.0177254473993655E-002                  1.3019859281622281E-012                  0.0000000000000000E+000                  0.0000000000000000E+000 
                                     872                  1.5406387977929217E+000                  1.0067639940685855E-001                  5.8637607899807405E+000                 -1.4191314044667356E+000                  1.2561659260733869E+001                  6.9337584303239186E-001                  2.8644690255974559E-001                  2.0177254407862555E-002                  1.5580408289302432E-012                  0.0000000000000000E+000                  0.0000000000000000E+000 
                                     873                  1.5403418654840677E+000                  9.9880666971527560E-002                  5.8694103533728530E+000                 -1.4104926857704441E+000                  1.2576022632736255E+001                  6.9337584845659095E-001                  2.8644689719825683E-001                  2.0177254345152162E-002                  1.8527087975076287E-012                  0.0000000000000000E+000                  0.0000000000000000E+000 
                                     874                  1.5401933993296408E+000                  9.9489033493286166E-002                  5.8721811852179160E+000                 -1.4062683632809265E+000                  1.2583054465476119E+001                  6.9337585110020117E-001                  2.8644689458521000E-001                  2.0177254314588833E-002                  2.0164115732020163E-012                  0.0000000000000000E+000                  0.0000000000000000E+000 
                                     875                  1.5401191662524272E+000                  9.9294719304904758E-002                  5.8740099930233720E+000                 -1.4034879093173798E+000                  1.2587687906555177E+001                  6.9337585284056458E-001                  2.8644689286496722E-001                  2.0177254294468261E-002                  2.1320713688633330E-012                  0.0000000000000000E+000                  0.0000000000000000E+000 
                                     876                  1.5400449331752137E+000                  9.9101386509798078E-002                  5.8767261560015074E+000                 -1.3993693674795096E+000                  1.2594558477469205E+001                  6.9337585541880076E-001                  2.8644689031653864E-001                  2.0177254264660549E-002                  2.3158350144989869E-012                  0.0000000000000000E+000                  0.0000000000000000E+000 
                                     877                  1.5398964670207869E+000                  9.8717606315664758E-002                  5.8802111181255965E+000                 -1.3940696888590682E+000                  1.2603388790568513E+001                  6.9337585869896978E-001                  2.8644688707429233E-001                  2.0177254226737884E-002                  2.5744840077436485E-012                  0.0000000000000000E+000                  0.0000000000000000E+000 
                                     878                  1.5397544893567228E+000                  9.8354113049509306E-002                  5.8852284551649809E+000                 -1.3864787682006663E+000                  1.2616062657874146E+001                  6.9337586339625590E-001                  2.8644688243131244E-001                  2.0177254172431658E-002                  2.9967528395698536E-012                  0.0000000000000000E+000                  0.0000000000000000E+000 
                                     879                  1.5394705340285952E+000                  9.7637052307910199E-002                  5.8900363701935383E+000                 -1.3791320724753513E+000                  1.2628279103037531E+001                  6.9337586781483607E-001                  2.8644687806381658E-001                  2.0177254121347410E-002                  3.4650621619877723E-012                  0.0000000000000000E+000                  0.0000000000000000E+000 
                                     880                  1.5393346985779546E+000                  9.7298554360937567E-002                  5.8930957806335602E+000                 -1.3744808644922153E+000                  1.2636029003633690E+001                  6.9337587061310924E-001                  2.8644687529789475E-001                  2.0177254088995955E-002                  3.7992781430908722E-012                  0.0000000000000000E+000                  0.0000000000000000E+000 
                                     881                  1.5391988631273141E+000                  9.6962881609272453E-002                  5.8974793972913782E+000                 -1.3678432531118183E+000                  1.2647106386694283E+001                  6.9337587460245120E-001                  2.8644687135467445E-001                  2.0177254042874404E-002                  4.3333176058192845E-012                  0.0000000000000000E+000                  0.0000000000000000E+000 
                                     882                  1.5389390592532779E+000                  9.6328477719878278E-002                  5.9016938386823421E+000                 -1.3614092939014482E+000                  1.2657808022903930E+001                  6.9337587837855819E-001                  2.8644686762222377E-001                  2.0177253999217992E-002                  4.9161006437571051E-012                  0.0000000000000000E+000                  0.0000000000000000E+000 
                                     883                  1.5388091573162599E+000                  9.6014915237339474E-002                  5.9044015875257037E+000                 -1.3572921237469622E+000                  1.2664667083320236E+001                  6.9337588079369528E-001                  2.8644686523500862E-001                  2.0177253971296105E-002                  5.3299809494098135E-012                  0.0000000000000000E+000                  0.0000000000000000E+000 
                                     884                  1.5386848990136059E+000                  9.5717177644821447E-002                  5.9074498953061507E+000                 -1.3526639036043631E+000                  1.2672381923823998E+001                  6.9337588349857404E-001                  2.8644686256140167E-001                  2.0177253940024231E-002                  5.8365699018412208E-012                  0.0000000000000000E+000                  0.0000000000000000E+000 
                                     885                  1.5385192212767342E+000                  9.5323463235522252E-002                  5.9108032840976632E+000                 -1.3475647988476316E+000                  1.2680876298485437E+001                  6.9337588645007164E-001                  2.8644685964402689E-001                  2.0177253905901527E-002                  6.4482961041650366E-012                  0.0000000000000000E+000                  0.0000000000000000E+000 
                                     886                  1.5383607950142288E+000                  9.4950388856468643E-002                  5.9140306054243359E+000                 -1.3426585377489302E+000                  1.2689049990113826E+001                  6.9337588927074512E-001                  2.8644685685596394E-001                  2.0177253873290946E-002                  7.0958754978241205E-012                  0.0000000000000000E+000                  0.0000000000000000E+000 
                                     887                  1.5382023687517232E+000                  9.4580557675660690E-002                  5.9163815675752787E+000                 -1.3390758666829845E+000                  1.2695012652466200E+001                  6.9337589130918831E-001                  2.8644685484108762E-001                  2.0177253849724019E-002                  7.6072906115293499E-012                  0.0000000000000000E+000                  0.0000000000000000E+000 
                                     888                  1.5381266366250228E+000                  9.4404889872950357E-002                  5.9178898562479700E+000                 -1.3367830338806961E+000                  1.2698832383182429E+001                  6.9337589261389421E-001                  2.8644685355146565E-001                  2.0177253834640085E-002                  7.9540463979504439E-012                  0.0000000000000000E+000                  0.0000000000000000E+000 
                                     889                  1.5380509044983228E+000                  9.4229935311476345E-002                  5.9201341557476104E+000                 -1.3333788606058952E+000                  1.2704508519486732E+001                  6.9337589455056114E-001                  2.8644685163718886E-001                  2.0177253812249996E-002                  8.4985794328110241E-012                  0.0000000000000000E+000                  0.0000000000000000E+000 
                                     890                  1.5378994402449220E+000                  9.3882130846544107E-002                  5.9230868933400354E+000                 -1.3288902007321486E+000                  1.2711986096074991E+001                  6.9337589707985092E-001                  2.8644684913714086E-001                  2.0177253783008275E-002                  9.2709114818121322E-012                  0.0000000000000000E+000                  0.0000000000000000E+000 
                                     891                  1.5377479759915211E+000                  9.3537077867810445E-002                  5.9259357065133438E+000                 -1.3245587808767401E+000                  1.2719201074053849E+001                  6.9337589950430789E-001                  2.8644684674071352E-001                  2.0177253754978586E-002                  1.0080785371312817E-011                  0.0000000000000000E+000                  0.0000000000000000E+000 
                                     892                  1.5376030780831034E+000                  9.3209499445932237E-002                  5.9286847152984281E+000                 -1.3203799494329445E+000                  1.2726162304297659E+001                  6.9337590182983155E-001                  2.8644684444207580E-001                  2.0177253728092648E-002                  1.0927509425460630E-011                  0.0000000000000000E+000                  0.0000000000000000E+000 
                                     893                  1.5374581801746852E+000                  9.2884325617173524E-002                  5.9313391482638744E+000                 -1.3163442427962877E+000                  1.2732884547772702E+001                  6.9337590406176275E-001                  2.8644684223594846E-001                  2.0177253702288844E-002                  1.1810777886889623E-011                  0.0000000000000000E+000                  0.0000000000000000E+000 
                                     894                  1.5373196114090526E+000                  9.2575556373958590E-002                  5.9339025251959656E+000                 -1.3124477186149697E+000                  1.2739375333697664E+001                  6.9337590620508494E-001                  2.8644684011740562E-001                  2.0177253677509444E-002                  1.2729650103292422E-011                  0.0000000000000000E+000                  0.0000000000000000E+000 
                                     895                  1.5371810426434203E+000                  9.2268893883812569E-002                  5.9363794224382627E+000                 -1.3086820910128236E+000                  1.2745647583487548E+001                  6.9337590826437956E-001                  2.8644683808191884E-001                  2.0177253653701599E-002                  1.3683614475254700E-011                  0.0000000000000000E+000                  0.0000000000000000E+000 
                                     896                  1.5370485827903324E+000                  9.1977680874497703E-002                  5.9387728650709741E+000                 -1.3050439981035404E+000                  1.2751707741285454E+001                  6.9337591024388612E-001                  2.8644683612529787E-001                  2.0177253630816017E-002                  1.4671498421395264E-011                  0.0000000000000000E+000                  0.0000000000000000E+000 
                                     897                  1.5369161229372450E+000                  9.1688317510404335E-002                  5.9426151045046254E+000                 -1.2992290216862914E+000                  1.2761410863615689E+001                  6.9337591341039273E-001                  2.8644683299539991E-001                  2.0177253594207301E-002                  1.6403615653567486E-011                  0.0000000000000000E+000                  0.0000000000000000E+000 
                                     898                  1.5366177497884512E+000                  9.1043100780308875E-002                  5.9464652923127943E+000                 -1.2933532052621013E+000                  1.2771182269127513E+001                  6.9337591653657393E-001                  2.8644682990536113E-001                  2.0177253558064878E-002                  1.8340947261625756E-011                  0.0000000000000000E+000                  0.0000000000000000E+000 
                                     899                  1.5364749637390904E+000                  9.0737480353374880E-002                  5.9488708108572004E+000                 -1.2896964183041035E+000                  1.2777272905907603E+001                  6.9337591848198010E-001                  2.8644682798244631E-001                  2.0177253535573536E-002                  1.9662123341242254E-011                  0.0000000000000000E+000                  0.0000000000000000E+000 
                                     900                  1.5363384669188442E+000                  9.0447174197069491E-002                  5.9511962457263348E+000                 -1.2861620016076776E+000                  1.2783160053388620E+001                  6.9337592035301165E-001                  2.8644682613304612E-001                  2.0177253513942173E-002                  2.1027302025431879E-011                  0.0000000000000000E+000                  0.0000000000000000E+000 
                                     901                  1.5362019700985978E+000                  9.0158644790031495E-002                  5.9534965007411680E+000                 -1.2826659162170113E+000                  1.2788983301844825E+001                  6.9337592219430599E-001                  2.8644682431303931E-001                  2.0177253492654756E-002                  2.2468468882369342E-011                  0.0000000000000000E+000                  0.0000000000000000E+000 
                                     902                  1.5360654732783516E+000                  8.9871859434377643E-002                  5.9568065399609402E+000                 -1.2776504318328272E+000                  1.2797347488262327E+001                  6.9337592483363064E-001                  2.8644682170422858E-001                  2.0177253462140721E-002                  2.4711749004233581E-011                  0.0000000000000000E+000                  0.0000000000000000E+000 
                                     903                  1.5358044129762534E+000                  8.9328101736066173E-002                  5.9599623334115961E+000                 -1.2728383760413047E+000                  1.2805351819906079E+001                  6.9337592731980180E-001                  2.8644681924680060E-001                  2.0177253433397602E-002                  2.7055015388413229E-011                  0.0000000000000000E+000                  0.0000000000000000E+000 
                                     904                  1.5356796544759341E+000                  8.9070395417963785E-002                  5.9619813386572984E+000                 -1.2697699653394927E+000                  1.2810462556271291E+001                  6.9337592890524435E-001                  2.8644681767968760E-001                  2.0177253415068042E-002                  2.8665704162599708E-011                  0.0000000000000000E+000                  0.0000000000000000E+000 
                                     905                  1.5355548959756149E+000                  8.8814048715299757E-002                  5.9649780377869774E+000                 -1.2652290690690964E+000                  1.2818034726914144E+001                  6.9337593125060204E-001                  2.8644681536144506E-001                  2.0177253387952954E-002                  3.1229068848926154E-011                  0.0000000000000000E+000                  0.0000000000000000E+000 
                                     906                  1.5353053789749767E+000                  8.8305345781024974E-002                  5.9678838962257164E+000                 -1.2607995869513227E+000                  1.2825403277606616E+001                  6.9337593349956805E-001                  2.8644681313847986E-001                  2.0177253361952086E-002                  3.3929615151550891E-011                  0.0000000000000000E+000                  0.0000000000000000E+000 
                                     907                  1.5351860382227671E+000                  8.8063883771454063E-002                  5.9697456787810657E+000                 -1.2579702912058515E+000                  1.2830115617933695E+001                  6.9337593493614647E-001                  2.8644681171851011E-001                  2.0177253345343482E-002                  3.5777410957630591E-011                  0.0000000000000000E+000                  0.0000000000000000E+000 
                                     908                  1.5350666974705580E+000                  8.7823590201928439E-002                  5.9724303993499808E+000                 -1.2539004998816350E+000                  1.2836900756557414E+001                  6.9337593700112687E-001                  2.8644680967740327E-001                  2.0177253321469912E-002                  3.8614865100454139E-011                  0.0000000000000000E+000                  0.0000000000000000E+000 
                                     909                  1.5348385305024912E+000                  8.7367363175262169E-002                  5.9759022165962836E+000                 -1.2486245104496905E+000                  1.2845687910775144E+001                  6.9337593964806776E-001                  2.8644680706106429E-001                  2.0177253290867947E-002                  4.2612510522690327E-011                  0.0000000000000000E+000                  0.0000000000000000E+000 
                                     910                  1.5346103635344237E+000                  8.6915228760615956E-002                  5.9784301607978190E+000                 -1.2447729483577710E+000                  1.2852095881934542E+001                  6.9337594155854598E-001                  2.8644680517267351E-001                  2.0177253268780504E-002                  4.5775410901240344E-011                  0.0000000000000000E+000                  0.0000000000000000E+000 
                                     911                  1.5345012391630470E+000                  8.6700403393436196E-002                  5.9800519090382780E+000                 -1.2423086226914444E+000                  1.2856200206553336E+001                  6.9337594278093384E-001                  2.8644680396441807E-001                  2.0177253254648031E-002                  4.7923061711580051E-011                  0.0000000000000000E+000                  0.0000000000000000E+000 
                                     912                  1.5343921147916697E+000                  8.6486477002182385E-002                  5.9823932122039505E+000                 -1.2387585792692113E+000                  1.2862117878480928E+001                  6.9337594454074958E-001                  2.8644680222494784E-001                  2.0177253234302528E-002                  5.1196874466345430E-011                  0.0000000000000000E+000                  0.0000000000000000E+000 
                                     913                  1.5341835160170509E+000                  8.6080001084758329E-002                  5.9854268704731215E+000                 -1.2341488153696187E+000                  1.2869795219555259E+001                  6.9337594680338299E-001                  2.8644679998847317E-001                  2.0177253208143897E-002                  5.5765819095763748E-011                  0.0000000000000000E+000                  0.0000000000000000E+000 
                                     914                  1.5339749172424317E+000                  8.5676690390329394E-002                  5.9883531463447328E+000                 -1.2297014626438103E+000                  1.2877201426378159E+001                  6.9337594897092847E-001                  2.8644679784598720E-001                  2.0177253183084387E-002                  6.0548528006330985E-011                  0.0000000000000000E+000                  0.0000000000000000E+000 
                                     915                  1.5337754654910618E+000                  8.5293955928431975E-002                  5.9911133568628383E+000                 -1.2255066169852014E+000                  1.2884187091698857E+001                  6.9337595100216787E-001                  2.8644679583823129E-001                  2.0177253159600839E-002                  6.5424877278409423E-011                  0.0000000000000000E+000                  0.0000000000000000E+000 
                                     916                  1.5335849332593574E+000                  8.4930918005136052E-002                  5.9937770815624187E+000                 -1.2214592323676141E+000                  1.2890927634513138E+001                  6.9337595295063692E-001                  2.8644679391228900E-001                  2.0177253137074080E-002                  7.0492510814076076E-011                  0.0000000000000000E+000                  0.0000000000000000E+000 
                                     917                  1.5333944010276528E+000                  8.4570347645074137E-002                  5.9963500443910434E+000                 -1.2175491448191080E+000                  1.2897439008646211E+001                  6.9337595482127323E-001                  2.8644679206327961E-001                  2.0177253115447158E-002                  7.5749800927981111E-011                  0.0000000000000000E+000                  0.0000000000000000E+000 
                                     918                  1.5332123583760828E+000                  8.4228101259295737E-002                  5.9988354417831715E+000                 -1.2137728375898169E+000                  1.2903727981892475E+001                  6.9337595661808815E-001                  2.8644679028723791E-001                  2.0177253094673997E-002                  8.1189891550615878E-011                  0.0000000000000000E+000                  0.0000000000000000E+000 
                                     919                  1.5330303157245126E+000                  8.3888017368976983E-002                  6.0012382398095676E+000                 -1.2101214928098951E+000                  1.2909808394737928E+001                  6.9337595834529175E-001                  2.8644678858000300E-001                  2.0177253074705304E-002                  8.6810333688056834E-011                  9.5035667875369424E-037                  0.0000000000000000E+000 
                                     920                  1.5328563730085878E+000                  8.3565047207781018E-002                  6.0035611699826905E+000                 -1.2065921282401710E+000                  1.2915686007697731E+001                  6.9337596000627955E-001                  2.8644678693821823E-001                  2.0177253055502220E-002                  9.2603386995306389E-011                  1.2169842576917581E-036                  0.0000000000000000E+000 
                                     921                  1.5326824302926629E+000                  8.3243977674824582E-002                  6.0058085706267317E+000                 -1.2031770429787449E+000                  1.2921372909425351E+001                  6.9337596160466863E-001                  2.8644678535830848E-001                  2.0177253037022891E-002                  9.8565869569754925E-011                  1.5453033295970339E-036                  0.0000000000000000E+000 
                                     922                  1.5325162327527304E+000                  8.2938948407111940E-002                  6.0090175312442184E+000                 -1.1983163521329663E+000                  1.2929477391132510E+001                  6.9337596387835843E-001                  2.8644678311090521E-001                  2.0177253010736362E-002                  1.0772839954972946E-010                  2.1717156781074598E-036                  0.0000000000000000E+000 
                                     923                  1.5321912584908792E+000                  8.2347318713712286E-002                  6.0121252439334576E+000                 -1.1935798116654879E+000                  1.2937355053675898E+001                  6.9337596605379326E-001                  2.8644678096062109E-001                  2.0177252985585703E-002                  1.1739830197207039E-010                  3.0173324372061050E-036                  0.0000000000000000E+000 
                                     924                  1.5320324817689608E+000                  8.2060525313161908E-002                  6.0140987969134301E+000                 -1.1905810123238192E+000                  1.2942348607967315E+001                  6.9337596743045871E-001                  2.8644677959987169E-001                  2.0177252969669546E-002                  1.2397017754734746E-010                  3.7165341478884406E-036                  0.0000000000000000E+000 
                                     925                  1.5318808281622334E+000                  8.1787957031880812E-002                  6.0160101508052808E+000                 -1.1876771302849705E+000                  1.2947184328153176E+001                  6.9337596875789609E-001                  2.8644677828778092E-001                  2.0177252954322933E-002                  1.3067578343854661E-010                  4.5464484077675040E-036                  0.0000000000000000E+000 
                                     926                  1.5317291745555057E+000                  8.1516696144584289E-002                  6.0188075516669191E+000                 -1.1834383544930782E+000                  1.2954250462368949E+001                  6.9337597069416657E-001                  2.8644677637389609E-001                  2.0177252931937284E-002                  1.4112733147592733E-010                  6.1030354911150226E-036                  0.0000000000000000E+000 
                                     927                  1.5314325837488325E+000                  8.0989890684699264E-002                  6.0223711844004475E+000                 -1.1780227792936351E+000                  1.2963267582894240E+001                  6.9337597313708854E-001                  2.8644677395921730E-001                  2.0177252903694098E-002                  1.5563243544907679E-010                  8.8730845672716255E-036                  0.0000000000000000E+000 
                                     928                  1.5311491820323033E+000                  8.0490985434604909E-002                  6.0249252162241689E+000                 -1.1741324714935222E+000                  1.2969738935080288E+001                  6.9337597487228275E-001                  2.8644677224408416E-001                  2.0177252883633034E-002                  1.6691478904026797E-010                  1.1595806079194641E-035                  0.0000000000000000E+000 
                                     929                  1.5310107175157197E+000                  8.0248784615744154E-002                  6.0273414878723868E+000                 -1.1704696840793101E+000                  1.2975843576552565E+001                  6.9337597651057481E-001                  2.8644677062473267E-001                  2.0177252864692519E-002                  1.7831235238125438E-010                  1.4929098908782990E-035                  0.0000000000000000E+000 
                                     930                  1.5307462814278150E+000                  7.9789006934906342E-002                  6.0299079700444258E+000                 -1.1665640311162710E+000                  1.2982342709274411E+001                  6.9337597823530828E-001                  2.8644676891993920E-001                  2.0177252844752580E-002                  1.9125508784283718E-010                  1.9515840623010954E-035                  0.0000000000000000E+000 
                                     931                  1.5305772750748123E+000                  7.9497027486605601E-002                  6.0318459916877041E+000                 -1.1636193243717277E+000                  1.2987245794804227E+001                  6.9337597953240704E-001                  2.8644676763783639E-001                  2.0177252829756576E-002                  2.0162825621290570E-010                  2.3883375413591461E-035                  0.0000000000000000E+000 
                                     932                  1.5304158168656763E+000                  7.9219427747509272E-002                  6.0337235811357566E+000                 -1.1607668175914434E+000                  1.2991995569366107E+001                  6.9337598078356599E-001                  2.8644676640114242E-001                  2.0177252815291591E-002                  2.1219936592123450E-010                  2.9036699458999589E-035                  0.0000000000000000E+000 
                                     933                  1.5302543586565400E+000                  7.8943117232183058E-002                  6.0364301491205170E+000                 -1.1566650724104164E+000                  1.2998832229919934E+001                  6.9337598258096156E-001                  2.8644676462452690E-001                  2.0177252794511547E-002                  2.2838774257421547E-010                  3.8462746902864118E-035                  0.0000000000000000E+000 
                                     934                  1.5299459257190362E+000                  7.8418796461794796E-002                  6.0398518886965533E+000                 -1.1514652500087568E+000                  1.3007489412218025E+001                  6.9337598483207119E-001                  2.8644676239944300E-001                  2.0177252768485809E-002                  2.5059077487268904E-010                  5.4834798999524180E-035                  0.0000000000000000E+000 
                                     935                  1.5296514247657917E+000                  7.7922370667980537E-002                  6.0423238593130986E+000                 -1.1477005613226146E+000                  1.3013751665629817E+001                  6.9337598644423004E-001                  2.8644676080592263E-001                  2.0177252749847385E-002                  2.6792981586343959E-010                  7.0808539232396046E-035                  0.0000000000000000E+000 
                                     936                  1.5295041742891697E+000                  7.7675667624020381E-002                  6.0447002943910189E+000                 -1.1440980417993349E+000                  1.3019755251777596E+001                  6.9337598799084610E-001                  2.8644675927718727E-001                  2.0177252731966577E-002                  2.8568613023448389E-010                  9.0492272095256886E-035                  0.0000000000000000E+000 
                                     937                  1.5292228311625380E+000                  7.7207043715082357E-002                  6.0484425694820443E+000                 -1.1384234805258495E+000                  1.3029210726952577E+001                  6.9337599040828191E-001                  2.8644675688769999E-001                  2.0177252704018045E-002                  3.1599539386215941E-010                  1.3303920486832756E-034                  0.0000000000000000E+000 
                                     938                  1.5288198556887256E+000                  7.6541935070445252E-002                  6.0526714246651965E+000                 -1.1319965504007179E+000                  1.3039909886767500E+001                  6.9337599310933951E-001                  2.8644675421786986E-001                  2.0177252672790580E-002                  3.5403113897185490E-010                  2.0538145221561788E-034                  0.0000000000000000E+000 
                                     939                  1.5284349541903397E+000                  7.5913185824760476E-002                  6.0559942226630410E+000                 -1.1269371995974828E+000                  1.3048325913715233E+001                  6.9337599520935878E-001                  2.8644675214212939E-001                  2.0177252648511779E-002                  3.8701904256309351E-010                  2.8862214380130324E-034                  0.0000000000000000E+000 
                                     940                  1.5281898222316492E+000                  7.5515987336780777E-002                  6.0584905108174532E+000                 -1.1231439584073943E+000                  1.3054640853560695E+001                  6.9337599677850736E-001                  2.8644675059112196E-001                  2.0177252630370734E-002                  4.1374395591230246E-010                  3.7247045267252402E-034                  0.0000000000000000E+000 
                                     941                  1.5279558068394341E+000                  7.5139092674291086E-002                  6.0609025346291787E+000                 -1.1194793740312785E+000                  1.3060741949465850E+001                  6.9337599828593488E-001                  2.8644674910112217E-001                  2.0177252612942898E-002                  4.4126838698420038E-010                  4.7634070776905977E-034                  0.0000000000000000E+000 
                                     942                  1.5277217914472190E+000                  7.4764393449167063E-002                  6.0632357522176807E+000                 -1.1159339496219918E+000                  1.3066644212318387E+001                  6.9337599973557495E-001                  2.8644674766824174E-001                  2.0177252596183304E-002                  4.6958611838213296E-010                  6.0404640841243146E-034                  0.0000000000000000E+000 
                                     943                  1.5274982402691455E+000                  7.4408462406453227E-002                  6.0665145117223807E+000                 -1.1109673862438394E+000                  1.3074922712337482E+001                  6.9337600176402103E-001                  2.8644674566324696E-001                  2.0177252572731952E-002                  5.1236952429472587E-010                  8.4275962421267109E-034                  0.0000000000000000E+000 
                                     944                  1.5270714808366515E+000                  7.3734322100876049E-002                  6.0696415650168039E+000                 -1.1062007851236919E+000                  1.3082847726713371E+001                  6.9337600367392360E-001                  2.8644674377542528E-001                  2.0177252550651170E-002                  5.5673398103852603E-010                  1.1570374467489145E-033                  0.0000000000000000E+000 
                                     945                  1.5268677255300249E+000                  7.3414874097044544E-002                  6.0716195220357747E+000                 -1.1031954243964273E+000                  1.3087850878719664E+001                  6.9337600487756512E-001                  2.8644674258569924E-001                  2.0177252536735635E-002                  5.8668989858183279E-010                  1.4132991010848402E-033                  0.0000000000000000E+000 
                                     946                  1.5266685973186349E+000                  7.3104157870885617E-002                  6.0735354949377616E+000                 -1.1002842351841020E+000                  1.3092697211956342E+001                  6.9337600603793448E-001                  2.8644674143874516E-001                  2.0177252523320366E-002                  6.1719994534225328E-010                  1.7150437845907610E-033                  0.0000000000000000E+000 
                                     947                  1.5264740962024821E+000                  7.2802050522384615E-002                  6.0762633536166240E+000                 -1.0961500158172588E+000                  1.3099586573760542E+001                  6.9337600768402763E-001                  2.8644673981168289E-001                  2.0177252504289478E-002                  6.6330102806309488E-010                  2.2579202282959212E-033                  0.0000000000000000E+000 
                                     948                  1.5261029181055161E+000                  7.2229255200575229E-002                  6.0797106473992875E+000                 -1.0909109564902650E+000                  1.3108307208225897E+001                  6.9337600974390468E-001                  2.8644673777562041E-001                  2.0177252480474861E-002                  7.2639835809202419E-010                  3.1938029528228926E-033                  0.0000000000000000E+000 
                                     949                  1.5257487230362692E+000                  7.1687138269445588E-002                  6.0821630016056920E+000                 -1.0871753768147370E+000                  1.3114519402975089E+001                  6.9337601119587455E-001                  2.8644673634043710E-001                  2.0177252463688289E-002                  7.7481731189800441E-010                  4.0852190311256785E-033                  0.0000000000000000E+000 
                                     950                  1.5255797351033451E+000                  7.1429998259626565E-002                  6.0844824849924155E+000                 -1.0836589733612343E+000                  1.3120378269090262E+001                  6.9337601256635262E-001                  2.8644673498580348E-001                  2.0177252447843852E-002                  8.2346217821170909E-010                  5.1538402726755517E-033                  0.0000000000000000E+000 
                                     951                  1.5252495204778909E+000                  7.0930275650280594E-002                  6.0874434247774216E+000                 -1.0791591872068849E+000                  1.3127868184328342E+001                  6.9337601430096496E-001                  2.8644673327124531E-001                  2.0177252427789671E-002                  8.8991666996039306E-010                  6.9296673976710481E-033                  0.0000000000000000E+000 
                                     952                  1.5249345092886022E+000                  7.0456886196076457E-002                  6.0895694740399069E+000                 -1.0759219398933995E+000                  1.3133252347213176E+001                  6.9337601553661021E-001                  2.8644673204988574E-001                  2.0177252413503988E-002                  9.4083611899675328E-010                  8.5677955645454973E-033                  0.0000000000000000E+000 
                                     953                  1.5247807247918432E+000                  7.0226941680418820E-002                  6.0916142436428542E+000                 -1.0728211800904155E+000                  1.3138417969113588E+001                  6.9337601672277938E-001                  2.8644673087743006E-001                  2.0177252399790513E-002                  9.9244771884568145E-010                  1.0503888042751221E-032                  0.0000000000000000E+000 
                                     954                  1.5244801632731046E+000                  6.9779682983157482E-002                  6.0948499807315191E+000                 -1.0679128296362979E+000                  1.3146593751499557E+001                  6.9337601858696618E-001                  2.8644672903479557E-001                  2.0177252378238197E-002                  1.0798004395896192E-009                  1.4490769905904376E-032                  0.0000000000000000E+000 
                                     955                  1.5240533394107463E+000                  6.9149332627594554E-002                  6.0975219309481412E+000                 -1.0638402186234170E+000                  1.3153364295004135E+001                  6.9337602010890043E-001                  2.8644672753045669E-001                  2.0177252360642939E-002                  1.1575845574291064E-009                  1.8890833777192319E-032                  0.0000000000000000E+000 
                                     956                  1.5238707244238261E+000                  6.8881326371340174E-002                  6.0998302592236389E+000                 -1.0603403749354339E+000                  1.3159194952637016E+001                  6.9337602142111732E-001                  2.8644672623341061E-001                  2.0177252345472074E-002                  1.2290969148824852E-009                  2.3742851348024515E-032                  0.0000000000000000E+000 
                                     957                  1.5235220836851091E+000                  6.8372403419750385E-002                  6.1020428478117266E+000                 -1.0569708101696198E+000                  1.3164798525562700E+001                  6.9337602266715337E-001                  2.8644672500178031E-001                  2.0177252331066375E-002                  1.3017124973324157E-009                  2.9549647270874762E-032                  0.0000000000000000E+000 
                                     958                  1.5233556954552538E+000                  6.8130772256163888E-002                  6.1041381164507680E+000                 -1.0537935979563431E+000                  1.3170091316031414E+001                  6.9337602384481800E-001                  2.8644672383773090E-001                  2.0177252317451044E-002                  1.3742710836730694E-009                  3.6339016936747744E-032                  0.0000000000000000E+000 
                                     959                  1.5230305196554637E+000                  6.7660836426084808E-002                  6.1068168692883100E+000                 -1.0497227170155612E+000                  1.3176866799507604E+001                  6.9337602533858533E-001                  2.8644672236123336E-001                  2.0177252300181303E-002                  1.4728150498303634E-009                  4.7316408857365935E-032                  0.0000000000000000E+000 
                                     960                  1.5227202408819653E+000                  6.7215205938094727E-002                  6.1087430365877182E+000                 -1.0467904125202454E+000                  1.3181743784268750E+001                  6.9337602640479568E-001                  2.8644672130734961E-001                  2.0177252287854719E-002                  1.5479053718975059E-009                  5.7188236439066030E-032                  0.0000000000000000E+000 
                                     961                  1.5225687496784022E+000                  6.6998599466772404E-002                  6.1105676944407197E+000                 -1.0440226990054611E+000                  1.3186353710330392E+001                  6.9337602741297444E-001                  2.8644672031082674E-001                  2.0177252276198820E-002                  1.6224271123599061E-009                  6.8413860021398048E-032                  0.0000000000000000E+000 
                                     962                  1.5222797993652311E+000                  6.6587183259880445E-002                  6.1134755066984141E+000                 -1.0396115316732841E+000                  1.3193700589652043E+001                  6.9337602900972506E-001                  2.8644671873253641E-001                  2.0177252257738587E-002                  1.7484545656754451E-009                  9.0984669292686612E-032                  0.0000000000000000E+000 
                                     963                  1.5218596365907220E+000                  6.5992928075112339E-002                  6.1172738294329161E+000                 -1.0338470535731006E+000                  1.3203299686273985E+001                  6.9337603107675450E-001                  2.8644671668940436E-001                  2.0177252233841148E-002                  1.9275042471935511E-009                  1.3191984124646655E-031                  0.0000000000000000E+000 
                                     964                  1.5213399408674599E+000                  6.5264269148425230E-002                  6.1203374696667652E+000                 -1.0291775205725340E+000                  1.3211061917924084E+001                  6.9337603272319281E-001                  2.8644671506200087E-001                  2.0177252214806263E-002                  2.0848959014276120E-009                  1.7788239240243227E-031                  0.0000000000000000E+000 
                                     965                  1.5210892122261290E+000                  6.4915187896654222E-002                  6.1232054937387161E+000                 -1.0248313817465071E+000                  1.3218303326202957E+001                  6.9337603425999494E-001                  2.8644671354296597E-001                  2.0177252197039142E-002                  2.2433884462670294E-009                  2.3516297592581328E-031                  0.0000000000000000E+000 
                                     966                  1.5206109152826424E+000                  6.4253596604852317E-002                  6.1259470056990244E+000                 -1.0206541632395727E+000                  1.3225247899496766E+001                  6.9337603571096662E-001                  2.8644671210876926E-001                  2.0177252180264116E-002                  2.4059354466542487E-009                  3.0692981309578665E-031                  0.0000000000000000E+000 
                                     967                  1.5203826537578404E+000                  6.3939826903328945E-002                  6.1284974951812599E+000                 -1.0167881821497162E+000                  1.3231688445876101E+001                  6.9337603705730433E-001                  2.8644671077799688E-001                  2.0177252164698789E-002                  2.5672816807982242E-009                  3.9301964248513523E-031                  0.0000000000000000E+000 
                                     968                  1.5199472833375525E+000                  6.3344803294263965E-002                  6.1316876266637257E+000                 -1.0119397027178674E+000                  1.3239757006211452E+001                  6.9337603872478759E-001                  2.8644670912979175E-001                  2.0177252145420654E-002                  2.7840345255081236E-009                  5.3511137443323404E-031                  0.0000000000000000E+000 
                                     969                  1.5195416426574742E+000                  6.2794393065330509E-002                  6.1346541033958513E+000                 -1.0074317836465447E+000                  1.3247259158358535E+001                  6.9337604026287669E-001                  2.8644670760948493E-001                  2.0177252127638434E-002                  3.0014852464200921E-009                  7.1250815658354123E-031                  0.0000000000000000E+000 
                                     970                  1.5191549821022767E+000                  6.2273229155491827E-002                  6.1367838779312276E+000                 -1.0041891310273743E+000                  1.3252651423798119E+001                  6.9337604135784470E-001                  2.8644670652717602E-001                  2.0177252114979227E-002                  3.1677415608215897E-009                  8.7478266160135751E-031                  0.0000000000000000E+000 
                                     971                  1.5189662740071244E+000                  6.2020093121992012E-002                  6.1387992015725361E+000                 -1.0011330214104766E+000                  1.3257741648148798E+001                  6.9337604239172856E-001                  2.8644670550524509E-001                  2.0177252103026344E-002                  3.3331914511620037E-009                  1.0618851297701002E-030                  0.0000000000000000E+000 
                                     972                  1.5186064599078941E+000                  6.1539601516411128E-002                  6.1413549107444290E+000                 -9.9724960123915884E-001                  1.3264204505064196E+001                  6.9337604369256134E-001                  2.8644670421945156E-001                  2.0177252087987041E-002                  3.5551857171050527E-009                  1.3572262335934616E-030                  0.0000000000000000E+000 
                                     973                  1.5182634593575683E+000                  6.1084170159380217E-002                  6.1437656505225160E+000                 -9.9358656070390405E-001                  1.3270300604255704E+001                  6.9337604491141758E-001                  2.8644670301468683E-001                  2.0177252073895646E-002                  3.7777192117125084E-009                  1.7099948639548371E-030                  0.0000000000000000E+000 
                                     974                  1.5179365387360313E+000                  6.0652414353339103E-002                  6.1460405480450158E+000                 -9.9013001466422124E-001                  1.3276053053285615E+001                  6.9337604605432335E-001                  2.8644670188499438E-001                  2.0177252060682216E-002                  4.0000937402531029E-009                  2.1257743741864328E-030                  0.0000000000000000E+000 
                                     975                  1.5176250270701119E+000                  6.0243082739932736E-002                  6.1487370080025512E+000                 -9.8603961343847535E-001                  1.3282864775709774E+001                  6.9337604740176872E-001                  2.8644670055312704E-001                  2.0177252045104233E-002                  4.2801164614776976E-009                  2.7500454332721028E-030                  0.0000000000000000E+000 
                                     976                  1.5171722557760499E+000                  5.9651670356453246E-002                  6.1514633862043517E+000                 -9.8189260930519506E-001                  1.3289763160798207E+001                  6.9337604875097036E-001                  2.8644669921952381E-001                  2.0177252029505821E-002                  4.5827033319787679E-009                  3.5660415648387237E-030                  0.0000000000000000E+000 
                                     977                  1.5168427442822736E+000                  5.9223847394515201E-002                  6.1538359472580755E+000                 -9.7828946748598367E-001                  1.3295760587023469E+001                  6.9337604991845891E-001                  2.8644669806553297E-001                  2.0177252016008174E-002                  4.8627942827135895E-009                  4.4688392190768460E-030                  0.0000000000000000E+000 
                                     978                  1.5164845366735464E+000                  5.8761188535116582E-002                  6.1562248446690520E+000                 -9.7465990002578828E-001                  1.3301800857291639E+001                  6.9337605108585276E-001                  2.8644669691163560E-001                  2.0177252002511636E-002                  5.1616154727113885E-009                  5.6066570286871258E-030                  0.0000000000000000E+000 
                                     979                  1.5161432673781738E+000                  5.8322712920864134E-002                  6.1584786606859696E+000                 -9.7123566003437800E-001                  1.3307499431652406E+001                  6.9337605218021059E-001                  2.8644669582992982E-001                  2.0177251989859535E-002                  5.4598523298649522E-009                  6.9419513324261819E-030                  0.0000000000000000E+000 
                                     980                  1.5158181963318669E+000                  5.7907105378805869E-002                  6.1606322037447461E+000                 -9.6796410086950080E-001                  1.3312944091703974E+001                  6.9337605321959572E-001                  2.8644669480256124E-001                  2.0177251977843036E-002                  5.7604223940819237E-009                  8.5110859211851020E-030                  0.0000000000000000E+000 
                                     981                  1.5155007236372393E+000                  5.7503116553033903E-002                  6.1631812426600900E+000                 -9.6409705135853652E-001                  1.3319383294049556E+001                  6.9337605444330130E-001                  2.8644669359300312E-001                  2.0177251963695575E-002                  6.1369270055654321E-009                  1.0828091313327070E-029                  0.0000000000000000E+000 
                                     982                  1.5150505130568106E+000                  5.6933382645645361E-002                  6.1655829014015877E+000                 -9.6044299265135857E-001                  1.3325460675113227E+001                  6.9337605558542847E-001                  2.8644669246408039E-001                  2.0177251950491137E-002                  6.5136354461760715E-009                  1.3580079545120927E-029                  0.0000000000000000E+000 
                                     983                  1.5147692908373960E+000                  5.6579354526648598E-002                  6.1682627501219773E+000                 -9.5638250131116953E-001                  1.3332225201331241E+001                  6.9337605685536341E-001                  2.8644669120882749E-001                  2.0177251935809104E-002                  6.9602397607275443E-009                  1.7475030326298156E-029                  0.0000000000000000E+000 
                                     984                  1.5142267891772685E+000                  5.5900341700461403E-002                  6.1716042773639623E+000                 -9.5130470441174897E-001                  1.3340674507796338E+001                  6.9337605842155303E-001                  2.8644668966074488E-001                  2.0177251917702144E-002                  7.5591867780423633E-009                  2.3915686402941637E-029                  0.0000000000000000E+000 
                                     985                  1.5137283783335300E+000                  5.5280994471225496E-002                  6.1746874087884285E+000                 -9.4662061357226157E-001                  1.3348469298442838E+001                  6.9337605985383211E-001                  2.8644668824502478E-001                  2.0177251901143167E-002                  8.1560138973370937E-009                  3.1923286267426910E-029                  0.0000000000000000E+000 
                                     986                  1.5132536292210907E+000                  5.4694944136750655E-002                  6.1775535008655575E+000                 -9.4226598142401852E-001                  1.3355715562891445E+001                  6.9337606117366402E-001                  2.8644668694045167E-001                  2.0177251885884262E-002                  8.7517271346553408E-009                  4.1729586173024646E-029                  0.0000000000000000E+000 
                                     987                  1.5128125676247366E+000                  5.4153808429297498E-002                  6.1802181407938823E+000                 -9.3821799974346365E-001                  1.3362451858339627E+001                  6.9337606239122573E-001                  2.8644668573696641E-001                  2.0177251871807855E-002                  9.3433323982827629E-009                  5.3503146117773378E-029                  0.0000000000000000E+000 
                                     988                  1.5123925059648891E+000                  5.3641357345439636E-002                  6.1827149437088709E+000                 -9.3442494626389094E-001                  1.3368763832872279E+001                  6.9337606352367587E-001                  2.8644668461760880E-001                  2.0177251858715328E-002                  9.9328141187904737E-009                  6.7502685294556228E-029                  0.0000000000000000E+000 
                                     989                  1.5119971054219512E+000                  5.3161544352842448E-002                  6.1850410987606130E+000                 -9.3089124321234773E-001                  1.3374644242213785E+001                  6.9337606457145828E-001                  2.8644668358194003E-001                  2.0177251846601685E-002                  1.0514407248312868E-008                  8.3790377962664613E-029                  0.0000000000000000E+000 
                                     990                  1.5116252572864828E+000                  5.2712530321217074E-002                  6.1877379337193457E+000                 -9.2680089934094145E-001                  1.3381455211379238E+001                  6.9337606577912392E-001                  2.8644668238823645E-001                  2.0177251832639631E-002                  1.1229960451985048E-008                  1.0760063940252072E-028                  0.0000000000000000E+000 
                                     991                  1.5110988598385335E+000                  5.2080498223807899E-002                  6.1907858577431760E+000                 -9.2217078324885260E-001                  1.3389160017957060E+001                  6.9337606713082656E-001                  2.8644668105216109E-001                  2.0177251817012354E-002                  1.2095848410614737E-008                  1.4266613782985841E-028                  0.0000000000000000E+000 
                                     992                  1.5105976428823611E+000                  5.1482546655183183E-002                  6.1931732254231759E+000                 -9.1853914910005574E-001                  1.3395199898269079E+001                  6.9337606817995112E-001                  2.8644668001516588E-001                  2.0177251804883056E-002                  1.2819179258343945E-008                  1.7786382600063544E-028                  0.0000000000000000E+000 
                                     993                  1.5102846821592248E+000                  5.1111051789031657E-002                  6.1959101107358254E+000                 -9.1439378771366453E-001                  1.3402106097823236E+001                  6.9337606937830354E-001                  2.8644667883066771E-001                  2.0177251791028805E-002                  1.3699565280760248E-008                  2.2889960745013498E-028                  0.0000000000000000E+000 
                                     994                  1.5096557357097693E+000                  5.0368713808963163E-002                  6.1987345975431252E+000                 -9.1009438011869959E-001                  1.3409254534289241E+001                  6.9337607059953821E-001                  2.8644667762355203E-001                  2.0177251776909766E-002                  1.4670342173118337E-008                  2.9682306760106110E-028                  0.0000000000000000E+000 
                                     995                  1.5093001741999805E+000                  4.9951515080902294E-002                  6.2007079369339699E+000                 -9.0709715239566602E-001                  1.3414242233766849E+001                  6.9337607144839464E-001                  2.8644667678450941E-001                  2.0177251767095949E-002                  1.5387640891878832E-008                  3.5579027500699223E-028                  0.0000000000000000E+000 
                                     996                  1.5089616589473569E+000                  4.9555940457596204E-002                  6.2030140534473022E+000                 -9.0359908077032747E-001                  1.3420066418116839E+001                  6.9337607243530996E-001                  2.8644667580900401E-001                  2.0177251755685965E-002                  1.6268928975846037E-008                  4.3955125496406292E-028                  0.0000000000000000E+000 
                                     997                  1.5084823418833666E+000                  4.8998492406897028E-002                  6.2056032230910718E+000                 -8.9966611378373917E-001                  1.3426610918996325E+001                  6.9337607353396147E-001                  2.8644667472305424E-001                  2.0177251742984348E-002                  1.7317037604631504E-008                  5.5707283051165599E-028                  0.0000000000000000E+000 
                                     998                  1.5080339770872617E+000                  4.8479818657373247E-002                  6.2087469880059132E+000                 -8.9490128537970270E-001                  1.3434546631637371E+001                  6.9337607485925967E-001                  2.8644667341307817E-001                  2.0177251727662160E-002                  1.8677523167988617E-008                  7.4229558474194539E-028                  0.0000000000000000E+000 
                                     999                  1.5073436534322275E+000                  4.7686370490615783E-002                  6.2126750710969452E+000                 -8.8893901650644913E-001                  1.3444470697735943E+001                  6.9337607649566446E-001                  2.8644667179559213E-001                  2.0177251708743404E-002                  2.0524215035406210E-008                  1.0615535090550769E-027                  0.0000000000000000E+000 
                                    1000                  1.5065903102362050E+000                  4.6827406551710686E-002                  6.2159423669932421E+000                 -8.8396619143929400E-001                  1.3452738689190245E+001                  6.9337607783880784E-001                  2.8644667046797717E-001                  2.0177251693215048E-002                  2.2194916451106644E-008                  1.4283638783399621E-027                  0.0000000000000000E+000 
                                    1001                  1.5061245185860579E+000                  4.6299835284313653E-002                  6.2183239798973933E+000                 -8.8034875173151950E-001                  1.3458758029741706E+001                  6.9337607881130681E-001                  2.8644666950672149E-001                  2.0177251681971708E-002                  2.3494758032667575E-008                  1.7725104816768031E-027                  0.0000000000000000E+000 
                                    1002                  1.5056921264099219E+000                  4.5812450133784127E-002                  6.2205404247118308E+000                 -8.7698256172174593E-001                  1.3464359500569731E+001                  6.9337607971015536E-001                  2.8644666861826473E-001                  2.0177251671579910E-002                  2.4770617151464616E-008                  2.1661416756073256E-027                  0.0000000000000000E+000 
                                    1003                  1.5052809828372897E+000                  4.5351084832770457E-002                  6.2231253742232093E+000                 -8.7306248465635639E-001                  1.3470886464885554E+001                  6.9337608075221002E-001                  2.8644666758825738E-001                  2.0177251659532658E-002                  2.6343294462864900E-008                  2.7357558836616316E-027                  0.0000000000000000E+000 
                                    1004                  1.5046993508205433E+000                  4.4701784734360206E-002                  6.2264424462667511E+000                 -8.6803036279206502E-001                  1.3479263712672342E+001                  6.9337608207698254E-001                  2.8644666627880100E-001                  2.0177251644216465E-002                  2.8503999568245206E-008                  3.6889216975033319E-027                  0.0000000000000000E+000 
                                    1005                  1.5039919422084913E+000                  4.3917297468530909E-002                  6.2290726072327196E+000                 -8.6402533515201951E-001                  1.3485921006349283E+001                  6.9337608311428467E-001                  2.8644666525349127E-001                  2.0177251632224058E-002                  3.0339647667711403E-008                  4.6733177782552357E-027                  0.0000000000000000E+000 
                                    1006                  1.5036641037147238E+000                  4.3555646110589416E-002                  6.2318211045568095E+000                 -8.5986539544125318E-001                  1.3492852592506553E+001                  6.9337608419529329E-001                  2.8644666418498044E-001                  2.0177251619726277E-002                  3.2378435391855491E-008                  5.9803957685604773E-027                  0.0000000000000000E+000 
                                    1007                  1.5029004470728542E+000                  4.2717794499087344E-002                  6.2346167837525206E+000                 -8.5560796928380911E-001                  1.3499929056033249E+001                  6.9337608527931416E-001                  2.8644666311349215E-001                  2.0177251607193636E-002                  3.4590490867683337E-008                  7.6820319625097913E-027                  0.0000000000000000E+000 
                                    1008                  1.5025398123293112E+000                  4.2324310941484269E-002                  6.2367806325563286E+000                 -8.5232620546665183E-001                  1.3505392761610794E+001                  6.9337608611503232E-001                  2.8644666228743598E-001                  2.0177251597531698E-002                  3.6401472338187620E-008                  9.3212653334559387E-027                  0.0000000000000000E+000 
                                    1009                  1.5020227425539190E+000                  4.1762540148156072E-002                  6.2396911612193042E+000                 -8.4791200562318469E-001                  1.3512741761018896E+001                  6.9337608723027377E-001                  2.8644666118508805E-001                  2.0177251584638123E-002                  3.8983047489642639E-008                  1.2084956881375909E-026                  0.0000000000000000E+000 
                                    1010                  1.5013474717496924E+000                  4.1033065070354535E-002                  6.2421864703741994E+000                 -8.4411484811931903E-001                  1.3519054919269431E+001                  6.9337608817539564E-001                  2.8644666025089294E-001                  2.0177251573711419E-002                  4.1338251663142577E-008                  1.5091977839261842E-026                  0.0000000000000000E+000 
                                    1011                  1.5009887297881046E+000                  4.0647417569044365E-002                  6.2450122214454611E+000                 -8.3983844167021593E-001                  1.3526180549117955E+001                  6.9337608924218574E-001                  2.8644665919643619E-001                  2.0177251561378062E-002                  4.4169713858415848E-008                  1.9399194273797355E-026                  0.0000000000000000E+000 
                                    1012                  1.5001661066940248E+000                  3.9767929406443553E-002                  6.2483701440772546E+000                 -8.3473227257216920E-001                  1.3534672333243080E+001                  6.9337609049197813E-001                  2.8644665796109292E-001                  2.0177251546928954E-002                  4.7782245016911184E-008                  2.6126651888929264E-026                  0.0000000000000000E+000 
                                    1013                  1.4995661039554933E+000                  3.9130618015494653E-002                  6.2504284378606041E+000                 -8.3160049332586428E-001                  1.3539879324153953E+001                  6.9337609125104471E-001                  2.8644665721080204E-001                  2.0177251538153307E-002                  5.0136812239186885E-008                  3.1346005340036314E-026                  0.0000000000000000E+000 
                                    1014                  1.4992847572722963E+000                  3.8832964380627638E-002                  6.2523378072254996E+000                 -8.2870681045751027E-001                  1.3544698088974005E+001                  6.9337609195334637E-001                  2.8644665651661994E-001                  2.0177251530033691E-002                  5.2419985878053584E-008                  3.7105341560225160E-026                  0.0000000000000000E+000 
                                    1015                  1.4987431028573572E+000                  3.8262010931412384E-002                  6.2552825870990736E+000                 -8.2424197717800562E-001                  1.3552131864808629E+001                  6.9337609302768355E-001                  2.8644665545470327E-001                  2.0177251517613182E-002                  5.6140496654649369E-008                  4.8107454700067908E-026                  0.0000000000000000E+000 
                                    1016                  1.4980033812200997E+000                  3.7486654972377943E-002                  6.2579906965202827E+000                 -8.2012272424475718E-001                  1.3558981323204973E+001                  6.9337609400377276E-001                  2.8644665448989892E-001                  2.0177251506328320E-002                  5.9789041948718892E-008                  6.1054863435025925E-026                  0.0000000000000000E+000 
                                    1017                  1.4975508258443386E+000                  3.7014747881235134E-002                  6.2599658742184392E+000                 -8.1712359010471614E-001                  1.3563971734922902E+001                  6.9337609471148631E-001                  2.8644665379036738E-001                  2.0177251498146309E-002                  6.2593343720709547E-008                  7.2623432802105585E-026                  0.0000000000000000E+000 
                                    1018                  1.4971263425681562E+000                  3.6573771249798638E-002                  6.2622599887563295E+000                 -8.1364490397594003E-001                  1.3569763214403185E+001                  6.9337609552886181E-001                  2.8644665298244182E-001                  2.0177251488696424E-002                  6.6010012638358675E-008                  8.8808946307890710E-026                  0.0000000000000000E+000 
                                    1019                  1.4965241747722799E+000                  3.5950912720170737E-002                  6.2656098844011039E+000                 -8.0856957059455270E-001                  1.3578215657136775E+001                  6.9337609671247635E-001                  2.8644665181251117E-001                  2.0177251475012481E-002                  7.1325234228335850E-008                  1.1906298382126807E-025                  0.0000000000000000E+000 
                                    1020                  1.4956113013140666E+000                  3.5012598124708971E-002                  6.2686719169632923E+000                 -8.0390859022314443E-001                  1.3585963366484854E+001                  6.9337609777835685E-001                  2.8644665075895359E-001                  2.0177251462689560E-002                  7.6549023960506255E-008                  1.5556120123583305E-025                  0.0000000000000000E+000 
                                    1021                  1.4951206300269231E+000                  3.4511147996851975E-002                  6.2707492215256391E+000                 -8.0075478518142917E-001                  1.3591211221848223E+001                  6.9337609849715043E-001                  2.8644665004847014E-001                  2.0177251454379430E-002                  8.0300578306792452E-008                  1.8643224082521492E-025                  0.0000000000000000E+000 
                                    1022                  1.4946504279190096E+000                  3.4032475945459356E-002                  6.2733934423246387E+000                 -7.9674820286603976E-001                  1.3597883323349528E+001                  6.9337609940674449E-001                  2.8644664914939205E-001                  2.0177251443863398E-002                  8.5332974335403658E-008                  2.3464536021268969E-025                  0.0000000000000000E+000 
                                    1023                  1.4938871546666150E+000                  3.3259253444446329E-002                  6.2759114940656593E+000                 -7.9291777839253097E-001                  1.3604251961944176E+001                  6.9337610026235741E-001                  2.8644664830367111E-001                  2.0177251433971533E-002                  9.0411863846603364E-008                  2.9199119993427581E-025                  0.0000000000000000E+000 
                                    1024                  1.4934631199667101E+000                  3.2831693565800679E-002                  6.2787010128724043E+000                 -7.8869586298983685E-001                  1.3611285764546974E+001                  6.9337610120648052E-001                  2.8644664737046321E-001                  2.0177251423056264E-002                  9.6375729132160260E-008                  3.7182047311519509E-025                  0.0000000000000000E+000 
                                    1025                  1.4925603039138602E+000                  3.1926018927826372E-002                  6.2820166344186044E+000                 -7.8365653460992468E-001                  1.3619667125993761E+001                  6.9337610231284508E-001                  2.8644664627688954E-001                  2.0177251410265384E-002                  1.0396647514650751E-007                  4.9525844166771564E-025                  0.0000000000000000E+000 
                                    1026                  1.4918661528961967E+000                  3.1233893884000621E-002                  6.2843208659894509E+000                 -7.8015336960225745E-001                  1.3625492820236968E+001                  6.9337610307429554E-001                  2.8644664552424237E-001                  2.0177251401462093E-002                  1.0958007918573413E-007                  6.0418994240669341E-025                  0.0000000000000000E+000 
                                    1027                  1.4914386402566846E+000                  3.0809419437323522E-002                  6.2871741357066551E+000                 -7.7583655879705360E-001                  1.3632685589526316E+001                  6.9337610401345817E-001                  2.8644664459593766E-001                  2.0177251390604223E-002                  1.1693365415038213E-007                  7.7243085011857118E-025                  0.0000000000000000E+000 
                                    1028                  1.4904654416892569E+000                  2.9848105404224806E-002                  6.2905259777027336E+000                 -7.7074056999226204E-001                  1.3641159882079892E+001                  6.9337610510010250E-001                  2.8644664352185623E-001                  2.0177251378041272E-002                  1.2619144116301541E-007                  1.0302077096927380E-024                  0.0000000000000000E+000 
                                    1029                  1.4897720470519331E+000                  2.9167317451864388E-002                  6.2928702135259034E+000                 -7.6717819379581487E-001                  1.3647084954878421E+001                  6.9337610585311726E-001                  2.8644664277754722E-001                  2.0177251369335458E-002                  1.3308382111711645E-007                  1.2595233466145047E-024                  0.0000000000000000E+000 
                                    1030                  1.4892875782452046E+000                  2.8693657458195455E-002                  6.2947192015813052E+000                 -7.6437136707407571E-001                  1.3651755312135162E+001                  6.9337610644342706E-001                  2.8644664219406218E-001                  2.0177251362510695E-002                  1.3877519750749939E-007                  1.4754944061171435E-024                  0.0000000000000000E+000 
                                    1031                  1.4888360070490723E+000                  2.8253618765888864E-002                  6.2975586737550193E+000                 -7.6007524489984146E-001                  1.3658913247500593E+001                  6.9337610734567245E-001                  2.8644664130224778E-001                  2.0177251352079706E-002                  1.4797241113346198E-007                  1.8805618947539254E-024                  0.0000000000000000E+000 
                                    1032                  1.4878387376803965E+000                  2.7286698217894659E-002                  6.3008039578066892E+000                 -7.5514090996938088E-001                  1.3667118218790108E+001                  6.9337610836130781E-001                  2.8644664029835432E-001                  2.0177251340337876E-002                  1.5921706511460095E-007                  2.4799747607187452E-024                  0.0000000000000000E+000 
                                    1033                  1.4871594582219652E+000                  2.6631872824767318E-002                  6.3028312187160598E+000                 -7.5205902301384697E-001                  1.3672243163985589E+001                  6.9337610899011193E-001                  2.8644663967681999E-001                  2.0177251333068025E-002                  1.6665677890737907E-007                  2.9468661861784474E-024                  0.0000000000000000E+000 
                                    1034                  1.4867812668219076E+000                  2.6268598923490746E-002                  6.3042352645722994E+000                 -7.4992798009280837E-001                  1.3675789189537953E+001                  6.9337610942371941E-001                  2.8644663924822561E-001                  2.0177251328054924E-002                  1.7200432429643418E-007                  3.3202737642859994E-024                  0.0000000000000000E+000 
                                    1035                  1.4864227210602605E+000                  2.5925043859299123E-002                  6.3065755484975057E+000                 -7.4638651567068293E-001                  1.3681689178473714E+001                  6.9337611014392098E-001                  2.8644663853635038E-001                  2.0177251319728695E-002                  1.8128485218401319E-007                  4.0495367388210321E-024                  0.0000000000000000E+000 
                                    1036                  1.4855456677353429E+000                  2.5088080257752245E-002                  6.3097050638110801E+000                 -7.4163493354053256E-001                  1.3689594534882216E+001                  6.9337611109481612E-001                  2.8644663759644867E-001                  2.0177251308735267E-002                  1.9446347029890956E-007                  5.2783634416838892E-024                  0.0000000000000000E+000 
                                    1037                  1.4847525473688150E+000                  2.4335326757597611E-002                  6.3128007660702128E+000                 -7.3693912245980275E-001                  1.3697409990364083E+001                  6.9337611202617222E-001                  2.8644663667586018E-001                  2.0177251297967658E-002                  2.0840853520871107E-007                  6.8561582785413339E-024                  0.0000000000000000E+000 
                                    1038                  1.4838750554844677E+000                  2.3506941074833157E-002                  6.3158357912213701E+000                 -7.3233092679939915E-001                  1.3705076595089549E+001                  6.9337611292869039E-001                  2.8644663578377627E-001                  2.0177251287533338E-002                  2.2302063081969573E-007                  8.8549590675959612E-024                  0.0000000000000000E+000 
                                    1039                  1.4830959824813461E+000                  2.2775297421589173E-002                  6.3180382939216795E+000                 -7.2898255469173290E-001                  1.3710644378560829E+001                  6.9337611357683249E-001                  2.8644663514312763E-001                  2.0177251280039887E-002                  2.3424336003665773E-007                  1.0657679170577175E-023                  0.0000000000000000E+000 
                                    1040                  1.4826610972451342E+000                  2.2368427264625644E-002                  6.3202543296061027E+000                 -7.2562620515347376E-001                  1.3716233792956297E+001                  6.9337611422631762E-001                  2.8644663450115126E-001                  2.0177251272531116E-002                  2.4607917152771397E-007                  1.2837671862342493E-023                  0.0000000000000000E+000 
                                    1041                  1.4818658093811206E+000                  2.1627166449370905E-002                  6.3229555379708540E+000                 -7.2152563113445345E-001                  1.3723056244429598E+001                  6.9337611500937946E-001                  2.8644663372714257E-001                  2.0177251263477913E-002                  2.6129687707814572E-007                  1.6100332565666522E-023                  0.0000000000000000E+000 
                                    1042                  1.4811474811225060E+000                  2.0960696222794162E-002                  6.3250007673869222E+000                 -7.1841769527040489E-001                  1.3728225010708725E+001                  6.9337611559670997E-001                  2.8644663314660229E-001                  2.0177251256687789E-002                  2.7342348462251062E-007                  1.9106078152146232E-023                  0.0000000000000000E+000 
                                    1043                  1.4807096955857513E+000                  2.0555916833028716E-002                  6.3275222074878315E+000                 -7.1460270415660265E-001                  1.3734580703212263E+001                  6.9337611631807161E-001                  2.8644663243358048E-001                  2.0177251248347905E-002                  2.8911418460454399E-007                  2.3585384244064312E-023                  0.0000000000000000E+000 
                                    1044                  1.4797118284807196E+000                  1.9637162479272271E-002                  6.3301820794569643E+000                 -7.1055714985557961E-001                  1.3741306310782196E+001                  6.9337611706811186E-001                  2.8644663169221157E-001                  2.0177251239676508E-002                  3.0662585108493848E-007                  2.9442375328028065E-023                  0.0000000000000000E+000 
                                    1045                  1.4791793944806584E+000                  1.9149119972842847E-002                  6.3322407454198597E+000                 -7.0743553216768484E-001                  1.3746502219528608E+001                  6.9337611764549856E-001                  2.8644663112150021E-001                  2.0177251233001181E-002                  3.2087323368927117E-007                  3.4945248710529168E-023                  0.0000000000000000E+000 
                                    1046                  1.4785181976729540E+000                  1.8545117165584584E-002                  6.3348889107728468E+000                 -7.0342198912878662E-001                  1.3753183991634602E+001                  6.9337611838234414E-001                  2.8644663039317336E-001                  2.0177251224482440E-002                  3.4014409646975935E-007                  4.3545404080815556E-023                  0.0000000000000000E+000 
                                    1047                  1.4776312237233720E+000                  1.7738399877614289E-002                  6.3372964598075843E+000                 -6.9976267469977671E-001                  1.3759269010190391E+001                  6.9337611904426077E-001                  2.8644662973890928E-001                  2.0177251216829895E-002                  3.5864191197125301E-007                  5.3169428252512587E-023                  0.0000000000000000E+000 
                                    1048                  1.4770971602420104E+000                  1.7254583877186685E-002                  6.3390452593412441E+000                 -6.9710895691268560E-001                  1.3763684708098159E+001                  6.9337611952225175E-001                  2.8644662926644454E-001                  2.0177251211303648E-002                  3.7268159695625620E-007                  6.1454170921054705E-023                  0.0000000000000000E+000 
                                    1049                  1.4765917503387833E+000                  1.6798034300268369E-002                  6.3411303586532544E+000                 -6.9394905160308329E-001                  1.3768945417851482E+001                  6.9337612008897032E-001                  2.8644662870627802E-001                  2.0177251204751667E-002                  3.9011372738910381E-007                  7.3016838382041381E-023                  0.0000000000000000E+000 
                                    1050                  1.4758497199245404E+000                  1.6130009394037879E-002                  6.3438312651534758E+000                 -6.8985407618588679E-001                  1.3775761592062532E+001                  6.9337612081638977E-001                  2.8644662798726833E-001                  2.0177251196341839E-002                  4.1387296212113279E-007                  9.1250693625056687E-023                  0.0000000000000000E+000 
                                    1051                  1.4749620694898458E+000                  1.5334375510863241E-002                  6.3470197489727180E+000                 -6.8502039093209421E-001                  1.3783807656475400E+001                  6.9337612166606433E-001                  2.8644662714741703E-001                  2.0177251186518586E-002                  4.4372662917756248E-007                  1.1865203938961004E-022                  0.0000000000000000E+000 
                                    1052                  1.4739058956207380E+000                  1.4392531391379025E-002                  6.3499682804211233E+000                 -6.8054069411312001E-001                  1.3791257882503396E+001                  6.9337612244129365E-001                  2.8644662638115026E-001                  2.0177251177556088E-002                  4.7319253483248102E-007                  1.5118256443192478E-022                  0.0000000000000000E+000 
                                    1053                  1.4731443204225088E+000                  1.3716598243388622E-002                  6.3519506754358339E+000                 -6.7752904016343274E-001                  1.3796266690709096E+001                  6.9337612295782847E-001                  2.8644662587058728E-001                  2.0177251171584309E-002                  4.9405890373922287E-007                  1.7787661544137628E-022                  0.0000000000000000E+000 
                                    1054                  1.4726732273690419E+000                  1.3299800518235585E-002                  6.3536313497174755E+000                 -6.7498059002980448E-001                  1.3800508328296823E+001                  6.9337612339364008E-001                  2.8644662543981414E-001                  2.0177251166545784E-002                  5.1243897120734146E-007                  2.0412735119719187E-022                  0.0000000000000000E+000 
                                    1055                  1.4720929842127284E+000                  1.2787796531626429E-002                  6.3561879441070372E+000                 -6.7111006859102840E-001                  1.3806954469818209E+001                  6.9337612405248705E-001                  2.8644662478858424E-001                  2.0177251158928655E-002                  5.4166590952680181E-007                  2.5158825789048224E-022                  0.0000000000000000E+000 
                                    1056                  1.4710626663545556E+000                  1.1882293726243724E-002                  6.3594416739639898E+000                 -6.6617404938772107E-001                  1.3815168332777704E+001                  6.9337612488028344E-001                  2.8644662397035814E-001                  2.0177251149358422E-002                  5.8121658259218355E-007                  3.2809302419360962E-022                  0.0000000000000000E+000 
                                    1057                  1.4700217016668242E+000                  1.0972082653600746E-002                  6.3617831882869993E+000                 -6.6261250448238085E-001                  1.3821088667222606E+001                  6.9337612546821703E-001                  2.8644662338922183E-001                  2.0177251142561081E-002                  6.1140703340122985E-007                  3.9702105780172751E-022                  0.0000000000000000E+000 
                                    1058                  1.4695568614557108E+000                  1.0567113816000201E-002                  6.3641463473688908E+000                 -6.5903721563499207E-001                  1.3827044595128738E+001                  6.9337612605964383E-001                  2.8644662280463262E-001                  2.0177251135723551E-002                  6.4338451538803278E-007                  4.8109256796353910E-022                  0.0000000000000000E+000 
                                    1059                  1.4684912220692454E+000                  9.6421020340338812E-003                  6.3677746071107615E+000                 -6.5353888832145279E-001                  1.3836197919477105E+001                  6.9337612695604622E-001                  2.8644662191859371E-001                  2.0177251125360063E-002                  6.9566783099940703E-007                  6.4568932885812100E-022                  0.0000000000000000E+000 
                                    1060                  1.4671820386102912E+000                  8.5119899868614599E-003                  6.3705560334882714E+000                 -6.4930490089119441E-001                  1.3843233702103120E+001                  6.9337612763182221E-001                  2.8644662125063053E-001                  2.0177251117547312E-002                  7.3854185045635793E-007                  8.0868249694138732E-022                  0.0000000000000000E+000 
                                    1061                  1.4666490807282173E+000                  8.0538869811300762E-003                  6.3730356740260170E+000                 -6.4555300818063954E-001                  1.3849483449923600E+001                  6.9337612823205974E-001                  2.8644662065733251E-001                  2.0177251110607752E-002                  7.7887020893643685E-007                  9.8794116468197734E-022                  0.0000000000000000E+000 
                                    1062                  1.4655268779017845E+000                  7.0928994851156193E-003                  6.3764007349996854E+000                 -6.4044872374658046E-001                  1.3857977408769779E+001                  6.9337612903558477E-001                  2.8644661986309722E-001                  2.0177251101318072E-002                  8.3704604958442304E-007                  1.2956568177445179E-021                  0.0000000000000000E+000 
                                    1063                  1.4643794702322548E+000                  6.1152847966730360E-003                  6.3788817063416294E+000                 -6.3667537548453812E-001                  1.3864249795771926E+001                  6.9337612961979900E-001                  2.8644661928563725E-001                  2.0177251094563697E-002                  8.8262849755337579E-007                  1.5817307010923799E-021                  0.0000000000000000E+000 
                                    1064                  1.4638361109594171E+000                  5.6540494084653999E-003                  6.3810758856098460E+000                 -6.3335285227644922E-001                  1.3869782509594872E+001                  6.9337613013423915E-001                  2.8644661877714461E-001                  2.0177251088616233E-002                  9.2490426237358857E-007                  1.8862988719314526E-021                  0.0000000000000000E+000 
                                    1065                  1.4628735323602406E+000                  4.8396033049629165E-003                  6.3836959009909640E+000                 -6.2937651168230113E-001                  1.3876397915882611E+001                  6.9337613074144222E-001                  2.8644661817696149E-001                  2.0177251081596292E-002                  9.7797480789899438E-007                  2.3268963352348136E-021                  0.0000000000000000E+000 
                                    1066                  1.4620225649356349E+000                  4.1223700950905181E-003                  6.3860009343961872E+000                 -6.2587852903568741E-001                  1.3882217665092773E+001                  6.9337613127065922E-001                  2.8644661765386298E-001                  2.0177251075477853E-002                  1.0270908161582279E-006                  2.7979252136775058E-021                  0.0000000000000000E+000 
                                    1067                  1.4612648261727688E+000                  3.4858682398430539E-003                  6.3889553371293442E+000                 -6.2140730763358831E-001                  1.3889664748013596E+001                  6.9337613194405801E-001                  2.8644661698824947E-001                  2.0177251067692525E-002                  1.0935115534464379E-006                  3.5418927454666663E-021                  0.0000000000000000E+000 
                                    1068                  1.4599434749969966E+000                  2.3806729018316908E-003                  6.3926032049744945E+000                 -6.1587247850484683E-001                  1.3898873827515766E+001                  6.9337613276277721E-001                  2.8644661617899564E-001                  2.0177251058227208E-002                  1.1813084591130866E-006                  4.7355983140294338E-021                  0.0000000000000000E+000 
                                    1069                  1.4586682186313162E+000                  1.3196301095622948E-003                  6.3959277573176578E+000                 -6.1082599714471286E-001                  1.3907268844410241E+001                  6.9337613349854410E-001                  2.8644661545173511E-001                  2.0177251049720790E-002                  1.2672408097463142E-006                  6.1665002224458484E-021                  0.0000000000000000E+000 
                                    1070                  1.4575493452147259E+000                  3.9311727893862687E-004                  6.3981372186792749E+000                 -6.0746582363846668E-001                  1.3912854366347336E+001                  6.9337613398129838E-001                  2.8644661497456203E-001                  2.0177251044139588E-002                  1.3276817874638563E-006                  7.3467133116268621E-021                  0.0000000000000000E+000 
                                    1071                  1.4570620039903981E+000                 -9.1708913872565882E-006                  6.4000244254506029E+000                 -6.0460769435201855E-001                  1.3917613303979474E+001                  6.9337613439216250E-001                  2.8644661456844805E-001                  2.0177251039389388E-002                  1.3814685932020361E-006                  8.5298807069758091E-021                  0.0000000000000000E+000 
                                    1072                  1.4561690965937655E+000                 -7.4429080658280108E-004                  6.4026489737083594E+000                 -6.0062869468531721E-001                  1.3924235726714292E+001                  6.9337613495789541E-001                  2.8644661400925575E-001                  2.0177251032848842E-002                  1.4598000215279427E-006                  1.0495017238223979E-020                  0.0000000000000000E+000 
                                    1073                  1.4551278873246627E+000                 -1.5983626770713704E-003                  6.4055431705925843E+000                 -5.9623945679447776E-001                  1.3931539938266662E+001                  6.9337613557480726E-001                  2.8644661339947608E-001                  2.0177251025716658E-002                  1.5511639591882582E-006                  1.3184752318959149E-020                  0.0000000000000000E+000 
                                    1074                  1.4540168219113847E+000                 -2.5060774039223728E-003                  6.4080635182412982E+000                 -5.9241119173007095E-001                  1.3937906594159539E+001                  6.9337613610543114E-001                  2.8644661287498685E-001                  2.0177251019582010E-002                  1.6352329889918697E-006                  1.6076592491272316E-020                  0.0000000000000000E+000 
                                    1075                  1.4532365420901738E+000                 -3.1413303359760602E-003                  6.4100253215701928E+000                 -5.8943428259796027E-001                  1.3942859346957881E+001                  6.9337613651524388E-001                  2.8644661246991210E-001                  2.0177251014844022E-002                  1.7036922946755328E-006                  1.8754923519570289E-020                  0.0000000000000000E+000 
                                    1076                  1.4525341114140891E+000                 -3.7116670312841702E-003                  6.4126651104223935E+000                 -5.8543901171114388E-001                  1.3949513319560770E+001                  6.9337613706320822E-001                  2.8644661192828286E-001                  2.0177251008508978E-002                  1.8001537920882047E-006                  2.3067413351157463E-020                  0.0000000000000000E+000 
                                    1077                  1.4512273354787180E+000                 -4.7689089796352519E-003                  6.4157211282675783E+000                 -5.8079822184473329E-001                  1.3957231930830854E+001                  6.9337613768817585E-001                  2.8644661131054056E-001                  2.0177251001283647E-002                  1.9184950554418851E-006                  2.9298896089574851E-020                  0.0000000000000000E+000 
                                    1078                  1.4501853849477275E+000                 -5.6084173888128102E-003                  6.4177867438637275E+000                 -5.7765889200545817E-001                  1.3962451586558322E+001                  6.9337613810593213E-001                  2.8644661089761408E-001                  2.0177250996453733E-002                  2.0027192398899241E-006                  3.4428329739426803E-020                  0.0000000000000000E+000 
                                    1079                  1.4496264692031589E+000                 -6.0574917625937606E-003                  6.4197680221046882E+000                 -5.7465803366904411E-001                  1.3967447861475179E+001                  6.9337613850486479E-001                  2.8644661050329356E-001                  2.0177250991841644E-002                  2.0868067505373007E-006                  4.0179807702268268E-020                  0.0000000000000000E+000 
                                    1080                  1.4486407054361476E+000                 -6.8474463047422211E-003                  6.4224707274718726E+000                 -5.7056013347861467E-001                  1.3974267717402487E+001                  6.9337613904335416E-001                  2.8644660997102989E-001                  2.0177250985615958E-002                  2.2070564342716263E-006                  4.9587786742092376E-020                  0.0000000000000000E+000 
                                    1081                  1.4475031611853952E+000                 -7.7557831113945659E-003                  6.4248470202742869E+000                 -5.6694983002141064E-001                  1.3980271193030260E+001                  6.9337613951096322E-001                  2.8644660950882694E-001                  2.0177250980209838E-002                  2.3183340989132113E-006                  5.9643507101204681E-020                  0.0000000000000000E+000 
                                    1082                  1.4467581012107407E+000                 -8.3488614660363163E-003                  6.4270213819306816E+000                 -5.6365404620203263E-001                  1.3985756800981003E+001                  6.9337613993599523E-001                  2.8644660908870873E-001                  2.0177250975295991E-002                  2.4248496266393759E-006                  7.0600060013353297E-020                  0.0000000000000000E+000 
                                    1083                  1.4457686532198388E+000                 -9.1342517094560507E-003                  6.4298935554664371E+000                 -5.5930175626545287E-001                  1.3993001675622644E+001                  6.9337614049189722E-001                  2.8644660853923370E-001                  2.0177250968869131E-002                  2.5728144380739221E-006                  8.8179895305494062E-020                  0.0000000000000000E+000 
                                    1084                  1.4444486682723507E+000                 -1.0178136871557705E-002                  6.4325145936132460E+000                 -5.5531777935716875E-001                  1.3999625251317132E+001                  6.9337614099188516E-001                  2.8644660804502625E-001                  2.0177250963088644E-002                  2.7155063695615577E-006                  1.0797518623247710E-019                  0.0000000000000000E+000 
                                    1085                  1.4436418782839322E+000                 -1.0814024712132568E-002                  6.4353435462257549E+000                 -5.5103640363043238E-001                  1.4006755669358387E+001                  6.9337614152810156E-001                  2.8644660751500911E-001                  2.0177250956889381E-002                  2.8779713427323924E-006                  1.3428986796559961E-019                  0.0000000000000000E+000 
                                    1086                  1.4421348951210693E+000                 -1.1997543876400169E-002                  6.4381096743908088E+000                 -5.4682857872879842E-001                  1.4013749164467082E+001                  6.9337614204354880E-001                  2.8644660700552105E-001                  2.0177250950930148E-002                  3.0460417265843207E-006                  1.6614585926519782E-019                  0.0000000000000000E+000 
                                    1087                  1.4413579558987266E+000                 -1.2605586955880899E-002                  6.4404451228935233E+000                 -5.4328992180737767E-001                  1.4019639813417324E+001                  6.9337614247606760E-001                  2.8644660657800275E-001                  2.0177250945929703E-002                  3.1951899846219793E-006                  1.9878300427295407E-019                  0.0000000000000000E+000 
                                    1088                  1.4401922530939402E+000                 -1.3515233401438261E-002                  6.4433506931151641E+000                 -5.3888284724543578E-001                  1.4026973008561901E+001                  6.9337614300779304E-001                  2.8644660605242472E-001                  2.0177250939782176E-002                  3.3906549586626947E-006                  2.4837014177058090E-019                  0.0000000000000000E+000 
                                    1089                  1.4389209901468110E+000                 -1.4503695755937119E-002                  6.4457279033740393E+000                 -5.3526912419259576E-001                  1.4032980712973043E+001                  6.9337614343704346E-001                  2.8644660562813690E-001                  2.0177250934819702E-002                  3.5591892425413217E-006                  2.9790986302977206E-019                  0.0000000000000000E+000 
                                    1090                  1.4381814795311774E+000                 -1.5077017840122237E-002                  6.4478638307967753E+000                 -5.3203191025555585E-001                  1.4038368954324715E+001                  6.9337614382039192E-001                  2.8644660524922039E-001                  2.0177250930387691E-002                  3.7174149953952722E-006                  3.5069061839216421E-019                  0.0000000000000000E+000 
                                    1091                  1.4371024247885398E+000                 -1.5911413008890315E-002                  6.4502126156828012E+000                 -5.2846606578195976E-001                  1.4044300157093787E+001                  6.9337614423725047E-001                  2.8644660483718132E-001                  2.0177250925568213E-002                  3.8993078930553043E-006                  4.1946875876375042E-019                  0.0000000000000000E+000 
                                    1092                  1.4361674151662163E+000                 -1.6632373930529912E-002                  6.4529654388357010E+000                 -5.2429594941839552E-001                  1.4051242547941346E+001                  6.9337614472181330E-001                  2.8644660435822056E-001                  2.0177250919966139E-002                  4.1233571533623743E-006                  5.1721561447880140E-019                  0.0000000000000000E+000 
                                    1093                  1.4347240708265423E+000                 -1.7741651486546061E-002                  6.4558116608219489E+000                 -5.1997084772822322E-001                  1.4058433919992133E+001                  6.9337614521526125E-001                  2.8644660387047749E-001                  2.0177250914261258E-002                  4.3682040094890764E-006                  6.4202067707937041E-019                  0.0000000000000000E+000 
                                    1094                  1.4336863053880007E+000                 -1.8536530674117209E-002                  6.4578337222917641E+000                 -5.1689921917721915E-001                  1.4063541852196018E+001                  6.9337614556238214E-001                  2.8644660352736973E-001                  2.0177250910248135E-002                  4.5506127171948934E-006                  7.4837845170548539E-019                  0.0000000000000000E+000 
                                    1095                  1.4329484048571588E+000                 -1.9100384443000870E-002                  6.4604247334584430E+000                 -5.1297774929943540E-001                  1.4070072634290741E+001                  6.9337614600467146E-001                  2.8644660309019382E-001                  2.0177250905134780E-002                  4.7949634321884506E-006                  9.1046565437218474E-019                  0.0000000000000000E+000 
                                    1096                  1.4313961209729147E+000                 -2.0282982301071600E-002                  6.4639819488203525E+000                 -5.0758027807281825E-001                  1.4079052383384093E+001                  6.9337614660235858E-001                  2.8644660249941667E-001                  2.0177250898224752E-002                  5.1513295092873486E-006                  1.1909780218131923E-018                  0.0000000000000000E+000 
                                    1097                  1.4297739533336862E+000                 -2.1513772938268363E-002                  6.4667214396058386E+000                 -5.0341201398025925E-001                  1.4085979387525667E+001                  6.9337614705510631E-001                  2.8644660205190320E-001                  2.0177250892990495E-002                  5.4432231588883048E-006                  1.4639738717191407E-018                  0.0000000000000000E+000 
                                    1098                  1.4289274143571711E+000                 -2.2154059984640324E-002                  6.4693957261657467E+000                 -4.9936275374847877E-001                  1.4092721799470876E+001                  6.9337614749438836E-001                  2.8644660161769980E-001                  2.0177250887911891E-002                  5.7432777445149523E-006                  1.7899162352043873E-018                  0.0000000000000000E+000 
                                    1099                  1.4273458350038275E+000                 -2.3346723778973091E-002                  6.4723166644919274E+000                 -4.9492238378819969E-001                  1.4100103638784274E+001                  6.9337614796634583E-001                  2.8644660115119874E-001                  2.0177250882455366E-002                  6.0895010002682597E-006                  2.2284585727313407E-018                  0.0000000000000000E+000 
                                    1100                  1.4262519914289746E+000                 -2.4168899794033191E-002                  6.4751102151220437E+000                 -4.9068745618505510E-001                  1.4107151796130136E+001                  6.9337614841359507E-001                  2.8644660070912020E-001                  2.0177250877284725E-002                  6.4392506135474465E-006                  2.7467570582950572E-018                  0.0000000000000000E+000 
                                    1101                  1.4247661764341761E+000                 -2.5282276767596725E-002                  6.4785390728447281E+000                 -4.8548633484738529E-001                  1.4115805914255253E+001                  6.9337614895486244E-001                  2.8644660017411061E-001                  2.0177250871026953E-002                  6.8951583176558728E-006                  3.5484208371445627E-018                  0.0000000000000000E+000 
                                    1102                  1.4230563196073196E+000                 -2.6558776127837597E-002                  6.4812867928279401E+000                 -4.8130448691835581E-001                  1.4122754769112808E+001                  6.9337614938120196E-001                  2.8644659975270009E-001                  2.0177250866098007E-002                  7.2830807066074309E-006                  4.3547968642161334E-018                  0.0000000000000000E+000 
                                    1103                  1.4221811377916820E+000                 -2.7210209843821321E-002                  6.4834108915952786E+000                 -4.7808272469183566E-001                  1.4128115582691340E+001                  6.9337614970855244E-001                  2.8644659942913420E-001                  2.0177250862313367E-002                  7.5971239157670520E-006                  5.1001224718254469E-018                  0.0000000000000000E+000 
                                    1104                  1.4210444542997682E+000                 -2.8054385653280157E-002                  6.4859380531473150E+000                 -4.7424797568719312E-001                  1.4134495276497486E+001                  6.9337615009388942E-001                  2.8644659904825215E-001                  2.0177250857858375E-002                  7.9878366191338998E-006                  6.1528158563917056E-018                  0.0000000000000000E+000 
                                    1105                  1.4197711769810935E+000                 -2.8997495719311171E-002                  6.4892673281972133E+000                 -4.6920378745918029E-001                  1.4142892198394660E+001                  6.9337615059592306E-001                  2.8644659855202259E-001                  2.0177250852054351E-002                  8.5321143400646031E-006                  7.8739305245453399E-018                  0.0000000000000000E+000 
                                    1106                  1.4178430664298953E+000                 -3.0420727562875137E-002                  6.4930849687659640E+000                 -4.6340518808219816E-001                  1.4152535282355407E+001                  6.9337615116097406E-001                  2.8644659799350436E-001                  2.0177250845521577E-002                  9.2006326574725697E-006                  1.0440277224802381E-017                  0.0000000000000000E+000 
                                    1107                  1.4160613508721818E+000                 -3.1730764873032710E-002                  6.4961547643937010E+000                 -4.5873675717448253E-001                  1.4160295074051694E+001                  6.9337615160780230E-001                  2.8644659755184193E-001                  2.0177250840355709E-002                  9.7747292611601705E-006                  1.3091403696059083E-017                  0.0000000000000000E+000 
                                    1108                  1.4148301165533430E+000                 -3.2633243918700060E-002                  6.4987106582658418E+000                 -4.5485691814608348E-001                  1.4166748792468796E+001                  6.9337615197595837E-001                  2.8644659718794224E-001                  2.0177250836099336E-002                  1.0278787613970759E-005                  1.5799033958757001E-017                  0.0000000000000000E+000 
                                    1109                  1.4135330736736893E+000                 -3.3581546666546780E-002                  6.5022609868016490E+000                 -4.4948116375346575E-001                  1.4175699917555717E+001                  6.9337615248189799E-001                  2.8644659668785188E-001                  2.0177250830250126E-002                  1.1020420982926533E-005                  2.0500733994698007E-017                  0.0000000000000000E+000 
                                    1110                  1.4112884838073525E+000                 -3.5216961611632562E-002                  6.5068560334898295E+000                 -4.4250651209144559E-001                  1.4187301969262339E+001                  6.9337615312301026E-001                  2.8644659605415157E-001                  2.0177250822838166E-002                  1.2057733786272640E-005                  2.8693039565615399E-017                  0.0000000000000000E+000 
                                    1111                  1.4088954978035484E+000                 -3.6952815159921534E-002                  6.5108279205779951E+000                 -4.3646226323225201E-001                  1.4197346020821147E+001                  6.9337615366490446E-001                  2.8644659551852242E-001                  2.0177250816573178E-002                  1.3030218624146078E-005                  3.8335284140811242E-017                  0.0000000000000000E+000 
                                    1112                  1.4072307964419519E+000                 -3.8155840233285748E-002                  6.5139073045261000E+000                 -4.3178385969780608E-001                  1.4205125490765736E+001                  6.9337615407912656E-001                  2.8644659510908915E-001                  2.0177250811784342E-002                  1.3835587891276844E-005                  4.7960635787250375E-017                  0.0000000000000000E+000 
                                    1113                  1.4057191438244216E+000                 -3.9245148164392771E-002                  6.5166133971514952E+000                 -4.2767181658409614E-001                  1.4211962684925190E+001                  6.9337615443827039E-001                  2.8644659475409756E-001                  2.0177250807632108E-002                  1.4582825626542972E-005                  5.8370764345772874E-017                  0.0000000000000000E+000 
                                    1114                  1.4044171252033530E+000                 -4.0181075082325608E-002                  6.5194624454955825E+000                 -4.2334955097243659E-001                  1.4219154100598969E+001                  6.9337615481230397E-001                  2.8644659438438819E-001                  2.0177250803307789E-002                  1.5411319222050315E-005                  7.1749722997377425E-017                  0.0000000000000000E+000 
                                    1115                  1.4027345629794559E+000                 -4.1387461895791740E-002                  6.5221897601345225E+000                 -4.1920178470780445E-001                  1.4226048392393640E+001                  6.9337615516475548E-001                  2.8644659403601147E-001                  2.0177250799233049E-002                  1.6247219449728052E-005                  8.7387457524912082E-017                  0.0000000000000000E+000 
                                    1116                  1.4015377640632809E+000                 -4.2243480296152429E-002                  6.5242795638830033E+000                 -4.1602626788066727E-001                  1.4231328450667686E+001                  6.9337615543208975E-001                  2.8644659377176790E-001                  2.0177250796142410E-002                  1.6917047575878862E-005                  1.0161134543378614E-016                  0.0000000000000000E+000 
                                    1117                  1.4005139283707921E+000                 -4.2974446520372300E-002                  6.5266973022442611E+000                 -4.1235947927040245E-001                  1.4237430064013468E+001                  6.9337615573884825E-001                  2.8644659346855589E-001                  2.0177250792595913E-002                  1.7724949942490885E-005                  1.2094238987083358E-016                  0.0000000000000000E+000 
                                    1118                  1.3989533130099592E+000                 -4.4086331346385142E-002                  6.5301087674730400E+000                 -4.0718542552836662E-001                  1.4246039707035441E+001                  6.9337615616583670E-001                  2.8644659304650411E-001                  2.0177250787659196E-002                  1.8928494209928660E-005                  1.5455116296554255E-016                  0.0000000000000000E+000 
                                    1119                  1.3968385283536664E+000                 -4.5588700028845880E-002                  6.5330788000821007E+000                 -4.0266163423892698E-001                  1.4253554472073102E+001                  6.9337615653019380E-001                  2.8644659268635925E-001                  2.0177250783447009E-002                  2.0041054802128977E-005                  1.9124376967157146E-016                  0.0000000000000000E+000 
                                    1120                  1.3957252431455001E+000                 -4.6377617109350906E-002                  6.5350699927302216E+000                 -3.9963651661922245E-001                  1.4258584862323435E+001                  6.9337615677236519E-001                  2.8644659244698772E-001                  2.0177250780647027E-002                  2.0821606976286591E-005                  2.2054120407785953E-016                  0.0000000000000000E+000 
                                    1121                  1.3946603703062523E+000                 -4.7130991819721101E-002                  6.5369051783722645E+000                 -3.9684785865130073E-001                  1.4263221687502686E+001                  6.9337615699349975E-001                  2.8644659222840968E-001                  2.0177250778090627E-002                  2.1566934142976571E-005                  2.5145595683715858E-016                  0.0000000000000000E+000 
                                    1122                  1.3937075289498915E+000                 -4.7804100284008333E-002                  6.5393341012004393E+000                 -3.9316557182912293E-001                  1.4269350124273659E+001                  6.9337615728404767E-001                  2.8644659194122085E-001                  2.0177250774731537E-002                  2.2592597582016548E-005                  2.9904608710570066E-016                  0.0000000000000000E+000 
                                    1123                  1.3919751669022524E+000                 -4.9025510951747647E-002                  6.5422039564560670E+000                 -3.8880244016510906E-001                  1.4276603432518376E+001                  6.9337615762188287E-001                  2.8644659160729147E-001                  2.0177250770825661E-002                  2.3865814481830663E-005                  3.6687497462151955E-016                  0.0000000000000000E+000 
                                    1124                  1.3905122377289065E+000                 -5.0054615181120296E-002                  6.5444225070504247E+000                 -3.8542791029645601E-001                  1.4282212229431360E+001                  6.9337615787973794E-001                  2.8644659135241751E-001                  2.0177250767844601E-002                  2.4897308883330462E-005                  4.2955826882653685E-016                  0.0000000000000000E+000 
                                    1125                  1.3894885246685282E+000                 -5.0773504838743856E-002                  6.5472150989861451E+000                 -3.8119707757933424E-001                  1.4289255523465135E+001                  6.9337615820198051E-001                  2.8644659103390041E-001                  2.0177250764119137E-002                  2.6255895349937974E-005                  5.2368894447719587E-016                  0.0000000000000000E+000 
                                    1126                  1.3873623760081997E+000                 -5.2263409597112939E-002                  6.5500602939877748E+000                 -3.7686246326037465E-001                  1.4296455500420722E+001                  6.9337615852367696E-001                  2.8644659071592321E-001                  2.0177250760399890E-002                  2.7715007200264993E-005                  6.4060174564083932E-016                  0.0000000000000000E+000 
                                    1127                  1.3862550157860445E+000                 -5.3037723240168887E-002                  6.5518584379415037E+000                 -3.7412904971486671E-001                  1.4300999840343069E+001                  6.9337615872524805E-001                  2.8644659051668248E-001                  2.0177250758069531E-002                  2.8676741427336109E-005                  7.2743694861651527E-016                  0.0000000000000000E+000 
                                    1128                  1.3853068051347492E+000                 -5.3699869969165433E-002                  6.5543580951237859E+000                 -3.7034008529185963E-001                  1.4307306291876850E+001                  6.9337615900351768E-001                  2.8644659024162999E-001                  2.0177250754852327E-002                  3.0066526550552627E-005                  8.6777497279627761E-016                  0.0000000000000000E+000 
                                    1129                  1.3833821025236910E+000                 -5.5041486959410503E-002                  6.5571946121857501E+000                 -3.6602324815569387E-001                  1.4314479832655913E+001                  6.9337615931367680E-001                  2.8644658993505667E-001                  2.0177250751266529E-002                  3.1723533344574086E-005                  1.0597167409418861E-015                  0.0000000000000000E+000 
                                    1130                  1.3820239668640077E+000                 -5.5986247135657259E-002                  6.5589871256268015E+000                 -3.6329476564852525E-001                  1.4319013597281954E+001                  6.9337615950741860E-001                  2.8644658974355491E-001                  2.0177250749026543E-002                  3.2815725815736571E-005                  1.2020926367296062E-015                  0.0000000000000000E+000 
                                    1131                  1.3812953396040983E+000                 -5.6492459054611976E-002                  6.5608437762245675E+000                 -3.6047811358897153E-001                  1.4323700176170524E+001                  6.9337615970711952E-001                  2.8644658954616264E-001                  2.0177250746717834E-002                  3.3984432802535447E-005                  1.3694885267533757E-015                  0.0000000000000000E+000 
                                    1132                  1.3798528432021417E+000                 -5.7493346040544312E-002                  6.5635144866391970E+000                 -3.5642152816390160E-001                  1.4330446571174249E+001                  6.9337615999076119E-001                  2.8644658926580024E-001                  2.0177250743438568E-002                  3.5736580979305102E-005                  1.6514795709279513E-015                  0.0000000000000000E+000 
                                    1133                  1.3781543292610785E+000                 -5.8669728141343185E-002                  6.5664744355552926E+000                 -3.5192362800360544E-001                  1.4337925611664359E+001                  6.9337616030058979E-001                  2.8644658895955361E-001                  2.0177250739856545E-002                  3.7780364184138894E-005                  2.0314622599103295E-015                  0.0000000000000000E+000 
                                    1134                  1.3763470475866004E+000                 -5.9918967089050451E-002                  6.5688913664580388E+000                 -3.4824304568232350E-001                  1.4344040422343445E+001                  6.9337616054954265E-001                  2.8644658871347894E-001                  2.0177250736978403E-002                  3.9533029855570757E-005                  2.4049571883290400E-015                  0.0000000000000000E+000 
                                    1135                  1.3752723436167946E+000                 -6.0660644734085785E-002                  6.5708744106521060E+000                 -3.4523022083647142E-001                  1.4349050530767594E+001                  6.9337616075214703E-001                  2.8644658851321692E-001                  2.0177250734636054E-002                  4.1028662933963686E-005                  2.7614810961288346E-015                  0.0000000000000000E+000 
                                    1136                  1.3739697161223772E+000                 -6.1558471995335706E-002                  6.5729358949393060E+000                 -3.4209537482917080E-001                  1.4354261669947279E+001                  6.9337616096039556E-001                  2.8644658830737596E-001                  2.0177250732228424E-002                  4.2641489008654479E-005                  3.1875800540143968E-015                  0.0000000000000000E+000 
                                    1137                  1.3727886023835418E+000                 -6.2371481838585083E-002                  6.5759486445238915E+000                 -3.3752929987156149E-001                  1.4361862234754547E+001                  6.9337616126213220E-001                  2.8644658800912787E-001                  2.0177250728739882E-002                  4.5107279666774446E-005                  3.9296140982846926E-015                  0.0000000000000000E+000 
                                    1138                  1.3703175561991723E+000                 -6.4069268615231240E-002                  6.5790657621755582E+000                 -3.3277680334754361E-001                  1.4369754269724455E+001                  6.9337616156720117E-001                  2.8644658770758580E-001                  2.0177250725213036E-002                  4.7806010540821406E-005                  4.8775742614805540E-015                  0.0000000000000000E+000 
                                    1139                  1.3689811809541383E+000                 -6.4985702851210372E-002                  6.5821425235856594E+000                 -3.2811077710148695E-001                  1.4377519338073407E+001                  6.9337616186558459E-001                  2.8644658741265211E-001                  2.0177250721763240E-002                  5.0619069513265279E-005                  6.0339861822898281E-015                  0.0000000000000000E+000 
                                    1140                  1.3665316173095965E+000                 -6.6662512435189961E-002                  6.5854535584777878E+000                 -3.2306606755548817E-001                  1.4385899015643696E+001                  6.9337616217959563E-001                  2.8644658710227139E-001                  2.0177250718133033E-002                  5.3827247223491561E-005                  7.5828102315883365E-015                  0.0000000000000000E+000 
                                    1141                  1.3648753647404397E+000                 -6.7794106871121265E-002                  6.5877387505090583E+000                 -3.1958694091849893E-001                  1.4391679896459554E+001                  6.9337616239339972E-001                  2.8644658689093916E-001                  2.0177250715661121E-002                  5.6154422067181672E-005                  8.8750113129317822E-015                  0.0000000000000000E+000 
                                    1142                  1.3636790015788478E+000                 -6.8610445925500682E-002                  6.5897293129248835E+000                 -3.1656025506917185E-001                  1.4396711610499453E+001                  6.9337616257787660E-001                  2.8644658670859502E-001                  2.0177250713528383E-002                  5.8259755227116954E-005                  1.0176502133849855E-014                  0.0000000000000000E+000 
                                    1143                  1.3623779756245684E+000                 -6.9497237194790340E-002                  6.5922939006164896E+000                 -3.1266527810709421E-001                  1.4403189863471470E+001                  6.9337616281308923E-001                  2.8644658647610177E-001                  2.0177250710809003E-002                  6.1083867418118044E-005                  1.2134791912294159E-014                  0.0000000000000000E+000 
                                    1144                  1.3604441666722520E+000                 -7.0813546256759632E-002                  6.5955124598927064E+000                 -3.0777186185113459E-001                  1.4411325323146597E+001                  6.9337616310343153E-001                  2.8644658618911617E-001                  2.0177250707452243E-002                  6.4815864236664569E-005                  1.5127154957106454E-014                  0.0000000000000000E+000 
                                    1145                  1.3582906696548720E+000                 -7.2276950737136705E-002                  6.5987225730783017E+000                 -3.0288609367096853E-001                  1.4419444664532481E+001                  6.9337616338773322E-001                  2.8644658590810129E-001                  2.0177250704165539E-002                  6.8757135640084809E-005                  1.8836908436257274E-014                  0.0000000000000000E+000 
                                    1146                  1.3563370445376193E+000                 -7.3602387959035107E-002                  6.6009927759155884E+000                 -2.9942444581575878E-001                  1.4425193115717736E+001                  6.9337616358539467E-001                  2.8644658571272513E-001                  2.0177250701880256E-002                  7.1683757054700177E-005                  2.1990886933187679E-014                  0.0000000000000000E+000 
                                    1147                  1.3553677172050052E+000                 -7.4259291190742482E-002                  6.6025089508960368E+000                 -2.9711778660403670E-001                  1.4429027076114476E+001                  6.9337616371645616E-001                  2.8644658558317887E-001                  2.0177250700365024E-002                  7.3703857316437292E-005                  2.4382409348408504E-014                  0.0000000000000000E+000 
                                    1148                  1.3543764362046833E+000                 -7.4930586083703274E-002                  6.6049025489574085E+000                 -2.9348512434067292E-001                  1.4435070967752656E+001                  6.9337616392185608E-001                  2.8644658538015361E-001                  2.0177250697990257E-002                  7.7003450840254487E-005                  2.8690927665624410E-014                  0.0000000000000000E+000 
                                    1149                  1.3522586258754274E+000                 -7.6363187652960962E-002                  6.6082242860502207E+000                 -2.8843163067553246E-001                  1.4443470672927944E+001                  6.9337616420164150E-001                  2.8644658510360288E-001                  2.0177250694755622E-002                  8.1821331117447535E-005                  3.5943510074597724E-014                  0.0000000000000000E+000 
                                    1150                  1.3500337831019777E+000                 -7.7865938713957056E-002                  6.6114864556469524E+000                 -2.8346538486049444E-001                  1.4451723176448347E+001                  6.9337616447127803E-001                  2.8644658483708363E-001                  2.0177250691638338E-002                  8.6835232894529580E-005                  4.4824040928513459E-014                  0.0000000000000000E+000 
                                    1151                  1.3479622051480782E+000                 -7.9263185157991314E-002                  6.6143102497864534E+000                 -2.7916383335989470E-001                  1.4458869416062214E+001                  6.9337616470061636E-001                  2.8644658461039668E-001                  2.0177250688987014E-002                  9.1413653042972767E-005                  5.4241518109269935E-014                  0.0000000000000000E+000 
                                    1152                  1.3462894512592800E+000                 -8.0390094689868075E-002                  6.6170030731549501E+000                 -2.7506736533399229E-001                  1.4465678703982658E+001                  6.9337616491639265E-001                  2.8644658439711507E-001                  2.0177250686492343E-002                  9.5994386928803088E-005                  6.5034612263916348E-014                  0.0000000000000000E+000 
                                    1153                  1.3443696172528805E+000                 -8.1682063977262062E-002                  6.6196492817084414E+000                 -2.7103673858611405E-001                  1.4472375213652555E+001                  6.9337616512494860E-001                  2.8644658419097030E-001                  2.0177250684081161E-002                  1.0071182159952299E-004                  7.7704394140335203E-014                  0.0000000000000000E+000 
                                    1154                  1.3427383845239562E+000                 -8.2778686344587987E-002                  6.6221936783750177E+000                 -2.6716482532842717E-001                  1.4478810500085057E+001                  6.9337616532282875E-001                  2.8644658399537787E-001                  2.0177250681793435E-002                  1.0545681393999333E-004                  9.2177764710402179E-014                  0.0000000000000000E+000 
                                    1155                  1.3409357414778680E+000                 -8.3989395334727782E-002                  6.6244713544409120E+000                 -2.6369337229056994E-001                  1.4484576629265952E+001                  6.9337616549719827E-001                  2.8644658382302418E-001                  2.0177250679777492E-002                  1.0988772938818470E-004                  1.0737869168488036E-013                  0.0000000000000000E+000 
                                    1156                  1.3396485046768609E+000                 -8.4853227671476031E-002                  6.6267982661919529E+000                 -2.6015521507954198E-001                  1.4490459137812254E+001                  6.9337616567358218E-001                  2.8644658364867953E-001                  2.0177250677738234E-002                  1.1459702361030594E-004                  1.2546400043122907E-013                  0.0000000000000000E+000 
                                    1157                  1.3377632094630370E+000                 -8.6117391841355168E-002                  6.6289112737874598E+000                 -2.5693185702395194E-001                  1.4495811325762162E+001                  6.9337616583102946E-001                  2.8644658349305263E-001                  2.0177250675917913E-002                  1.1904410489869736E-004                  1.4448281308914302E-013                  0.0000000000000000E+000 
                                    1158                  1.3367541847272681E+000                 -8.6793496541928916E-002                  6.6308320632513897E+000                 -2.5401102713755963E-001                  1.4500667394921745E+001                  6.9337616597311769E-001                  2.8644658335260692E-001                  2.0177250674275449E-002                  1.2322773870266233E-004                  1.6422691849294917E-013                  0.0000000000000000E+000 
                                    1159                  1.3351206366356874E+000                 -8.7887396499866974E-002                  6.6342414215901622E+000                 -2.4883516449906437E-001                  1.4509278363648370E+001                  6.9337616622202969E-001                  2.8644658310657284E-001                  2.0177250671397529E-002                  1.3100191904577557E-004                  2.0605342019249307E-013                  0.0000000000000000E+000 
                                    1160                  1.3320369452124543E+000                 -8.9950273125472116E-002                  6.6374320311954680E+000                 -2.4395812519388568E-001                  1.4517370034082168E+001                  6.9337616644836175E-001                  2.8644658288285746E-001                  2.0177250668780733E-002                  1.3871397403047203E-004                  2.5468507496006444E-013                  0.0000000000000000E+000 
                                    1161                  1.3306766031667394E+000                 -9.0859420777467462E-002                  6.6394247376700166E+000                 -2.4092358766525312E-001                  1.4522412366921261E+001                  6.9337616658829915E-001                  2.8644658274453783E-001                  2.0177250667163027E-002                  1.4374643820065698E-004                  2.9063990996343956E-013                  0.0000000000000000E+000 
                                    1162                  1.3292460665015295E+000                 -9.1814958218442017E-002                  6.6418768572542710E+000                 -2.3719325315834044E-001                  1.4528613443513256E+001                  6.9337616675848346E-001                  2.8644658257632111E-001                  2.0177250665195379E-002                  1.5017918242661793E-004                  3.4182948779629659E-013                  0.0000000000000000E+000 
                                    1163                  1.3272264014198163E+000                 -9.3163152729465779E-002                  6.6448216549890802E+000                 -2.3270867932061645E-001                  1.4536065214268916E+001                  6.9337616695928650E-001                  2.8644658237783949E-001                  2.0177250662874013E-002                  1.5827255241753334E-004                  4.1519862938629943E-013                  0.0000000000000000E+000 
                                    1164                  1.3250799391963324E+000                 -9.4594950431383537E-002                  6.6475080890152070E+000                 -2.2861217588773969E-001                  1.4542868615660225E+001                  6.9337616713904360E-001                  2.8644658220016078E-001                  2.0177250660795565E-002                  1.6602267938900162E-004                  4.9560873057675820E-013                  0.0000000000000000E+000 
                                    1165                  1.3234043054574103E+000                 -9.5711980693625021E-002                  6.6496960334523800E+000                 -2.2527734628978802E-001                  1.4548408101737017E+001                  6.9337616728337814E-001                  2.8644658205749479E-001                  2.0177250659127122E-002                  1.7260262456132632E-004                  5.7232339263269626E-013                  0.0000000000000000E+000 
                                    1166                  1.3219517261040314E+000                 -9.6679853981219283E-002                  6.6528063899154528E+000                 -2.2055358458376761E-001                  1.4556266114417467E+001                  6.9337616748629571E-001                  2.8644658185692318E-001                  2.0177250656781109E-002                  1.8238278800524656E-004                  7.0194473195807523E-013                  0.0000000000000000E+000 
                                    1167                  1.3189328720954057E+000                 -9.8690157211451718E-002                  6.6559314260513860E+000                 -2.1577696933086973E-001                  1.4564191707731139E+001                  6.9337616768441468E-001                  2.8644658166109477E-001                  2.0177250654490608E-002                  1.9275849407330469E-004                  8.6141017915516547E-013                  0.0000000000000000E+000 
                                    1168                  1.3174330686775131E+000                 -9.9688299557273291E-002                  6.6582408870181018E+000                 -2.1226028047243503E-001                  1.4570035658455634E+001                  6.9337616782914324E-001                  2.8644658151803948E-001                  2.0177250652817280E-002                  2.0078258367475110E-004                  1.0017708068231897E-012                  0.0000000000000000E+000 
                                    1169                  1.3155749720541940E+000                 -1.0092441969508525E-001                  6.6612150242823862E+000                 -2.0773354727208085E-001                  1.4577559522622137E+001                  6.9337616801255808E-001                  2.8644658133674511E-001                  2.0177250650696754E-002                  2.1158928502918822E-004                  1.2162648458519401E-012                  0.0000000000000000E+000 
                                    1170                  1.3130863983357439E+000                 -1.0257924264036401E-001                  6.6641329718611795E+000                 -2.0328012040062851E-001                  1.4584953467431063E+001                  6.9337616818842884E-001                  2.8644658116290761E-001                  2.0177250648663492E-002                  2.2274049749300973E-004                  1.4707175183295901E-012                  0.0000000000000000E+000 
                                    1171                  1.3112869827949289E+000                 -1.0377531246095119E-001                  6.6664684301923556E+000                 -1.9971935562265539E-001                  1.4590867820528556E+001                  6.9337616832702775E-001                  2.8644658102591108E-001                  2.0177250647061218E-002                  2.3206882546527848E-004                  1.7117074566681920E-012                  0.0000000000000000E+000 
                                    1172                  1.3096369609447029E+000                 -1.0487177295525645E-001                  6.6687484826171008E+000                 -1.9624445002303861E-001                  1.4596640527190367E+001                  6.9337616846039218E-001                  2.8644658089408848E-001                  2.0177250645519340E-002                  2.4153682035380026E-004                  1.9845200263763895E-012                  0.0000000000000000E+000 
                                    1173                  1.3079045835958354E+000                 -1.0602268420777848E-001                  6.6706005169616667E+000                 -1.9341727776296017E-001                  1.4601334160767301E+001                  6.9337616856699258E-001                  2.8644658078872048E-001                  2.0177250644286993E-002                  2.4950245057111587E-004                  2.2374332058226349E-012                  0.0000000000000000E+000 
                                    1174                  1.3068791921158622E+000                 -1.0670378381738352E-001                  6.6724791907372252E+000                 -1.9055760342140490E-001                  1.4606087210165521E+001                  6.9337616867425711E-001                  2.8644658068269607E-001                  2.0177250643046873E-002                  2.5783558085417654E-004                  2.5264619273675262E-012                  0.0000000000000000E+000 
                                    1175                  1.3050968194772208E+000                 -1.0788752350530442E-001                  6.6755276113092474E+000                 -1.8591922441922271E-001                  1.4613797936933187E+001                  6.9337616884556774E-001                  2.8644658051336602E-001                  2.0177250641066236E-002                  2.7192843370848363E-004                  3.0758874162797681E-012                  0.0000000000000000E+000 
                                    1176                  1.3023022356261544E+000                 -1.0974316371500367E-001                  6.6789724649821887E+000                 -1.8066260721241797E-001                  1.4622526473060940E+001                  6.9337616903410326E-001                  2.8644658032701026E-001                  2.0177250638886424E-002                  2.8875544496118148E-004                  3.8399556977411596E-012                  0.0000000000000000E+000 
                                    1177                  1.2998950331983734E+000                 -1.1134130090904253E-001                  6.6816267749478353E+000                 -1.7660888129078461E-001                  1.4629255418091066E+001                  6.9337616917616163E-001                  2.8644658018659419E-001                  2.0177250637244182E-002                  3.0240163331732008E-004                  4.5541414353664522E-012                  0.0000000000000000E+000 
                                    1178                  1.2982723307070041E+000                 -1.1241851208204358E-001                  6.6837273410006439E+000                 -1.7340528881604655E-001                  1.4634576189248920E+001                  6.9337616928697454E-001                  2.8644658007706242E-001                  2.0177250635962984E-002                  3.1363508942033863E-004                  5.2110444293077782E-012                  0.0000000000000000E+000 
                                    1179                  1.2966918685094120E+000                 -1.1346764868615351E-001                  6.6861425343253895E+000                 -1.6972570144230606E-001                  1.4640690138884461E+001                  6.9337616941258218E-001                  2.8644657995290690E-001                  2.0177250634510924E-002                  3.2704411934609916E-004                  6.0826392899207711E-012                  0.0000000000000000E+000 
                                    1180                  1.2945742426981035E+000                 -1.1487336955401682E-001                  6.6889265118654180E+000                 -1.6547984665609641E-001                  1.4647742113777305E+001                  6.9337616955447434E-001                  2.8644657981265520E-001                  2.0177250632870458E-002                  3.4318808527437054E-004                  7.2672768653300804E-012                  0.0000000000000000E+000 
                                    1181                  1.2924099614921594E+000                 -1.1631011997899503E-001                  6.6915220062836260E+000                 -1.6151834253468514E-001                  1.4654319807373602E+001                  6.9337616968404747E-001                  2.8644657968458020E-001                  2.0177250631372323E-002                  3.5892961934156156E-004                  8.5759019676276395E-012                  0.0000000000000000E+000 
                                    1182                  1.2905637845224458E+000                 -1.1753579006583600E-001                  6.6946384430659434E+000                 -1.5677452899418023E-001                  1.4662205054114889E+001                  6.9337616983707828E-001                  2.8644657953331865E-001                  2.0177250629603072E-002                  3.7873728489080434E-004                  1.0457445553626524E-011                  0.0000000000000000E+000 
                                    1183                  1.2875694966843747E+000                 -1.1952402975654297E-001                  6.6975242826612149E+000                 -1.5235920683960971E-001                  1.4669529340818617E+001                  6.9337616997448492E-001                  2.8644657939750046E-001                  2.0177250628014676E-002                  3.9803376013152077E-004                  1.2561584562436347E-011                  0.0000000000000000E+000 
                                    1184                  1.2860608368590092E+000                 -1.2052596349959989E-001                  6.6997904438552105E+000                 -1.4890501360292288E-001                  1.4675267976185239E+001                  6.9337617008096919E-001                  2.8644657929224737E-001                  2.0177250626783438E-002                  4.1383306574049091E-004                  1.4502217812209300E-011                  0.0000000000000000E+000 
                                    1185                  1.2840166939150761E+000                 -1.2188378805590129E-001                  6.7019125360408500E+000                 -1.4566231066589957E-001                  1.4680649898929680E+001                  6.9337617017860520E-001                  2.8644657919574013E-001                  2.0177250625654675E-002                  4.2918117381002616E-004                  1.6587163247532320E-011                  0.0000000000000000E+000 
                                    1186                  1.2827225829142883E+000                 -1.2274357052733142E-001                  6.7046145333419700E+000                 -1.4155191338878939E-001                  1.4687484259488931E+001                  6.9337617030155152E-001                  2.8644657907421522E-001                  2.0177250624233256E-002                  4.4949725670704189E-004                  1.9674359221459560E-011                  0.0000000000000000E+000 
                                    1187                  1.2797470816034962E+000                 -1.2472108657208861E-001                  6.7084889328983834E+000                 -1.3564071150045423E-001                  1.4697301410882087E+001                  6.9337617047245925E-001                  2.8644657890528341E-001                  2.0177250622257281E-002                  4.8026739187402692E-004                  2.5116228707524749E-011                  0.0000000000000000E+000 
                                    1188                  1.2765693253628965E+000                 -1.2683411130693445E-001                  6.7117882842390584E+000                 -1.3059418486667715E-001                  1.4705674223645868E+001                  6.9337617061321000E-001                  2.8644657876615992E-001                  2.0177250620630138E-002                  5.0807202545635169E-004                  3.0905971001380972E-011                  0.0000000000000000E+000 
                                    1189                  1.2744782891639523E+000                 -1.2822520823628059E-001                  6.7147903652136014E+000                 -1.2601652047833062E-001                  1.4713278652939589E+001                  6.9337617073867575E-001                  2.8644657864214462E-001                  2.0177250619179632E-002                  5.3469275071046766E-004                  3.7308573678432990E-011                  0.0000000000000000E+000 
                                    1190                  1.2717493884341391E+000                 -1.3004162712594108E-001                  6.7174193236517556E+000                 -1.2199362871814713E-001                  1.4719952133842900E+001                  6.9337617084527814E-001                  2.8644657853677474E-001                  2.0177250617947173E-002                  5.5911939440001640E-004                  4.3982389192283170E-011                  0.0000000000000000E+000 
                                    1191                  1.2702405906152952E+000                 -1.3104640531872180E-001                  6.7202402006461242E+000                 -1.1769853029524462E-001                  1.4727091515757436E+001                  6.9337617095804538E-001                  2.8644657842531129E-001                  2.0177250616643327E-002                  5.8649152393071410E-004                  5.2455409823038452E-011                  0.0000000000000000E+000 
                                    1192                  1.2671801719031137E+000                 -1.3308573928344794E-001                  6.7233665104125313E+000                 -1.1291514303485821E-001                  1.4735027148498247E+001                  6.9337617107868998E-001                  2.8644657830606141E-001                  2.0177250615248665E-002                  6.1836412983171097E-004                  6.3741882838011139E-011                  0.0000000000000000E+000 
                                    1193                  1.2651567535157668E+000                 -1.3443499639068729E-001                  6.7255327794223367E+000                 -1.0960358209674570E-001                  1.4740523033724667E+001                  6.9337617116045480E-001                  2.8644657822524183E-001                  2.0177250614303421E-002                  6.4141384230725646E-004                  7.2937745676078308E-011                  0.0000000000000000E+000 
                                    1194                  1.2636429904655408E+000                 -1.3544493469885280E-001                  6.7276303855967088E+000                 -1.0640206590791171E-001                  1.4745839719820605E+001                  6.9337617123833561E-001                  2.8644657814826147E-001                  2.0177250613402919E-002                  6.6451026376373372E-004                  8.3086506930048037E-011                  0.0000000000000000E+000 
                                    1195                  1.2617200110084130E+000                 -1.3672859446467028E-001                  6.7306159786450896E+000                 -1.0185006669716977E-001                  1.4753402430866714E+001                  6.9337617134681695E-001                  2.8644657804103435E-001                  2.0177250612148701E-002                  6.9875859538666917E-004                  9.9978023298922720E-011                  0.0000000000000000E+000 
                                    1196                  1.2587321851363937E+000                 -1.3872475877746429E-001                  6.7331594580302747E+000                 -9.7951762703416198E-002                  1.4759865599082145E+001                  6.9337617143588048E-001                  2.8644657795300049E-001                  2.0177250611119080E-002                  7.2930146813821126E-004                  1.1701962293819888E-010                  0.0000000000000000E+000 
                                    1197                  1.2575226422341290E+000                 -1.3953343395400114E-001                  6.7348656223322774E+000                 -9.5346866606318872E-002                  1.4764191102622510E+001                  6.9337617149485831E-001                  2.8644657789470451E-001                  2.0177250610437181E-002                  7.5048639441699177E-004                  1.3002547569300752E-010                  0.0000000000000000E+000 
                                    1198                  1.2559063730008582E+000                 -1.4061460890445143E-001                  6.7375001498364684E+000                 -9.1329454867546164E-002                  1.4770865443977268E+001                  6.9337617158420839E-001                  2.8644657780638744E-001                  2.0177250609404229E-002                  7.8435498874105324E-004                  1.5296241407930601E-010                  0.0000000000000000E+000 
                                    1199                  1.2531448889819794E+000                 -1.4246345380263972E-001                  6.7408216555690155E+000                 -8.6253479767461644E-002                  1.4779291243772972E+001                  6.9337617169299104E-001                  2.8644657769886239E-001                  2.0177250608146569E-002                  8.2917216346105468E-004                  1.8765320682845604E-010                  0.0000000000000000E+000 
                                    1200                  1.2503656402146575E+000                 -1.4432629949806461E-001                  6.7435997925705076E+000                 -8.2000389674102059E-002                  1.4786346232773026E+001                  6.9337617178076472E-001                  2.8644657761210351E-001                  2.0177250607131825E-002                  8.6855218543293905E-004                  2.2255967955138578E-010                  0.0000000000000000E+000 
                                    1201                  1.2484922040622597E+000                 -1.4558324540214823E-001                  6.7466751837573682E+000                 -7.7311029472817455E-002                  1.4794137510767051E+001                  6.9337617187573664E-001                  2.8644657751822966E-001                  2.0177250606033703E-002                  9.1420031787413326E-004                  2.6870052926548098E-010                  0.0000000000000000E+000 
                                    1202                  1.2451911973360577E+000                 -1.4780064197430670E-001                  6.7496427530418561E+000                 -7.2761222951136892E-002                  1.4801680478562643E+001                  6.9337617196322499E-001                  2.8644657743175272E-001                  2.0177250605022290E-002                  9.6048202478174179E-004                  3.2216070090330689E-010                  0.0000000000000000E+000 
                                    1203                  1.2434832838414540E+000                 -1.4894923219057971E-001                  6.7520627218148146E+000                 -6.9065458696136589E-002                  1.4807817250135802E+001                  6.9337617203301194E-001                  2.8644657736277268E-001                  2.0177250604215380E-002                  9.9984785119271906E-004                  3.7341587364460224E-010                  0.0000000000000000E+000 
                                    1204                  1.2410893303535571E+000                 -1.5056083633158607E-001                  6.7543438015251533E+000                 -6.5571639255925657E-002                  1.4813612004000495E+001                  6.9337617209652602E-001                  2.8644657729999284E-001                  2.0177250603481189E-002                  1.0383942790587403E-003                  4.2908088796172669E-010                  0.0000000000000000E+000 
                                    1205                  1.2396068491407570E+000                 -1.5155981288983553E-001                  6.7571339002060897E+000                 -6.1317828211893959E-002                  1.4820680407466938E+001                  6.9337617217269132E-001                  2.8644657722470812E-001                  2.0177250602600560E-002                  1.0874356152038871E-003                  5.0838628337835504E-010                  0.0000000000000000E+000 
                                    1206                  1.2363285830613122E+000                 -1.5377173316902634E-001                  6.7600203261798226E+000                 -5.6890221213515599E-002                  1.4828019757618614E+001                  6.9337617224751524E-001                  2.8644657715074923E-001                  2.0177250601735475E-002                  1.1405790813584669E-003                  6.0570425532898764E-010                  0.0000000000000000E+000 
                                    1207                  1.2346692249379243E+000                 -1.5489282307852781E-001                  6.7620254920355158E+000                 -5.3823441736887676E-002                  1.4833109412802827E+001                  6.9337617229822401E-001                  2.8644657710062671E-001                  2.0177250601149277E-002                  1.1789316744872803E-003                  6.8391010538007452E-010                  0.0000000000000000E+000 
                                    1208                  1.2328861973288161E+000                 -1.5609864117753139E-001                  6.7641453342083429E+000                 -5.0580704155231568E-002                  1.4838490778997004E+001                  6.9337617235031712E-001                  2.8644657704913573E-001                  2.0177250600547092E-002                  1.2208253246872725E-003                  7.7744503313559616E-010                  0.0000000000000000E+000 
                                    1209                  1.2310208128778350E+000                 -1.5736149251216877E-001                  6.7667764400074688E+000                 -4.6560442390165387E-002                  1.4845165585452756E+001                  6.9337617241303684E-001                  2.8644657698714121E-001                  2.0177250599821894E-002                  1.2748007906532978E-003                  9.1125885908272660E-010                  0.0000000000000000E+000 
                                    1210                  1.2283437930343488E+000                 -1.5917629858208879E-001                  6.7693800197761034E+000                 -4.2570299809750835E-002                  1.4851782543070739E+001                  6.9337617247223626E-001                  2.8644657692862624E-001                  2.0177250599137553E-002                  1.3305006563715518E-003                  1.0660401651141749E-009                  0.0000000000000000E+000 
                                    1211                  1.2265143322821306E+000                 -1.6041823169881123E-001                  6.7713939702604087E+000                 -3.9487122233881983E-002                  1.4856897736145823E+001                  6.9337617251656825E-001                  2.8644657688480668E-001                  2.0177250598625074E-002                  1.3751719104452276E-003                  1.2033248313761026E-009                  0.0000000000000000E+000 
                                    1212                  1.2248476825878938E+000                 -1.6155088858432928E-001                  6.7734431727814650E+000                 -3.6351782738486368E-002                  1.4862100736121160E+001                  6.9337617256030970E-001                  2.8644657684157104E-001                  2.0177250598119256E-002                  1.4220964644665803E-003                  1.3609161022765788E-009                  0.0000000000000000E+000 
                                    1213                  1.2229482116058350E+000                 -1.6284326367794022E-001                  6.7757424620479689E+000                 -3.2833266898063908E-002                  1.4867939329991300E+001                  6.9337617260761897E-001                  2.8644657679480873E-001                  2.0177250597572360E-002                  1.4765809424866511E-003                  1.5620955370631469E-009                  0.0000000000000000E+000 
                                    1214                  1.2208364627263826E+000                 -1.6428198264491811E-001                  6.7785479180087442E+000                 -2.8543034094099570E-002                  1.4875060517555843E+001                  6.9337617266294616E-001                  2.8644657674012114E-001                  2.0177250596932650E-002                  1.5457690711499234E-003                  1.8476735023455622E-009                  0.0000000000000000E+000 
                                    1215                  1.2180391576124712E+000                 -1.6619097199801011E-001                  6.7818555135004956E+000                 -2.3479926522333532E-002                  1.4883461424136684E+001                  6.9337617272435559E-001                  2.8644657667942164E-001                  2.0177250596222773E-002                  1.6313643921049097E-003                  2.2511612321686283E-009                  0.0000000000000000E+000 
                                    1216                  1.2150302254932484E+000                 -1.6824857855152550E-001                  6.7849682072937334E+000                 -1.8708309629114715E-002                  1.4891374288856197E+001                  6.9337617277823027E-001                  2.8644657662616996E-001                  2.0177250595599716E-002                  1.7160909352415756E-003                  2.7098818075373048E-009                  0.0000000000000000E+000 
                                    1217                  1.2125576221744272E+000                 -1.6994276672026931E-001                  6.7874214572303471E+000                 -1.4946605552705543E-002                  1.4897611858846778E+001                  6.9337617281813646E-001                  2.8644657658672512E-001                  2.0177250595138418E-002                  1.7858365844119583E-003                  3.1354643212651050E-009                  0.0000000000000000E+000 
                                    1218                  1.2106974637996104E+000                 -1.7121936030698670E-001                  6.7900821990296150E+000                 -1.0877227683899314E-002                  1.4904366685370190E+001                  6.9337617285934672E-001                  2.8644657654599137E-001                  2.0177250594661911E-002                  1.8645152571821211E-003                  3.6717390342436247E-009                  0.0000000000000000E+000 
                                    1219                  1.2078432833420201E+000                 -1.7318168671781750E-001                  6.7929083551937977E+000                 -6.5418846434386023E-003                  1.4911554489687349E+001                  6.9337617289956344E-001                  2.8644657650623939E-001                  2.0177250594197171E-002                  1.9517913189859232E-003                  4.3408185676659796E-009                  0.0000000000000000E+000 
                                    1220                  1.2056792348502894E+000                 -1.7467242867373869E-001                  6.7952642729771418E+000                 -2.9308002757041296E-003                  1.4917543545519093E+001                  6.9337617293083442E-001                  2.8644657647532995E-001                  2.0177250593835572E-002                  2.0275227593943563E-003                  4.9894990440559615E-009                  0.0000000000000000E+000 
                                    1221                  1.2036484439065089E+000                 -1.7607371824768658E-001                  6.7970354689728341E+000                 -2.1216297010745902E-004                  1.4922050002724683E+001                  6.9337617295269827E-001                  2.8644657645371902E-001                  2.0177250593582663E-002                  2.0863299241103074E-003                  5.5394339351640758E-009                  0.0000000000000000E+000 
                                    1222                  1.2025201196767576E+000                 -1.7685327977383009E-001                  6.7991971869301961E+000                  3.0923339170225595E-003                  1.4927536663125474E+001                  6.9337617297829190E-001                  2.8644657642842108E-001                  2.0177250593287011E-002                  2.1602613129446321E-003                  6.2920434891880653E-009                  0.0000000000000000E+000 
                                    1223                  1.1997818830660867E+000                 -1.7874820515681231E-001                  6.8027917326030005E+000                  8.5941279008168153E-003                  1.4936667150484004E+001                  6.9337617301611987E-001                  2.8644657639103055E-001                  2.0177250592849583E-002                  2.2888480501070956E-003                  7.7732500929859251E-009                  0.0000000000000000E+000 
                                    1224                  1.1960749439685014E+000                 -1.8132057331264448E-001                  6.8057967496667313E+000                  1.3217388464535195E-002                  1.4944324020202188E+001                  6.9337617304206189E-001                  2.8644657636538839E-001                  2.0177250592549711E-002                  2.4021045183489839E-003                  9.2724641774756413E-009                  0.0000000000000000E+000 
                                    1225                  1.1943838219247618E+000                 -1.8249681562624487E-001                  6.8084180675480033E+000                  1.7228417249032991E-002                  1.4950981577372314E+001                  6.9337617306235466E-001                  2.8644657634533033E-001                  2.0177250592315010E-002                  2.5051648515811041E-003                  1.0810541313208889E-008                  0.0000000000000000E+000 
                                    1226                  1.1913481486312172E+000                 -1.8461274631398178E-001                  6.8113545297930322E+000                  2.1738249967859849E-002                  1.4958456171586421E+001                  6.9337617307989718E-001                  2.8644657632799064E-001                  2.0177250592112173E-002                  2.6257765950158931E-003                  1.2834475797144581E-008                  0.0000000000000000E+000 
                                    1227                  1.1890804975300657E+000                 -1.8619714693908190E-001                  6.8135035262891952E+000                  2.5038458534026024E-002                  1.4963926194124650E+001                  6.9337617308961175E-001                  2.8644657631838832E-001                  2.0177250591999929E-002                  2.7175705571319342E-003                  1.4548568017391993E-008                  0.0000000000000000E+000 
                                    1228                  1.1874585092124443E+000                 -1.8733246334419024E-001                  6.8155651207744574E+000                  2.8198859040190320E-002                  1.4969168278726077E+001                  6.9337617309666355E-001                  2.8644657631141812E-001                  2.0177250591918328E-002                  2.8084990720351581E-003                  1.6404454917343006E-008                  0.0000000000000000E+000 
                                    1229                  1.1853408418394191E+000                 -1.8881735943631833E-001                  6.8180606066365144E+000                  3.2052941717017863E-002                  1.4975544506623416E+001                  6.9338334785405742E-001                  2.8643948450295820E-001                  2.0177167642984384E-002                  2.9227498667764628E-003                  1.8971439467807204E-008                  0.0000000000000000E+000 
                                    1230                  1.1829029944802865E+000                 -1.9053047687456631E-001                  6.8210957464196555E+000                  3.6813359012802770E-002                  1.4983374599174535E+001                  6.9339921904091051E-001                  2.8642379680747798E-001                  2.0176984151611510E-002                  3.0683453923711257E-003                  2.2641819151994229E-008                  0.0000000000000000E+000 
                                    1231                  1.1797318176981302E+000                 -1.9276487292739630E-001                  6.8235591448580371E+000                  4.0776644190909303E-002                  1.4989830847516982E+001                  6.9341812916955137E-001                  2.8640510530481383E-001                  2.0176765525634854E-002                  3.1924364270960121E-003                  2.6140529573682056E-008                  0.0000000000000000E+000 
                                    1232                  1.1782848216390054E+000                 -1.9378659163925807E-001                  6.8251854459233323E+000                  4.3412250262082702E-002                  1.4994111513902569E+001                  6.9342851728861987E-001                  2.8639483729809684E-001                  2.0176645413283234E-002                  3.2771312038924329E-003                  2.8737019388285128E-008                  0.0000000000000000E+000 
                                    1233                  1.1766570402384642E+000                 -1.9493761289019038E-001                  6.8273543312059326E+000                  4.6964719000136587E-002                  1.4999856540970145E+001                  6.9343882709814564E-001                  2.8638464770622962E-001                  2.0176525195624739E-002                  3.3937351052970399E-003                  3.2599130071078559E-008                  0.0000000000000000E+000 
                                    1234                  1.1741485891512753E+000                 -1.9671479177848239E-001                  6.8298892816384962E+000                  5.1196688116901250E-002                  1.5006651977991062E+001                  6.9345458498944368E-001                  2.8636907381029125E-001                  2.0176341200265124E-002                  3.5358106536435173E-003                  3.7777949459689091E-008                  0.0000000000000000E+000 
                                    1235                  1.1717635370975072E+000                 -1.9840834068817492E-001                  6.8329247528127652E+000                  5.6340809137364126E-002                  1.5014864962638619E+001                  6.9347219855386244E-001                  2.8635166591017053E-001                  2.0176135535967088E-002                  3.7141857733850757E-003                  4.5063071274498468E-008                  0.0000000000000000E+000 
                                    1236                  1.1682122510502684E+000                 -2.0093689053568950E-001                  6.8354698181956310E+000                  6.0785921153970010E-002                  1.5021884990950980E+001                  6.9349463997034588E-001                  2.8632948653166213E-001                  2.0175873497991992E-002                  3.8717216052510891E-003                  5.2256921381889371E-008                  0.0000000000000000E+000 
                                    1237                  1.1667032487181477E+000                 -2.0201371084568734E-001                  6.8374053106768962E+000                  6.4189347100128982E-002                  1.5027244700774071E+001                  6.9350623352879148E-001                  2.8631802836274600E-001                  2.0175738108462515E-002                  3.9960080495574637E-003                  5.8469531909321539E-008                  0.0000000000000000E+000 
                                    1238                  1.1643269949926702E+000                 -2.0371236290666059E-001                  6.8408366230692668E+000                  7.0314603144431095E-002                  1.5036837967718045E+001                  6.9352762327569184E-001                  2.8629689704266287E-001                  2.0175479681645347E-002                  4.2268696440006170E-003                  7.1345475192280036E-008                  0.0000000000000000E+000 
                                    1239                  1.1597238454540784E+000                 -2.0701327436836417E-001                  6.8444716164380228E+000                  7.7066683700359156E-002                  1.5047263945759871E+001                  6.9355484206326035E-001                  2.8627000978488631E-001                  2.0175148151853284E-002                  4.4884142506386024E-003                  8.8113211129063178E-008                  0.0000000000000000E+000 
                                    1240                  1.1567674348851762E+000                 -2.0914013295589817E-001                  6.8471536390926913E+000                  8.2148527775454380E-002                  1.5055054632602406E+001                  6.9357088091045205E-001                  2.8625416629589018E-001                  2.0174952793657774E-002                  4.6925006704706205E-003                  1.0293747279909106E-007                  0.0000000000000000E+000 
                                    1241                  1.1540528370407555E+000                 -2.1109773682799760E-001                  6.8495803726124365E+000                  8.6839047935585376E-002                  1.5062196694229923E+001                  6.9358856217534959E-001                  2.8623670039489013E-001                  2.0174737429760281E-002                  4.8860644282246769E-003                  1.1849682155505776E-007                  0.0000000000000000E+000 
                                    1242                  1.1515607232253600E+000                 -2.1289882600135338E-001                  6.8516558591519461E+000                  9.0926453777462335E-002                  1.5068381421149033E+001                  6.9360683441530868E-001                  2.8621865071710445E-001                  2.0174514867586923E-002                  5.0587423857560076E-003                  1.3366894660449607E-007                  0.0000000000000000E+000 
                                    1243                  1.1495399223323948E+000                 -2.1436201637027147E-001                  6.8542467560079121E+000                  9.6090015268282147E-002                  1.5076161873433984E+001                  6.9362685914510180E-001                  2.8619887004355793E-001                  2.0174270811340267E-002                  5.2834430644486691E-003                  1.5533254860089151E-007                  0.0000000000000000E+000 
                                    1244                  1.1458586053319515E+000                 -2.1703388584210398E-001                  6.8569785074596350E+000                  1.0171300940552364E-001                  1.5084542735482350E+001                  6.9364737928530795E-001                  2.8617860460342387E-001                  2.0174016111268234E-002                  5.5332812332100139E-003                  1.8200831465655085E-007                  0.0000000000000000E+000 
                                    1245                  1.1434149070200279E+000                 -2.1881181622092219E-001                  6.8593980516056883E+000                  1.0677268417839013E-001                  1.5092042908379645E+001                  6.9366042177725262E-001                  2.8616574185949589E-001                  2.0173836363251541E-002                  5.7652463638005460E-003                  2.0939574613976317E-007                  0.0000000000000000E+000 
                                    1246                  1.1403550365753854E+000                 -2.2104293416710369E-001                  6.8614639985178929E+000                  1.1120615341062122E-001                  1.5098561075392659E+001                  6.9367622953895625E-001                  2.8615015261332988E-001                  2.0173617847713876E-002                  5.9725413449004507E-003                  2.3607888106554465E-007                  0.0000000000000000E+000 
                                    1247                  1.1386402107764102E+000                 -2.2229559831168710E-001                  6.8630865702232962E+000                  1.1472490694687931E-001                  1.5103716116819413E+001                  6.9368627751772616E-001                  2.8614024353145712E-001                  2.0173478950816781E-002                  6.1409934680472728E-003                  2.5936658557372683E-007                  0.0000000000000000E+000 
                                    1248                  1.1365659859070782E+000                 -2.2381301975350440E-001                  6.8647264144177553E+000                  1.1834066226039872E-001                  1.5108985672236306E+001                  6.9369782741268149E-001                  2.8612885346937783E-001                  2.0173319117940736E-002                  6.3169208577387595E-003                  2.8526079130396345E-007                  0.0000000000000000E+000 
                                    1249                  1.1347675735273361E+000                 -2.2513059946433414E-001                  6.8672088583748447E+000                  1.2386718305560321E-001                  1.5117015118871326E+001                  6.9371432162809976E-001                  2.8611258860854966E-001                  2.0173089763350527E-002                  6.5936097563024515E-003                  3.2942323663992644E-007                  0.0000000000000000E+000 
                                    1250                  1.1306368842096322E+000                 -2.2816381571849098E-001                  6.8696752349635153E+000                  1.2957399316541779E-001                  1.5125207873301955E+001                  6.9373254308582200E-001                  2.8609462052597678E-001                  2.0172836388201221E-002                  6.8839331679360913E-003                  3.8019471394948467E-007                  0.0000000000000000E+000 
                                    1251                  1.1287517445859068E+000                 -2.2955106508718887E-001                  6.8723163490952031E+000                  1.3572552273899488E-001                  1.5134020738962972E+001                  6.9375055561601917E-001                  2.8607685946803524E-001                  2.0172584915945535E-002                  7.2096403929201684E-003                  4.4316640009163523E-007                  0.0000000000000000E+000 
                                    1252                  1.1241106563923675E+000                 -2.3297469781709210E-001                  6.8754433039733689E+000                  1.4331939171677155E-001                  1.5144765531507726E+001                  6.9377802190704929E-001                  2.8604977894773853E-001                  2.0172199145212177E-002                  7.6208731716361673E-003                  5.3166026792030214E-007                  0.0000000000000000E+000 
                                    1253                  1.1208336550621318E+000                 -2.3539866392243239E-001                  6.8778573908626788E+000                  1.4932315750953315E-001                  1.5153199480622707E+001                  6.9379476485717251E-001                  2.8603327254998434E-001                  2.0171962592843151E-002                  7.9569194612597507E-003                  6.1183294847647710E-007                  0.0000000000000000E+000 
                                    1254                  1.1178788994568245E+000                 -2.3758889507387493E-001                  6.8797918204086272E+000                  1.5424705940651581E-001                  1.5160071675857495E+001                  6.9381328200554682E-001                  2.8601501758862941E-001                  2.0171700405823723E-002                  8.2392021372636667E-003                  6.8491628897270839E-007                  0.0000000000000000E+000 
                                    1255                  1.1157554378081673E+000                 -2.3916556671435224E-001                  6.8820529534206845E+000                  1.6007431625118579E-001                  1.5168175563441354E+001                  6.9383420183105282E-001                  2.8599439481772232E-001                  2.0171403351224804E-002                  8.5834243783677565E-003                  7.8144388658761153E-007                  0.0000000000000000E+000 
                                    1256                  1.1118627576187496E+000                 -2.4206172605950307E-001                  6.8841717387207506E+000                  1.6573583564009856E-001                  1.5175969135726461E+001                  6.9385404818191576E-001                  2.8597483028353776E-001                  2.0171121534546477E-002                  8.9233519164262053E-003                  8.8447089659974607E-007                  0.0000000000000000E+000 
                                    1257                  1.1099978221010889E+000                 -2.4345171332964990E-001                  6.8856501339814127E+000                  1.6972913658607616E-001                  1.5181449789063668E+001                  6.9386783829835941E-001                  2.8596123598573042E-001                  2.0170925715910171E-002                  9.1695182007772540E-003                  9.6429388379688771E-007                  0.0000000000000000E+000 
                                    1258                  1.1077969978459297E+000                 -2.4509414394331358E-001                  6.8870520276289007E+000                  1.7358555623417407E-001                  1.5186717098317684E+001                  6.9388380129618721E-001                  2.8594549967642380E-001                  2.0170699027388994E-002                  9.4109119984687739E-003                  1.0468320669900851E-006                  0.0000000000000000E+000 
                                    1259                  1.1060933333072540E+000                 -2.4636707035432778E-001                  6.8884381171966593E+000                  1.7744480693862189E-001                  1.5191970020575758E+001                  6.9389657687292960E-001                  2.8593290552538042E-001                  2.0170517601689975E-002                  9.6569271476947618E-003                  1.1352918293738944E-006                  0.0000000000000000E+000 
                                    1260                  1.1038956637665422E+000                 -2.4801105129547954E-001                  6.8904345922939072E+000                  1.8309314194397847E-001                  1.5199625475541350E+001                  6.9391592462478624E-001                  2.8591385429752669E-001                  2.0170221077687067E-002                  1.0024926103407460E-002                  1.2762148304494371E-006                  0.0000000000000000E+000 
                                    1261                  1.1003978817585294E+000                 -2.5063208568213885E-001                  6.8927784913758563E+000                  1.8992764231425938E-001                  1.5208813652717669E+001                  6.9393455361052359E-001                  2.8589552697221771E-001                  2.0169919417258653E-002                  1.0480156216840095E-002                  1.4643670093682876E-006                  0.0000000000000000E+000 
                                    1262                  1.0970706276512692E+000                 -2.5313019075477788E-001                  6.8947612633049271E+000                  1.9586914814740436E-001                  1.5216745877389108E+001                  6.9395252055104906E-001                  2.8587785097826185E-001                  2.0169628470689149E-002                  1.0885875240865919E-002                  1.6455265176182156E-006                  0.0000000000000000E+000 
                                    1263                  1.0945073910533238E+000                 -2.5505777172517657E-001                  6.8962260909537934E+000                  2.0034911859798935E-001                  1.5222696125451913E+001                  6.9396632937894143E-001                  2.8586426576391777E-001                  2.0169404857140805E-002                  1.1198329523071619E-002                  1.7938532050225921E-006                  0.0000000000000000E+000 
                                    1264                  1.0926494730504561E+000                 -2.5645659105992502E-001                  6.8982230784845378E+000                  2.0651912482132176E-001                  1.5230870151134354E+001                  6.9398518397790043E-001                  2.8584571649464463E-001                  2.0169099527454937E-002                  1.1640965007088748E-002                  2.0178576555398654E-006                  0.0000000000000000E+000 
                                    1265                  1.0884029720027675E+000                 -2.5965910587814822E-001                  6.9002676746609071E+000                  2.1310377367105571E-001                  1.5239505158554985E+001                  6.9400550407895989E-001                  2.8582572545548357E-001                  2.0168770465556540E-002                  1.2120473886491148E-002                  2.2773823756200138E-006                  0.0000000000000000E+000 
                                    1266                  1.0862409581481913E+000                 -2.6129213377329552E-001                  6.9014257724834218E+000                  2.1689081178168357E-001                  1.5244453958180635E+001                  6.9401932900422392E-001                  2.8581212440980125E-001                  2.0168546585974889E-002                  1.2402802181591432E-002                  2.4393153111818404E-006                  0.0000000000000000E+000 
                                    1267                  1.0847207235720258E+000                 -2.6244143362913747E-001                  6.9028767603345704E+000                  2.2167912698890058E-001                  1.5250697170118620E+001                  6.9403545250404275E-001                  2.8579626654423207E-001                  2.0168280951725182E-002                  1.2767453905594341E-002                  2.6585172741404506E-006                  0.0000000000000000E+000 
                                    1268                  1.0815783413139703E+000                 -2.6481981350204281E-001                  6.9042272022886833E+000                  2.2627832648663634E-001                  1.5256649875296574E+001                  6.9405155356964021E-001                  2.8578043891720589E-001                  2.0168007513153841E-002                  1.3121170337738890E-002                  2.8811444327849171E-006                  0.0000000000000000E+000 
                                    1269                  1.0802970805057690E+000                 -2.6579052070158227E-001                  6.9052605296481504E+000                  2.2982180646060141E-001                  1.5261227618742263E+001                  6.9406012376955151E-001                  2.8577201439736327E-001                  2.0167861833085166E-002                  1.3399444735565192E-002                  3.0635265791366623E-006                  0.0000000000000000E+000 
                                    1270                  1.0781615933897912E+000                 -2.6740967233571217E-001                  6.9064955691957541E+000                  2.3413761970870295E-001                  1.5266782158248219E+001                  6.9407960934926438E-001                  2.8575286004202904E-001                  2.0167530608706574E-002                  1.3742768763667356E-002                  3.2985040885707370E-006                  0.0000000000000000E+000 
                                    1271                  1.0761565176728718E+000                 -2.6893133018179738E-001                  6.9080735543280509E+000                  2.3973694156567402E-001                  1.5273960769670486E+001                  6.9409596026296438E-001                  2.8573678707905292E-001                  2.0167252657982693E-002                  1.4197617985821817E-002                  3.6241936671658774E-006                  0.0000000000000000E+000 
                                    1272                  1.0727969345324595E+000                 -2.7148391416360157E-001                  6.9096457132087963E+000                  2.4550048919523040E-001                  1.5281298982421170E+001                  6.9411944148527627E-001                  2.8571370506497085E-001                  2.0166853449752886E-002                  1.4672811235857470E-002                  3.9832735913241850E-006                  0.0000000000000000E+000 
                                    1273                  1.0706926750959704E+000                 -2.7308444286089711E-001                  6.9109366735907596E+000                  2.5030993534595813E-001                  1.5287399919194062E+001                  6.9413560702289689E-001                  2.8569781437599212E-001                  2.0166578601110929E-002                  1.5078161311962310E-002                  4.3044589894672329E-006                  0.0000000000000000E+000 
                                    1274                  1.0682420962672656E+000                 -2.7495005704050013E-001                  6.9124145520467319E+000                  2.5593348797737192E-001                  1.5294503420770036E+001                  6.9416071996517914E-001                  2.8567312844163628E-001                  2.0166151593184578E-002                  1.5560936735998659E-002                  4.7063612525293287E-006                  0.0000000000000000E+000 
                                    1275                  1.0653876786984340E+000                 -2.7712529769674654E-001                  6.9135668953842240E+000                  2.6044485580655763E-001                  1.5300168142160560E+001                  6.9418090970048962E-001                  2.8565328200250417E-001                  2.0165808297006205E-002                  1.5953315910501278E-002                  5.0469497016205614E-006                  0.0000000000000000E+000 
                                    1276                  1.0640228529455960E+000                 -2.7816613515672423E-001                  6.9145020562832977E+000                  2.6414192423503574E-001                  1.5304797778490281E+001                  6.9418774913876868E-001                  2.8564655885874368E-001                  2.0165692002487634E-002                  1.6280813581479876E-002                  5.3394081626813099E-006                  0.0000000000000000E+000 
                                    1277                  1.0619271503199523E+000                 -2.7976531404005822E-001                  6.9159237684182466E+000                  2.6986115400418637E-001                  1.5311940576304053E+001                  6.9421729585564529E-001                  2.8561751453945339E-001                  2.0165189604901324E-002                  1.6796088669062865E-002                  5.8226641895029552E-006                  0.0000000000000000E+000 
                                    1278                  1.0586795171717238E+000                 -2.8224576972309934E-001                  6.9176652187640189E+000                  2.7709337115073490E-001                  1.5320913874611767E+001                  6.9424982138387026E-001                  2.8558554205909531E-001                  2.0164636557034488E-002                  1.7460019530748709E-002                  6.4763524852679731E-006                  0.0000000000000000E+000 
                                    1279                  1.0552226643828619E+000                 -2.8488877264725382E-001                  6.9191502511003486E+000                  2.8347595818246846E-001                  1.5328782745885924E+001                  6.9428621751342801E-001                  2.8554976479108457E-001                  2.0164017695487368E-002                  1.8056991849698008E-002                  7.0970898081192687E-006                  0.0000000000000000E+000 
                                    1280                  1.0528101198719155E+000                 -2.8673483426091095E-001                  6.9201109255075508E+000                  2.8770314947583986E-001                  1.5333969540162981E+001                  6.9430592798869084E-001                  2.8553038946291781E-001                  2.0163682548391293E-002                  1.8458906363650211E-002                  7.5301489614723904E-006                  0.0000000000000000E+000 
                                    1281                  1.0513526339816739E+000                 -2.8785065058155629E-001                  6.9209449487411341E+000                  2.9141846695430546E-001                  1.5338516845477971E+001                  6.9432053315937958E-001                  2.8551603263131320E-001                  2.0163434209307218E-002                  1.8817552658241907E-002                  7.9272472184236639E-006                  0.0000000000000000E+000 
                                    1282                  1.0494093730625182E+000                 -2.8933901604673357E-001                  6.9221337614585057E+000                  2.9680868052674519E-001                  1.5345096743933055E+001                  6.9435429797712911E-001                  2.8548284193358697E-001                  2.0162860089283918E-002                  1.9345527460930122E-002                  8.5360414085745208E-006                  0.0000000000000000E+000 
                                    1283                  1.0464270791934187E+000                 -2.9162459914005961E-001                  6.9232128190982518E+000                  3.0187339817451325E-001                  1.5351237365361831E+001                  6.9437629469901463E-001                  2.8546121923303464E-001                  2.0162486067950791E-002                  1.9846488657546343E-002                  9.1288930301229708E-006                  0.0000000000000000E+000 
                                    1284                  1.0448289916109226E+000                 -2.9284992618131539E-001                  6.9239951185476034E+000                  3.0559255281298758E-001                  1.5355740942187182E+001                  6.9440620890433435E-001                  2.8543181367378767E-001                  2.0161977421877975E-002                  2.0220072774852275E-002                  9.5908868427339044E-006                  0.0000000000000000E+000 
                                    1285                  1.0430594072926123E+000                 -2.9420723040298813E-001                  6.9248898980717852E+000                  3.0992769789466201E-001                  1.5360969890775046E+001                  6.9443168124070620E-001                  2.8540677445627938E-001                  2.0161544303014423E-002                  2.0660663398721819E-002                  1.0145858436823990E-005                  0.0000000000000000E+000 
                                    1286                  1.0409173373399048E+000                 -2.9585086437274977E-001                  6.9262593220689359E+000                  3.1670080757015451E-001                  1.5369109937309293E+001                  6.9447004821613145E-001                  2.8536905985441258E-001                  2.0160891929456026E-002                  2.1361653805404390E-002                  1.1060701328145397E-005                  0.0000000000000000E+000 
                                    1287                  1.0369558998771451E+000                 -2.9889226089554377E-001                  6.9275933972157029E+000                  3.2362929005283753E-001                  1.5377368936111745E+001                  6.9450986805465276E-001                  2.8533004086586966E-001                  2.0160091079477582E-002                  2.2082853218934512E-002                  1.2044604941891155E-005                  0.0000000000000000E+000 
                                    1288                  1.0347574882713269E+000                 -3.0058076117538585E-001                  6.9285737349055383E+000                  3.2883843104002497E-001                  1.5383549007916441E+001                  6.9452078521652139E-001                  2.8531939586789906E-001                  2.0159818915579608E-002                  2.2636283847610256E-002                  1.2815743078137518E-005                  0.0000000000000000E+000 
                                    1289                  1.0323318708449194E+000                 -3.0244427567959131E-001                  6.9297691298706479E+000                  3.3535879253367867E-001                  1.5391257051478588E+001                  6.9454810553469282E-001                  2.8529275664216408E-001                  2.0159137823143158E-002                  2.3336620272363943E-002                  1.3839977924997001E-005                  0.0000000000000000E+000 
                                    1290                  1.0289834126199096E+000                 -3.0501755821963611E-001                  6.9308486969388055E+000                  3.4150676970983634E-001                  1.5398477142015885E+001                  6.9457575946840067E-001                  2.8526579212899267E-001                  2.0158448402606721E-002                  2.4002201020624805E-002                  1.4846319684721232E-005                  0.0000000000000000E+000 
                                    1291                  1.0269409599660022E+000                 -3.0658743271621053E-001                  6.9316129437093057E+000                  3.4596173760056370E-001                  1.5403690273170485E+001                  6.9459458424029463E-001                  2.8524743669536057E-001                  2.0157979064344800E-002                  2.4491366596548967E-002                  1.5605317765086170E-005                  0.0000000000000000E+000 
                                    1292                  1.0250838510967246E+000                 -3.0801498439830438E-001                  6.9324837768478140E+000                  3.5115014932394878E-001                  1.5409741293413765E+001                  6.9461397265815461E-001                  2.8522853167430079E-001                  2.0157495667544545E-002                  2.5068601825684586E-002                  1.6519435499519763E-005                  0.0000000000000000E+000 
                                    1293                  1.0224072410601579E+000                 -3.1007266096830272E-001                  6.9334071702614537E+000                  3.5685382261077642E-001                  1.5416360016744436E+001                  6.9463900279756985E-001                  2.8520412560728892E-001                  2.0156871595141235E-002                  2.5706857245555128E-002                  1.7559998787738312E-005                  0.0000000000000000E+000 
                                    1294                  1.0201334482423219E+000                 -3.1182069065647616E-001                  6.9341948318958959E+000                  3.6186228505954926E-001                  1.5422152594646187E+001                  6.9467329215693907E-001                  2.8517069118104837E-001                  2.0156016662012499E-002                  2.6269005236421013E-002                  1.8519746305314555E-005                  0.0000000000000000E+000 
                                    1295                  1.0180729539595861E+000                 -3.1340470607600612E-001                  6.9348465185188548E+000                  3.6612817497428068E-001                  1.5427064350049481E+001                  6.9469501516300680E-001                  2.8514950979274850E-001                  2.0155475044244753E-002                  2.6753491331072698E-002                  1.9350716953417681E-005                  0.0000000000000000E+000 
                                    1296                  1.0164591381007262E+000                 -3.1464525462108017E-001                  6.9355985425978961E+000                  3.7115037626573122E-001                  1.5432832281647112E+001                  6.9472284404043338E-001                  2.8512237477018565E-001                  2.0154781189380966E-002                  2.7329343351702284E-002                  2.0363898602740840E-005                  0.0000000000000000E+000 
                                    1297                  1.0137475499002531E+000                 -3.1672948666043227E-001                  6.9365144945716120E+000                  3.7751917827607406E-001                  1.5440110797607256E+001                  6.9476502332629853E-001                  2.8508124713645072E-001                  2.0153729537250697E-002                  2.8061133446919906E-002                  2.1693151722647504E-005                  0.0000000000000000E+000 
                                    1298                  1.0110091228931199E+000                 -3.1883393196377757E-001                  6.9372226797182890E+000                  3.8265704657240285E-001                  1.5445952795319982E+001                  6.9480331247147775E-001                  2.8504391265081391E-001                  2.0152774877708390E-002                  2.8652472192370774E-002                  2.2798996558812334E-005                  0.0000000000000000E+000 
                                    1299                  1.0093800624219891E+000                 -3.2008555163292940E-001                  6.9379416435173678E+000                  3.8798989241609572E-001                  1.5451997015670651E+001                  6.9483349901930158E-001                  2.8501447874144253E-001                  2.0152022239255940E-002                  2.9277281553148665E-002                  2.3972834957342731E-005                  0.0000000000000000E+000 
                                    1300                  1.0064733866922604E+000                 -3.2231821053730136E-001                  6.9387044021238973E+000                  3.9392959584741499E-001                  1.5458697781013221E+001                  6.9488892178242123E-001                  2.8496043782850772E-001                  2.0150640389070995E-002                  2.9964588674897746E-002                  2.5336599681075020E-005                  0.0000000000000000E+000 
                                    1301                  1.0043667243143457E+000                 -3.2393576306366051E-001                  6.9392466393841312E+000                  3.9830276561122174E-001                  1.5463610627386290E+001                  6.9492656055043389E-001                  2.8492373750416822E-001                  2.0149701945397891E-002                  3.0474344648314059E-002                  2.6359197743774693E-005                  0.0000000000000000E+000 
                                    1302                  1.0027956523674226E+000                 -3.2514169441625962E-001                  6.9396926278752282E+000                  4.0199724341513754E-001                  1.5467747327231802E+001                  6.9495402088106106E-001                  2.8489696183931884E-001                  2.0149017279620152E-002                  3.0908706232360573E-002                  2.7231441970678735E-005                  0.0000000000000000E+000 
                                    1303                  1.0012672972104046E+000                 -3.2631449585099959E-001                  6.9403975060499929E+000                  4.0796896739116512E-001                  1.5474427212908390E+001                  6.9502678759071146E-001                  2.8482600941449254E-001                  2.0147202994795999E-002                  3.1603248023580478E-002                  2.8728374438999826E-005                  0.0000000000000000E+000 
                                    1304                  9.9777478691887589E-001                 -3.2899328511682219E-001                  6.9410567443475095E+000                  4.1396437341058934E-001                  1.5481085968684473E+001                  6.9510434946845789E-001                  2.8475038137894160E-001                  2.0145269152600509E-002                  3.2292369289481614E-002                  3.0248622840284535E-005                  0.0000000000000000E+000 
                                    1305                  9.9629136697441034E-001                 -3.3013038463653388E-001                  6.9415437017108825E+000                  4.1850211892892375E-001                  1.5486114921405690E+001                  6.9516670155389326E-001                  2.8468958391150556E-001                  2.0143714534601176E-002                  3.2816319491515478E-002                  3.1439956391477104E-005                  0.0000000000000000E+000 
                                    1306                  9.9399994702733574E-001                 -3.3188603847835885E-001                  6.9423244295478357E+000                  4.2611160859358727E-001                  1.5494513674902530E+001                  6.9527661379833394E-001                  2.8458241209746554E-001                  2.0140974104200460E-002                  3.3694054602006335E-002                  3.3493657965756361E-005                  0.0000000000000000E+000 
                                    1307                  9.8997697696132869E-001                 -3.3496581447272056E-001                  6.9431606791844871E+000                  4.3502454822193415E-001                  1.5504289551737887E+001                  6.9545797572727663E-001                  2.8440572929512364E-001                  2.0136294977599722E-002                  3.4675778294038090E-002                  3.6052434298895803E-005                  0.0000000000000000E+000 
                                    1308                  9.8667500539681163E-001                 -3.3749070411941995E-001                  6.9437008567059983E+000                  4.4126436900606225E-001                  1.5511081758397390E+001                  6.9556708888341612E-001                  2.8429985410692132E-001                  2.0133057009662503E-002                  3.5344300206720157E-002                  3.7866605655741189E-005                  0.0000000000000000E+000 
                                    1309                  9.8489198762259855E-001                 -3.3885283663494348E-001                  6.9441424359208277E+000                  4.4656970934677420E-001                  1.5516850843411849E+001                  6.9569531280448749E-001                  2.8417547893226969E-001                  2.0129208263242826E-002                  3.5881177850208508E-002                  3.9543583259959106E-005                  0.0000000000000000E+000 
                                    1310                  9.8233987166350345E-001                 -3.4080098711586004E-001                  6.9446694755226783E+000                  4.5334076807381896E-001                  1.5524190226124848E+001                  6.9589878798966998E-001                  2.8397811122176686E-001                  2.0123100788563164E-002                  3.6526221968177168E-002                  4.1825288643641480E-005                  0.0000000000000000E+000 
                                    1311                  9.7937825712554250E-001                 -3.4305932110714910E-001                  6.9451379256599619E+000                  4.5986925750301177E-001                  1.5531267366540686E+001                  6.9621653206364487E-001                  2.8366990449619550E-001                  2.0113563440159687E-002                  3.7040005474309579E-002                  4.4414843353286348E-005                  0.0000000000000000E+000 
                                    1312                  9.7702944165882355E-001                 -3.4484849664042544E-001                  6.9455133195768690E+000                  4.6545562518977701E-001                  1.5537341273351112E+001                  6.9661875473726120E-001                  2.8327975486478024E-001                  2.0101490397958610E-002                  3.7380804826622795E-002                  4.7081021156814377E-005                  0.0000000000000000E+000 
                                    1313                  9.7481578353238540E-001                 -3.4653326213677210E-001                  6.9459666676179879E+000                  4.7213048671069796E-001                  1.5545195953388557E+001                  6.9886569690443268E-001                  2.8110025668630578E-001                  2.0034046409261541E-002                  3.6965039866140269E-002                  5.6074492602853736E-005                  0.0000000000000000E+000 
                                    1314                  9.7111282478603145E-001                 -3.4935199395743249E-001                  6.9463359963322100E+000                  4.7875627977252849E-001                  1.5552543303314090E+001                  6.9999996486369476E-001                  2.8000003513586219E-001                  2.0000000000442997E-002                  3.7500244388291921E-002                  6.1771808466572621E-005                  0.0000000000000000E+000 
                                    1315                  9.6930702312895789E-001                 -3.5072553861746647E-001                  6.9465675180650104E+000                  4.8348653159974081E-001                  1.5557484990351437E+001                  6.9999995702460849E-001                  2.8000004297493697E-001                  2.0000000000454543E-002                  3.8010766534781158E-002                  6.3191877677787041E-005                  0.0000000000000000E+000 
                                    1316                  9.6739529693516557E-001                 -3.5217800806251065E-001                  6.9468225268586750E+000                  4.8917635595048431E-001                  1.5563405498727169E+001                  6.9999994521186570E-001                  2.8000005478766632E-001                  2.0000000000467977E-002                  3.8624006909501872E-002                  6.4868388511958962E-005                  0.0000000000000000E+000 
                                    1317                  9.6484822694434191E-001                 -3.5411045841879940E-001                  6.9470600585499129E+000                  4.9523636731859777E-001                  1.5569676850808131E+001                  6.9999993125772619E-001                  2.8000006874179190E-001                  2.0000000000481855E-002                  3.9273186787444535E-002                  6.6591323734080721E-005                  0.0000000000000000E+000 
                                    1318                  9.6267758616439991E-001                 -3.5575468368247642E-001                  6.9473663756642354E+000                  5.0408648802103340E-001                  1.5578794902227470E+001                  6.9999990565049086E-001                  2.8000009434900780E-001                  2.0000000000501394E-002                  4.0222828234516367E-002                  6.9052354886443761E-005                  0.0000000000000000E+000 
                                    1319                  9.5795579776649409E-001                 -3.5932280506615066E-001                  6.9475951658903128E+000                  5.1359893690148273E-001                  1.5588493976910277E+001                  6.9999987218151694E-001                  2.8000012781796269E-001                  2.0000000000520379E-002                  4.1223264070479403E-002                  7.1445913012706973E-005                  0.0000000000000000E+000 
                                    1320                  9.5539185578745822E-001                 -3.6125471403935788E-001                  6.9477227859095905E+000                  5.2049189858260247E-001                  1.5595483875021850E+001                  6.9999984251285408E-001                  2.8000015748661250E-001                  2.0000000000533369E-002                  4.1946009787780104E-002                  7.3095149027317983E-005                  0.0000000000000000E+000 
                                    1321                  9.5268361951520286E-001                 -3.6329093022710029E-001                  6.9478027300176670E+000                  5.2685828728892048E-001                  1.5601901634082578E+001                  6.9999981113063015E-001                  2.8000018886882538E-001                  2.0000000000544471E-002                  4.2606915679453759E-002                  7.4513530322012402E-005                  0.0000000000000000E+000 
                                    1322                  9.5055354554051519E-001                 -3.6488908399263603E-001                  6.9478559628852539E+000                  5.3359245496828589E-001                  1.5608658708060672E+001                  6.9999977291042337E-001                  2.8000022708902123E-001                  2.0000000000555351E-002                  4.3302343854350937E-002                  7.5927216753491776E-005                  0.0000000000000000E+000 
                                    1323                  9.4757579085491528E-001                 -3.6711812124660897E-001                  6.9478684984936896E+000                  5.4278279246699368E-001                  1.5617819918290344E+001                  6.9999971217546519E-001                  2.8000028782396630E-001                  2.0000000000568452E-002                  4.4240366456368731E-002                  7.7670858338703655E-005                  0.0000000000000000E+000 
                                    1324                  9.4362184502936841E-001                 -3.7006820430323695E-001                  6.9477970583916120E+000                  5.5257539669588085E-001                  1.5627496245580920E+001                  6.9999963628755912E-001                  2.8000036371186088E-001                  2.0000000000579998E-002                  4.5219823892406856E-002                  7.9243002035108518E-005                  0.0000000000000000E+000 
                                    1325                  9.4026384733111812E-001                 -3.7256430863828721E-001                  6.9476430724789093E+000                  5.6307913683452826E-001                  1.5637797740759000E+001                  6.9999953931888603E-001                  2.8000046068052409E-001                  2.0000000000589879E-002                  4.6254988499982407E-002                  8.0658672985603903E-005                  0.0000000000000000E+000 
                                    1326                  9.3580958872985986E-001                 -3.7586146782806201E-001                  6.9474343946221646E+000                  5.7169503696370894E-001                  1.5646164945665802E+001                  6.9999944915235868E-001                  2.8000055084704567E-001                  2.0000000000595652E-002                  4.7078865117445141E-002                  8.1509131980603972E-005                  0.0000000000000000E+000 
                                    1327                  9.3394466160283096E-001                 -3.7723686154933006E-001                  6.9472507155407195E+000                  5.7816590856883499E-001                  1.5652422163817546E+001                  6.9999937215301067E-001                  2.8000062784639046E-001                  2.0000000000598872E-002                  4.7693074633490505E-002                  8.2045467023981626E-005                  0.0000000000000000E+000 
                                    1328                  9.3105474733670313E-001                 -3.7936219995338860E-001                  6.9469352622874956E+000                  5.8728605619308871E-001                  1.5661184493237890E+001                  6.9999925130647189E-001                  2.8000074869292668E-001                  2.0000000000601426E-002                  4.8542006979480523E-002                  8.2578146553539101E-005                  0.0000000000000000E+000 
                                    1329                  9.2728070331583357E-001                 -3.8212634914080928E-001                  6.9465910326086995E+000                  5.9539503826750440E-001                  1.5668911365691100E+001                  6.9999913237875588E-001                  2.8000086762064247E-001                  2.0000000000601648E-002                  4.9274719216733730E-002                  8.2795431544414254E-005                  0.0000000000000000E+000 
                                    1330                  9.2519246407193623E-001                 -3.8364991754655736E-001                  6.9461730093257970E+000                  6.0426966615829536E-001                  1.5677326691538264E+001                  6.9999898459400556E-001                  2.8000101540539402E-001                  2.0000000000600426E-002                  5.0066437400777791E-002                  8.2865988894935340E-005                  0.0000000000000000E+000 
                                    1331                  9.2085247904365497E-001                 -3.8680276789791879E-001                  6.9456584867428672E+000                  6.1350022134061832E-001                  1.5685999536761729E+001                  6.9999881690034804E-001                  2.8000118309905497E-001                  2.0000000000596985E-002                  5.0858438316812263E-002                  8.2615374378244722E-005                  0.0000000000000000E+000 
                                    1332                  9.1859834460809875E-001                 -3.8843260690779874E-001                  6.9452715482032144E+000                  6.1989659152582655E-001                  1.5691979139739558E+001                  6.9999868849923597E-001                  2.8000131150017066E-001                  2.0000000000593321E-002                  5.1397281053561998E-002                  8.2319143430933142E-005                  0.0000000000000000E+000 
                                    1333                  9.1628648806032131E-001                 -3.9009859944366998E-001                  6.9448428273028986E+000                  6.2648159237409617E-001                  1.5698104742753015E+001                  6.9999854637554570E-001                  2.8000145362386558E-001                  2.0000000000588658E-002                  5.1940471888835514E-002                  8.1892905065605030E-005                  0.0000000000000000E+000 
                                    1334                  9.1391566195711416E-001                 -3.9180106939770137E-001                  6.9442480291980830E+000                  6.3499366070906738E-001                  1.5705982482827613E+001                  6.9999834587621945E-001                  2.8000165412319872E-001                  2.0000000000581775E-002                  5.2627400360247996E-002                  8.1182774388751064E-005                  0.0000000000000000E+000 
                                    1335                  9.1024607227512722E-001                 -3.9442389673785366E-001                  6.9435735068315099E+000                  6.4380050685038026E-001                  1.5714073924808131E+001                  6.9999812119231175E-001                  2.8000187880711552E-001                  2.0000000000572671E-002                  5.3312613004739266E-002                  8.0220551693180520E-005                  0.0000000000000000E+000 
                                    1336                  9.0772222064812236E-001                 -3.9621879117128189E-001                  6.9428280246418863E+000                  6.5294410966437610E-001                  1.5722429872403396E+001                  6.9999786303369438E-001                  2.8000213696574339E-001                  2.0000000000562235E-002                  5.4006299154717434E-002                  7.9057173449284827E-005                  0.0000000000000000E+000 
                                    1337                  9.0381694252186395E-001                 -3.9898137757495189E-001                  6.9419952082162126E+000                  6.6240001720524910E-001                  1.5731009481829057E+001                  6.9999757346599856E-001                  2.8000242653345137E-001                  2.0000000000550022E-002                  5.4695414310876517E-002                  7.7634182793289425E-005                  0.0000000000000000E+000 
                                    1338                  9.0113178253870529E-001                 -4.0087005839728701E-001                  6.9414553015685296E+000                  6.6823461636868098E-001                  1.5736277485175366E+001                  6.9999738157193225E-001                  2.8000261842752550E-001                  2.0000000000542251E-002                  5.5108965081717344E-002                  7.6670104067284056E-005                  0.0000000000000000E+000 
                                    1339                  8.9976419391932450E-001                 -4.0182853674997965E-001                  6.9408877063263130E+000                  6.7420188827230276E-001                  1.5741650042290066E+001                  6.9999717217693780E-001                  2.8000282782252844E-001                  2.0000000000533813E-002                  5.5525569773159693E-002                  7.5638594218220646E-005                  0.0000000000000000E+000 
                                    1340                  8.9697812451040559E-001                 -4.0377391835901066E-001                  6.9400798433482676E+000                  6.8234479057454622E-001                  1.5748948264684946E+001                  6.9999686907385517E-001                  2.8000313092562307E-001                  2.0000000000521823E-002                  5.6078202460081807E-002                  7.4130677672574086E-005                  0.0000000000000000E+000 
                                    1341                  8.9412301532443150E-001                 -4.0575720536966314E-001                  6.9389925136546040E+000                  6.9284648764058754E-001                  1.5758315617154238E+001                  6.9999644196730637E-001                  2.8000355803218796E-001                  2.0000000000505613E-002                  5.6770043512881146E-002                  7.2067034859393543E-005                  0.0000000000000000E+000 
                                    1342                  8.8970774396449304E-001                 -4.0880340359802997E-001                  6.9378139886394772E+000                  7.0368299406212365E-001                  1.5767925607835146E+001                  6.9999596376640982E-001                  2.8000403623310122E-001                  2.0000000000488960E-002                  5.7456281351261011E-002                  6.9800814935433835E-005                  0.0000000000000000E+000 
                                    1343                  8.8667368089784615E-001                 -4.1088156696079509E-001                  6.9368101891446408E+000                  7.1261478401003309E-001                  1.5775814568813079E+001                  6.9999553312899532E-001                  2.8000446687052971E-001                  2.0000000000474971E-002                  5.8006832282548999E-002                  6.7876191385887158E-005                  0.0000000000000000E+000 
                                    1344                  8.8356543300442614E-001                 -4.1299763755410662E-001                  6.9357534829009388E+000                  7.2177319379803873E-001                  1.5783876778426134E+001                  6.9999505712761501E-001                  2.8000494287192379E-001                  2.0000000000461204E-002                  5.8558554104940402E-002                  6.5866829897641597E-005                  0.0000000000000000E+000 
                                    1345                  8.8038147761014207E-001                 -4.1515154929190445E-001                  6.9349289966077299E+000                  7.2878309197441415E-001                  1.5790032354409341E+001                  6.9999467001667748E-001                  2.8000532998287209E-001                  2.0000000000450435E-002                  5.8973804468266798E-002                  6.4318108348039474E-005                  0.0000000000000000E+000 
                                    1346                  8.7876062739714667E-001                 -4.1624264891904761E-001                  6.9340765229158290E+000                  7.3593209514311086E-001                  1.5796298828431285E+001                  6.9999424739820792E-001                  2.8000575260135180E-001                  2.0000000000440332E-002                  5.9392393456192877E-002                  6.2739012911235161E-005                  0.0000000000000000E+000 
                                    1347                  8.7546020487643894E-001                 -4.1845315277940853E-001                  6.9329047729479187E+000                  7.4564702680869643E-001                  1.5804801827847308E+001                  6.9999363546672022E-001                  2.8000636453285249E-001                  2.0000000000427232E-002                  5.9956667153690739E-002                  6.0613494169117638E-005                  0.0000000000000000E+000 
                                    1348                  8.7208016673738853E-001                 -4.2070125559791788E-001                  6.9316976500355727E+000                  7.5557645262943063E-001                  1.5813483905101975E+001                  6.9999295992569532E-001                  2.8000704007389005E-001                  2.0000000000414575E-002                  6.0532024546158122E-002                  5.8485960688702363E-005                  0.0000000000000000E+000 
                                    1349                  8.6861890968987465E-001                 -4.2298685123045265E-001                  6.9307779616256013E+000                  7.6315075012575095E-001                  1.5820108476818465E+001                  6.9999241066476714E-001                  2.8000758933482672E-001                  2.0000000000406137E-002                  6.0975061076026717E-002                  5.6915298046548711E-005                  0.0000000000000000E+000 
                                    1350                  8.6685731689203649E-001                 -4.2414366578340945E-001                  6.9301560890183795E+000                  7.6826927583450955E-001                  1.5824585132745042E+001                  6.9999201867914373E-001                  2.8000798132045535E-001                  2.0000000000400919E-002                  6.1275885238706286E-002                  5.5876204198016689E-005                  0.0000000000000000E+000 
                                    1351                  8.6507480796707426E-001                 -4.2530981960164771E-001                  6.9292120526886780E+000                  7.7604873388867279E-001                  1.5831390638637359E+001                  6.9999138886525258E-001                  2.8000861113435377E-001                  2.0000000000393703E-002                  6.1736492097752990E-002                  5.4335267728571545E-005                  0.0000000000000000E+000 
                                    1352                  8.6144621368323282E-001                 -4.2767013010989141E-001                  6.9282760241575838E+000                  7.8391235560263717E-001                  1.5838288750470955E+001                  6.9999071844992844E-001                  2.8000928154968419E-001                  2.0000000000387375E-002                  6.2218037316751115E-002                  5.2867681274637623E-005                  0.0000000000000000E+000 
                                    1353                  8.5959971092327658E-001                 -4.2886426203688721E-001                  6.9273300236226403E+000                  7.9189903468483880E-001                  1.5845300100883565E+001                  6.9998998721127748E-001                  2.8001001278834015E-001                  2.0000000000382379E-002                  6.2714008105106092E-002                  5.1428664018287989E-005                  0.0000000000000000E+000 
                                    1354                  8.5584124070304635E-001                 -4.3128049340692504E-001                  6.9264072191421979E+000                  7.9995579866959832E-001                  1.5852405373400117E+001                  6.9998920889116367E-001                  2.8001079110845761E-001                  2.0000000000378715E-002                  6.3240472465219882E-002                  5.0094274572561964E-005                  0.0000000000000000E+000 
                                    1355                  8.5392884794330270E-001                 -4.3250259972623439E-001                  6.9254828954928342E+000                  8.0812718282191676E-001                  1.5859624026145603E+001                  6.9998836008502618E-001                  2.8001163991459677E-001                  2.0000000000377050E-002                  6.3787070913035024E-002                  4.8803629776845887E-005                  0.0000000000000000E+000 
                                    1356                  8.5003667431360685E-001                 -4.3497483756424060E-001                  6.9244100078570785E+000                  8.1808710485389613E-001                  1.5868477744130896E+001                  6.9998725498632675E-001                  2.8001274501329587E-001                  2.0000000000377383E-002                  6.4498483163096060E-002                  4.7401224117054358E-005                  0.0000000000000000E+000 
                                    1357                  8.4680732145656301E-001                 -4.3701102596459240E-001                  6.9236621085476537E+000                  8.2536409376305953E-001                  1.5874983368905893E+001                  6.9998639263295881E-001                  2.8001360736666109E-001                  2.0000000000380158E-002                  6.5049529276771947E-002                  4.6484927661008229E-005                  0.0000000000000000E+000 
                                    1358                  8.4478955502968556E-001                 -4.3827649359869975E-001                  6.9231056945208556E+000                  8.3095048651671444E-001                  1.5879995798240509E+001                  6.9998569322072401E-001                  2.8001430677889255E-001                  2.0000000000383489E-002                  6.5488812739483690E-002                  4.5833819699163695E-005                  0.0000000000000000E+000 
                                    1359                  8.4274838956053488E-001                 -4.3955141241026441E-001                  6.9222923797747056E+000                  8.3939957118784725E-001                  1.5887605770574757E+001                  6.9998457114938595E-001                  2.8001542885022307E-001                  2.0000000000391038E-002                  6.6179904477367851E-002                  4.4929259610787901E-005                  0.0000000000000000E+000 
                                    1360                  8.3859497518794146E-001                 -4.4212972760318853E-001                  6.9215492498762439E+000                  8.4787418117489610E-001                  1.5895312643547532E+001                  6.9998337721105830E-001                  2.8001662278853956E-001                  2.0000000000402141E-002                  6.6935320077897237E-002                  4.4199699896818237E-005                  0.0000000000000000E+000 
                                    1361                  8.3648228038177308E-001                 -4.4343325431978498E-001                  6.9210735805733883E+000                  8.5356467275958692E-001                  1.5900511470540897E+001                  6.9998252564448249E-001                  2.8001747435510521E-001                  2.0000000000412355E-002                  6.7465244999787774E-002                  4.3767362027393703E-005                  0.0000000000000000E+000 
                                    1362                  8.3434529478704178E-001                 -4.4474641929558906E-001                  6.9203923760165011E+000                  8.6215847113965305E-001                  1.5908400716119679E+001                  6.9998115823907991E-001                  2.8001884176048863E-001                  2.0000000000431450E-002                  6.8302351812010192E-002                  4.3202535479703836E-005                  0.0000000000000000E+000 
                                    1363                  8.2999754798435510E-001                 -4.4740185903118207E-001                  6.9197975371173293E+000                  8.7076248528170852E-001                  1.5916387886074570E+001                  6.9997970328699866E-001                  2.8002029671254497E-001                  2.0000000000456319E-002                  6.9219344331786989E-002                  4.2830710080582070E-005                  0.0000000000000000E+000 
                                    1364                  8.2778633271979563E-001                 -4.4874431667930720E-001                  6.9194265589860615E+000                  8.7653302773776454E-001                  1.5921773246079351E+001                  6.9997866570928802E-001                  2.8002133429023507E-001                  2.0000000000476970E-002                  6.9863569969447231E-002                  4.2642830089379858E-005                  0.0000000000000000E+000 
                                    1365                  8.2554991862599003E-001                 -4.5009668022841481E-001                  6.9189102890193395E+000                  8.8523831478543158E-001                  1.5929941673804553E+001                  6.9997699986630757E-001                  2.8002300013317738E-001                  2.0000000000515050E-002                  7.0882012254193952E-002                  4.2453190269445214E-005                  0.0000000000000000E+000 
                                    1366                  8.2100057593272391E-001                 -4.5283138422015001E-001                  6.9184888089725911E+000                  8.9394618343648680E-001                  1.5938208869423056E+001                  6.9997522753833852E-001                  2.8002477246109952E-001                  2.0000000000562013E-002                  7.1993565414769742E-002                  4.2466006826646104E-005                  0.0000000000000000E+000 
                                    1367                  8.1868718627405035E-001                 -4.5421394200781784E-001                  6.9182366576740515E+000                  8.9978216276489498E-001                  1.5943780391691259E+001                  6.9997396380783117E-001                  2.8002603619156841E-001                  2.0000000000600426E-002                  7.2773678505937953E-002                  4.2539348608937521E-005                  0.0000000000000000E+000 
                                    1368                  8.1634767575123435E-001                 -4.5560673485581971E-001                  6.9179025350209331E+000                  9.0858077393570191E-001                  1.5952227162492282E+001                  6.9997193512789979E-001                  2.8002806487142973E-001                  2.0000000000670481E-002                  7.4005169942785901E-002                  4.2748961799198293E-005                  0.0000000000000000E+000 
                                    1369                  8.1158936189121755E-001                 -4.5842333314014455E-001                  6.9176635665552437E+000                  9.1738233170673233E-001                  1.5960773394020066E+001                  6.9996977612274236E-001                  2.8003022387650178E-001                  2.0000000000755858E-002                  7.5340248992258718E-002                  4.3165666744329524E-005                  0.0000000000000000E+000 
                                    1370                  8.0917009183227706E-001                 -4.5984736815280292E-001                  6.9175338726338547E+000                  9.2327928475141097E-001                  1.5966530234295702E+001                  6.9996823657647733E-001                  2.8003176342269848E-001                  2.0000000000824247E-002                  7.6275171498047842E-002                  4.3513663201472562E-005                  0.0000000000000000E+000 
                                    1371                  8.0672376756425113E-001                 -4.6128200296806943E-001                  6.9173838935405154E+000                  9.3216773465706215E-001                  1.5975253806077037E+001                  6.9996576678627198E-001                  2.8003423321277837E-001                  2.0000000000949703E-002                  7.7747659770169161E-002                  4.4144502072934500E-005                  0.0000000000000000E+000 
                                    1372                  8.0174901695358358E-001                 -4.6418341079815933E-001                  6.9173239800338360E+000                  9.4106486688076973E-001                  1.5984077398311513E+001                  6.9996313956639211E-001                  2.8003686043250664E-001                  2.0000000001101248E-002                  7.9332776436460833E-002                  4.4988579655464121E-005                  0.0000000000000000E+000 
                                    1373                  7.9922011979216001E-001                 -4.6565040879482034E-001                  6.9173129402707980E+000                  9.4702537995012048E-001                  1.5990018257254118E+001                  6.9996126676064274E-001                  2.8003873323813389E-001                  2.0000000001223373E-002                  8.0440365301070293E-002                  4.5629865094958762E-005                  0.0000000000000000E+000 
                                    1374                  7.9666322689498337E-001                 -4.6712838625439890E-001                  6.9173391859855000E+000                  9.5600950769590087E-001                  1.5999016407163481E+001                  6.9995826117639470E-001                  2.8004173882215905E-001                  2.0000000001446194E-002                  8.2180956490084875E-002                  4.6714522300942019E-005                  0.0000000000000000E+000 
                                    1375                  7.9146450865173945E-001                 -4.7011763764930703E-001                  6.9174453047269235E+000                  9.6501307204484266E-001                  1.6008115009983271E+001                  6.9995506421529330E-001                  2.8004493578299161E-001                  2.0000000001715090E-002                  8.4041627430739049E-002                  4.8019589017445660E-005                  0.0000000000000000E+000 
                                    1376                  7.8882221016783693E-001                 -4.7162911382347755E-001                  6.9175431385994166E+000                  9.7104530597359284E-001                  1.6014238136852253E+001                  6.9995278555451890E-001                  2.8004721444354930E-001                  2.0000000001931806E-002                  8.5339320949073164E-002                  4.8980149020183816E-005                  0.0000000000000000E+000 
                                    1377                  7.8615096979965804E-001                 -4.7315194442620467E-001                  6.9176673609545860E+000                  9.7709598500206229E-001                  1.6020406503964100E+001                  6.9995039248770563E-001                  2.8004960751011243E-001                  2.0000000002181939E-002                  8.6688274403090709E-002                  5.0028506625859418E-005                  0.0000000000000000E+000 
                                    1378                  7.8345055075062242E-001                 -4.7468622486038264E-001                  6.9178174663555989E+000                  9.8316547530614207E-001                  1.6026619965885310E+001                  6.9994787932050773E-001                  2.8005212067702134E-001                  2.0000000002470930E-002                  8.8090014451639970E-002                  5.1168174049305494E-005                  0.0000000000000000E+000 
                                    1379                  7.8072071625374939E-001                 -4.7623205061890134E-001                  6.9179928959811852E+000                  9.8925418959804146E-001                  1.6032878369949550E+001                  6.9994524007730952E-001                  2.8005475991988588E-001                  2.0000000002804663E-002                  8.9546111643331358E-002                  5.2402894293922076E-005                  0.0000000000000000E+000 
                                    1380                  7.7796122964117187E-001                 -4.7778951709169448E-001                  6.9181931345839809E+000                  9.9536248907700942E-001                  1.6039181556221735E+001                  6.9994246847526354E-001                  2.8005753152154661E-001                  2.0000000003189911E-002                  9.1058263498141709E-002                  5.3736886869359237E-005                  0.0000000000000000E+000 
                                    1381                  7.7517185441522729E-001                 -4.7935871971998900E-001                  6.9184177302464844E+000                  1.0014906636126493E+000                  1.6045529357471164E+001                  6.9993955761845494E-001                  2.8006044237791028E-001                  2.0000000003634777E-002                  9.2628324229161743E-002                  5.5174928964458320E-005                  0.0000000000000000E+000 
                                    1382                  7.7235235432105498E-001                 -4.8093975423120366E-001                  6.9186662836223549E+000                  1.0076389428292032E+000                  1.6051921599157961E+001                  6.9993649970059457E-001                  2.8006350029525623E-001                  2.0000000004149143E-002                  9.4258312467098121E-002                  5.6722366964678158E-005                  0.0000000000000000E+000 
                                    1383                  7.6950249342159194E-001                 -4.8253271684449967E-001                  6.9189384363231605E+000                  1.0138075065928798E+000                  1.6058358099429519E+001                  6.9993328975585745E-001                  2.8006671023939916E-001                  2.0000000004743335E-002                  9.5950381093637654E-002                  5.8385128460182749E-005                  0.0000000000000000E+000 
                                    1384                  7.6662203617549429E-001                 -4.8413770444702742E-001                  6.9192338643192191E+000                  1.0199964937610353E+000                  1.6064838669126086E+001                  6.9992991950572481E-001                  2.8007008048884507E-001                  2.0000000005430119E-002                  9.7706880614027797E-002                  6.0169748401794902E-005                  0.0000000000000000E+000 
                                    1385                  7.6371074751711210E-001                 -4.8575481474612431E-001                  6.9195522743651354E+000                  1.0262060046494810E+000                  1.6071363111795385E+001                  6.9992638060323664E-001                  2.8007361939053937E-001                  2.0000000006223928E-002                  9.9530346132138792E-002                  6.2083407884827552E-005                  0.0000000000000000E+000 
                                    1386                  7.6076839293832443E-001                 -4.8738414641975836E-001                  6.9198934014362878E+000                  1.0324361035767078E+000                  1.6077931223716210E+001                  6.9992266468180109E-001                  2.8007733531105761E-001                  2.0000000007141305E-002                  1.0142351270189619E-001                  6.4133979248887576E-005                  0.0000000000000000E+000 
                                    1387                  7.5779473857219382E-001                 -4.8902579926473005E-001                  6.9202570063575761E+000                  1.0386868215752789E+000                  1.6084542793931519E+001                  6.9991876296404221E-001                  2.8008123702775589E-001                  2.0000000008201901E-002                  1.0338933835679640E-001                  6.6330077978933271E-005                  0.0000000000000000E+000 
                                    1388                  7.5478955127842806E-001                 -4.9067987434175897E-001                  6.9206428734367478E+000                  1.0449581588585775E+000                  1.6091197604290482E+001                  6.9991466624135656E-001                  2.8008533374921513E-001                  2.0000000009428254E-002                  1.0543102666974707E-001                  6.8681119203963366E-005                  0.0000000000000000E+000 
                                    1389                  7.5175259873053613E-001                 -4.9234647411817078E-001                  6.9210508081177053E+000                  1.0512500872591723E+000                  1.6097895429499580E+001                  6.9991036485291158E-001                  2.8008963513624219E-001                  2.0000000010846231E-002                  1.0755205274892149E-001                  7.1197380426705711E-005                  0.0000000000000000E+000 
                                    1390                  7.4868364950472888E-001                 -4.9402570260802181E-001                  6.9214806347540065E+000                  1.0575625525265662E+000                  1.6104636037181066E+001                  6.9990584866365568E-001                  2.8009415132385829E-001                  2.0000000012486030E-002                  1.0975619334499594E-001                  7.3890071172499439E-005                  0.0000000000000000E+000 
                                    1391                  7.4558247317191217E-001                 -4.9571766550917967E-001                  6.9219321945349641E+000                  1.0638954763639648E+000                  1.6111419187937582E+001                  6.9990110704124131E-001                  2.8009889294437623E-001                  2.0000000014382513E-002                  1.1204756177117633E-001                  7.6771410028966361E-005                  0.0000000000000000E+000 
                                    1392                  7.4244884039225556E-001                 -4.9742247033850506E-001                  6.9224053436215147E+000                  1.0702487585021958E+000                  1.6118244635423860E+001                  6.9989612883178909E-001                  2.8010387115163521E-001                  2.0000000016575648E-002                  1.1443064861128426E-001                  7.9854710005743229E-005                  0.0000000000000000E+000 
                                    1393                  7.3928252301197039E-001                 -4.9914022656493234E-001                  6.9227757150416656E+000                  1.0750308153698453E+000                  1.6123396566031570E+001                  6.9989224138071260E-001                  2.8010775860085829E-001                  2.0000000018429054E-002                  1.1628388470249110E-001                  8.2315005251887874E-005                  0.0000000000000000E+000 
                                    1394                  7.3768290858711516E-001                 -5.0000622653318982E-001                  6.9230283802284465E+000                  1.0782226278024001E+000                  1.6126840811460390E+001                  6.9988956328343666E-001                  2.8011043669676666E-001                  2.0000000019796627E-002                  1.1754888069838586E-001                  8.4021876290972972E-005                  0.0000000000000000E+000 
                                    1395                  7.3608329416226093E-001                 -5.0087103968402069E-001                  6.9234159757260976E+000                  1.0830157896783885E+000                  1.6132021369998068E+001                  6.9988541519393355E-001                  2.8011458478401891E-001                  2.0000000022047493E-002                  1.1949219647409499E-001                  8.6686801414488391E-005                  0.0000000000000000E+000 
                                    1396                  7.3285092836044741E-001                 -5.0261503594051871E-001                  6.9239531904006890E+000                  1.0894293169814064E+000                  1.6138972161479288E+001                  6.9987965358053394E-001                  2.8012034639402372E-001                  2.0000000025442333E-002                  1.2218198150497722E-001                  9.0468450065417323E-005                  0.0000000000000000E+000 
                                    1397                  7.2958520161322216E-001                 -5.0437232517743458E-001                  6.9245115395772272E+000                  1.0958626140241043E+000                  1.6145964196546597E+001                  6.9987360449465619E-001                  2.8012639547597412E-001                  2.0000000029369636E-002                  1.2498631518233010E-001                  9.4518326533687952E-005                  0.0000000000000000E+000 
                                    1398                  7.2628589152163148E-001                 -5.0614302599746219E-001                  6.9249454215525814E+000                  1.1007046789366437E+000                  1.6151240669155563E+001                  6.9986888219735954E-001                  2.8013111776995148E-001                  2.0000000032688980E-002                  1.2717198883049954E-001                  9.7751354397614099E-005                  0.0000000000000000E+000 
                                    1399                  7.2461933445534898E-001                 -5.0703570901423789E-001                  6.9253892917532278E+000                  1.1055573788149116E+000                  1.6156537930191057E+001                  6.9986395533793511E-001                  2.8013604462561237E-001                  2.0000000036452525E-002                  1.2942754840188425E-001                  1.0114730813531419E-004                  0.0000000000000000E+000 
                                    1400                  7.2126920886067891E-001                 -5.0882676432462703E-001                  6.9258459618358721E+000                  1.1104131528298051E+000                  1.6161851274301522E+001                  6.9985888353441494E-001                  2.8014111642499734E-001                  2.0000000040587773E-002                  1.3175681727416286E-001                  1.0472803610295159E-004                  0.0000000000000000E+000 
                                    1401                  7.1958564033229211E-001                 -5.0972514242506561E-001                  6.9263126253334848E+000                  1.1152790517088869E+000                  1.6167184899865816E+001                  6.9985359467441466E-001                  2.8014640528033224E-001                  2.0000000045253152E-002                  1.3416337695217023E-001                  1.0849141942830107E-004                  0.0000000000000000E+000 
                                    1402                  7.1618426339515573E-001                 -5.1153681689147168E-001                  6.9269547203568012E+000                  1.1217893848519644E+000                  1.6174339048750401E+001                  6.9984625045648352E-001                  2.8015374949122540E-001                  2.0000000052291078E-002                  1.3750726876332223E-001                  1.1383794188080047E-004                  0.0000000000000000E+000 
                                    1403                  7.1274843166499613E-001                 -5.1336240502425035E-001                  6.9276175680421757E+000                  1.1283184272824054E+000                  1.6181532979992721E+001                  6.9983852765358656E-001                  2.8016147228594268E-001                  2.0000000060470757E-002                  1.4101196080877906E-001                  1.1957503653466933E-004                  0.0000000000000000E+000 
                                    1404                  7.0927793239175618E-001                 -5.1520203985285540E-001                  6.9281290445608601E+000                  1.1332279905216549E+000                  1.6186955776414894E+001                  6.9983251232321375E-001                  2.8016748760942456E-001                  2.0000000067361690E-002                  1.4375380726566964E-001                  1.2415790797063827E-004                  0.0000000000000000E+000 
                                    1405                  7.0752961656336666E-001                 -5.1612716249650725E-001                  6.9286506540840200E+000                  1.1381464608384750E+000                  1.6192397769486167E+001                  6.9982623855481074E-001                  2.8017376137003264E-001                  2.0000000075156565E-002                  1.4659730388911191E-001                  1.2898296077397430E-004                  0.0000000000000000E+000 
                                    1406                  7.0400672210018844E-001                 -5.1798812430149355E-001                  6.9293651472676316E+000                  1.1447211423835535E+000                  1.6199689786213462E+001                  6.9981753516500833E-001                  2.8018246474809683E-001                  2.0000000086894842E-002                  1.5056186462262974E-001                  1.3584098380245053E-004                  0.0000000000000000E+000 
                                    1407                  7.0044863848539840E-001                 -5.1986348031361174E-001                  6.9299151898898863E+000                  1.1496647752189064E+000                  1.6205185809440703E+001                  6.9981074494274764E-001                  2.8018925496042996E-001                  2.0000000096822346E-002                  1.5367455594667739E-001                  1.4132478058973913E-004                  0.0000000000000000E+000 
                                    1408                  6.9865633682698602E-001                 -5.2080659612442226E-001                  6.9304754501482053E+000                  1.1546164047947511E+000                  1.6210700197263147E+001                  6.9980366337962752E-001                  2.8019633651231990E-001                  2.0000000108052585E-002                  1.5691391029175719E-001                  1.4710575541199771E-004                  0.0000000000000000E+000 
                                    1409                  6.9504508744974358E-001                 -5.2270381717481607E-001                  6.9312412628844324E+000                  1.1612350549381036E+000                  1.6218088272085872E+001                  6.9979383964283393E-001                  2.8020616023220113E-001                  2.0000000124964945E-002                  1.6144869404210160E-001                  1.5533141280434860E-004                  0.0000000000000000E+000 
                                    1410                  6.9139814357590168E-001                 -5.2461580290112297E-001                  6.9318296415543514E+000                  1.1662114723708616E+000                  1.6223655985771089E+001                  6.9978617547775934E-001                  2.8021382438297121E-001                  2.0000000139269503E-002                  1.6502451873388527E-001                  1.6191618442852878E-004                  0.0000000000000000E+000 
                                    1411                  6.8956122448528545E-001                 -5.2557737504013413E-001                  6.9324283189214961E+000                  1.1711949507218196E+000                  1.6229241200895551E+001                  6.9977818204826914E-001                  2.8022181779627875E-001                  2.0000000155452113E-002                  1.6876197874565613E-001                  1.6886694405461258E-004                  0.0000000000000000E+000 
                                    1412                  6.8586037022984747E-001                 -5.2751180010490162E-001                  6.9332451552470147E+000                  1.1778557889135186E+000                  1.6236723224245914E+001                  6.9976709288342842E-001                  2.8023290693674646E-001                  2.0000000179825062E-002                  1.7402045421694420E-001                  1.7876884072221989E-004                  0.0000000000000000E+000 
                                    1413                  6.8212333450482765E-001                 -5.2946138568962364E-001                  6.9338716586633895E+000                  1.1828636313935934E+000                  1.6242361032047466E+001                  6.9975844314388891E-001                  2.8024155665567035E-001                  2.0000000200440793E-002                  1.7818898051531254E-001                  1.8670510450823066E-004                  0.0000000000000000E+000 
                                    1414                  6.8024118934983457E-001                 -5.3044190904383115E-001                  6.9345085368857289E+000                  1.1878775751470800E+000                  1.6248015448215824E+001                  6.9974942343221791E-001                  2.8025057634401634E-001                  2.0000000223765690E-002                  1.8256868757338185E-001                  1.9509374229542413E-004                  0.0000000000000000E+000 
                                    1415                  6.7644952783994883E-001                 -5.3241454824007206E-001                  6.9351578271285783E+000                  1.1929035852736809E+000                  1.6253694522987296E+001                  6.9974012331556557E-001                  2.8025987643499473E-001                  2.0000000249439709E-002                  1.8717706836032080E-001                  2.0398727337577545E-004                  0.0000000000000000E+000 
                                    1416                  6.7453996550226658E-001                 -5.3340669431056231E-001                  6.9355966914539353E+000                  1.1962580884538423E+000                  1.6257490482603785E+001                  6.9973371560455833E-001                  2.8026628412712939E-001                  2.0000000268312279E-002                  1.9038699889720639E-001                  2.1020282855283744E-004                  0.0000000000000000E+000 
                                    1417                  6.7262121850064216E-001                 -5.3440275842913210E-001                  6.9362640066000347E+000                  1.2012953441431424E+000                  1.6263199052083575E+001                  6.9972378078718256E-001                  2.8027621891325089E-001                  2.0000000299566612E-002                  1.9542569596389445E-001                  2.1998090509621414E-004                  0.0000000000000000E+000 
                                    1418                  6.6875608108782258E-001                 -5.3640674463994464E-001                  6.9371720381928004E+000                  1.2080273125505578E+000                  1.6270844627553771E+001                  6.9971000007438156E-001                  2.8028999957897277E-001                  2.0000000346645619E-002                  2.0259851432114270E-001                  2.3394314932074147E-004                  0.0000000000000000E+000 
                                    1419                  6.6485393919437497E-001                 -5.3842667641546571E-001                  6.9378667111442693E+000                  1.2130880590908075E+000                  1.6276604408256507E+001                  6.9969924978009057E-001                  2.8030074983343500E-001                  2.0000000386474426E-002                  2.0835492905127265E-001                  2.4516030820857923E-004                  0.0000000000000000E+000 
                                    1420                  6.6288893752963285E-001                 -5.3944267322523665E-001                  6.9383358465493927E+000                  1.2164651988724613E+000                  1.6280453658258157E+001                  6.9969184327541434E-001                  2.8030815630883116E-001                  2.0000000415754560E-002                  2.1239130262096440E-001                  2.5301012900490552E-004                  0.0000000000000000E+000 
                                    1421                  6.6091462041416249E-001                 -5.4046272745662138E-001                  6.9390485913562365E+000                  1.2215356128400308E+000                  1.6286241385831566E+001                  6.9968038894839901E-001                  2.8031961058764082E-001                  2.0000000463960221E-002                  2.1876744771814632E-001                  2.6537561148841230E-004                  0.0000000000000000E+000 
                                    1422                  6.5693795651056952E-001                 -5.4251512156001058E-001                  6.9398037693305268E+000                  1.2268296306839126E+000                  1.6292295492262109E+001                  6.9966802290649832E-001                  2.8033197657351333E-001                  2.0000000519988292E-002                  2.2586235129414886E-001                  2.7907694028945378E-004                  0.0000000000000000E+000 
                                    1423                  6.5468497707575146E-001                 -5.4367664621061229E-001                  6.9403240868194587E+000                  1.2304332095261303E+000                  1.6296422800400293E+001                  6.9965933242342693E-001                  2.8034066701458238E-001                  2.0000000561990694E-002                  2.3097521224003062E-001                  2.8889123215564057E-004                  0.0000000000000000E+000 
                                    1424                  6.5267201662013585E-001                 -5.4471369925535540E-001                  6.9408189959911333E+000                  1.2338284665941224E+000                  1.6300316235957862E+001                  6.9965095168187863E-001                  2.8034904771350722E-001                  2.0000000604614154E-002                  2.3601780866710828E-001                  2.9851940620524361E-004                  0.0000000000000000E+000 
                                    1425                  6.5064963652966756E-001                 -5.4575493887096271E-001                  6.9415704335787423E+000                  1.2389253638814322E+000                  1.6306169557997073E+001                  6.9963795912018645E-001                  2.8036204020459915E-001                  2.0000000675214347E-002                  2.4404161973974825E-001                  3.1370398027011983E-004                  0.0000000000000000E+000 
                                    1426                  6.4657653995045317E-001                 -5.4785010015289237E-001                  6.9423338639296155E+000                  1.2440344947973838E+000                  1.6312047255405073E+001                  6.9962456327032407E-001                  2.8037543597672865E-001                  2.0000000752947278E-002                  2.5265783501480155E-001                  3.2985793077045699E-004                  0.0000000000000000E+000 
                                    1427                  6.4452578547159023E-001                 -5.4890405935882147E-001                  6.9428489530760134E+000                  1.2474429786191072E+000                  1.6315974303466120E+001                  6.9961533473666115E-001                  2.8038466445323712E-001                  2.0000000810101781E-002                  2.5877149468077548E-001                  3.4118718739167955E-004                  0.0000000000000000E+000 
                                    1428                  6.4246553538953877E-001                 -5.4996231331585688E-001                  6.9433693340294207E+000                  1.2508544036172071E+000                  1.6319909633304100E+001                  6.9960588079749197E-001                  2.8039411833090028E-001                  2.0000000871607693E-002                  2.6520500224771826E-001                  3.5299609242717822E-004                  0.0000000000000000E+000 
                                    1429                  6.4039577149290727E-001                 -5.5102489073454408E-001                  6.9441603142059201E+000                  1.2559735440054447E+000                  1.6325825113187516E+001                  6.9959122465626278E-001                  2.8040877437024281E-001                  2.0000000973494414E-002                  2.7551814269237318E-001                  3.7166418858097311E-004                  0.0000000000000000E+000 
                                    1430                  6.3622763103907953E-001                 -5.5316315445977282E-001                  6.9449726800010962E+000                  1.2610954038005977E+000                  1.6331764879766510E+001                  6.9957611567050726E-001                  2.8042388324380302E-001                  2.0000001085689778E-002                  2.8672160015529530E-001                  3.9172242975788960E-004                  0.0000000000000000E+000 
                                    1431                  6.3412921970670921E-001                 -5.5423890520844155E-001                  6.9455295463135878E+000                  1.2645027293390845E+000                  1.6335732847977720E+001                  6.9956570820498321E-001                  2.8043429062682462E-001                  2.0000001168192227E-002                  2.9476994430665943E-001                  4.0598266807945487E-004                  0.0000000000000000E+000 
                                    1432                  6.3202122502223601E-001                 -5.5531913757628759E-001                  6.9460936895177499E+000                  1.2679107688936087E+000                  1.6339708854670977E+001                  6.9955504776604349E-001                  2.8044495097697231E-001                  2.0000001256984201E-002                  3.0329835301711044E-001                  4.2090742173701032E-004                  0.0000000000000000E+000 
                                    1433                  6.2990363046033881E-001                 -5.5640388821452968E-001                  6.9466331105234209E+000                  1.2713561228443262E+000                  1.6343697351277168E+001                  6.9954411657470905E-001                  2.8045588207271643E-001                  2.0000001352574515E-002                  3.1218759005806523E-001                  4.3588991515817392E-004                  0.0000000000000000E+000 
                                    1434                  6.2777160392689679E-001                 -5.5749557737786770E-001                  6.9471245860142972E+000                  1.2748530888812006E+000                  1.6347689306877946E+001                  6.9953293028087915E-001                  2.8046706826352347E-001                  2.0000001455597438E-002                  3.2131439223669933E-001                  4.5040402820252669E-004                  0.0000000000000000E+000 
                                    1435                  6.2563957739345477E-001                 -5.5858670678885713E-001                  6.9475292153148480E+000                  1.2774421948636447E+000                  1.6350685855921633E+001                  6.9952437728528549E-001                  2.8047562117704183E-001                  2.0000001537672674E-002                  3.2869109133839824E-001                  4.6237621094198477E-004                  0.0000000000000000E+000 
                                    1436                  6.2456633252099814E-001                 -5.5913581064141515E-001                  6.9478114570452307E+000                  1.2791598891174674E+000                  1.6352687733123883E+001                  6.9951859835071528E-001                  2.8048140005476929E-001                  2.0000001594515426E-002                  3.3385659726975320E-001                  4.7080917161587796E-004                  0.0000000000000000E+000 
                                    1437                  6.2349308764854150E-001                 -5.5968482534329211E-001                  6.9482477020977518E+000                  1.2817252114844031E+000                  1.6355692255886549E+001                  6.9950975404933002E-001                  2.8049024426542934E-001                  2.0000001685240631E-002                  3.4198317911957460E-001                  4.8403542300671235E-004                  0.0000000000000000E+000 
                                    1438                  6.2133693556008596E-001                 -5.6078757282513658E-001                  6.9488364193046293E+000                  1.2851479439163063E+000                  1.6359707692703015E+001                  6.9949773594103637E-001                  2.8050226224548097E-001                  2.0000001813482715E-002                  3.5343384425986346E-001                  5.0242021511579568E-004                  0.0000000000000000E+000 
                                    1439                  6.1917110645468854E-001                 -5.6189499542643051E-001                  6.9492709806171593E+000                  1.2877290413518441E+000                  1.6362726320018776E+001                  6.9948854125929338E-001                  2.8051145682501322E-001                  2.0000001915693399E-002                  3.6243647607363033E-001                  5.1650377160809933E-004                  0.0000000000000000E+000 
                                    1440                  6.1808334625250350E-001                 -5.6245107547165196E-001                  6.9495598257177784E+000                  1.2894517393569782E+000                  1.6364739835720162E+001                  6.9948231239840319E-001                  2.8051768561425694E-001                  2.0000001987339866E-002                  3.6866477139733050E-001                  5.2608983712500146E-004                  0.0000000000000000E+000 
                                    1441                  6.1699558605031846E-001                 -5.6300708565814217E-001                  6.9499938778989137E+000                  1.2920366064555624E+000                  1.6367761713194678E+001                  6.9947281991758203E-001                  2.8052717798232396E-001                  2.0000002100094005E-002                  3.7837833583060981E-001                  5.4082208231705058E-004                  0.0000000000000000E+000 
                                    1442                  6.1481036046358084E-001                 -5.6412387015099819E-001                  6.9505807989820623E+000                  1.2954841876131198E+000                  1.6371800203709498E+001                  6.9945990828182047E-001                  2.8054008945815573E-001                  2.0000002260023741E-002                  3.9210835275906436E-001                  5.6132762771514909E-004                  0.0000000000000000E+000 
                                    1443                  6.1261541621706228E-001                 -5.6524538868590446E-001                  6.9510249472585661E+000                  1.2980728770038301E+000                  1.6374836055511107E+001                  6.9945003051435550E-001                  2.8054996709814761E-001                  2.0000002387496885E-002                  4.0301359943751847E-001                  5.7732592318166897E-004                  0.0000000000000000E+000 
                                    1444                  6.1151307823195378E-001                 -5.6580855528014740E-001                  6.9513222348977086E+000                  1.2997985088849520E+000                  1.6376860984549488E+001                  6.9944333921953838E-001                  2.8055665830360577E-001                  2.0000002476855849E-002                  4.1058877923612358E-001                  5.8827526822011439E-004                  0.0000000000000000E+000 
                                    1445                  6.1041074024684494E-001                 -5.6637167493119733E-001                  6.9517698081015507E+000                  1.3023868147337991E+000                  1.6379899877203790E+001                  6.9943314249020483E-001                  2.8056685489230521E-001                  2.0000002617490020E-002                  4.2243221723020430E-001                  6.0513410759093389E-004                  0.0000000000000000E+000 
                                    1446                  6.0819631991011869E-001                 -5.6750276751026407E-001                  6.9523701631898449E+000                  1.3058435116721585E+000                  1.6383960966849866E+001                  6.9941927384345737E-001                  2.8058072333956657E-001                  2.0000002816976004E-002                  4.3917184216790667E-001                  6.2847752967731547E-004                  0.0000000000000000E+000 
                                    1447                  6.0597214299291868E-001                 -5.6863869666758138E-001                  6.9528236011659512E+000                  1.3084397647042487E+000                  1.6387013701922186E+001                  6.9940866465845108E-001                  2.8059133236556227E-001                  2.0000002975986586E-002                  4.5249056358585010E-001                  6.4667398849234522E-004                  0.0000000000000000E+000 
                                    1448                  6.0485517035545711E-001                 -5.6920910852394069E-001                  6.9531272655940084E+000                  1.3101701868992102E+000                  1.6389049816377238E+001                  6.9940147833231225E-001                  2.8059851858022872E-001                  2.0000003087458973E-002                  4.6175918262125987E-001                  6.5913706634536135E-004                  0.0000000000000000E+000 
                                    1449                  6.0373819771799553E-001                 -5.6977949513101178E-001                  6.9535848548078247E+000                  1.3127651236780600E+000                  1.6392105381600508E+001                  6.9939052789345879E-001                  2.8060946884363874E-001                  2.0000003262902410E-002                  4.7627840716798586E-001                  6.7834669157159689E-004                  0.0000000000000000E+000 
                                    1450                  6.0149447275281887E-001                 -5.7092520528288937E-001                  6.9541996183084507E+000                  1.3162295209500787E+000                  1.6396188612704055E+001                  6.9937563536463609E-001                  2.8062436112358452E-001                  2.0000003511779330E-002                  4.9685623945617174E-001                  7.0499117166027451E-004                  0.0000000000000000E+000 
                                    1451                  5.9924095721770265E-001                 -5.7207586216907469E-001                  6.9546641901705817E+000                  1.3188311581197036E+000                  1.6399257887245511E+001                  6.9936424392607288E-001                  2.8063575236375632E-001                  2.0000003710170855E-002                  5.1326736798917949E-001                  7.2578146078088100E-004                  0.0000000000000000E+000 
                                    1452                  5.9810929895588261E-001                 -5.7265368209724199E-001                  6.9549753256544120E+000                  1.3205650532093836E+000                  1.6401304957440981E+001                  6.9935652826027928E-001                  2.8064346789046268E-001                  2.0000003849258041E-002                  5.2470591812367118E-001                  7.4002773535535645E-004                  0.0000000000000000E+000 
                                    1453                  5.9697764069406278E-001                 -5.7323150144508639E-001                  6.9552877104889896E+000                  1.3222994926553544E+000                  1.6403353824673459E+001                  6.9934872832642114E-001                  2.8065126768068083E-001                  2.0000003992898030E-002                  5.3655592251005702E-001                  7.5459757386272305E-004                  0.0000000000000000E+000 
                                    1454                  5.9584107696341715E-001                 -5.7381182921514684E-001                  6.9556013450628553E+000                  1.3240344921860248E+000                  1.6405404495553721E+001                  6.9934081571852147E-001                  2.8065918013803182E-001                  2.0000004143446715E-002                  5.4885280006401960E-001                  7.6949903638412172E-004                  0.0000000000000000E+000 
                                    1455                  5.9470451323277140E-001                 -5.7439216499715773E-001                  6.9560739212840526E+000                  1.3266361185105651E+000                  1.6408481753665942E+001                  6.9932878469990467E-001                  2.8067121092136138E-001                  2.0000004378733949E-002                  5.6813636863268357E-001                  7.9247898398106752E-004                  0.0000000000000000E+000 
                                    1456                  5.9242156536264468E-001                 -5.7555789544782388E-001                  6.9565497282561690E+000                  1.3292427105113804E+000                  1.6411567222219418E+001                  6.9931655659875713E-001                  2.8068343877493029E-001                  2.0000004626312573E-002                  5.8849981470544432E-001                  8.1627607360592106E-004                  0.0000000000000000E+000 
                                    1457                  5.9127517673086083E-001                 -5.7614329852748358E-001                  6.9568683506586435E+000                  1.3309798437404226E+000                  1.6413625017484080E+001                  6.9930827546160890E-001                  2.8069171973849827E-001                  2.0000004799892834E-002                  6.0271164159222623E-001                  8.3258832820401691E-004                  0.0000000000000000E+000 
                                    1458                  5.9012878809907687E-001                 -5.7672872737309533E-001                  6.9573484082367250E+000                  1.3335846107081761E+000                  1.6416712890941128E+001                  6.9929565944130989E-001                  2.8070433548558060E-001                  2.0000005073109506E-002                  6.2503666405876090E-001                  8.5774977733403968E-004                  0.0000000000000000E+000 
                                    1459                  5.8782617295281370E-001                 -5.7790470768903546E-001                  6.9578317000783736E+000                  1.3361943303822115E+000                  1.6419808963059509E+001                  6.9928283833496541E-001                  2.8071715630428928E-001                  2.0000005360745310E-002                  6.4863386061005257E-001                  8.8381305646402530E-004                  0.0000000000000000E+000 
                                    1460                  5.8666994244584569E-001                 -5.7849526779155735E-001                  6.9581553151103233E+000                  1.3379334942454644E+000                  1.6421873779887171E+001                  6.9927417487354659E-001                  2.8072581956573173E-001                  2.0000005560721679E-002                  6.6510002333158846E-001                  9.0168303190867147E-004                  0.0000000000000000E+000 
                                    1461                  5.8551371193887769E-001                 -5.7908587220240071E-001                  6.9584801802073795E+000                  1.3396731497249135E+000                  1.6423940329193460E+001                  6.9926538968794416E-001                  2.8073460454229338E-001                  2.0000005769762463E-002                  6.8221035047469192E-001                  9.1996730371968042E-004                  0.0000000000000000E+000 
                                    1462                  5.8435255476226244E-001                 -5.7967904233678558E-001                  6.9588062976527043E+000                  1.3414132934159249E+000                  1.6426008618189016E+001                  6.9925650748680757E-001                  2.8074348652675302E-001                  2.0000005986439362E-002                  6.9996890925125632E-001                  9.3867648688331529E-004                  0.0000000000000000E+000 
                                    1463                  5.8319139758564698E-001                 -5.8027226635195861E-001                  6.9592976048611623E+000                  1.3440224662576248E+000                  1.6429112124987821E+001                  6.9924297705552174E-001                  2.8075701661697156E-001                  2.0000006327506759E-002                  7.2789650021542973E-001                  9.6754566868253870E-004                  0.0000000000000000E+000 
                                    1464                  5.8085922294407677E-001                 -5.8146393641195038E-001                  6.9597921599620447E+000                  1.3466365647936616E+000                  1.6432223813174371E+001                  6.9922922825122547E-001                  2.8077076506218052E-001                  2.0000006686593963E-002                  7.5745240924208912E-001                  9.9746224633326581E-004                  0.0000000000000000E+000 
                                    1465                  5.7968820227059059E-001                 -5.8206239145026129E-001                  6.9601232878008172E+000                  1.3483785750087176E+000                  1.6434298969238050E+001                  6.9921993914542080E-001                  2.8078005391832267E-001                  2.0000006936256476E-002                  7.7809727718602428E-001                  1.0179815995940195E-003                  0.0000000000000000E+000 
                                    1466                  5.7851718159710419E-001                 -5.8266092016801074E-001                  6.9604556688999173E+000                  1.3501210373229133E+000                  1.6436375818940515E+001                  6.9921052078368029E-001                  2.8078947201907101E-001                  2.0000007197248704E-002                  7.9956574707295869E-001                  1.0389826464365674E-003                  0.0000000000000000E+000 
                                    1467                  5.7734122463314652E-001                 -5.8326205083328198E-001                  6.9607893048422893E+000                  1.3518639488267312E+000                  1.6438454369869227E+001                  6.9920099962472992E-001                  2.8079899290748350E-001                  2.0000007467786629E-002                  8.2186354352405577E-001                  1.0604778239536397E-003                  0.0000000000000000E+000 
                                    1468                  5.7616526766918885E-001                 -5.8386326539281475E-001                  6.9612918921503724E+000                  1.3544771677940022E+000                  1.6441573161870149E+001                  6.9918649828832313E-001                  2.8081349381802112E-001                  2.0000007893655747E-002                  8.5696019448017158E-001                  1.0936577790653206E-003                  0.0000000000000000E+000 
                                    1469                  5.7380347583604063E-001                 -5.8507102073169592E-001                  6.9617977295756388E+000                  1.3570952973682124E+000                  1.6444700118577501E+001                  6.9917176574644380E-001                  2.8082822591150480E-001                  2.0000008342051401E-002                  8.9413911817704528E-001                  1.1280555440246907E-003                  0.0000000000000000E+000 
                                    1470                  5.7261763858526449E-001                 -5.8567757087360728E-001                  6.9621363787084647E+000                  1.3588399260385515E+000                  1.6446785381900753E+001                  6.9916181369514796E-001                  2.8083817765103058E-001                  2.0000008653821455E-002                  9.2012888834156903E-001                  1.1516567781526719E-003                  0.0000000000000000E+000 
                                    1471                  5.7143180133448834E-001                 -5.8628422602232144E-001                  6.9624762806045419E+000                  1.3605849709641458E+000                  1.6448872299990121E+001                  6.9915172494577227E-001                  2.8084826607447116E-001                  2.0000008979756512E-002                  9.4716999268844304E-001                  1.1758187283819081E-003                  0.0000000000000000E+000 
                                    1472                  5.7024102065352777E-001                 -5.8689352080087809E-001                  6.9628174366399369E+000                  1.3623304292340426E+000                  1.6450960880822269E+001                  6.9914152774722005E-001                  2.8085846293515360E-001                  2.0000009317626355E-002                  9.7527044370663829E-001                  1.2005560036645803E-003                  0.0000000000000000E+000 
                                    1473                  5.6905023997256721E-001                 -5.8750293147407773E-001                  6.9633313022051455E+000                  1.3649473665960554E+000                  1.6454094609581723E+001                  6.9912600012590098E-001                  2.8087399002458419E-001                  2.0000009849514777E-002                  1.0195278126011771E+000                  1.2387538420962280E-003                  0.0000000000000000E+000 
                                    1474                  5.6665878813980042E-001                 -5.8872718821596670E-001                  6.9638484160402507E+000                  1.3675692041915455E+000                  1.6457236487082977E+001                  6.9911022886790830E-001                  2.8088976072251975E-001                  2.0000010409571889E-002                  1.0664428257179193E+000                  1.2783695705434125E-003                  0.0000000000000000E+000 
                                    1475                  5.6545811547869040E-001                 -5.8934204403464863E-001                  6.9641945815203750E+000                  1.3693162366867611E+000                  1.6459331625596946E+001                  6.9909957748099505E-001                  2.8090041172000774E-001                  2.0000010798997270E-002                  1.0992560540237450E+000                  1.3055604709394022E-003                  0.0000000000000000E+000 
                                    1476                  5.6425744281758050E-001                 -5.8995703824848122E-001                  6.9645419989796506E+000                  1.3710636498064785E+000                  1.6461428380004538E+001                  6.9908878227038918E-001                  2.8091120652347246E-001                  2.0000011206138368E-002                  1.1334071889571249E+000                  1.3334050346746576E-003                  0.0000000000000000E+000 
                                    1477                  5.6305182220364036E-001                 -5.9057471130538031E-001                  6.9648906699628297E+000                  1.3728114402626264E+000                  1.6463526758684157E+001                  6.9907787330963855E-001                  2.8092211506215481E-001                  2.0000011628206638E-002                  1.1689073533233900E+000                  1.3619204682682867E-003                  0.0000000000000000E+000 
                                    1478                  5.6184620158970022E-001                 -5.9119253436125363E-001                  6.9654158062214844E+000                  1.3754317734714754E+000                  1.6466675075755841E+001                  6.9906126650971512E-001                  2.8093872119760577E-001                  2.0000012292679115E-002                  1.2248380505011618E+000                  1.4059677200158739E-003                  0.0000000000000000E+000 
                                    1479                  5.5942506265308278E-001                 -5.9243373032020430E-001                  6.9659441914969751E+000                  1.3780569945170502E+000                  1.6469831526443674E+001                  6.9904440456537242E-001                  2.8095558244224150E-001                  2.0000012992386074E-002                  1.2841487849589481E+000                  1.4516685045200689E-003                  0.0000000000000000E+000 
                                    1480                  5.5820954374087539E-001                 -5.9305711339027556E-001                  6.9662978704432685E+000                  1.3798062136541149E+000                  1.6471936308182919E+001                  6.9903301976109755E-001                  2.8096696675996569E-001                  2.0000013478936762E-002                  1.3256426031895070E+000                  1.4830469268193756E-003                  0.0000000000000000E+000 
                                    1481                  5.5699402482866822E-001                 -5.9368067044107131E-001                  6.9666528012596993E+000                  1.3815557769534617E+000                  1.6474042666975794E+001                  6.9902148466151037E-001                  2.8097850135083924E-001                  2.0000013987650389E-002                  1.3688304660259278E+000                  1.5151885572687301E-003                  0.0000000000000000E+000 
                                    1482                  5.5577355620058111E-001                 -5.9430694717611188E-001                  6.9670089856451236E+000                  1.3833056807801909E+000                  1.6476150611615246E+001                  6.9900983115652215E-001                  2.8099015432843827E-001                  2.0000014515039632E-002                  1.4137277074806618E+000                  1.5481136941956134E-003                  0.0000000000000000E+000 
                                    1483                  5.5455308757249422E-001                 -5.9493341026065560E-001                  6.9675453908459328E+000                  1.3859290803503090E+000                  1.6479313168839298E+001                  6.9899209730837364E-001                  2.8100788734625787E-001                  2.0000015345368549E-002                  1.4844651519867740E+000                  1.5989903217013138E-003                  0.0000000000000000E+000 
                                    1484                  5.5210225098697518E-001                 -5.9619200635321667E-001                  6.9680850483889962E+000                  1.3885573532429349E+000                  1.6482483845520221E+001                  6.9897409842945668E-001                  2.8102588535075951E-001                  2.0000016219783756E-002                  1.5594772529034855E+000                  1.6517984255701868E-003                  0.0000000000000000E+000 
                                    1485                  5.5087188340966953E-001                 -5.9682414997717093E-001                  6.9684462417648110E+000                  1.3903085370536892E+000                  1.6484598038817690E+001                  6.9896195033421293E-001                  2.8103803283793810E-001                  2.0000016827848910E-002                  1.6119530697062667E+000                  1.6880694293819215E-003                  0.0000000000000000E+000 
                                    1486                  5.4964151583236387E-001                 -5.9745650551544960E-001                  6.9687179228057410E+000                  1.3916222120856792E+000                  1.6486184742742331E+001                  6.9895273539185498E-001                  2.8104724730542080E-001                  2.0000017302724160E-002                  1.6527020538640167E+000                  1.7158545123934072E-003                  0.0000000000000000E+000 
                                    1487                  5.4902385775887430E-001                 -5.9777403640775650E-001                  6.9688996416462397E+000                  1.3924989080529131E+000                  1.6487244057336856E+001                  6.9894655773729741E-001                  2.8105342463812577E-001                  2.0000017624576816E-002                  1.6805475059112198E+000                  1.7346824897408913E-003                  0.0000000000000000E+000 
                                    1488                  5.4840619968538484E-001                 -5.9809162285709494E-001                  6.9691723886947834E+000                  1.3938118186687116E+000                  1.6488831048149851E+001                  6.9893722062426744E-001                  2.8106276125290891E-001                  2.0000018122823704E-002                  1.7233126678059929E+000                  1.7633130087152595E-003                  0.0000000000000000E+000 
                                    1489                  5.4717088353840504E-001                 -5.9872696575772755E-001                  6.9697200681567164E+000                  1.3964379461484895E+000                  1.6492007497939426E+001                  6.9891831978573415E-001                  2.8108166105357052E-001                  2.0000019160695270E-002                  1.8127020112358445E+000                  1.8221757264351185E-003                  0.0000000000000000E+000 
                                    1490                  5.4469035621621931E-001                 -6.0000344756486468E-001                  6.9702710075069447E+000                  1.3990689286605442E+000                  1.6495192054126367E+001                  6.9889914600521141E-001                  2.8110083374104056E-001                  2.0000020253748030E-002                  1.9074543332866376E+000                  1.8832984024765684E-003                  0.0000000000000000E+000 
                                    1491                  5.4344514644328468E-001                 -6.0064459757315014E-001                  6.9706397228304304E+000                  1.4008218471774057E+000                  1.6497315427806885E+001                  6.9888621081840663E-001                  2.8111376816770267E-001                  2.0000021013890645E-002                  1.9737122842255230E+000                  1.9252949545461651E-003                  0.0000000000000000E+000 
                                    1492                  5.4219993667034982E-001                 -6.0128599994560628E-001                  6.9709170467692578E+000                  1.4021368110183878E+000                  1.6498909005354207E+001                  6.9887640305361409E-001                  2.8112357533881738E-001                  2.0000021607568530E-002                  2.0251355153111956E+000                  1.9574740376938336E-003                  0.0000000000000000E+000 
                                    1493                  5.4157485960552310E-001                 -6.0160807131367111E-001                  6.9711025297418088E+000                  1.4030143340791581E+000                  1.6499972872203156E+001                  6.9886982951522525E-001                  2.8113014847483364E-001                  2.0000022009941110E-002                  2.0602682725023564E+000                  1.9792829832949521E-003                  0.0000000000000000E+000 
                                    1494                  5.4094978254069637E-001                 -6.0193020853468182E-001                  6.9713809207312520E+000                  1.4043284789100514E+000                  1.6501566682268507E+001                  6.9885989801548021E-001                  2.8114007935164037E-001                  2.0000022632879366E-002                  2.1141955700959714E+000                  2.0124528841289628E-003                  0.0000000000000000E+000 
                                    1495                  5.3969962841103891E-001                 -6.0257468402960068E-001                  6.9719398928799876E+000                  1.4069569790332164E+000                  1.6504756677910120E+001                  6.9883980451793604E-001                  2.8116017155151629E-001                  2.0000023930547672E-002                  2.2268423543683347E+000                  2.0806697133837707E-003                  0.0000000000000000E+000 
                                    1496                  5.3718943566675370E-001                 -6.0386956354950005E-001                  6.9725021400444627E+000                  1.4095903049793661E+000                  1.6507954768131412E+001                  6.9881944395515871E-001                  2.8118053075056426E-001                  2.0000025294277024E-002                  2.3461301785674653E+000                  2.1515357092284824E-003                  0.0000000000000000E+000 
                                    1497                  5.3592939953185481E-001                 -6.0451997921266942E-001                  6.9728783968904864E+000                  1.4113447189015331E+000                  1.6510087091716755E+001                  6.9880569240373380E-001                  2.8119428134539454E-001                  2.0000026250871716E-002                  2.4294877696213226E+000                  2.2002439730195483E-003                  0.0000000000000000E+000 
                                    1498                  5.3466936339695570E-001                 -6.0517069039087890E-001                  6.9732559132856711E+000                  1.4130993453051912E+000                  1.6512220876356558E+001                  6.9879181567668758E-001                  2.8120815708426872E-001                  2.0000027239043705E-002                  2.5160629531011387E+000                  2.2501791039389219E-003                  0.0000000000000000E+000 
                                    1499                  5.3340439035099996E-001                 -6.0582425469276968E-001                  6.9736346922272325E+000                  1.4148542028559903E+000                  1.6514356132169954E+001                  6.9877777935735108E-001                  2.8122219236730600E-001                  2.0000028275342974E-002                  2.6059469274348701E+000                  2.3013746505040622E-003                  0.0000000000000000E+000 
                                    1500                  5.3213941730504422E-001                 -6.0647812952789248E-001                  6.9740147330036608E+000                  1.4166092547687166E+000                  1.6516492836224490E+001                  6.9876362705744555E-001                  2.8123634359876737E-001                  2.0000029343787085E-002                  2.6992505790443482E+000                  2.3538648004438755E-003                  0.0000000000000000E+000 
                                    1501                  5.3086951057824883E-001                 -6.0713487342918981E-001                  6.9743960388075834E+000                  1.4183645078395670E+000                  1.6518630998794904E+001                  6.9874935958906159E-001                  2.8125060996368428E-001                  2.0000030447254069E-002                  2.7960646834268110E+000                  2.4076852034849291E-003                  0.0000000000000000E+000 
                                    1502                  5.2959960385145322E-001                 -6.0779194324260077E-001                  6.9747786090542228E+000                  1.4201199546013172E+000                  1.6520770596813630E+001                  6.9873493249374308E-001                  2.8126503590500640E-001                  2.0000031601250523E-002                  2.8965453630984075E+000                  2.4628718163631938E-003                  0.0000000000000000E+000 
                                    1503                  5.2832476705923959E-001                 -6.0845189831028346E-001                  6.9751624471149549E+000                  1.4218755896441178E+000                  1.6522911640712802E+001                  6.9872038287063576E-001                  2.8127958433152739E-001                  2.0000032797836909E-002                  3.0007436470429623E+000                  2.5194625091192408E-003                  0.0000000000000000E+000 
                                    1504                  5.2704993026702629E-001                 -6.0911219498516966E-001                  6.9755475525077131E+000                  1.4236313937388596E+000                  1.6525054107288977E+001                  6.9870570058359960E-001                  2.8129426537833324E-001                  2.0000034038067160E-002                  3.1088336558377594E+000                  2.5774954970635695E-003                  0.0000000000000000E+000 
                                    1505                  5.2577016741678118E-001                 -6.0977539336352926E-001                  6.9759339287638324E+000                  1.4253873732837701E+000                  1.6527198007133713E+001                  6.9869088757389020E-001                  2.8130907709979291E-001                  2.0000035326316890E-002                  3.2208880889080671E+000                  2.6370107950259413E-003                  0.0000000000000000E+000 
                                    1506                  5.2449040456653595E-001                 -6.1043894940445664E-001                  6.9762245103892395E+000                  1.4267045865609083E+000                  1.6528806954102148E+001                  6.9867969918008688E-001                  2.8132026449832948E-001                  2.0000036321583647E-002                  3.3076100298360451E+000                  2.6826408781170825E-003                  0.0000000000000000E+000 
                                    1507                  5.2384806231553738E-001                 -6.1077214004133140E-001                  6.9764188386187707E+000                  1.4275835347964270E+000                  1.6529880993679374E+001                  6.9867218803611419E-001                  2.8132777496006345E-001                  2.0000037003822357E-002                  3.3667750262035421E+000                  2.7135777213305574E-003                  0.0000000000000000E+000 
                                    1508                  5.2320572006453880E-001                 -6.1110542334014240E-001                  6.9767108689680013E+000                  1.4289014702916605E+000                  1.6531492094843905E+001                  6.9866085605558981E-001                  2.8133910589218891E-001                  2.0000038052221281E-002                  3.4575149601796955E+000                  2.7607128946399162E-003                  0.0000000000000000E+000 
                                    1509                  5.2191857714274281E-001                 -6.1177354833949060E-001                  6.9771010652915963E+000                  1.4306579006292439E+000                  1.6533640227492704E+001                  6.9864565502452192E-001                  2.8135430548121537E-001                  2.0000039494262767E-002                  3.5821652655520784E+000                  2.8249260911965540E-003                  0.0000000000000000E+000 
                                    1510                  5.2063143422094671E-001                 -6.1244205577178068E-001                  6.9774921644443761E+000                  1.4324127911641613E+000                  1.6535787709326314E+001                  6.9863034038859317E-001                  2.8136961862251375E-001                  2.0000040988893075E-002                  3.7111347364148846E+000                  2.8907287026359888E-003                  0.0000000000000000E+000 
                                    1511                  5.1934183287935576E-001                 -6.1311223054233155E-001                  6.9778849139990182E+000                  1.4341694778846501E+000                  1.6537938629617962E+001                  6.9861489161414392E-001                  2.8138506585013245E-001                  2.0000042535723628E-002                  3.8448191829483180E+000                  2.9582921208684350E-003                  0.0000000000000000E+000 
                                    1512                  5.1804731992336928E-001                 -6.1378535793215794E-001                  6.9782789444234146E+000                  1.4359262982464258E+000                  1.6540090945501056E+001                  6.9859929541844989E-001                  2.8140066042339007E-001                  2.0000044158160035E-002                  3.9830271273161686E+000                  3.0276016989447155E-003                  0.0000000000000000E+000 
                                    1513                  5.1675280696738257E-001                 -6.1445889334671289E-001                  6.9786742552785723E+000                  1.4376832161829083E+000                  1.6542244633226399E+001                  6.9858359008802939E-001                  2.8141636408091980E-001                  2.0000045831050750E-002                  4.1260719300760993E+000                  3.0987058777263423E-003                  0.0000000000000000E+000 
                                    1514                  5.1545338804247742E-001                 -6.1513539889406310E-001                  6.9790708503313938E+000                  1.4394402380931075E+000                  1.6544399704042483E+001                  6.9856777883273424E-001                  2.8143217360832751E-001                  2.0000047558938250E-002                  4.2740147052792574E+000                  3.1716551601426693E-003                  0.0000000000000000E+000 
                                    1515                  5.1415396911757227E-001                 -6.1581233003708957E-001                  6.9794687289969408E+000                  1.4411973540809120E+000                  1.6546556134063376E+001                  6.9855182204975452E-001                  2.8144812858403728E-001                  2.0000049366208250E-002                  4.4268549844634322E+000                  3.2465004484449199E-003                  0.0000000000000000E+000 
                                    1516                  5.1284965029690022E-001                 -6.1649224910992340E-001                  6.9798678949701483E+000                  1.4429545595123714E+000                  1.6548713934706814E+001                  6.9853575651694688E-001                  2.8146419224265234E-001                  2.0000051240400829E-002                  4.5847062178874385E+000                  3.3232954277208084E-003                  0.0000000000000000E+000 
                                    1517                  5.1154533147622772E-001                 -6.1717261172317273E-001                  6.9802683475030474E+000                  1.4447118345092107E+000                  1.6550873081949263E+001                  6.9851957243778273E-001                  2.8148037438022605E-001                  2.0000053181991273E-002                  4.7477820498665420E+000                  3.4020942610801987E-003                  0.0000000000000000E+000 
                                    1518                  5.1023611926811896E-001                 -6.1785598036205958E-001                  6.9806700901430068E+000                  1.4464691866876169E+000                  1.6553033587379982E+001                  6.9850327107255150E-001                  2.8149667372492182E-001                  2.0000055202526679E-002                  4.9160089914776695E+000                  3.4829536292885249E-003                  0.0000000000000000E+000 
                                    1519                  5.0892690706001020E-001                 -6.1853981089855881E-001                  6.9810731219010762E+000                  1.4482265930438860E+000                  1.6555195426837681E+001                  6.9848685225001728E-001                  2.8151309044779199E-001                  2.0000057302190788E-002                  5.0895283174449100E+000                  3.5659309494911421E-003                  0.0000000000000000E+000 
                                    1520                  5.0761280841560885E-001                 -6.1922666584399266E-001                  6.9814774461509401E+000                  1.4499840529545791E+000                  1.6557358612085075E+001                  6.9847034279843712E-001                  2.8152959773603914E-001                  2.0000059465523745E-002                  5.2685933829766158E+000                  3.6510865255434954E-003                  0.0000000000000000E+000 
                                    1521                  5.0629870977120761E-001                 -6.1991400147012587E-001                  6.9818830615748091E+000                  1.4517415571008068E+000                  1.6559523118822945E+001                  6.9845370238439308E-001                  2.8154623588718714E-001                  2.0000061728419727E-002                  5.4529352948100502E+000                  3.7384808815013079E-003                  0.0000000000000000E+000 
                                    1522                  5.0497973209225899E-001                 -6.2060438019185571E-001                  6.9822899712994788E+000                  1.4534991026113100E+000                  1.6561688958989613E+001                  6.9843696579182091E-001                  2.8156297013291909E-001                  2.0000064075260005E-002                  5.6427351783816588E+000                  3.8281779380684648E-003                  0.0000000000000000E+000 
                                    1523                  5.0366075441331060E-001                 -6.2129525878664504E-001                  6.9826981737004425E+000                  1.4552566686183095E+000                  1.6563856108147256E+001                  6.9842012757871608E-001                  2.8157980592130694E-001                  2.0000066499976987E-002                  5.8383040594302757E+000                  3.9202422139848932E-003                  0.0000000000000000E+000 
                                    1524                  5.0233690556007704E-001                 -6.2198919947747278E-001                  6.9831080474469891E+000                  1.4570158776339170E+000                  1.6566026564785723E+001                  6.9840316043443429E-001                  2.8159677052650212E-001                  2.0000069039063595E-002                  6.0393127035724401E+000                  4.0148287046748062E-003                  0.0000000000000000E+000 
                                    1525                  5.0101062528311180E-001                 -6.2268493562158012E-001                  6.9835188401539554E+000                  1.4587734847448179E+000                  1.6568196336613251E+001                  6.9838611812048468E-001                  2.8161381021215454E-001                  2.0000071667360730E-002                  6.2457751459004642E+000                  4.1118328871390785E-003                  0.0000000000000000E+000 
                                    1526                  4.9968434500614667E-001                 -6.2338120125698349E-001                  6.9839305503112419E+000                  1.4605294888059137E+000                  1.6570365420828516E+001                  6.9836900056563433E-001                  2.8163092504938952E-001                  2.0000074384976196E-002                  6.4577939095746704E+000                  4.2113191561072866E-003                  0.0000000000000000E+000 
                                    1527                  4.9835563330545207E-001                 -6.2407928242603483E-001                  6.9843439312671549E+000                  1.4622870997205137E+000                  1.6572537780560026E+001                  6.9835176880814565E-001                  2.8164815398020332E-001                  2.0000077211651091E-002                  6.6755983629575644E+000                  4.3135424216294771E-003                  0.0000000000000000E+000 
                                    1528                  4.9702206755887263E-001                 -6.2478046461479253E-001                  6.9847586079632071E+000                  1.4640447113987254E+000                  1.6574711436879653E+001                  6.9833444889592911E-001                  2.8166547095451461E-001                  2.0000080149556343E-002                  6.8988684585554907E+000                  4.4184884026314568E-003                  0.0000000000000000E+000 
                                    1529                  4.9568850181229313E-001                 -6.2548220690532175E-001                  6.9851745775645089E+000                  1.4658023019728685E+000                  1.6576886364931138E+001                  6.9831704075265899E-001                  2.8168287604840059E-001                  2.0000083198940422E-002                  7.1276804993871199E+000                  4.5262338194361354E-003                  0.0000000000000000E+000 
                                    1530                  4.9435009130447194E-001                 -6.2618707015820896E-001                  6.9855918419056975E+000                  1.4675598798183975E+000                  1.6579062577376607E+001                  6.9829955169356372E-001                  2.8170036193848674E-001                  2.0000086367949477E-002                  7.3619357380235071E+000                  4.6368590058505884E-003                  0.0000000000000000E+000 
                                    1531                  4.9301168079665070E-001                 -6.2689251449705441E-001                  6.9860103977439882E+000                  1.4693174232954884E+000                  1.6581240049219193E+001                  6.9828198176513678E-001                  2.8171792859371597E-001                  2.0000089641147190E-002                  7.6020810986423193E+000                  4.7504453935691866E-003                  0.0000000000000000E+000 
                                    1532                  4.9166843530377491E-001                 -6.2760110006819125E-001                  6.9864302464902455E+000                  1.4710749451460501E+000                  1.6583418793307217E+001                  6.9826432710906883E-001                  2.8173557981453012E-001                  2.0000093076401049E-002                  7.8466622901489167E+000                  4.8670776395059803E-003                  0.0000000000000000E+000 
                                    1533                  4.9032518981089945E-001                 -6.2831028817288914E-001                  6.9868513845802989E+000                  1.4728324166147733E+000                  1.6585598784502423E+001                  6.9824660949050488E-001                  2.8175329391009607E-001                  2.0000096599399053E-002                  8.0974807552873642E+000                  4.9868426281716501E-003                  0.0000000000000000E+000 
                                    1534                  4.8897711960931639E-001                 -6.2902263811141224E-001                  6.9872738130808578E+000                  1.4745898552069796E+000                  1.6587780035841430E+001                  6.9822881246094071E-001                  2.8177108723823130E-001                  2.0000100300827994E-002                  8.3523341588705833E+000                  5.1098297631598727E-003                  0.0000000000000000E+000 
                                    1535                  4.8762904940773355E-001                 -6.2973561251456034E-001                  6.9876975280621290E+000                  1.4763472352332370E+000                  1.6589962522043926E+001                  6.9821094933314110E-001                  2.8178894654525660E-001                  2.0000104121602247E-002                  8.6127236178326196E+000                  5.2361309452627321E-003                  0.0000000000000000E+000 
                                    1536                  4.8627616528272721E-001                 -6.3045176968316241E-001                  6.9881225303909167E+000                  1.4781045656214298E+000                  1.6592146256336811E+001                  6.9819303034379032E-001                  2.8180686158583618E-001                  2.0000108070373557E-002                  8.8783123923338358E+000                  5.3658418226295553E-003                  0.0000000000000000E+000 
                                    1537                  4.8492328115772071E-001                 -6.3116857373923563E-001                  6.9885488155840276E+000                  1.4798618309263079E+000                  1.6594331213296961E+001                  6.9817503955619531E-001                  2.8182484823893539E-001                  2.0000112204869303E-002                  9.1475181347243684E+000                  5.4990585435322490E-003                  0.0000000000000000E+000 
                                    1538                  4.8356559441243108E-001                 -6.3188858183638807E-001                  6.9889763843636130E+000                  1.4816190380162104E+000                  1.6596517406343629E+001                  6.9815699433375256E-001                  2.8184288917915723E-001                  2.0000116487090214E-002                  9.4215264721275780E+000                  5.6358829794930700E-003                  0.0000000000000000E+000 
                                    1539                  4.8220790766714172E-001                 -6.3260925973172721E-001                  6.9892978711496978E+000                  1.4829371024739784E+000                  1.6598158029109896E+001                  6.9814342772189342E-001                  2.8185645250354158E-001                  2.0000119774564951E-002                  9.6307143707751592E+000                  5.7409258222046603E-003                  0.0000000000000000E+000 
                                    1540                  4.8152666889940138E-001                 -6.3297112513529874E-001                  6.9896202307196562E+000                  1.4842550932065339E+000                  1.6599799451823102E+001                  6.9812981456208356E-001                  2.8187006223327699E-001                  2.0000123204639397E-002                  9.8409526151757500E+000                  5.8481416634680395E-003                  0.0000000000000000E+000 
                                    1541                  4.8016419136391758E-001                 -6.3369537412941268E-001                  6.9899430612584350E+000                  1.4855726966738845E+000                  1.6601440968838038E+001                  6.9811619047057016E-001                  2.8188368279403031E-001                  2.0000126735399526E-002                  1.0052861764547080E+001                  5.9574620705106262E-003                  0.0000000000000000E+000 
                                    1542                  4.7948295259617735E-001                 -6.3405775944624032E-001                  6.9902667611827818E+000                  1.4868902032922768E+000                  1.6603083261935680E+001                  6.9810252815976481E-001                  2.8189734152643819E-001                  2.0000130313796993E-002                  1.0268486243285212E+001                  6.0690487875576515E-003                  0.0000000000000000E+000 
                                    1543                  4.7811569663678266E-001                 -6.3478560386616878E-001                  6.9906994370400843E+000                  1.4886471040566984E+000                  1.6605274300284496E+001                  6.9808427284188446E-001                  2.8191559183992448E-001                  2.0000135318191115E-002                  1.0556717592185674E+001                  6.2213672902759988E-003                  0.0000000000000000E+000 
                                    1544                  4.7674844067738786E-001                 -6.3551416544403516E-001                  6.9911333821466055E+000                  1.4904039088688728E+000                  1.6607466525007265E+001                  6.9806597142934257E-001                  2.8193388808726916E-001                  2.0000140483388273E-002                  1.0848875124634150E+001                  6.3778416216337605E-003                  0.0000000000000000E+000 
                                    1545                  4.7537641920596774E-001                 -6.3624599699298201E-001                  6.9915685964891416E+000                  1.4921606295320238E+000                  1.6609659950112420E+001                  6.9804763054331376E-001                  2.8195222363255007E-001                  2.0000145824136117E-002                  1.1144379461515049E+001                  6.5385925386920504E-003                  0.0000000000000000E+000 
                                    1546                  4.7400439773454772E-001                 -6.3697857017043225E-001                  6.9920050744150180E+000                  1.4939172479665346E+000                  1.6611854549595492E+001                  6.9802924387016951E-001                  2.8197060471114094E-001                  2.0000151418689605E-002                  1.1440486444363543E+001                  6.7037413182339228E-003                  0.0000000000000000E+000 
                                    1547                  4.7262762421819449E-001                 -6.3771443601351352E-001                  6.9923334220480919E+000                  1.4952356405080811E+000                  1.6613502430571753E+001                  6.9801542616088152E-001                  2.8198441811693514E-001                  2.0000155722183388E-002                  1.1665225731036823E+001                  6.8306351501091316E-003                  0.0000000000000000E+000 
                                    1548                  4.7193923746001859E-001                 -6.3808265547188692E-001                  6.9925524193262554E+000                  1.4961131224906212E+000                  1.6614599671572705E+001                  6.9800620967297888E-001                  2.8199363162990587E-001                  2.0000158697115245E-002                  1.1814149394948531E+001                  6.9165528167379952E-003                  0.0000000000000000E+000 
                                    1549                  4.7125085070184269E-001                 -6.3845106783902172E-001                  6.9928818162906712E+000                  1.4974301917628072E+000                  1.6616247286306418E+001                  6.9799235066441701E-001                  2.8200748614847737E-001                  2.0000163187105624E-002                  1.2041092247668564E+001                  7.0477492955583337E-003                  0.0000000000000000E+000 
                                    1550                  4.6986933917259005E-001                 -6.3919101604657447E-001                  6.9933220734954054E+000                  1.4991865139870650E+000                  1.6618445413651614E+001                  6.9797384456807954E-001                  2.8202598596569878E-001                  2.0000169466221740E-002                  1.2341704385304107E+001                  7.2268725949673407E-003                  0.0000000000000000E+000 
                                    1551                  4.6848782764333768E-001                 -6.3993175644731259E-001                  6.9937635823002333E+000                  1.5009427189841882E+000                  1.6620644691539891E+001                  6.9795530293048236E-001                  2.8204452114355605E-001                  2.0000175925961594E-002                  1.2644613079144730E+001                  7.4109259948886034E-003                  0.0000000000000000E+000 
                                    1552                  4.6710159270808949E-001                 -6.4067583601449951E-001                  6.9942063420893090E+000                  1.5026988230874747E+000                  1.6622845134586584E+001                  6.9793672248948557E-001                  2.8206309484570380E-001                  2.0000182664810628E-002                  1.2947163084278575E+001                  7.6000523234931693E-003                  0.0000000000000000E+000 
                                    1553                  4.6571535777284140E-001                 -6.4142073389708021E-001                  6.9946503466455638E+000                  1.5044548455331388E+000                  1.6625046716338790E+001                  6.9791798616794110E-001                  2.8208182418305189E-001                  2.0000189649006961E-002                  1.3251535355709594E+001                  7.7943972270177369E-003                  0.0000000000000000E+000 
                                    1554                  4.6432441462348933E-001                 -6.4216899469259492E-001                  6.9950955948456714E+000                  1.5062106437739635E+000                  1.6627249451616532E+001                  6.9789956582468460E-001                  2.8210023725702221E-001                  2.0000196918293245E-002                  1.3549482569425200E+001                  7.9941151612659533E-003                  0.0000000000000000E+000 
                                    1555                  4.6293347147413716E-001                 -6.4291810063483978E-001                  6.9955420810357136E+000                  1.5079664357968059E+000                  1.6629453313817358E+001                  6.9788075055950705E-001                  2.8211904496724632E-001                  2.0000204473246574E-002                  1.3851253226341429E+001                  8.1993574768170503E-003                  0.0000000000000000E+000 
                                    1556                  4.6153783589786496E-001                 -6.4367059368955570E-001                  6.9962142414319839E+000                  1.5105988214802251E+000                  1.6632760311196048E+001                  6.9785260822923034E-001                  2.8214717540905598E-001                  2.0000216361713674E-002                  1.4298813842837596E+001                  8.5179609036313796E-003                  0.0000000000000000E+000 
                                    1557                  4.5874188871136623E-001                 -6.4518074173075002E-001                  6.9968889322843424E+000                  1.5132330217224899E+000                  1.6636071702877164E+001                  6.9782440445735738E-001                  2.8217536664389270E-001                  2.0000228898749972E-002                  1.4742471445997273E+001                  8.8498754225120272E-003                  0.0000000000000000E+000 
                                    1558                  4.5734157710114193E-001                 -6.4593841900440396E-001                  6.9973403327348827E+000                  1.5149882984448917E+000                  1.6638280056200905E+001                  6.9780553426283143E-001                  2.8219422811401412E-001                  2.0000237623154504E-002                  1.5035466861850191E+001                  9.0788781999668871E-003                  0.0000000000000000E+000 
                                    1559                  4.5593660646643241E-001                 -6.4669953302832228E-001                  6.9977929527630893E+000                  1.5167434679125562E+000                  1.6640489528490846E+001                  6.9778660198502751E-001                  2.8221315122263657E-001                  2.0000246792335918E-002                  1.5322466968465955E+001                  9.3142577854779599E-003                  0.0000000000000000E+000 
                                    1560                  4.5453163583172296E-001                 -6.4746157569560558E-001                  6.9984738968936089E+000                  1.5193734484958137E+000                  1.6643802983037290E+001                  6.9775810001825056E-001                  2.8224163883093800E-001                  2.0000261150811438E-002                  1.5746886286817475E+001                  9.6795137977381592E-003                  0.0000000000000000E+000 
                                    1561                  4.5171241178703181E-001                 -6.4899354883286642E-001                  6.9991580671762739E+000                  1.5220082602396519E+000                  1.6647124532789086E+001                  6.9772946319191587E-001                  2.8227026049609599E-001                  2.0000276311988197E-002                  1.6162555323994138E+001                  1.0060545612296735E-002                  0.0000000000000000E+000 
                                    1562                  4.5029817665239463E-001                 -6.4976349927031196E-001                  6.9996155115354215E+000                  1.5237629557309857E+000                  1.6649338381092775E+001                  6.9771028246326139E-001                  2.8228943060846462E-001                  2.0000286928274047E-002                  1.6433159279418419E+001                  1.0321849492173622E-002                  3.1949255191928005E-054 
                                    1563                  4.4888394151775757E-001                 -6.5053443718679160E-001                  7.0003036591437766E+000                  1.5263922005068897E+000                  1.6652658325708444E+001                  6.9768136258995184E-001                  2.8231833377073512E-001                  2.0000303639313044E-002                  1.6828539049946247E+001                  1.0729660632418149E-002                  4.6760864088810160E-053 
                                    1564                  4.4604626287422983E-001                 -6.5208436505758505E-001                  7.0012256859644104E+000                  1.5299008936031953E+000                  1.6657092455136354E+001                  6.9764249704197467E-001                  2.8235717552558537E-001                  2.0000327432439957E-002                  1.7335511416087066E+001                  1.1300698873907092E-002                  5.2872033642258674E-053 
                                    1565                  4.4319941502948107E-001                 -6.5364344118091910E-001                  7.0021524428522417E+000                  1.5334091254709341E+000                  1.6661530824004927E+001                  6.9760322462230706E-001                  2.8239642227101919E-001                  2.0000353106673696E-002                  1.7816766715538900E+001                  1.1904321509388706E-002                  6.0723140725462398E-053 
                                    1566                  4.4034343850278479E-001                 -6.5521178243822753E-001                  7.0030839103626850E+000                  1.5369168988566135E+000                  1.6665973387207902E+001                  6.9756346269598712E-001                  2.8243615644287229E-001                  2.0000380861140643E-002                  1.8269454065609374E+001                  1.2542474383409795E-002                  6.9778014306267504E-053 
                                    1567                  4.3747837518364441E-001                 -6.5678950799134284E-001                  7.0040200587936541E+000                  1.5404242064997791E+000                  1.6670420099845053E+001                  6.9752318947775127E-001                  2.8247639981099409E-001                  2.0000410711254579E-002                  1.8695648258532128E+001                  1.3217222184907127E-002                  8.0226095656226674E-053 
                                    1568                  4.3460426835625304E-001                 -6.5837673937906593E-001                  7.0049608373750374E+000                  1.5439310982748078E+000                  1.6674870917221192E+001                  6.9748227632923243E-001                  2.8251728069143400E-001                  2.0000442979333566E-002                  1.9091352651070107E+001                  1.3930735593269846E-002                  9.2287452475137878E-053 
                                    1569                  4.3172116272440275E-001                 -6.5997360036902530E-001                  7.0059061914595917E+000                  1.5474376065545059E+000                  1.6679325794836338E+001                  6.9744065875028638E-001                  2.8255886344379649E-001                  2.0000477805917072E-002                  1.9457508878792698E+001                  1.4685318899867310E-002                  1.0621732744334080E-052 
                                    1570                  4.2882910443689137E-001                 -6.6158021708042603E-001                  7.0070943213052486E+000                  1.5518175639417946E+000                  1.6684897377822146E+001                  6.9738742272828447E-001                  2.8261205178241799E-001                  2.0000525489297538E-002                  1.9871843923734342E+001                  1.5689983156019639E-002                  1.2671336819020536E-052 
                                    1571                  4.2447323149230370E-001                 -6.6400934979154724E-001                  7.0085293363635790E+000                  1.5570759573437045E+000                  1.6691594621993136E+001                  6.9732179333770272E-001                  2.8267761793090296E-001                  2.0000588731394320E-002                  2.0315125219538302E+001                  1.6992736261979620E-002                  1.5675876110472819E-052 
                                    1572                  4.2009969735158870E-001                 -6.6645993411921078E-001                  7.0102161749790142E+000                  1.5632039953958545E+000                  1.6699413213567105E+001                  6.9724217679133538E-001                  2.8275715059893708E-001                  2.0000672609727488E-002                  2.0757633122870224E+001                  1.8658377029342196E-002                  2.0120671880157890E-052 
                                    1573                  4.1423624283448257E-001                 -6.6976432083163961E-001                  7.0121621097936924E+000                  1.5702114631131965E+000                  1.6708369794378154E+001                  6.9714680300564569E-001                  2.8285241394614585E-001                  2.0000783048208515E-002                  2.1183238345400746E+001                  2.0777112420646816E-002                  2.6818355422644909E-052 
                                    1574                  4.0833821424399547E-001                 -6.7311099210823855E-001                  7.0141273366522796E+000                  1.5772159653664102E+000                  1.6717341306103030E+001                  6.9704610471490058E-001                  2.8295298360848820E-001                  2.0000911676611222E-002                  2.1539309798051224E+001                  2.3152773304034719E-002                  3.5821889131278280E-052 
                                    1575                  4.0240607447737847E-001                 -6.7650113515873034E-001                  7.0161120481018378E+000                  1.5842172096397953E+000                  1.6726327406879644E+001                  6.9693938601633743E-001                  2.8305955218989676E-001                  2.0001061793765817E-002                  2.1844092543852160E+001                  2.5818214933755853E-002                  4.7950755783636866E-052 
                                    1576                  3.9644031361630838E-001                 -6.7993599072517963E-001                  7.0181163422866453E+000                  1.5912149249824818E+000                  1.6735327758501668E+001                  6.9682617888473253E-001                  2.8317258434430348E-001                  2.0001236770963993E-002                  2.2115490640738319E+001                  2.8810567364665564E-002                  6.4323769981349047E-052 
                                    1577                  3.9044144993805541E-001                 -6.8341685607292346E-001                  7.0201403428506772E+000                  1.5982088385997646E+000                  1.6744342026514023E+001                  6.9670595763521115E-001                  2.8329260147441887E-001                  2.0001440890369926E-002                  2.2368365290475300E+001                  3.2171892648003776E-002                  8.6472429512838970E-052 
                                    1578                  3.8441003097079629E-001                 -6.8694508839567303E-001                  7.0221842446557563E+000                  1.6051985766216381E+000                  1.6753369880313350E+001                  6.9657829912588409E-001                  2.8342002192353111E-001                  2.0001678950584800E-002                  2.2614755027249664E+001                  3.5949955352630653E-002                  1.1649815163280195E-051 
                                    1579                  3.7834663459607815E-001                 -6.9052210930776148E-001                  7.0242482111121474E+000                  1.6121838181524679E+000                  1.6762410993322103E+001                  6.9644272923150519E-001                  2.8355531386590943E-001                  2.0001956902585327E-002                  2.2863564015675561E+001                  4.0198816514372709E-002                  1.5728955074055402E-051 
                                    1580                  3.7225187020147438E-001                 -6.9414940839711015E-001                  7.0263323434286944E+000                  1.6191642544714044E+000                  1.6771465043134945E+001                  6.9629893553142463E-001                  2.8369878336176180E-001                  2.0002281106813569E-002                  2.3120977101022817E+001                  4.4979652253870593E-002                  2.1282404919710276E-051 
                                    1581                  3.6612637988674557E-001                 -6.9782854740014399E-001                  7.0284369317957731E+000                  1.6261394451892603E+000                  1.6780531711664594E+001                  6.9614645231663297E-001                  2.8385088795980745E-001                  2.0002659723559635E-002                  2.3391134915479697E+001                  5.0362082562746741E-002                  2.8859787980808201E-051 
                                    1582                  3.5997083972674249E-001                 -7.0156116596118168E-001                  7.0300336856236418E+000                  1.6313730862674409E+000                  1.6787350654992043E+001                  6.9602655091410603E-001                  2.8397046688866018E-001                  2.0002982197233843E-002                  2.3606122223114735E+001                  5.4853730156383167E-002                  3.6341220947503547E-051 
                                    1583                  3.5688202184260043E-001                 -7.0344804607899258E-001                  7.0311022611473559E+000                  1.6348556640804590E+000                  1.6791893188273672E+001                  6.9594347610105356E-001                  2.8405330333495754E-001                  2.0003220563988844E-002                  2.3753599868910833E+001                  5.8072770264518250E-002                  4.2393067567749304E-051 
                                    1584                  3.5378596109482580E-001                 -7.0534895160545774E-001                  7.0324439622269619E+000                  1.6392042062194556E+000                  1.6797571550678374E+001                  6.9583607153892302E-001                  2.8416038131462962E-001                  2.0003547146447365E-002                  2.3943570945203419E+001                  6.2372673816075898E-002                  5.1424921526275436E-051 
                                    1585                  3.4912762209937226E-001                 -7.0822766882859256E-001                  7.0337944098918559E+000                  1.6435589069601269E+000                  1.6803263814964723E+001                  6.9572519156874157E-001                  2.8427090433527913E-001                  2.0003904095979297E-002                  2.4139137082827531E+001                  6.7010385257808697E-002                  6.2442207324811947E-051 
                                    1586                  3.4601388616562995E-001                 -7.1016463679347386E-001                  7.0351516700486458E+000                  1.6479019561662227E+000                  1.6808949861564464E+001                  6.9561003333688765E-001                  2.8438566623593209E-001                  2.0004300427180266E-002                  2.4342492028558478E+001                  7.2002918815732758E-002                  7.5869149057039246E-051 
                                    1587                  3.4133121879562101E-001                 -7.1309749775649600E-001                  7.0365179762253884E+000                  1.6522510584903360E+000                  1.6814649944059529E+001                  6.9549123603466934E-001                  2.8450403055193657E-001                  2.0004733413394149E-002                  2.4551894938128964E+001                  7.7389823685336631E-002                  9.2276736826007013E-051 
                                    1588                  3.3820041208107521E-001                 -7.1507205856849010E-001                  7.0376165843749003E+000                  1.6557255708245069E+000                  1.6819209797701806E+001                  6.9539302794428759E-001                  2.8460185910581637E-001                  2.0005112949896042E-002                  2.4724899956358811E+001                  8.1998660130864487E-002                  1.0798410532936602E-050 
                                    1589                  3.3506296720177536E-001                 -7.1706210268229431E-001                  7.0387203905954054E+000                  1.6591985017481363E+000                  1.6823772408599606E+001                  6.9529206377386521E-001                  2.8470241286462994E-001                  2.0005523361504851E-002                  2.4902480782629098E+001                  8.6893222437236420E-002                  1.2643428769033874E-050 
                                    1590                  3.3191899385371659E-001                 -7.1906789621209510E-001                  7.0398294033111162E+000                  1.6626697959136174E+000                  1.6828337740633156E+001                  6.9518838038085118E-001                  2.8480565327778662E-001                  2.0005966341362202E-002                  2.5084682751591917E+001                  9.2091561375147984E-002                  1.4811764762962670E-050 
                                    1591                  3.2876860441760397E-001                 -7.2108971243753450E-001                  7.0409436314615812E+000                  1.6661394649321821E+000                  1.6832905758015286E+001                  6.9508181532764335E-001                  2.8491173933431690E-001                  2.0006445338039747E-002                  2.5271541255021681E+001                  9.7612559258917847E-002                  1.7361457875615493E-050 
                                    1592                  3.2561191401371409E-001                 -7.2312783174031958E-001                  7.0423433042305454E+000                  1.6704701830331519E+000                  1.6838614899628560E+001                  6.9494426107423757E-001                  2.8504863724823515E-001                  2.0007101677527284E-002                  2.5512138464124540E+001                  1.0499456419565066E-001                  2.1189032132931080E-050 
                                    1593                  3.2086457268951346E-001                 -7.2621672728471220E-001                  7.0440342006935932E+000                  1.6756684769151808E+000                  1.6845476751740879E+001                  6.9477326925382799E-001                  2.8521875606316910E-001                  2.0007974683002860E-002                  2.5810121020211579E+001                  1.1462330020330937E-001                  2.6944300845176728E-050 
                                    1594                  3.1610523048448308E-001                 -7.2934297885785837E-001                  7.0454527641402649E+000                  1.6800016472010528E+000                  1.6851204132433967E+001                  6.9462573029816344E-001                  2.8536548961725233E-001                  2.0008780084584288E-002                  2.6066304254133218E+001                  1.2334383193254222E-001                  3.2951201397207843E-050 
                                    1595                  3.1292454420596760E-001                 -7.3144926842144486E-001                  7.0465931245219640E+000                  1.6834629247430810E+000                  1.6855785052009647E+001                  6.9450390043581367E-001                  2.8548661360721322E-001                  2.0009485956973050E-002                  2.6277019922237773E+001                  1.3080438824103444E-001                  3.8728728629918517E-050 
                                    1596                  3.0973817567875367E-001                 -7.3357338087250346E-001                  7.0477387322897593E+000                  1.6869224893221162E+000                  1.6860368449257177E+001                  6.9437876938660026E-001                  2.8561098157868897E-001                  2.0010249034710714E-002                  2.6492637535615337E+001                  1.3872700151227513E-001                  4.5544056293100383E-050 
                                    1597                  3.0654625769724980E-001                 -7.3571564570635128E-001                  7.0488895878287803E+000                  1.6903803088125069E+000                  1.6864954290766310E+001                  6.9425033765914479E-001                  2.8573858939431995E-001                  2.0011072946535258E-002                  2.6713202673592757E+001                  1.4713982709787513E-001                  5.3587794603021036E-050 
                                    1598                  3.0334892622292414E-001                 -7.3787640177498959E-001                  7.0500456921938026E+000                  1.6938364012137370E+000                  1.6869542543481444E+001                  6.9411845627181734E-001                  2.8586958033483906E-001                  2.0011963393343546E-002                  2.6938754766095709E+001                  1.5607204933821928E-001                  6.3086402173865978E-050 
                                    1599                  3.0014632045226880E-001                 -7.4005599738710381E-001                  7.0512070481410385E+000                  1.6972907540362518E+000                  1.6874133174698542E+001                  6.9398306286762956E-001                  2.8600401171306566E-001                  2.0012925419304772E-002                  2.7169341008751733E+001                  1.6555461160616106E-001                  7.4308919907222126E-050 
                                    1600                  2.9693858288670749E-001                 -7.4225479082103041E-001                  7.0523736607000806E+000                  1.7007433648599977E+000                  1.6878726152068552E+001                  6.9384405973893770E-001                  2.8614197536449631E-001                  2.0013964896566039E-002                  2.7405010275443363E+001                  1.7561986738858457E-001                  8.7575258270890391E-050 
                                    1601                  2.9372585940448187E-001                 -7.4447315065541608E-001                  7.0535455372444371E+000                  1.7041942114976085E+000                  1.6883321443598838E+001                  6.9370140209182662E-001                  2.8628351059483331E-001                  2.0015087313340008E-002                  2.7645818119295750E+001                  1.8630197914801622E-001                  1.0326590548998993E-049 
                                    1602                  2.9050829933464511E-001                 -7.4671145627017443E-001                  7.0547226871113988E+000                  1.7076433025430293E+000                  1.6887919017659229E+001                  6.9355494936119189E-001                  2.8642875065836709E-001                  2.0016299980440966E-002                  2.7891818012907827E+001                  1.9763621841625473E-001                  1.2183382381860455E-049 
                                    1603                  2.8728605553319980E-001                 -7.4897009810827997E-001                  7.0559051210388581E+000                  1.7110906252110405E+000                  1.6892518842981364E+001                  6.9340462149427784E-001                  2.8657776870095125E-001                  2.0017609804770853E-002                  2.8143069745069912E+001                  2.0965967118958825E-001                  1.4381836442724533E-049 
                                    1604                  2.8405928446149548E-001                 -7.5124947822440569E-001                  7.0570928507512072E+000                  1.7145361589205927E+000                  1.6897120888663096E+001                  6.9325035988984474E-001                  2.8673061635894398E-001                  2.0019023751211229E-002                  2.8399636797849404E+001                  2.2241112325716905E-001                  1.6986206178105368E-049 
                                    1605                  2.8082814626696845E-001                 -7.5355001078974770E-001                  7.0582858889124438E+000                  1.7179799118779415E+000                  1.6901725124174881E+001                  6.9309201921089092E-001                  2.8688743002720490E-001                  2.0020550761904232E-002                  2.8661580002054027E+001                  2.3593025124776651E-001                  2.0073104198357773E-049 
                                    1606                  2.7759280486632226E-001                 -7.5587212242569646E-001                  7.0594842495626047E+000                  1.7214218704928534E+000                  1.6906331519359892E+001                  6.9292951595115504E-001                  2.8704828476389999E-001                  2.0022199284944975E-002                  2.8928966674035415E+001                  2.5025851411707634E-001                  2.3733900251629516E-049 
                                    1607                  2.7435342803123819E-001                 -7.5821625282769001E-001                  7.0606879489243468E+000                  1.7248620309200220E+000                  1.6910940044439410E+001                  6.9276273268286126E-001                  2.8721328836016452E-001                  2.0023978956974275E-002                  2.9201865757127312E+001                  2.6543838526825814E-001                  2.8077640906708382E-049 
                                    1608                  2.7111018747677507E-001                 -7.6058285524935954E-001                  7.0618970062291755E+000                  1.7283003691002772E+000                  1.6915550670016209E+001                  6.9259160434381062E-001                  2.8738249670614735E-001                  2.0025898950042031E-002                  2.9480354011779671E+001                  2.8151401006615556E-001                  3.3234528837297866E-049 
                                    1609                  2.6786325895245755E-001                 -7.6297239717734178E-001                  7.0631114440252558E+000                  1.7317368888485878E+000                  1.6920163367083067E+001                  6.9241597506617458E-001                  2.8755605402648993E-001                  2.0027970907335435E-002                  2.9764507686355316E+001                  2.9852959488692915E-001                  3.9360162857876753E-049 
                                    1610                  2.6461282233624872E-001                 -7.6538536077361885E-001                  7.0643312875369855E+000                  1.7351715759376716E+000                  1.6924778107025141E+001                  6.9223573595959176E-001                  2.8773405782207162E-001                  2.0030206218336621E-002                  3.0054410272374614E+001                  3.1653048563357650E-001                  4.6640546751986410E-049 
                                    1611                  2.6135906173151330E-001                 -7.6782224359903051E-001                  7.0655565628518859E+000                  1.7386044068075326E+000                  1.6929394861627024E+001                  6.9205080463917434E-001                  2.8791657907195789E-001                  2.0032616288867766E-002                  3.0350149559016579E+001                  3.3556285564255989E-001                  5.5298154481562391E-049 
                                    1612                  2.5810216556709520E-001                 -7.7028355932719739E-001                  7.0670947965800233E+000                  1.7428874620436587E+000                  1.6935162016852075E+001                  6.9181242836946855E-001                  2.8815166220285032E-001                  2.0035909427681187E-002                  3.0728125861992247E+001                  3.6084177737680728E-001                  6.8457071042623615E-049 
                                    1613                  2.5321120464833358E-001                 -7.7402267026311544E-001                  7.0686437026926141E+000                  1.7471786628255941E+000                  1.6940945711935363E+001                  6.9156700179034569E-001                  2.8839350142319420E-001                  2.0039496786460109E-002                  3.1115580065603137E+001                  3.8795334304303569E-001                  8.4847330686502939E-049 
                                    1614                  2.4994733617458625E-001                 -7.7654741782930681E-001                  7.0698881158556794E+000                  1.7506050216584361E+000                  1.6945569283439980E+001                  6.9136457673953167E-001                  2.8859279450397218E-001                  2.0042628756496095E-002                  3.1432352918449940E+001                  4.1094800080755300E-001                  1.0079303802150368E-048 
                                    1615                  2.4668102753250570E-001                 -7.7909853173849430E-001                  7.0711380313294026E+000                  1.7540295468915106E+000                  1.6950194747335512E+001                  6.9115686318917458E-001                  2.8879713554383868E-001                  2.0046001266986746E-002                  3.1755311520421987E+001                  4.3517031277322188E-001                  1.1980240048719909E-048 
                                    1616                  2.4341248795282322E-001                 -7.8167660656027182E-001                  7.0723934539719240E+000                  1.7574522575105922E+000                  1.6954822077690263E+001                  6.9094372349350974E-001                  2.8900664529925102E-001                  2.0049631207239238E-002                  3.2084524551633955E+001                  4.6065794707051844E-001                  1.4247645894187244E-048 
                                    1617                  2.4014193160495459E-001                 -7.8428225703780496E-001                  7.0736543897312272E+000                  1.7608731732906255E+000                  1.6959451249000494E+001                  6.9072501604952230E-001                  2.8922144759450769E-001                  2.0053536355969959E-002                  3.2420062338032935E+001                  4.8744452552130352E-001                  1.6953655613648075E-048 
                                    1618                  2.3686957772116957E-001                 -7.8691611900978686E-001                  7.0749208478458723E+000                  1.7642923126463486E+000                  1.6964082236191992E+001                  6.9050059522150975E-001                  2.8944166940694910E-001                  2.0057735371541208E-002                  3.2761999302037964E+001                  5.1555850638814860E-001                  2.0184894364177953E-048 
                                    1619                  2.3359565072515087E-001                 -7.8957885039919429E-001                  7.0761928416492408E+000                  1.7677096918597166E+000                  1.6968715014622202E+001                  6.9027031128636063E-001                  2.8966744094494756E-001                  2.0062247768691810E-002                  3.3110414974811412E+001                  5.4502187465405050E-001                  2.4045449992186589E-048 
                                    1620                  2.3032038036515121E-001                 -7.9227113226510237E-001                  7.0774703880414433E+000                  1.7711253256219062E+000                  1.6973349560083346E+001                  6.9003401039271661E-001                  2.8989889572830652E-001                  2.0067093878976872E-002                  3.3465393564962085E+001                  5.7584861558248879E-001                  2.8660469616182597E-048 
                                    1621                  2.2704400185194101E-001                 -7.9499366991390308E-001                  7.0787535061867874E+000                  1.7745392278255743E+000                  1.6977985848806313E+001                  6.8979153449285546E-001                  2.9013617875741199E-001                  2.0072286749732493E-002                  3.3827022479312255E+001                  6.0804778878452226E-001                  3.4180499747907867E-048 
                                    1622                  2.2376675600185125E-001                 -7.9774719407249683E-001                  7.0800422160541041E+000                  1.7779514143303001E+000                  1.6982623857465171E+001                  6.8954272126971372E-001                  2.9037942685091450E-001                  2.0077851879371833E-002                  3.4195391054499659E+001                  6.4161033582410476E-001                  4.0786747208037115E-048 
                                    1623                  2.2048888938509065E-001                 -8.0053246211520190E-001                  7.0813365372762975E+000                  1.7813619032358143E+000                  1.6987263563181759E+001                  6.8928740431736135E-001                  2.9062878077367976E-001                  2.0083814908958830E-002                  3.4570589640432893E+001                  6.7651302419390158E-001                  4.8697427380014981E-048 
                                    1624                  2.1721065447967075E-001                 -8.0335025936440463E-001                  7.0826364884626765E+000                  1.7847707154084027E+000                  1.6991904943530017E+001                  6.8902541308149445E-001                  2.9088438810474287E-001                  2.0090198813762727E-002                  3.4952709276669729E+001                  7.1271789753732306E-001                  5.8175490256510995E-048 
                                    1625                  2.1393230983121292E-001                 -8.0620140046870448E-001                  7.0839420869106497E+000                  1.7881778748941346E+000                  1.6996547976540153E+001                  6.8875657346657793E-001                  2.9114639760819055E-001                  2.0097028925231575E-002                  3.5341841262132185E+001                  7.5016629240986976E-001                  6.9537943067859698E-048 
                                    1626                  2.1065412021891314E-001                 -8.0908673086518990E-001                  7.0852533485607170E+000                  1.7915834086591618E+000                  1.7001192640702318E+001                  6.8848070848832055E-001                  2.9141495996129774E-001                  2.0104331550381715E-002                  3.5738077130384099E+001                  7.8877639097754271E-001                  8.3167182573922084E-048 
                                    1627                  2.0737635682805003E-001                 -8.1200712833674404E-001                  7.0865702880609671E+000                  1.7949873466196737E+000                  1.7005838914970038E+001                  6.8819763608206508E-001                  2.9169023994045290E-001                  2.0112123977481966E-002                  3.6141508471364418E+001                  8.2844747431032661E-001                  9.9524762639156292E-048 
                                    1628                  2.0409929742935026E-001                 -8.1496350466981982E-001                  7.0878929188154158E+000                  1.7983897218676475E+000                  1.7010486778763109E+001                  6.8790717095932641E-001                  2.9197240086809129E-001                  2.0120428172582305E-002                  3.6552226999653072E+001                  8.6904660643521892E-001                  1.1916804520136114E-047 
                                    1629                  2.0082322656558765E-001                 -8.1795680741920851E-001                  7.0892212530164702E+000                  1.8017905701509307E+000                  1.7015136211970223E+001                  6.8760912510854322E-001                  2.9226160909016530E-001                  2.0129265801291485E-002                  3.6970324639831610E+001                  9.1040810509100867E-001                  1.4277050136602531E-047 
                                    1630                  1.9754843574584730E-001                 -8.2098802179351582E-001                  7.0905553016574085E+000                  1.8051899297641201E+000                  1.7019787194951064E+001                  6.8730330774489046E-001                  2.9255803585521278E-001                  2.0138656399896759E-002                  3.7395893383705989E+001                  9.5233106973768700E-001                  1.7114633801711048E-047 
                                    1631                  1.9427522364784397E-001                 -8.2405817266827508E-001                  7.0918950744956675E+000                  1.8085878414512970E+000                  1.7024439708538196E+001                  6.8698952577562755E-001                  2.9286185657349506E-001                  2.0148617650877387E-002                  3.7829025150694008E+001                  9.9457516689379466E-001                  2.0528042542894187E-047 
                                    1632                  1.9100389632878798E-001                 -8.2716832673700114E-001                  7.0932405800374907E+000                  1.8119843482321902E+000                  1.7029093734038607E+001                  6.8666758432723607E-001                  2.9317325053897575E-001                  2.0159165133788237E-002                  3.8269811790857858E+001                  1.0368567969532316E+000                  2.4636477848621673E-047 
                                    1633                  1.8773476744529605E-001                 -8.3031959481220707E-001                  7.0945918255093545E+000                  1.8153794951984141E+000                  1.7033749253234884E+001                  6.8633728722389498E-001                  2.9349240160614043E-001                  2.0170311169964594E-002                  3.8718344907784008E+001                  1.0788463495179414E+000                  2.9584289592468533E-047 
                                    1634                  1.8446815848283601E-001                 -8.3351313428932028E-001                  7.0959488168461151E+000                  1.8187733292813850E+000                  1.7038406248386277E+001                  6.8599843761744050E-001                  2.9381949810846131E-001                  2.0182064274098188E-002                  3.9174715728759779E+001                  1.1201653233586730E+000                  3.5546374553480266E-047 
                                    1635                  1.8120439899534757E-001                 -8.3675015178750944E-001                  7.0973115587064770E+000                  1.8221658989678609E+000                  1.7043064702229444E+001                  6.8565083863610399E-001                  2.9415473304460243E-001                  2.0194428319293634E-002                  3.9639015090644975E+001                  1.1603843899367399E+000                  4.2734762274940928E-047 
                                    1636                  1.7794382685558421E-001                 -8.4003190598328925E-001                  7.0986800544912461E+000                  1.8255572540014142E+000                  1.7047724597979240E+001                  6.8529429408659159E-001                  2.9449830410669736E-001                  2.0207401806711101E-002                  4.0111333358756639E+001                  1.1990222789793159E+000                  5.1406640935471391E-047 
                                    1637                  1.7468678851688227E-001                 -8.4335971065391968E-001                  7.1000543063952790E+000                  1.8289474450015746E+000                  1.7052385919329346E+001                  6.8492860924510024E-001                  2.9485041390530736E-001                  2.0220976849592454E-002                  4.0591760351567792E+001                  1.2355462949967777E+000                  6.1874140616167176E-047 
                                    1638                  1.7143363928708050E-001                 -8.4673493795000965E-001                  7.1014343154633002E+000                  1.8323365229030542E+000                  1.7057048650453069E+001                  6.8455359217623046E-001                  2.9521126962761662E-001                  2.0235138196152969E-002                  4.1080385355120775E+001                  1.2693745218202999E+000                  7.4516277472254406E-047 
                                    1639                  1.6818474361530195E-001                 -8.5015902191963921E-001                  7.1028200816945253E+000                  1.8357245386389061E+000                  1.7061712776004587E+001                  6.8416905421060470E-001                  2.9558108341203310E-001                  2.0249862377362149E-002                  4.1577297145863398E+001                  1.2998800187529065E+000                  8.9793546925403177E-047 
                                    1640                  1.6494047539250825E-001                 -8.5363346230515524E-001                  7.1042116042539387E+000                  1.8391115428915119E+000                  1.7066378281120436E+001                  6.8377480989232176E-001                  2.9596007336166918E-001                  2.0265116746009060E-002                  4.2082584022380217E+001                  1.3263977968557468E+000                  1.0826574577208132E-046 
                                    1641                  1.6170121826667069E-001                 -8.5715982863769369E-001                  7.1056088817013761E+000                  1.8424975852594943E+000                  1.7071045151421835E+001                  6.8337067861969636E-001                  2.9634846277174026E-001                  2.0280858608563435E-002                  4.2596334035586715E+001                  1.3482348245630571E+000                  1.3061375468720587E-046 
                                    1642                  1.5846736597357056E-001                 -8.6073976466257440E-001                  7.1070119122388729E+000                  1.8458827138003961E+000                  1.7075713373017763E+001                  6.8295648514578633E-001                  2.9674648039315077E-001                  2.0297034461062902E-002                  4.3118635177396548E+001                  1.3646835277700518E+000                  1.5766618677469271E-046 
                                    1643                  1.5523932268426549E-001                 -8.6437499312447086E-001                  7.1084206940218095E+000                  1.8492669745800592E+000                  1.7080382932509409E+001                  6.8253205989818255E-001                  2.9715436075703178E-001                  2.0313579344785726E-002                  4.3649575641447278E+001                  1.3750392030373060E+000                  1.9043200634823714E-046 
                                    1644                  1.5201750337039821E-001                 -8.6806732094768824E-001                  7.1098352254997037E+000                  1.8526504112418460E+000                  1.7085053816996069E+001                  6.8209723925297172E-001                  2.9757234404677613E-001                  2.0330416700252152E-002                  4.4189244108886960E+001                  1.3786210467092639E+000                  2.3014047917328455E-046 
                                    1645                  1.4880233418854921E-001                 -8.7181864485090654E-001                  7.1112555058197460E+000                  1.8560330646712897E+000                  1.7089726014082963E+001                  6.8165186530033217E-001                  2.9800067673617736E-001                  2.0347457963490467E-002                  4.4737730036502036E+001                  1.3747981761166952E+000                  2.7829011366080008E-046 
                                    1646                  1.4559425288504471E-001                 -8.7563095743970021E-001                  7.1126815352510118E+000                  1.8594149727686087E+000                  1.7094399511891091E+001                  6.8119578542036885E-001                  2.9843961147095172E-001                  2.0364603108679491E-002                  4.5295124060455400E+001                  1.3630185652916185E+000                  3.3670867318336674E-046 
                                    1647                  1.4239370922272868E-001                 -8.7950635382522147E-001                  7.1141133156440031E+000                  1.8627961703946423E+000                  1.7099074299069574E+001                  6.8072885128559768E-001                  2.9888940735351455E-001                  2.0381741360887773E-002                  4.5861518408781812E+001                  1.3428416678757640E+000                  4.0762681036381714E-046 
                                    1648                  1.3920116543127878E-001                 -8.8344703882284659E-001                  7.1155508509042233E+000                  1.8661766895282130E+000                  1.7103750364810811E+001                  6.8025091732168608E-001                  2.9935033018804730E-001                  2.0398752490266681E-002                  4.6437007272543887E+001                  1.3139731385471385E+000                  4.9376847129269107E-046 
                                    1649                  1.3601709668289555E-001                 -8.8745533479079863E-001                  7.1169941474461726E+000                  1.8695565596505781E+000                  1.7108427698868564E+001                  6.7976183867935358E-001                  2.9982265263317454E-001                  2.0415508687471884E-002                  4.7021687107092433E+001                  1.2763001987778930E+000                  5.9846196160978394E-046 
                                    1650                  1.3284199159527219E-001                 -8.9153369017631878E-001                  7.1184432146160130E+000                  1.8729358082688630E+000                  1.7113106291579193E+001                  6.7926146902034246E-001                  3.0030665392538070E-001                  2.0431877054276848E-002                  4.7615657019608520E+001                  1.2299255604455190E+000                  7.2577649003056380E-046 
                                    1651                  1.2967635276399547E-001                 -8.9568468884636099E-001                  7.1198980650437003E+000                  1.8763144620761054E+000                  1.7117786133886359E+001                  6.7874965676685073E-001                  3.0080262052278067E-001                  2.0447722710368543E-002                  4.8219018900138479E+001                  1.1751972848491901E+000                  8.8069014548117548E-046 
                                    1652                  1.2652069732674714E-001                 -8.9991106028506984E-001                  7.1213587148644608E+000                  1.8796925485242355E+000                  1.7122467217368889E+001                  6.7822624064235004E-001                  3.0131084688325915E-001                  2.0462912474390804E-002                  4.8831877224213265E+001                  1.1127314976688001E+000                  1.0692966775507560E-045 
                                    1653                  1.2337555756186863E-001                 -9.0421569075339958E-001                  7.1228251829738145E+000                  1.8830700980845712E+000                  1.7127149534271670E+001                  6.7769104610247055E-001                  3.0183163488103792E-001                  2.0477319016491524E-002                  4.9454337501404630E+001                  1.0434245706363867E+000                  1.2990600862317697E-045 
                                    1654                  1.2024148152418038E-001                 -9.0860163551620976E-001                  7.1242974674213553E+000                  1.8864471695040848E+000                  1.7131833077538911E+001                  6.7714388051370444E-001                  3.0236529415269109E-001                  2.0490825333604468E-002                  5.0086467490928463E+001                  9.6845054161782418E-001                  1.5791242929564895E-045 
                                    1655                  1.1711903372118274E-001                 -9.1307213202358595E-001                  7.1257750652068657E+000                  1.8898243252148874E+000                  1.7136517840838817E+001                  6.7658452838741112E-001                  3.0291214215739060E-001                  2.0503329455198283E-002                  5.0727512141018764E+001                  8.8922566647084011E-001                  1.9205922946692488E-045 
                                    1656                  1.1400879583315161E-001                 -9.1763060935472052E-001                  7.1279839842864519E+000                  1.8948741185148497E+000                  1.7143513170724297E+001                  6.7572113836423586E-001                  3.0375898669202117E-001                  2.0519874943742966E-002                  5.1682520115083875E+001                  7.6758862645279591E-001                  2.5732496272439007E-045 
                                    1657                  1.0782736704619317E-001                 -9.2702651303265338E-001                  7.1302431370586055E+000                  1.8999550123217028E+000                  1.7150580626181902E+001                  6.7483076018603083E-001                  3.0463511871191268E-001                  2.0534121102056435E-002                  5.2710273078215145E+001                  6.4350261516602425E-001                  3.4678010965936240E-045 
                                    1658                  1.0475743254756240E-001                 -9.3187175619597662E-001                  7.1324816693090787E+000                  1.9049985069445392E+000                  1.7157578908748953E+001                  6.7390838496578531E-001                  3.0554620821722400E-001                  2.0545406816990686E-002                  5.3715089477585956E+001                  5.2985507667352771E-001                  4.6604093406590648E-045 
                                    1659                  9.8662417324283783E-002                 -9.4187937744548123E-001                  7.1347646435619430E+000                  1.9100847338917466E+000                  1.7164654379507542E+001                  6.7295651911109677E-001                  3.0648903566424646E-001                  2.0554445224656770E-002                  5.4783990691570821E+001                  4.2477642215805533E-001                  6.2957334023329976E-045 
                                    1660                  9.5638719624881588E-002                 -9.4705116530063771E-001                  7.1370327308023880E+000                  1.9151235596352449E+000                  1.7171655243668180E+001                  6.7196985407438348E-001                  3.0746924110589635E-001                  2.0560904819720172E-002                  5.5839242712544632E+001                  3.4133708454277456E-001                  8.4867421300491049E-045 
                                    1661                  8.9642578695257907E-002                 -9.5775841682106633E-001                  7.1393420299929522E+000                  1.9202152300614326E+000                  1.7178739100874132E+001                  6.7095050567415271E-001                  3.0848387453066467E-001                  2.0565619795182677E-002                  5.6953626131222109E+001                  2.7380942403173708E-001                  1.1495904558263868E-044 
                                    1662                  8.6671665442531437E-002                 -9.6330541819118365E-001                  7.1416380203505225E+000                  1.9252657664039381E+000                  1.7185742135491051E+001                  6.6985577709605815E-001                  3.0957554830875511E-001                  2.0568674595186742E-002                  5.8052570876362303E+001                  2.2815602261086304E-001                  1.5547886368059888E-044 
                                    1663                  8.0788185589375255E-002                 -9.7482022992910955E-001                  7.1439749480391317E+000                  1.9304282674949149E+000                  1.7192834856556999E+001                  6.6857601153818125E-001                  3.1085309253858356E-001                  2.0570895923235133E-002                  5.9192555293394051E+001                  1.9230681746337458E-001                  2.1165772951107404E-044 
                                    1664                  7.7877321503307589E-002                 -9.8080172919197228E-001                  7.1462978976144873E+000                  1.9354843533351558E+000                  1.7199839494131524E+001                  6.6739323469018463E-001                  3.1203502412144551E-001                  2.0571741188369908E-002                  6.0335899690255829E+001                  1.8829032917991292E-001                  2.8709196830379413E-044 
                                    1665                  7.2121847118743407E-002                 -9.9325736220539107E-001                  7.1486634409747678E+000                  1.9406055547054162E+000                  1.7206941504570462E+001                  6.6618029963508596E-001                  3.1324754759166867E-001                  2.0572152773245422E-002                  6.1542151174163443E+001                  1.9632725054090094E-001                  3.9134798456524894E-044 
                                    1666                  6.9279144675558027E-002                 -9.9974990313802237E-001                  7.1510128633266179E+000                  1.9456592182787462E+000                  1.7213946963787418E+001                  6.6493256762326547E-001                  3.1449514652120247E-001                  2.0572285855532058E-002                  6.2732755936236096E+001                  2.1424526933412011E-001                  5.3216499165678552E-044 
                                    1667                  6.3668874943482334E-002                 -1.0133200584444890E+000                  7.1534081123507329E+000                  1.9507854405019360E+000                  1.7221058995427263E+001                  6.6365053506310601E-001                  3.1577714841571763E-001                  2.0572316521176415E-002                  6.3992173421316352E+001                  2.3851856363181900E-001                  7.2754836275032038E-044 
                                    1668                  6.0903463828190535E-002                 -1.0204216824679757E+000                  7.1557846709733690E+000                  1.9558472085079048E+000                  1.7228064413502199E+001                  6.6230334732679974E-001                  3.1712436478661737E-001                  2.0572287886582830E-002                  6.5227501323293296E+001                  2.6786300937277924E-001                  9.9223606551790181E-044 
                                    1669                  5.5457842548655822E-002                 -1.0353307798397915E+000                  7.1582126469096270E+000                  1.9609965360579438E+000                  1.7235187454796502E+001                  6.6089436553622638E-001                  3.1853339692401628E-001                  2.0572237539757343E-002                  6.6538881947670788E+001                  3.0240661452568801E-001                  1.3617694122231687E-043 
                                    1670                  5.2780094633202941E-002                 -1.0431702364519342E+000                  7.1602238672137926E+000                  1.9652159313491027E+000                  1.7241052089466525E+001                  6.5975924446639866E-001                  3.1966856607722682E-001                  2.0572189456374512E-002                  6.7631804526188361E+001                  3.3462463249261237E-001                  1.7683179736274530E-043 
                                    1671                  4.8821344936708914E-002                 -1.0554726437750863E+000                  7.1622583447745258E+000                  1.9694951284799094E+000                  1.7246971784429544E+001                  6.5854325167529204E-001                  3.2088461429014653E-001                  2.0572134034561484E-002                  6.8740575446576102E+001                  3.7069929696363085E-001                  2.3037743257141024E-043 
                                    1672                  4.6225583121705306E-002                 -1.0640591825910564E+000                  7.1642794953083691E+000                  1.9737221193186676E+000                  1.7252833616412527E+001                  6.5735157418153889E-001                  3.2207634918473477E-001                  2.0572076633726288E-002                  6.9851284374790225E+001                  4.1033779902076811E-001                  2.9940742426872924E-043 
                                    1673                  4.2401179016974572E-002                 -1.0775784985859265E+000                  7.1674986056285341E+000                  1.9804842918064791E+000                  1.7262166542692551E+001                  6.5535993695638528E-001                  3.2406808983809798E-001                  2.0571973205516736E-002                  7.1576527273816481E+001                  4.8226838415257967E-001                  4.5457511717629188E-043 
                                    1674                  3.6212671983273659E-002                 -1.1021226255720058E+000                  7.1710431531572105E+000                  1.9877739531462628E+000                  1.7272276855500134E+001                  6.5314613478773731E-001                  3.2628201769272364E-001                  2.0571847519539110E-002                  7.3626718069707053E+001                  5.7553255482337051E-001                  7.1858099441802301E-043 
                                    1675                  3.2040909750830508E-002                 -1.1210369317689017E+000                  7.1737651950482135E+000                  1.9933260573267677E+000                  1.7279971100875624E+001                  6.5138125599426844E-001                  3.2804700627088818E-001                  2.0571737734843332E-002                  7.5236294506649315E+001                  6.5885448711786865E-001                  1.0208551387712654E-042 
                                    1676                  2.8571338706150511E-002                 -1.1386582659532225E+000                  7.1762738368416805E+000                  1.9984618158422331E+000                  1.7287054289056329E+001                  6.4967982455082118E-001                  3.2974855291666960E-001                  2.0571622532509215E-002                  7.6692322218804307E+001                  7.4609087629380999E-001                  1.4110168678103617E-042 
                                    1677                  2.5218957860185409E-002                 -1.1577574364998082E+000                  7.1787932577619618E+000                  2.0036132193845289E+000                  1.7294140423947052E+001                  6.4791342509488781E-001                  3.3151508233736365E-001                  2.0571492567748484E-002                  7.8160737064958553E+001                  8.4504752660271176E-001                  1.9526413561570713E-042 
                                    1678                  2.1979892308079365E-002                 -1.1786947362693636E+000                  7.1809208286614510E+000                  2.0079562263294064E+000                  1.7300100661330450E+001                  6.4637659923224822E-001                  3.3305203059394556E-001                  2.0571370173806169E-002                  7.9408591635659818E+001                  9.3851662252449952E-001                  2.5686127039745171E-042 
                                    1679                  1.9894087730034198E-002                 -1.1938201235353079E+000                  7.1831220476592099E+000                  2.0124336996802104E+000                  1.7306234796421698E+001                  6.4474190247553853E-001                  3.3468686791358743E-001                  2.0571229610873987E-002                  8.0704671477089121E+001                  1.0458246942570515E+000                  3.4104522847699169E-042 
                                    1680                  1.6638602168105678E-002                 -1.2208176455337911E+000                  7.1857894780819294E+000                  2.0178530522990954E+000                  1.7313638759002480E+001                  6.4269889350312048E-001                  3.3673006870585120E-001                  2.0571037791028313E-002                  8.2284458135476683E+001                  1.1920277257178276E+000                  4.8075065359747421E-042 
                                    1681                  1.3788255742923177E-002                 -1.2490661761166444E+000                  7.1883589658471552E+000                  2.0230614716361828E+000                  1.7320734405068869E+001                  6.4066490939804854E-001                  3.3876426320877279E-001                  2.0570827393178615E-002                  8.3813081221793240E+001                  1.3516676904872742E+000                  6.6905357806561691E-042 
                                    1682                  1.1103376392144954E-002                 -1.2814682757875155E+000                  7.1909415982801210E+000                  2.0282868263787979E+000                  1.7327831780972033E+001                  6.3855381706935699E-001                  3.4087559623539521E-001                  2.0570586695247806E-002                  8.5355210669549081E+001                  1.5331377107255455E+000                  9.3250627229360720E-042 
                                    1683                  8.6028399552031485E-003                 -1.3194618532335614E+000                  7.1935337455272226E+000                  2.0335312905552976E+000                  1.7334929968743655E+001                  6.3636743912555283E-001                  3.4306224958694265E-001                  2.0570311287504528E-002                  8.6901736430790095E+001                  1.7392305710076219E+000                  1.3010891767822325E-041 
                                    1684                  6.3085823883819803E-003                 -1.3654278788652490E+000                  7.1967305746959020E+000                  2.0404156162470937E+000                  1.7343995055423697E+001                  6.3336727998318898E-001                  3.4606283714220670E-001                  2.0569882874604373E-002                  8.8326451671274114E+001                  2.0334889247218455E+000                  1.9692648871163716E-041 
                                    1685                  3.0319435820310840E-003                 -1.4733030684229083E+000                  7.2003877294736229E+000                  2.0472901815224192E+000                  1.7353495033599451E+001                  6.3034065766862446E-001                  3.4908994751418237E-001                  2.0569394817193221E-002                  9.1200512877278697E+001                  2.4233265631206540E+000                  3.1326607811926817E-041 
                                    1686                  1.7137577761626602E-003                 -1.5567952150739819E+000                  7.2024001994994640E+000                  2.0513199631459798E+000                  1.7358897865059205E+001                  6.2847014781892896E-001                  3.5096079500529798E-001                  2.0569057175773064E-002                  9.2421589366273068E+001                  2.6701418768918552E+000                  4.0539423179673647E-041 
                                    1687                  8.5214488497413520E-004                 -1.6586743890950362E+000                  7.2038465110633982E+000                  2.0542171700596570E+000                  1.7362773197394826E+001                  6.2710342608591518E-001                  3.5232778135605924E-001                  2.0568792558025573E-002                  9.3295927789578172E+001                  2.8626312909389484E+000                  4.8787104993796247E-041 
                                    1688                  4.7021438504839101E-004                 -1.7451463236125422E+000                  7.2047136518456538E+000                  2.0559537849051539E+000                  1.7365090595983826E+001                  6.2626894973629899E-001                  3.5316242679570270E-001                  2.0568623467998259E-002                  9.3819092177280737E+001                  2.9844826907232767E+000                  5.4516770026435600E-041 
                                    1689                  2.4010748441509179E-004                 -1.8427415401139846E+000                  7.2053253148320033E+000                  2.0571766193814756E+000                  1.7366722745033677E+001                  6.2567974841680518E-001                  3.5375175131119868E-001                  2.0568500271996193E-002                  9.4188764231604111E+001                  3.0734853565043814E+000                  5.8955199533670170E-041 
                                    1690                  1.2505403409849748E-004                 -1.9373633219477902E+000                  7.2057053380134386E+000                  2.0579361595039871E+000                  1.7367735691668376E+001                  6.2531132317298266E-001                  3.5412025513192041E-001                  2.0568421695096983E-002                  9.4418334011083317E+001                  3.1300867513347339E+000                  6.1892776872357478E-041 
                                    1691                  6.7527308940144957E-005                 -2.0266838912105034E+000                  7.2059386394135743E+000                  2.0584023793881676E+000                  1.7368357137742837E+001                  6.2508424123781126E-001                  3.5434738609674349E-001                  2.0568372665445311E-002                  9.4559227996575046E+001                  3.1653398755478732E+000                  6.3768187856205498E-041 
                                    1692                  3.8763946360968697E-005                 -2.1071036779222774E+000                  7.2060789832124499E+000                  2.0586828118554017E+000                  1.7368730820966089E+001                  6.2494730733703518E-001                  3.5448434978515014E-001                  2.0568342877814727E-002                  9.4643967851066265E+001                  3.1867337499130346E+000                  6.4923593954389038E-041 
                                    1693                  2.4382265071436082E-005                 -2.1742624687216470E+000                  7.2061608771908938E+000                  2.0588464430806814E+000                  1.7368948822223668E+001                  6.2486728772272060E-001                  3.5456438688399317E-001                  2.0568325393286235E-002                  9.4693410140954697E+001                  3.1992830078885834E+000                  6.5607440526544727E-041 
                                    1694                  1.7191424426614268E-005                 -2.2248730573703579E+000                  7.2062222140565382E+000                  2.0589689938594882E+000                  1.7369112073762665E+001                  6.2480729908662080E-001                  3.5462438866549462E-001                  2.0568312247884579E-002                  9.4730438142916867E+001                  3.2087138421924029E+000                  6.6124336632913832E-041 
                                    1695                  1.0000583781823669E-005                 -2.3033290634952390E+000                  7.2062844982631074E+000                  2.0590934374871219E+000                  1.7369277828018941E+001                  6.2474633468706631E-001                  3.5468536645730359E-001                  2.0568298855630163E-002                  9.4768036695684188E+001                  3.2183182453114330E+000                  6.6653381962060219E-041 
                                    1696                  5.0002918677979216E-006                 -2.4036958653789764E+000                  7.2063327772559571E+000                  2.0591898976367684E+000                  1.7369406296725913E+001                  6.2469904470407844E-001                  3.5473266685164118E-001                  2.0568288444280380E-002                  9.4797179604557925E+001                  3.2257823968742536E+000                  6.7066375074750108E-041 
                                    1697                  2.5001459106462788E-006                 -2.5040539815885419E+000                  7.2063631905600625E+000                  2.0592506614038935E+000                  1.7369487218450217E+001                  6.2466923923233575E-001                  3.5476247889570384E-001                  2.0568281871960359E-002                  9.4815537364035123E+001                  3.2304931403796462E+000                  6.7327851429385370E-041 
                                    1698                  1.2500729320704568E-006                 -2.6044066266200208E+000                  7.2063823495510464E+000                  2.0592889392292437E+000                  1.7369538192573089E+001                  6.2465045714604750E-001                  3.5478126512769309E-001                  2.0568277726259465E-002                  9.4827101621311826E+001                  3.2334641537442845E+000                  6.7493092247334533E-041 
                                    1699                  6.2503644278254600E-007                 -2.7047558251585055E+000                  7.2063944190180820E+000                  2.0593130522388243E+000                  1.7369570302920621E+001                  6.2463862286530725E-001                  3.5479310202220588E-001                  2.0568275112486933E-002                  9.4834386802108682E+001                  3.2353371550857322E+000                  6.7597395700707133E-041 
                                    1700                  3.1251819816634565E-007                 -2.8051028525213564E+000                  7.2064020226117700E+000                  2.0593282420021732E+000                  1.7369590530640131E+001                  6.2463116682063524E-001                  3.5480055971430291E-001                  2.0568273465061848E-002                  9.4838976949491666E+001                  3.2365176565710754E+000                  6.7663187544610690E-041 
                                    1701                  1.5625907585824550E-007                 -2.9054485120477094E+000                  7.2064068130267289E+000                  2.0593378104371713E+000                  1.7369603273092537E+001                  6.2462646944500955E-001                  3.5480525812807895E-001                  2.0568272426911505E-002                  9.4841869687061191E+001                  3.2372616006216992E+000                  6.7704669829817600E-041 
                                    1702                  7.8129514704195422E-008                 -3.0057933097115024E+000                  7.2064098314654528E+000                  2.0593438374879267E+000                  1.7369611300248696E+001                  6.2462351014187878E-001                  3.5480821808533736E-001                  2.0568271772783864E-002                  9.4843693673277983E+001                  3.2377304280889554E+000                  6.7730819794161795E-041 
                                    1703                  3.9064732468451373E-008                 -3.1061375702721135E+000                  7.2064123694067410E+000                  2.0593488972951421E+000                  1.7369618042572306E+001                  6.2462102440267098E-001                  3.5481070437405643E-001                  2.0568271223272649E-002                  9.4845232633136945E+001                  3.2381246074621677E+000                  6.7752810707407417E-041 
