                                       1                                        2                                        3                                        4                                        5                                        6                                        7                                        8                                        9                                       10                                       11                                       12                                       13                                       14                                       15                                       16                                       17                                       18                                       19                                       20                                       21                                       22                                       23                                       24                                       25                                       26                                       27                                       28                                       29                                       30                                       31                                       32                                       33                                       34                                       35                                       36                                       37                                       38                                       39                                       40                                       41                                       42                                       43                                       44                                       45                                       46                                       47                                       48                                       49 
                            model_number                                num_zones                             initial_mass                                initial_z                                 star_age                                time_step                                     Teff                            photosphere_L                            photosphere_r                               center_eta                                center_h1                               center_he3                               center_he4                               center_c12                               center_n14                               center_o16                              center_ne20                                star_mass                                star_mdot                             star_mass_h1                            star_mass_he3                            star_mass_he4                            star_mass_c12                            star_mass_n14                            star_mass_o16                           star_mass_ne20                             he_core_mass                             co_core_mass                             fe_core_mass                   neutron_rich_core_mass                             dynamic_time                             kh_timescale                            nuc_timescale                           power_nuc_burn                             power_h_burn                            power_he_burn                                power_neu                                burn_min1                                burn_min2                             time_seconds                           version_number                                 compiler                                    build                         MESA_SDK_version                             math_backend                                     date                                     msun                                     rsun                                     lsun 
                                    4550                                     1402                  2.0000000000000000E+000                  2.0000000000000000E-002                  1.0139029379683021E+009                  2.9228065715308781E+004                  4.0633974210919059E+003                  4.9457306359599350E+001                  1.4190241584244031E+001                  7.9171732133485824E+000                  0.0000000000000000E+000                  0.0000000000000000E+000                  9.8051712154826109E-001                  1.0940813290209878E-004                  1.2417636917913278E-002                  7.9358714758708524E-004                  2.0850244240954463E-003                  3.6008351547569539E-001                 -2.7665466878466823E-009                  6.8983686827067167E-002                  2.5001924434731499E-005                  2.8398783124402099E-001                  2.1382660019518120E-004                  3.5636563366028677E-003                  1.0905892493236395E-003                  7.5078292440155646E-004                  2.5255242834903602E-001                  0.0000000000000000E+000                  0.0000000000000000E+000                  0.0000000000000000E+000                  8.9153853671420924E+005                  4.3507801615624530E+003                  7.2806940365405783E+007                  4.8891917055164654E+001                  4.8891917053366477E+001                  9.0009013733634737E-010                  3.3405069532666443E+000                  5.0000000000000000E+001                  1.0000000000000000E+003                  3.1996343355228492E+016                                "r26.4.1"                               "gfortran"                                 "15.2.0"                    "x86_64-linux-26.3.2"                                 "CRMATH"                               "20260610"                  1.9884098706980504E+033                  6.9570000000000000E+010                  3.8280000000000003E+033 

                                       1                                        2                                        3                                        4                                        5                                        6                                        7                                        8                                        9                                       10                                       11                                       12 
                                    zone                                     mass                                     logR                                     logT                                   logRho                                     logP                        x_mass_fraction_H                       y_mass_fraction_He                   z_mass_fraction_metals                                       pp                                      cno                                tri_alpha 
                                       1                  3.6008351547569539E-001                  1.1519897892426034E+000                  3.6088893189946565E+000                 -7.9953242536617646E+000                  3.4052574166432477E+000                  6.7182681810454270E-001                  3.0797482804065923E-001                  2.0198353854798068E-002                  1.3655435440298965E-027                  0.0000000000000000E+000                  0.0000000000000000E+000 
                                       2                  3.6008351547547934E-001                  1.1519897877160099E+000                  3.6088893664368222E+000                 -7.9953239217554728E+000                  3.4052577961289399E+000                  6.7182681810454270E-001                  3.0797482804065923E-001                  2.0198353854798068E-002                  1.3655445877370908E-027                  0.0000000000000000E+000                  0.0000000000000000E+000 
                                       3                  3.6008351547513728E-001                  1.1519897852989023E+000                  3.6088894624690235E+000                 -7.9953232499139792E+000                  3.4052585642804272E+000                  6.7182681810454270E-001                  3.0797482804065923E-001                  2.0198353854798068E-002                  1.3655467004015044E-027                  0.0000000000000000E+000                  0.0000000000000000E+000 
                                       4                  3.6008351547434964E-001                  1.1519897797332053E+000                  3.6088896786375169E+000                 -7.9953217376067327E+000                  3.4052602933814802E+000                  6.7182681810454270E-001                  3.0797482804065923E-001                  2.0198353854798068E-002                  1.3655514559960449E-027                  0.0000000000000000E+000                  0.0000000000000000E+000 
                                       5                  3.6008351547259426E-001                  1.1519897673296953E+000                  3.6088900201086562E+000                 -7.9953193487117904E+000                  3.4052630247353601E+000                  6.7182681810454270E-001                  3.0797482804065923E-001                  2.0198353854798068E-002                  1.3655589681380402E-027                  0.0000000000000000E+000                  0.0000000000000000E+000 
                                       6                  3.6008351547033246E-001                  1.1519897513483359E+000                  3.6088905423613795E+000                 -7.9953156951431614E+000                  3.4052672020675048E+000                  6.7182681810454270E-001                  3.0797482804065929E-001                  2.0198353854798068E-002                  1.3655704572650027E-027                  0.0000000000000000E+000                  0.0000000000000000E+000 
                                       7                  3.6008351546645034E-001                  1.1519897239178698E+000                  3.6088916184411164E+000                 -7.9953081673200597E+000                  3.4052758090834070E+000                  6.7182681810454270E-001                  3.0797482804065923E-001                  2.0198353854798068E-002                  1.3655941297993637E-027                  0.0000000000000000E+000                  0.0000000000000000E+000 
                                       8                  3.6008351545767331E-001                  1.1519896619022187E+000                  3.6088933437919217E+000                 -7.9952960980953058E+000                  3.4052896086507984E+000                  6.7182681810454270E-001                  3.0797482804065923E-001                  2.0198353854798068E-002                  1.3656320844086778E-027                  0.0000000000000000E+000                  0.0000000000000000E+000 
                                       9                  3.6008351544615341E-001                  1.1519895805089011E+000                  3.6088959647693759E+000                 -7.9952777651433715E+000                  3.4053105701642177E+000                  6.7182681810454270E-001                  3.0797482804065923E-001                  2.0198353854798068E-002                  1.3656897388480823E-027                  0.0000000000000000E+000                  0.0000000000000000E+000 
                                      10                  3.6008351542684114E-001                  1.1519894440639753E+000                  3.6088999562032829E+000                 -7.9952498496255089E+000                  3.4053424886678929E+000                  6.7182681810454270E-001                  3.0797482804065923E-001                  2.0198353854798068E-002                  1.3657775337242046E-027                  0.0000000000000000E+000                  0.0000000000000000E+000 
                                      11                  3.6008351539920191E-001                  1.1519892488000623E+000                  3.6089052806569559E+000                 -7.9952126175325686E+000                  3.4053850606288472E+000                  6.7182681810454270E-001                  3.0797482804065923E-001                  2.0198353854798068E-002                  1.3658946382042454E-027                  0.0000000000000000E+000                  0.0000000000000000E+000 
                                      12                  3.6008351536421335E-001                  1.1519890016356407E+000                  3.6089156553378245E+000                 -7.9951400892469415E+000                  3.4054679936422918E+000                  6.7182681810454270E-001                  3.0797482804065923E-001                  2.0198353854798068E-002                  1.3661227870944523E-027                  0.0000000000000000E+000                  0.0000000000000000E+000 
                                      13                  3.6008351527718141E-001                  1.1519883869305068E+000                  3.6089410469716077E+000                 -7.9949626851741584E+000                  3.4056708629590204E+000                  6.7182681810454270E-001                  3.0797482804065923E-001                  2.0198353854798068E-002                  1.3666809995480146E-027                  0.0000000000000000E+000                  0.0000000000000000E+000 
                                      14                  3.6008351506563235E-001                  1.1519868933617410E+000                  3.6089858540043762E+000                 -7.9946500375474026E+000                  3.4060284477967544E+000                  6.7182681810454270E-001                  3.0797482804065923E-001                  2.0198353854798068E-002                  1.3676653191621509E-027                  0.0000000000000000E+000                  0.0000000000000000E+000 
                                      15                  3.6008351475055927E-001                  1.1519846704698966E+000                  3.6090646586451256E+000                 -7.9941013239053484E+000                  3.4066561958121659E+000                  6.7182681810454270E-001                  3.0797482804065923E-001                  2.0198353854798068E-002                  1.3693945681208530E-027                  0.0000000000000000E+000                  0.0000000000000000E+000 
                                      16                  3.6008351414010525E-001                  1.1519803689581187E+000                  3.6091980274723583E+000                 -7.9931762251016565E+000                  3.4077150546702448E+000                  6.7182681810454270E-001                  3.0797482804065929E-001                  2.0198353854798068E-002                  1.3723149318801512E-027                  0.0000000000000000E+000                  0.0000000000000000E+000 
                                      17                  3.6008351318644660E-001                  1.1519736631288353E+000                  3.6094286967800207E+000                 -7.9915861759394202E+000                  3.4095364564441950E+000                  6.7182681810454270E-001                  3.0797482804065923E-001                  2.0198353854798068E-002                  1.3773489792708852E-027                  0.0000000000000000E+000                  0.0000000000000000E+000 
                                      18                  3.6008351144081696E-001                  1.1519614324668219E+000                  3.6098444781112526E+000                 -7.9887519796547242E+000                  3.4127876867549478E+000                  6.7182681810454270E-001                  3.0797482804065923E-001                  2.0198353854798068E-002                  1.3863677976928300E-027                  0.0000000000000000E+000                  0.0000000000000000E+000 
                                      19                  3.6008350834049208E-001                  1.1519398489792465E+000                  3.6105412589776225E+000                 -7.9840932125184612E+000                  3.4181453926734626E+000                  6.7182681810454270E-001                  3.0797482804065923E-001                  2.0198353854798068E-002                  1.4013211670436509E-027                  0.0000000000000000E+000                  0.0000000000000000E+000 
                                      20                  3.6008350337719158E-001                  1.1519056581315514E+000                  3.6117861921356829E+000                 -7.9760295606730667E+000                  3.4274579891157235E+000                  6.7182681810454270E-001                  3.0797482804065923E-001                  2.0198353854798068E-002                  1.4275854847414194E-027                  0.0000000000000000E+000                  0.0000000000000000E+000 
                                      21                  3.6008349409011947E-001                  1.1518428378357179E+000                  3.6141533140879822E+000                 -7.9615508755830442E+000                  3.4443118840950699E+000                  6.7182681810454270E-001                  3.0797482804065923E-001                  2.0198353854798068E-002                  1.4759860227661346E-027                  0.0000000000000000E+000                  0.0000000000000000E+000 
                                      22                  3.6008347681238689E-001                  1.1517297298916971E+000                  3.6164888466132816E+000                 -7.9484343298998645E+000                  3.4597725473399548E+000                  6.7182681810454270E-001                  3.0797482804065918E-001                  2.0198353854798068E-002                  1.5212483227565561E-027                  0.0000000000000000E+000                  0.0000000000000000E+000 
                                      23                  3.6008346882420550E-001                  1.1516789626516006E+000                  3.6183602132054040E+000                 -7.9384648823449115E+000                  3.4716203907518257E+000                  6.7182681810454270E-001                  3.0797482804065923E-001                  2.0198353854798068E-002                  1.5565768891432615E-027                  0.0000000000000000E+000                  0.0000000000000000E+000 
                                      24                  3.6008345684193344E-001                  1.1516045077667589E+000                  3.6209542219221023E+000                 -7.9254851246638811E+000                  3.4872041403353031E+000                  6.7182681810454270E-001                  3.0797482804065923E-001                  2.0198353854798068E-002                  1.6038054277164133E-027                  0.0000000000000000E+000                  0.0000000000000000E+000 
                                      25                  3.6008344173174778E-001                  1.1515133292525424E+000                  3.6240282049972659E+000                 -7.9112236027512450E+000                  3.5045516766304390E+000                  6.7182681810454270E-001                  3.0797482804065923E-001                  2.0198353854798068E-002                  1.6573517831053772E-027                  0.0000000000000000E+000                  0.0000000000000000E+000 
                                      26                  3.6008342554363199E-001                  1.1514187412319845E+000                  3.6270861204612865E+000                 -7.8980932337240022E+000                  3.5207519641227156E+000                  6.7182681810454270E-001                  3.0797482804065923E-001                  2.0198353854798068E-002                  1.7082304965608497E-027                  0.0000000000000000E+000                  0.0000000000000000E+000 
                                      27                  3.6008341137903077E-001                  1.1513383930179899E+000                  3.6295834995874854E+000                 -7.8880524621749757E+000                  3.5332998360793337E+000                  6.7182681810454270E-001                  3.0797482804065923E-001                  2.0198353854798068E-002                  1.7481887816077660E-027                  0.0000000000000000E+000                  0.0000000000000000E+000 
                                      28                  3.6008340126145844E-001                  1.1512822866565551E+000                  3.6323257125369985E+000                 -7.8775886995589399E+000                  3.5465162812094699E+000                  6.7182681810454270E-001                  3.0797482804065923E-001                  2.0198353854798068E-002                  1.7908253659114260E-027                  0.0000000000000000E+000                  0.0000000000000000E+000 
                                      29                  3.6008338504656451E-001                  1.1511944649191055E+000                  3.6355764155028618E+000                 -7.8659860124084249E+000                  3.5613818301009315E+000                  6.7182681810454270E-001                  3.0797482804065923E-001                  2.0198353854798068E-002                  1.8393196517606361E-027                  0.0000000000000000E+000                  0.0000000000000000E+000 
                                      30                  3.6008337069451579E-001                  1.1511187390185020E+000                  3.6388994577999707E+000                 -7.8548383939509927E+000                  3.5758645259424569E+000                  6.7182681810454270E-001                  3.0797482804065923E-001                  2.0198353854798068E-002                  1.8871485243285164E-027                  0.0000000000000000E+000                  0.0000000000000000E+000 
                                      31                  3.6008335426500498E-001                  1.1510342017991684E+000                  3.6420647945256683E+000                 -7.8448480631945872E+000                  3.5890312901487849E+000                  6.7182681810454270E-001                  3.0797482804065923E-001                  2.0198353854798068E-002                  1.9310679175815564E-027                  0.0000000000000000E+000                  0.0000000000000000E+000 
                                      32                  3.6008334182740115E-001                  1.1509716283087335E+000                  3.6455045936008772E+000                 -7.8345242010927754E+000                  3.6028065234981952E+000                  6.7182681810454270E-001                  3.0797482804065923E-001                  2.0198353854798068E-002                  1.9775278044153239E-027                  0.0000000000000000E+000                  0.0000000000000000E+000 
                                      33                  3.6008332313024105E-001                  1.1508797237276760E+000                  3.6493304619604023E+000                 -7.8236729780041347E+000                  3.6174958967054218E+000                  6.7182681810454270E-001                  3.0797482804065923E-001                  2.0198353854798068E-002                  2.0275663981513046E-027                  0.0000000000000000E+000                  0.0000000000000000E+000 
                                      34                  3.6008330754927431E-001                  1.1508049834580387E+000                  3.6536661395068299E+000                 -7.8119720029270114E+000                  3.6335456450835872E+000                  6.7182681810454270E-001                  3.0797482804065923E-001                  2.0198353854798068E-002                  2.0829432646342019E-027                  0.0000000000000000E+000                  0.0000000000000000E+000 
                                      35                  3.6008328435480647E-001                  1.1506966111400538E+000                  3.6582940477537562E+000                 -7.8000885404730065E+000                  3.6500700676259563E+000                  6.7182681810454270E-001                  3.0797482804065923E-001                  2.0198353854798068E-002                  2.1407321146845962E-027                  0.0000000000000000E+000                  0.0000000000000000E+000 
                                      36                  3.6008326614264818E-001                  1.1506137599517114E+000                  3.6611999771199564E+000                 -7.7928772395953878E+000                  3.6601950201166833E+000                  6.7182681810454270E-001                  3.0797482804065918E-001                  2.0198353854798068E-002                  2.1765793122343269E-027                  0.0000000000000000E+000                  0.0000000000000000E+000 
                                      37                  3.6008325821433046E-001                  1.1505782717018158E+000                  3.6640606414434771E+000                 -7.7859380394636943E+000                  3.6700021489012249E+000                  6.7182681810454281E-001                  3.0797482804065923E-001                  2.0198353854797957E-002                  2.2116405443803740E-027                  0.0000000000000000E+000                  0.0000000000000000E+000 
                                      38                  3.6008324024347710E-001                  1.1504990753706461E+000                  3.6691553594548436E+000                 -7.7739170832207716E+000                  3.6871299730207867E+000                  6.7182681810454270E-001                  3.0797482804065923E-001                  2.0198353854798068E-002                  2.2737199921599943E-027                  0.0000000000000000E+000                  0.0000000000000000E+000 
                                      39                  3.6008321158965612E-001                  1.1503761614405466E+000                  3.6741884168970564E+000                 -7.7623824990681864E+000                  3.7037086991390535E+000                  6.7182681810454270E-001                  3.0797482804065923E-001                  2.0198353854798068E-002                  2.3349253767014464E-027                  0.0000000000000000E+000                  0.0000000000000000E+000 
                                      40                  3.6008319338106348E-001                  1.1503000484289299E+000                  3.6799834044731394E+000                 -7.7495330698044418E+000                  3.7223649336342364E+000                  6.7182681810454270E-001                  3.0797482804065923E-001                  2.0198353854798068E-002                  2.4050497364668759E-027                  0.0000000000000000E+000                  0.0000000000000000E+000 
                                      41                  3.6008315670921925E-001                  1.1501511111514486E+000                  3.6870348815222829E+000                 -7.7344125043082457E+000                  3.7445502602517431E+000                  6.7182681810454270E-001                  3.0797482804065923E-001                  2.0198353854798068E-002                  2.4902707854689582E-027                  0.0000000000000000E+000                  0.0000000000000000E+000 
                                      42                  3.6008312506885931E-001                  1.1500268883686178E+000                  3.6925737210706178E+000                 -7.7229910754878013E+000                  3.7615204208089335E+000                  6.7182681810454270E-001                  3.0797482804065923E-001                  2.0198353854798068E-002                  2.5566395039599370E-027                  0.0000000000000000E+000                  0.0000000000000000E+000 
                                      43                  3.6008310211084349E-001                  1.1499390284306148E+000                  3.6976612595965803E+000                 -7.7129062286644432E+000                  3.7767017071758833E+000                  6.7182681810454270E-001                  3.0797482804065923E-001                  2.0198353854798068E-002                  2.6167104951895239E-027                  0.0000000000000000E+000                  0.0000000000000000E+000 
                                      44                  3.6008307442565957E-001                  1.1498354411873279E+000                  3.7019409838927215E+000                 -7.7047926088431744E+000                  3.7891025663677231E+000                  6.7182681810454270E-001                  3.0797482804065923E-001                  2.0198353854798068E-002                  2.6660628352544622E-027                  0.0000000000000000E+000                  0.0000000000000000E+000 
                                      45                  3.6008305944957736E-001                  1.1497804134838450E+000                  3.7066088817445033E+000                 -7.6963114489677782E+000                  3.8022599903567391E+000                  6.7182681810454270E-001                  3.0797482804065923E-001                  2.0198353854798068E-002                  2.7186461538278721E-027                  0.0000000000000000E+000                  0.0000000000000000E+000 
                                      46                  3.6008302783340368E-001                  1.1496664239868468E+000                  3.7132683536348843E+000                 -7.6851215787855116E+000                  3.8201219999013727E+000                  6.7182681810454270E-001                  3.0797482804065923E-001                  2.0198353854798068E-002                  2.7896138030739781E-027                  0.0000000000000000E+000                  0.0000000000000000E+000 
                                      47                  3.6008299396470522E-001                  1.1495473234277562E+000                  3.7184495257412573E+000                 -7.6772236973448145E+000                  3.8332118260054493E+000                  6.7182681810454270E-001                  3.0797482804065923E-001                  2.0198353854798068E-002                  2.8408156690974239E-027                  0.0000000000000000E+000                  0.0000000000000000E+000 
                                      48                  3.6008297815931262E-001                  1.1494927120318807E+000                  3.7229793449962827E+000                 -7.6707473709694991E+000                  3.8442282073166885E+000                  6.7182681810454270E-001                  3.0797482804065923E-001                  2.0198353854798068E-002                  2.8835021684835403E-027                  0.0000000000000000E+000                  0.0000000000000000E+000 
                                      49                  3.6008295100464383E-001                  1.1494002279879327E+000                  3.7274329177122025E+000                 -7.6649733745282669E+000                  3.8544668528995292E+000                  6.7182681810454270E-001                  3.0797482804065923E-001                  2.0198353854798068E-002                  2.9221000921642332E-027                  0.0000000000000000E+000                  0.0000000000000000E+000 
                                      50                  3.6008293727803431E-001                  1.1493540729035592E+000                  3.7307292416037421E+000                 -7.6609585891882581E+000                  3.8617868704948255E+000                  6.7182681810454270E-001                  3.0797482804065923E-001                  2.0198353854798068E-002                  2.9492421973626734E-027                  0.0000000000000000E+000                  0.0000000000000000E+000 
                                      51                  3.6008292119313934E-001                  1.1493004674034160E+000                  3.7359304968889044E+000                 -7.6551027213449050E+000                  3.8728595006576123E+000                  6.7182681810454270E-001                  3.0797482804065923E-001                  2.0198353854798068E-002                  2.9892837199151835E-027                  0.0000000000000000E+000                  0.0000000000000000E+000 
                                      52                  3.6008289124060056E-001                  1.1492019309103059E+000                  3.7411546150002466E+000                 -7.6500519492138679E+000                  3.8831521444328132E+000                  6.7182681810454270E-001                  3.0797482804065923E-001                  2.0198353854798068E-002                  3.0242565461732407E-027                  0.0000000000000000E+000                  0.0000000000000000E+000 
                                      53                  3.6008287737295674E-001                  1.1491568148825904E+000                  3.7460828314232959E+000                 -7.6457234472528661E+000                  3.8924278055287469E+000                  6.7182681810454270E-001                  3.0797482804065923E-001                  2.0198353854798068E-002                  3.0545536116283950E-027                  0.0000000000000000E+000                  0.0000000000000000E+000 
                                      54                  3.6008285086733222E-001                  1.1490714000078781E+000                  3.7513340537760875E+000                 -7.6419429576654894E+000                  3.9014826645985416E+000                  6.7182681810454270E-001                  3.0797482804065923E-001                  2.0198353854798068E-002                  3.0812631225181835E-027                  0.0000000000000000E+000                  0.0000000000000000E+000 
                                      55                  3.6008283715185385E-001                  1.1490275651284600E+000                  3.7556490726843190E+000                 -7.6392326431956228E+000                  3.9085295413982162E+000                  6.7182681810454270E-001                  3.0797482804065923E-001                  2.0198353854798068E-002                  3.1005553782348631E-027                  0.0000000000000000E+000                  0.0000000000000000E+000 
                                      56                  3.6008281899297745E-001                  1.1489698699119533E+000                  3.7608768357942473E+000                 -7.6365936390951141E+000                  3.9164259955808189E+000                  6.7182681810454270E-001                  3.0797482804065923E-001                  2.0198353854798068E-002                  3.1194561089320545E-027                  0.0000000000000000E+000                  0.0000000000000000E+000 
                                      57                  3.6008280083410105E-001                  1.1489125014245987E+000                  3.7670265655996431E+000                 -7.6342802284765066E+000                  3.9249298388009239E+000                  6.7182681810454270E-001                  3.0797482804065923E-001                  2.0198353854798068E-002                  3.1361196710722175E-027                  0.0000000000000000E+000                  0.0000000000000000E+000 
                                      58                  3.6008277915715892E-001                  1.1488443527664545E+000                  3.7728534814104200E+000                 -7.6329829530927915E+000                  3.9320995582284182E+000                  6.7182681810454270E-001                  3.0797482804065923E-001                  2.0198353854798068E-002                  3.1455029080043482E-027                  0.0000000000000000E+000                  0.0000000000000000E+000 
                                      59                  3.6008276665797223E-001                  1.1488051601024725E+000                  3.7773835716315252E+000                 -7.6323815410710214E+000                  3.9372718043281920E+000                  6.7182681810454270E-001                  3.0797482804065923E-001                  2.0198353854798068E-002                  3.1498624617365482E-027                  0.0000000000000000E+000                  0.0000000000000000E+000 
                                      60                  3.6008275415878555E-001                  1.1487660110834117E+000                  3.7822401750650188E+000                 -7.6321745902858433E+000                  3.9423850080357492E+000                  6.7182681810454270E-001                  3.0797482804065923E-001                  2.0198353854798068E-002                  3.1513640167465764E-027                  0.0000000000000000E+000                  0.0000000000000000E+000 
                                      61                  3.6008274165959891E-001                  1.1487268701328295E+000                  3.7874754468861136E+000                 -7.6324157831464561E+000                  3.9474405223124700E+000                  6.7182681810454270E-001                  3.0797482804065923E-001                  2.0198353854798068E-002                  3.1496140834528476E-027                  0.0000000000000000E+000                  0.0000000000000000E+000 
                                      62                  3.6008272916041228E-001                  1.1486876968441504E+000                  3.7949244236139359E+000                 -7.6334043493436710E+000                  3.9540049980856602E+000                  6.7182681810454270E-001                  3.0797482804065923E-001                  2.0198353854798068E-002                  3.1424518598400433E-027                  0.0000000000000000E+000                  0.0000000000000000E+000 
                                      63                  3.6008270877432547E-001                  1.1486236370466689E+000                  3.8027247857256739E+000                 -7.6353844771728019E+000                  3.9599595008709487E+000                  6.7182681810454270E-001                  3.0797482804065923E-001                  2.0198353854798068E-002                  3.1281546609516904E-027                  0.0000000000000000E+000                  0.0000000000000000E+000 
                                      64                  3.6008269891570033E-001                  1.1485925061978020E+000                  3.8080443101064345E+000                 -7.6369735050329179E+000                  3.9637989764498323E+000                  6.7182681810454270E-001                  3.0797482804065923E-001                  2.0198353854798068E-002                  3.1167283998997709E-027                  0.0000000000000000E+000                  0.0000000000000000E+000 
                                      65                  3.6008268905707508E-001                  1.1485612545036969E+000                  3.8135546488438097E+000                 -7.6388074314903580E+000                  3.9676058962759759E+000                  6.7182681810454270E-001                  3.0797482804065923E-001                  2.0198353854798068E-002                  3.1035930157846479E-027                  0.0000000000000000E+000                  0.0000000000000000E+000 
                                      66                  3.6008267919844994E-001                  1.1485298637708490E+000                  3.8191660472113926E+000                 -7.6407978528792855E+000                  3.9713808217523492E+000                  6.7182681810454270E-001                  3.0797482804065923E-001                  2.0198353854798068E-002                  3.0893993897133014E-027                  0.0000000000000000E+000                  0.0000000000000000E+000 
                                      67                  3.6008266933982480E-001                  1.1484983219852776E+000                  3.8263125761308339E+000                 -7.6434126520723895E+000                  3.9761440424463177E+000                  6.7182681810454270E-001                  3.0797482804065923E-001                  2.0198353854798068E-002                  3.0708519555145028E-027                  0.0000000000000000E+000                  0.0000000000000000E+000 
                                      68                  3.6008265408060364E-001                  1.1484491929662191E+000                  3.8347879151522544E+000                 -7.6465034424320155E+000                  3.9818645470668788E+000                  6.7182681810454270E-001                  3.0797482804065923E-001                  2.0198353854798068E-002                  3.0490717539007593E-027                  0.0000000000000000E+000                  0.0000000000000000E+000 
                                      69                  3.6008263882138247E-001                  1.1483996962004785E+000                  3.8446274297963066E+000                 -7.6499267884596742E+000                  3.9887724979682986E+000                  6.7182681810454270E-001                  3.0797482804065923E-001                  2.0198353854798068E-002                  3.0251283669193346E-027                  0.0000000000000000E+000                  0.0000000000000000E+000 
                                      70                  3.6008261670441932E-001                  1.1483273566099284E+000                  3.8525650074262514E+000                 -7.6523129036429944E+000                  3.9948173411665078E+000                  6.7182681810454270E-001                  3.0797482804065923E-001                  2.0198353854798068E-002                  3.0085508203022227E-027                  0.0000000000000000E+000                  0.0000000000000000E+000 
                                      71                  3.6008260564593775E-001                  1.1482909738825136E+000                  3.8575502103168944E+000                 -7.6536754233066588E+000                  3.9988023232017711E+000                  6.7182681810454270E-001                  3.0797482804065923E-001                  2.0198353854798068E-002                  2.9991254907138657E-027                  0.0000000000000000E+000                  0.0000000000000000E+000 
                                      72                  3.6008259458745617E-001                  1.1482544676424185E+000                  3.8654440104554464E+000                 -7.6555950964894324E+000                  4.0054456285098512E+000                  6.7182681810454270E-001                  3.0797482804065923E-001                  2.0198353854798068E-002                  2.9858961014952067E-027                  0.0000000000000000E+000                  0.0000000000000000E+000 
                                      73                  3.6008256833345215E-001                  1.1481673768548062E+000                  3.8751143215326906E+000                 -7.6570830023979388E+000                  4.0146328623911787E+000                  6.7182681810454270E-001                  3.0797482804065923E-001                  2.0198353854798068E-002                  2.9756823880158340E-027                  0.0000000000000000E+000                  0.0000000000000000E+000 
                                      74                  3.6008254207944806E-001                  1.1480799344840598E+000                  3.8840095183573005E+000                 -7.6576401910455800E+000                  4.0241092142575567E+000                  6.7182681810454270E-001                  3.0797482804065923E-001                  2.0198353854798068E-002                  2.9718665712296746E-027                  0.0000000000000000E+000                  0.0000000000000000E+000 
                                      75                  3.6008251304116923E-001                  1.1479830328832816E+000                  3.8921604338269891E+000                 -7.6573011851789419E+000                  4.0338535947857723E+000                  6.7182681810454270E-001                  3.0797482804065923E-001                  2.0198353854798068E-002                  2.9741876150262047E-027                  0.0000000000000000E+000                  0.0000000000000000E+000 
                                      76                  3.6008248400289034E-001                  1.1478861420626496E+000                  3.8989184831839814E+000                 -7.6563198282659810E+000                  4.0428089281114756E+000                  6.7182681810454270E-001                  3.0797482804065923E-001                  2.0198353854798068E-002                  2.9809168161802034E-027                  0.0000000000000000E+000                  0.0000000000000000E+000 
                                      77                  3.6008245855462040E-001                  1.1478013683570669E+000                  3.9086333114862359E+000                 -7.6541641390361459E+000                  4.0567507683694810E+000                  6.7182681810454270E-001                  3.0797482804065923E-001                  2.0198353854798068E-002                  2.9957519643100164E-027                  0.0000000000000000E+000                  0.0000000000000000E+000 
                                      78                  3.6008239697707028E-001                  1.1475970519576049E+000                  3.9175256220068659E+000                 -7.6501524258446585E+000                  4.0719162777450624E+000                  6.7182681810454270E-001                  3.0797482804065923E-001                  2.0198353854798068E-002                  3.0235568471811864E-027                  0.0000000000000000E+000                  0.0000000000000000E+000 
                                      79                  3.6008236084779005E-001                  1.1474781433544570E+000                  3.9238692245474751E+000                 -7.6466239177138560E+000                  4.0836477710827097E+000                  6.7182681810454270E-001                  3.0797482804065923E-001                  2.0198353854798068E-002                  3.0482259232802545E-027                  0.0000000000000000E+000                  0.0000000000000000E+000 
                                      80                  3.6008231910436350E-001                  1.1473417489649527E+000                  3.9293687702023035E+000                 -7.6428160474900135E+000                  4.0947433043004100E+000                  6.7182681810454270E-001                  3.0797482804065923E-001                  2.0198353854798068E-002                  3.0750739935734988E-027                  0.0000000000000000E+000                  0.0000000000000000E+000 
                                      81                  3.6008228533043973E-001                  1.1472322649078639E+000                  3.9353840512224560E+000                 -7.6381071620174756E+000                  4.1076286192756113E+000                  6.7182681810454270E-001                  3.0797482804065923E-001                  2.0198353854798068E-002                  3.1086021057085427E-027                  0.0000000000000000E+000                  0.0000000000000000E+000 
                                      82                  3.6008222904056686E-001                  1.1470515782916557E+000                  3.9420483368219372E+000                 -7.6317268022671563E+000                  4.1233236226393144E+000                  6.7182681810454270E-001                  3.0797482804065923E-001                  2.0198353854798068E-002                  3.1546154443932680E-027                  0.0000000000000000E+000                  0.0000000000000000E+000 
                                      83                  3.6008217214467503E-001                  1.1468713854287429E+000                  3.9480162046984408E+000                 -7.6250580298202983E+000                  4.1385756995380278E+000                  6.7182681810454270E-001                  3.0797482804065923E-001                  2.0198353854798068E-002                  3.2034369123924332E-027                  0.0000000000000000E+000                  0.0000000000000000E+000 
                                      84                  3.6008211524878320E-001                  1.1466937189058568E+000                  3.9522668808645571E+000                 -7.6196126974180647E+000                  4.1502755399994946E+000                  6.7182681810454270E-001                  3.0797482804065923E-001                  2.0198353854798068E-002                  3.2438615649923106E-027                  0.0000000000000000E+000                  0.0000000000000000E+000 
                                      85                  3.6008208225329780E-001                  1.1465918707491087E+000                  3.9570192126473125E+000                 -7.6132558317541061E+000                  4.1637800214519336E+000                  6.7182681810454270E-001                  3.0797482804065923E-001                  2.0198353854798068E-002                  3.2916990540915102E-027                  0.0000000000000000E+000                  0.0000000000000000E+000 
                                      86                  3.6008200853631150E-001                  1.1463673798021377E+000                  3.9625761218266633E+000                 -7.6046742550036965E+000                  4.1809080780844479E+000                  6.7182681810454270E-001                  3.0797482804065923E-001                  2.0198353854798068E-002                  3.3573992275099473E-027                  0.0000000000000000E+000                  0.0000000000000000E+000 
                                      87                  3.6008194233503632E-001                  1.1461694324461844E+000                  3.9675932493240045E+000                 -7.5961703528819227E+000                  4.1973144318611366E+000                  6.7182681810454270E-001                  3.0797482804065923E-001                  2.0198353854798068E-002                  3.4237983314603891E-027                  0.0000000000000000E+000                  0.0000000000000000E+000 
                                      88                  3.6008186949253468E-001                  1.1459555466007532E+000                  3.9715383074782533E+000                 -7.5887737368414667E+000                  4.2110415801886303E+000                  6.7182681810454270E-001                  3.0797482804065923E-001                  2.0198353854798068E-002                  3.4826186567297641E-027                  0.0000000000000000E+000                  0.0000000000000000E+000 
                                      89                  3.6008182212980738E-001                  1.1458186592046269E+000                  3.9758903487695969E+000                 -7.5803152368417885E+000                  4.2266189961662670E+000                  6.7182681810454270E-001                  3.0797482804065923E-001                  2.0198353854798068E-002                  3.5511230931989571E-027                  0.0000000000000000E+000                  0.0000000000000000E+000 
                                      90                  3.6008172858038429E-001                  1.1455531295968548E+000                  3.9795664385212737E+000                 -7.5722824455766737E+000                  4.2407487234341827E+000                  6.7182681810454270E-001                  3.0797482804065923E-001                  2.0198353854798068E-002                  3.6174269379115465E-027                  0.0000000000000000E+000                  0.0000000000000000E+000 
                                      91                  3.6008169019048647E-001                  1.1454460232985653E+000                  3.9822282429952924E+000                 -7.5663652775252057E+000                  4.2511448907801279E+000                  6.7182681810454270E-001                  3.0797482804065923E-001                  2.0198353854798068E-002                  3.6670587251188404E-027                  0.0000000000000000E+000                  0.0000000000000000E+000 
                                      92                  3.6008162882427319E-001                  1.1452769696936362E+000                  3.9854404472898173E+000                 -7.5588213131636195E+000                  4.2641522244628085E+000                  6.7182681810454270E-001                  3.0797482804065923E-001                  2.0198353854798068E-002                  3.7313245217819596E-027                  0.0000000000000000E+000                  0.0000000000000000E+000 
                                      93                  3.6008156216807513E-001                  1.1450962871124457E+000                  3.9890586733518512E+000                 -7.5499086999005280E+000                  4.2792979339724884E+000                  6.7182681810454270E-001                  3.0797482804065923E-001                  2.0198353854798068E-002                  3.8087025643927065E-027                  0.0000000000000000E+000                  0.0000000000000000E+000 
                                      94                  3.6008147509839178E-001                  1.1448647351677088E+000                  3.9931314861556633E+000                 -7.5392441417123175E+000                  4.2970704746315853E+000                  6.7182681810454270E-001                  3.0797482804065923E-001                  2.0198353854798068E-002                  3.9034025206751294E-027                  0.0000000000000000E+000                  0.0000000000000000E+000 
                                      95                  3.6008137520828848E-001                  1.1446050924468485E+000                  3.9970403625739239E+000                 -7.5283363484906625E+000                  4.3148851337915506E+000                  6.7182681810454270E-001                  3.0797482804065923E-001                  2.0198353854798068E-002                  4.0026988310966664E-027                  0.0000000000000000E+000                  0.0000000000000000E+000 
                                      96                  3.6008128032416087E-001                  1.1443641627510581E+000                  4.0000096474633624E+000                 -7.5195815717951158E+000                  4.3289378086113688E+000                  6.7182681810454270E-001                  3.0797482804065923E-001                  2.0198353854798068E-002                  4.0842200999478727E-027                  0.0000000000000000E+000                  0.0000000000000000E+000 
                                      97                  3.6008121618104239E-001                  1.1442043198902925E+000                  4.0026558746814027E+000                 -7.5115951025914924E+000                  4.3416901867853372E+000                  6.7182681810454270E-001                  3.0797482804065923E-001                  2.0198353854798068E-002                  4.1600345781501889E-027                  0.0000000000000000E+000                  0.0000000000000000E+000 
                                      98                  3.6008113170882977E-001                  1.1439973911963759E+000                  4.0057398816305723E+000                 -7.5019137570094534E+000                  4.3569674088547581E+000                  6.7182681810454270E-001                  3.0797482804065923E-001                  2.0198353854798068E-002                  4.2538279295512186E-027                  0.0000000000000000E+000                  0.0000000000000000E+000 
                                      99                  3.6008103264946445E-001                  1.1437597137682525E+000                  4.0093183195169066E+000                 -7.4902324738189350E+000                  4.3751968418367317E+000                  6.7182681810454270E-001                  3.0797482804065923E-001                  2.0198353854798068E-002                  4.3698164517059577E-027                  0.0000000000000000E+000                  0.0000000000000000E+000 
                                     100                  3.6008090459070446E-001                  1.1434600554193930E+000                  4.0121827797838083E+000                 -7.4803090475884728E+000                  4.3903868810154778E+000                  6.7182681810454270E-001                  3.0797482804065923E-001                  2.0198353854798068E-002                  4.4708318536701524E-027                  0.0000000000000000E+000                  0.0000000000000000E+000 
                                     101                  3.6008083652171696E-001                  1.1433041265995343E+000                  4.0143000847093075E+000                 -7.4728771798686981E+000                  4.4017387932602734E+000                  6.7182681810454270E-001                  3.0797482804065923E-001                  2.0198353854798068E-002                  4.5480109475625224E-027                  0.0000000000000000E+000                  0.0000000000000000E+000 
                                     102                  3.6008075369157277E-001                  1.1431173821719478E+000                  4.0171116683182850E+000                 -7.4627819468102210E+000                  4.4170672928121268E+000                  6.7182681810454270E-001                  3.0797482804065923E-001                  2.0198353854798068E-002                  4.6549874486628974E-027                  0.0000000000000000E+000                  0.0000000000000000E+000 
                                     103                  3.6008062676258934E-001                  1.1428373390267441E+000                  4.0197848547827766E+000                 -7.4527214538250277E+000                  4.4321158101076943E+000                  6.7182681810454270E-001                  3.0797482804065923E-001                  2.0198353854798068E-002                  4.7640992625629440E-027                  0.0000000000000000E+000                  0.0000000000000000E+000 
                                     104                  3.6008054098416875E-001                  1.1426521225473376E+000                  4.0218628384726651E+000                 -7.4447612008800590E+000                  4.4439720472863993E+000                  6.7182681810454270E-001                  3.0797482804065923E-001                  2.0198353854798068E-002                  4.8522424072508219E-027                  0.0000000000000000E+000                  0.0000000000000000E+000 
                                     105                  3.6008045420298007E-001                  1.1424679092117940E+000                  4.0243958726579585E+000                 -7.4348948799495282E+000                  4.4586080190370634E+000                  6.7182681810454270E-001                  3.0797482804065923E-001                  2.0198353854798068E-002                  4.9637580722894731E-027                  0.0000000000000000E+000                  0.0000000000000000E+000 
                                     106                  3.6008032173888815E-001                  1.1421926026511771E+000                  4.0273133414255256E+000                 -7.4231252303484085E+000                  4.4758829848061996E+000                  6.7182681810454270E-001                  3.0797482804065923E-001                  2.0198353854798068E-002                  5.1001438492697509E-027                  0.0000000000000000E+000                  0.0000000000000000E+000 
                                     107                  3.6008018641667167E-001                  1.1419183554662478E+000                  4.0301228254732084E+000                 -7.4114667233775675E+000                  4.4928578635266980E+000                  6.7182681810454270E-001                  3.0797482804065923E-001                  2.0198353854798068E-002                  5.2389362125331247E-027                  0.0000000000000000E+000                  0.0000000000000000E+000 
                                     108                  3.6008004871228649E-001                  1.1416461592991571E+000                  4.0320709566108652E+000                 -7.4031068669968096E+000                  4.5049042693724353E+000                  6.7182681810454270E-001                  3.0797482804065923E-001                  2.0198353854798068E-002                  5.3407782572498845E-027                  0.0000000000000000E+000                  0.0000000000000000E+000 
                                     109                  3.6007998658511325E-001                  1.1415255320958562E+000                  4.0334087246591039E+000                 -7.3973536499472647E+000                  4.5131974731383098E+000                  6.7182681810454270E-001                  3.0797482804065923E-001                  2.0198353854798068E-002                  5.4120133613595413E-027                  0.0000000000000000E+000                  0.0000000000000000E+000 
                                     110                  3.6007990803986345E-001                  1.1413748931509837E+000                  4.0357525498130435E+000                 -7.3872125304787151E+000                  4.5278019358366430E+000                  6.7182681810454270E-001                  3.0797482804065923E-001                  2.0198353854798068E-002                  5.5399000512261982E-027                  0.0000000000000000E+000                  0.0000000000000000E+000 
                                     111                  3.6007973258585257E-001                  1.1410456177261801E+000                  4.0386922392593938E+000                 -7.3740071005142847E+000                  4.5465976285188265E+000                  6.7182681810454270E-001                  3.0797482804065923E-001                  2.0198353854798068E-002                  5.7109707078053202E-027                  0.0000000000000000E+000                  0.0000000000000000E+000 
                                     112                  3.6007956935029400E-001                  1.1407478031088913E+000                  4.0408546567651529E+000                 -7.3640250731384338E+000                  4.5606904928379715E+000                  6.7182681810454270E-001                  3.0797482804065923E-001                  2.0198353854798068E-002                  5.8437809878211064E-027                  0.0000000000000000E+000                  0.0000000000000000E+000 
                                     113                  3.6007946957047837E-001                  1.1405696038144992E+000                  4.0427223840545734E+000                 -7.3553611095162950E+000                  4.5729145249096872E+000                  6.7182681810454270E-001                  3.0797482804065923E-001                  2.0198353854798068E-002                  5.9615559476023628E-027                  0.0000000000000000E+000                  0.0000000000000000E+000 
                                     114                  3.6007933458310598E-001                  1.1403329493386756E+000                  4.0450651157979305E+000                 -7.3443116792809606E+000                  4.5884300509805191E+000                  6.7182681810454270E-001                  3.0797482804065923E-001                  2.0198353854798068E-002                  6.1152087213645095E-027                  0.0000000000000000E+000                  0.0000000000000000E+000 
                                     115                  3.6007916258240269E-001                  1.1400384399863186E+000                  4.0469520386623152E+000                 -7.3351528464980493E+000                  4.6011758843274926E+000                  6.7182681810454270E-001                  3.0797482804065923E-001                  2.0198353854798068E-002                  6.2455686719082635E-027                  0.0000000000000000E+000                  0.0000000000000000E+000 
                                     116                  3.6007907476549983E-001                  1.1398909878226715E+000                  4.0481954213135296E+000                 -7.3290999211474572E+000                  4.6095961003275914E+000                  6.7182681810454270E-001                  3.0797482804065923E-001                  2.0198353854798068E-002                  6.3332431228329952E-027                  0.0000000000000000E+000                  0.0000000000000000E+000 
                                     117                  3.6007898694859708E-001                  1.1397454292659233E+000                  4.0502959580868207E+000                 -7.3188769321418663E+000                  4.6238273087529800E+000                  6.7182681810454270E-001                  3.0797482804065923E-001                  2.0198353854798068E-002                  6.4841234536454406E-027                  0.0000000000000000E+000                  0.0000000000000000E+000 
                                     118                  3.6007877047886966E-001                  1.1393943714533161E+000                  4.0531545936599995E+000                 -7.3045491791854058E+000                  4.6435900955363643E+000                  6.7182681810454270E-001                  3.0797482804065923E-001                  2.0198353854798068E-002                  6.7016547341347840E-027                  0.0000000000000000E+000                  0.0000000000000000E+000 
                                     119                  3.6007854892213853E-001                  1.1390458833244628E+000                  4.0554577553505418E+000                 -7.2927285250270026E+000                  4.6597771995370829E+000                  6.7182681810454270E-001                  3.0797482804065923E-001                  2.0198353854798068E-002                  6.8866059596799230E-027                  0.0000000000000000E+000                  0.0000000000000000E+000 
                                     120                  3.6007839775239303E-001                  1.1388140275900003E+000                  4.0572750246814451E+000                 -7.2833366492118898E+000                  4.6726151502921693E+000                  6.7182681810454270E-001                  3.0797482804065923E-001                  2.0198353854798068E-002                  7.0371878635567601E-027                  0.0000000000000000E+000                  0.0000000000000000E+000 
                                     121                  3.6007824392711524E-001                  1.1385827766789662E+000                  4.0590603268276046E+000                 -7.2740061210134908E+000                  4.6853269824337405E+000                  6.7182681810454270E-001                  3.0797482804065923E-001                  2.0198353854798068E-002                  7.1900467948331510E-027                  0.0000000000000000E+000                  0.0000000000000000E+000 
                                     122                  3.6007808740009817E-001                  1.1383520980192052E+000                  4.0608154065077242E+000                 -7.2647354037245000E+000                  4.6979174197978617E+000                  6.7182681810454270E-001                  3.0797482804065923E-001                  2.0198353854798068E-002                  7.3452145618648155E-027                  0.0000000000000000E+000                  0.0000000000000000E+000 
                                     123                  3.6007792812433964E-001                  1.1381219600372459E+000                  4.0634252827072839E+000                 -7.2509397565824409E+000                  4.7166559612459817E+000                  6.7182681810454270E-001                  3.0797482804065923E-001                  2.0198353854798068E-002                  7.5823395405401453E-027                  0.0000000000000000E+000                  0.0000000000000000E+000 
                                     124                  3.6007760113453058E-001                  1.1376631737387004E+000                  4.0659165355112057E+000                 -7.2372703661864604E+000                  4.7350038709972955E+000                  6.7182681810454270E-001                  3.0797482804065923E-001                  2.0198353854798068E-002                  7.8248448274598887E-027                  0.0000000000000000E+000                  0.0000000000000000E+000 
                                     125                  3.6007743332237557E-001                  1.1374344761380546E+000                  4.0675657838198367E+000                 -7.2282226748668048E+000                  4.7471513946478563E+000                  6.7182681810454270E-001                  3.0797482804065923E-001                  2.0198353854798068E-002                  7.9896087799139700E-027                  0.0000000000000000E+000                  0.0000000000000000E+000 
                                     126                  3.6007726256524192E-001                  1.1372062029969776E+000                  4.0691918402174592E+000                 -7.2192268856039483E+000                  4.7591978343199548E+000                  6.7182681810454270E-001                  3.0797482804065923E-001                  2.0198353854798068E-002                  8.1568673908605081E-027                  0.0000000000000000E+000                  0.0000000000000000E+000 
                                     127                  3.6007708881194272E-001                  1.1369783275927394E+000                  4.0716167297153767E+000                 -7.2058235917950855E+000                  4.7771534470437311E+000                  6.7182681810454270E-001                  3.0797482804065923E-001                  2.0198353854798068E-002                  8.4125926989373749E-027                  0.0000000000000000E+000                  0.0000000000000000E+000 
                                     128                  3.6007673210768493E-001                  1.1365236609723741E+000                  4.0739431575824581E+000                 -7.1925407191979627E+000                  4.7947646069854732E+000                  6.7182681810454270E-001                  3.0797482804065923E-001                  2.0198353854798068E-002                  8.6739301876432746E-027                  0.0000000000000000E+000                  0.0000000000000000E+000 
                                     129                  3.6007654904989206E-001                  1.1362968246928524E+000                  4.0754871118476172E+000                 -7.1837389367386768E+000                  4.8064401025822976E+000                  6.7182681810454270E-001                  3.0797482804065923E-001                  2.0198353854798068E-002                  8.8515605308841876E-027                  0.0000000000000000E+000                  0.0000000000000000E+000 
                                     130                  3.6007636278223459E-001                  1.1360702872338202E+000                  4.0770128892674036E+000                 -7.1749825265218163E+000                  4.8180304675311048E+000                  6.7182681810454270E-001                  3.0797482804065923E-001                  2.0198353854798068E-002                  9.0318850798845439E-027                  0.0000000000000000E+000                  0.0000000000000000E+000 
                                     131                  3.6007617324897317E-001                  1.1358440256638258E+000                  4.0785213189770193E+000                 -7.1662703337838964E+000                  4.8295384787198561E+000                  6.7182681810454270E-001                  3.0797482804065923E-001                  2.0198353854798068E-002                  9.2149451754580041E-027                  0.0000000000000000E+000                  0.0000000000000000E+000 
                                     132                  3.6007598039341121E-001                  1.1356180177009776E+000                  4.0807768086971548E+000                 -7.1532738598398682E+000                  4.8467168608112878E+000                  6.7182681810454270E-001                  3.0797482804065923E-001                  2.0198353854798068E-002                  9.4949458457441096E-027                  0.0000000000000000E+000                  0.0000000000000000E+000 
                                     133                  3.6007558448371396E-001                  1.1351666742628364E+000                  4.0829511451466685E+000                 -7.1403909882225776E+000                  4.8635942194396993E+000                  6.7182681810454270E-001                  3.0797482804065923E-001                  2.0198353854798068E-002                  9.7808961093850018E-027                  0.0000000000000000E+000                  0.0000000000000000E+000 
                                     134                  3.6007538131125100E-001                  1.1349412979969746E+000                  4.0843975738672569E+000                 -7.1318446571987391E+000                  4.8747982939166974E+000                  6.7182681810454270E-001                  3.0797482804065923E-001                  2.0198353854798068E-002                  9.9753279214331810E-027                  0.0000000000000000E+000                  0.0000000000000000E+000 
                                     135                  3.6007517457979793E-001                  1.1347160922687902E+000                  4.0858301528941894E+000                 -7.1233370978558854E+000                  4.8859322314642153E+000                  6.7182681810454270E-001                  3.0797482804065923E-001                  2.0198353854798068E-002                  1.0172716851199299E-026                  0.0000000000000000E+000                  0.0000000000000000E+000 
                                     136                  3.6007496422762220E-001                  1.1344910377615667E+000                  4.0872494734421005E+000                 -7.1148672961027399E+000                  4.8969981829041176E+000                  6.7182681810454270E-001                  3.0797482804065923E-001                  2.0198353854798068E-002                  1.0373110058820494E-026                  0.0000000000000000E+000                  0.0000000000000000E+000 
                                     137                  3.6007475019193208E-001                  1.1342661156940219E+000                  4.0893761777694966E+000                 -7.1022191514323545E+000                  4.9135367184839858E+000                  6.7182681810454270E-001                  3.0797482804065923E-001                  2.0198353854798068E-002                  1.0679735515330942E-026                  0.0000000000000000E+000                  0.0000000000000000E+000 
                                     138                  3.6007431081343988E-001                  1.1338165966969906E+000                  4.0921421314009967E+000                 -7.0854959991730526E+000                  4.9352844183877771E+000                  6.7182681810454270E-001                  3.0797482804065923E-001                  2.0198353854798068E-002                  1.1099110551403249E-026                  0.0000000000000000E+000                  0.0000000000000000E+000 
                                     139                  3.6007385592012031E-001                  1.1333673925596290E+000                  4.0941675556646011E+000                 -7.0730564298850611E+000                  4.9513773419511313E+000                  6.7182681810454270E-001                  3.0797482804065923E-001                  2.0198353854798068E-002                  1.1421711098873074E-026                  0.0000000000000000E+000                  0.0000000000000000E+000 
                                     140                  3.6007362248664865E-001                  1.1331428656102849E+000                  4.0955181912272716E+000                 -7.0647937907137068E+000                  4.9620760512071449E+000                  6.7182681810454270E-001                  3.0797482804065923E-001                  2.0198353854798068E-002                  1.1641156071948897E-026                  0.0000000000000000E+000                  0.0000000000000000E+000 
                                     141                  3.6007338496964925E-001                  1.1329183684035296E+000                  4.0975454013632717E+000                 -7.0524442026532155E+000                  4.9780818492974230E+000                  6.7182681810454270E-001                  3.0797482804065923E-001                  2.0198353854798068E-002                  1.1977031203683843E-026                  0.0000000000000000E+000                  0.0000000000000000E+000 
                                     142                  3.6007289740096166E-001                  1.1324694033628406E+000                  4.1001902234580196E+000                 -7.0361052578323999E+000                  4.9991576082207549E+000                  6.7182681810454270E-001                  3.0797482804065923E-001                  2.0198353854798068E-002                  1.2436346330486290E-026                  0.0000000000000000E+000                  0.0000000000000000E+000 
                                     143                  3.6007239263361157E-001                  1.1320203726748976E+000                  4.1021383901510076E+000                 -7.0239086450492936E+000                  5.0148189144033362E+000                  6.7182681810454270E-001                  3.0797482804065923E-001                  2.0198353854798068E-002                  1.2790660546665730E-026                  0.0000000000000000E+000                  0.0000000000000000E+000 
                                     144                  3.6007213135036181E-001                  1.1317938492159976E+000                  4.1034352915946899E+000                 -7.0158249410382014E+000                  5.0252086742434212E+000                  6.7182681810454270E-001                  3.0797482804065923E-001                  2.0198353854798068E-002                  1.3031039445391973E-026                  0.0000000000000000E+000                  0.0000000000000000E+000 
                                     145                  3.6007187006711211E-001                  1.1315711578885279E+000                  4.1053794299365505E+000                 -7.0037683229037873E+000                  5.0407222041791897E+000                  6.7182681810454270E-001                  3.0797482804065923E-001                  2.0198353854798068E-002                  1.3397978349651756E-026                  0.0000000000000000E+000                  0.0000000000000000E+000 
                                     146                  3.6007132908025236E-001                  1.1311216575849892E+000                  4.1079296497716644E+000                 -6.9877617457737271E+000                  5.0612319493208195E+000                  6.7182681810454270E-001                  3.0797482804065923E-001                  2.0198353854798068E-002                  1.3901148980871636E-026                  0.0000000000000000E+000                  0.0000000000000000E+000 
                                     147                  3.6007076903039148E-001                  1.1306717612202501E+000                  4.1098127284822201E+000                 -6.9758064600119543E+000                  5.0764893109542664E+000                  6.7182681810454270E-001                  3.0797482804065923E-001                  2.0198353854798068E-002                  1.4289257538203637E-026                  0.0000000000000000E+000                  0.0000000000000000E+000 
                                     148                  3.6007047914156087E-001                  1.1304446819025129E+000                  4.1117160431023674E+000                 -6.9638698223555240E+000                  5.0917702898312847E+000                  6.7182681810454270E-001                  3.0797482804065923E-001                  2.0198353854798068E-002                  1.4687572602141276E-026                  0.0000000000000000E+000                  0.0000000000000000E+000 
                                     149                  3.6006988915614352E-001                  1.1299940029828826E+000                  4.1142032692185175E+000                 -6.9481066970258309E+000                  5.1118738806173205E+000                  6.7182681810454270E-001                  3.0797482804065923E-001                  2.0198353854798068E-002                  1.5230639879747067E-026                  0.0000000000000000E+000                  0.0000000000000000E+000 
                                     150                  3.6006927839951236E-001                  1.1295426835540436E+000                  4.1166687744946859E+000                 -6.9324331328946345E+000                  5.1318298672318257E+000                  6.7182681810454270E-001                  3.0797482804065923E-001                  2.0198353854798068E-002                  1.5790532414050520E-026                  0.0000000000000000E+000                  0.0000000000000000E+000 
                                     151                  3.6006864614801637E-001                  1.1290906328030228E+000                  4.1191143162666854E+000                 -6.9168451416698096E+000                  5.1516457865840168E+000                  6.7182681810454270E-001                  3.0797482804065923E-001                  2.0198353854798068E-002                  1.6367784098140709E-026                  0.0000000000000000E+000                  0.0000000000000000E+000 
                                     152                  3.6006799165309294E-001                  1.1286377633786064E+000                  4.1215415365193673E+000                 -6.9013389768488826E+000                  5.1713287156094676E+000                  6.7182681810454270E-001                  3.0797482804065923E-001                  2.0198353854798068E-002                  1.6962944468117111E-026                  0.0000000000000000E+000                  0.0000000000000000E+000 
                                     153                  3.6006731414042253E-001                  1.1281839911255997E+000                  4.1239519724016871E+000                 -6.8859112170078278E+000                  5.1908853068516425E+000                  6.7182681810454270E-001                  3.0797482804065923E-001                  2.0198353854798068E-002                  1.7576575092018560E-026                  0.0000000000000000E+000                  0.0000000000000000E+000 
                                     154                  3.6006661280905511E-001                  1.1277292347352346E+000                  4.1257286840547174E+000                 -6.8744432337765371E+000                  5.2053762487756439E+000                  6.7182681810454270E-001                  3.0797482804065923E-001                  2.0198353854798068E-002                  1.8047049230480789E-026                  0.0000000000000000E+000                  0.0000000000000000E+000 
                                     155                  3.6006625608688619E-001                  1.1275034270886608E+000                  4.1275287546865842E+000                 -6.8629748207601500E+000                  5.2199135835041792E+000                  6.7182681810454270E-001                  3.0797482804065923E-001                  2.0198353854798068E-002                  1.8530137183742552E-026                  0.0000000000000000E+000                  0.0000000000000000E+000 
                                     156                  3.6006551757412875E-001                  1.1270470526930931E+000                  4.1299034065743347E+000                 -6.8477290066330161E+000                  5.2391814287567211E+000                  6.7182681810454270E-001                  3.0797482804065923E-001                  2.0198353854798068E-002                  1.9192425925184223E-026                  0.0000000000000000E+000                  0.0000000000000000E+000 
                                     157                  3.6006475312153285E-001                  1.1265895023338544E+000                  4.1322659548532759E+000                 -6.8325509203062582E+000                  5.2583432944058055E+000                  6.7182681810454270E-001                  3.0797482804065923E-001                  2.0198353854798068E-002                  1.9875289106561548E-026                  0.0000000000000000E+000                  0.0000000000000000E+000 
                                     158                  3.6006396182776074E-001                  1.1261307032676195E+000                  4.1346175745863958E+000                 -6.8174377711015355E+000                  5.2774042829766241E+000                  6.7182681810454270E-001                  3.0797482804065923E-001                  2.0198353854798068E-002                  2.0579374538610707E-026                  0.0000000000000000E+000                  0.0000000000000000E+000 
                                     159                  3.6006314276054385E-001                  1.1256705849244584E+000                  4.1363650146279305E+000                 -6.8061325227212119E+000                  5.2916242044747444E+000                  6.7182681810454270E-001                  3.0797482804065923E-001                  2.0198353854798068E-002                  2.1122321455777857E-026                  0.0000000000000000E+000                  0.0000000000000000E+000 
                                     160                  3.6006271885809038E-001                  1.1254380169819016E+000                  4.1375333343023595E+000                 -6.7986219876631901E+000                  5.3010829563471020E+000                  6.7182681810454270E-001                  3.0797482804065923E-001                  2.0198353854798068E-002                  2.1490920724039160E-026                  0.0000000000000000E+000                  0.0000000000000000E+000 
                                     161                  3.6006229495563702E-001                  1.1252090717585379E+000                  4.1392919931709313E+000                 -6.7873944236426205E+000                  5.3152427905018858E+000                  6.7182681810454270E-001                  3.0797482804065923E-001                  2.0198353854798068E-002                  2.2053974925489432E-026                  0.0000000000000000E+000                  0.0000000000000000E+000 
                                     162                  3.6006141741573866E-001                  1.1247461125990632E+000                  4.1416172971766931E+000                 -6.7724605275894723E+000                  5.3340290538754740E+000                  6.7182681810454270E-001                  3.0797482804065923E-001                  2.0198353854798068E-002                  2.2825829305207557E-026                  0.0000000000000000E+000                  0.0000000000000000E+000 
                                     163                  3.6006050910937448E-001                  1.1242816343026349E+000                  4.1439358207916550E+000                 -6.7575818418954370E+000                  5.3527322357682419E+000                  6.7182681810454270E-001                  3.0797482804065923E-001                  2.0198353854798068E-002                  2.3621698474638057E-026                  0.0000000000000000E+000                  0.0000000000000000E+000 
                                     164                  3.6005956896974489E-001                  1.1238155735308524E+000                  4.1456615153157088E+000                 -6.7464477501176816E+000                  5.3666952595181554E+000                  6.7182681810454270E-001                  3.0797482804065923E-001                  2.0198353854798068E-002                  2.4235370997199537E-026                  0.0000000000000000E+000                  0.0000000000000000E+000 
                                     165                  3.6005908243163909E-001                  1.1235799136363176E+000                  4.1468162311918695E+000                 -6.7390478995281091E+000                  5.3759876026593671E+000                  6.7182681810454270E-001                  3.0797482804065923E-001                  2.0198353854798068E-002                  2.4652020375740203E-026                  0.0000000000000000E+000                  0.0000000000000000E+000 
                                     166                  3.6005859589353323E-001                  1.1233478605230534E+000                  4.1485557688565118E+000                 -6.7279814312471204E+000                  5.3899048062742816E+000                  6.7182681810454270E-001                  3.0797482804065923E-001                  2.0198353854798068E-002                  2.5288525816343507E-026                  0.0000000000000000E+000                  0.0000000000000000E+000 
                                     167                  3.6005758873967625E-001                  1.1228784509507321E+000                  4.1508593269113874E+000                 -6.7132572094315277E+000                  5.4083812405682323E+000                  6.7182681810454270E-001                  3.0797482804065923E-001                  2.0198353854798068E-002                  2.6160970282233509E-026                  0.0000000000000000E+000                  0.0000000000000000E+000 
                                     168                  3.6005654632809225E-001                  1.1224072762064996E+000                  4.1531595740391820E+000                 -6.6985808627264003E+000                  5.4267889746790861E+000                  6.7182681810454270E-001                  3.0797482804065923E-001                  2.0198353854798068E-002                  2.7060535728006779E-026                  0.0000000000000000E+000                  0.0000000000000000E+000 
                                     169                  3.6005546743836864E-001                  1.1219342777291370E+000                  4.1554572983292912E+000                 -6.6839506456572959E+000                  5.4451311680845800E+000                  6.7182681810454270E-001                  3.0797482804065923E-001                  2.0198353854798068E-002                  2.7988065934906136E-026                  0.0000000000000000E+000                  0.0000000000000000E+000 
                                     170                  3.6005435080840553E-001                  1.1214593980759286E+000                  4.1577532620148556E+000                 -6.6693648525792604E+000                  5.4634108270712094E+000                  6.7182681810454270E-001                  3.0797482804065923E-001                  2.0198353854798068E-002                  2.8944433166222816E-026                  0.0000000000000000E+000                  0.0000000000000000E+000 
                                     171                  3.6005319513301587E-001                  1.1209825808899292E+000                  4.1600482039401099E+000                 -6.6548218190500092E+000                  5.4816308139245447E+000                  6.7182681810454270E-001                  3.0797482804065923E-001                  2.0198353854798068E-002                  2.9930539015002661E-026                  0.0000000000000000E+000                  0.0000000000000000E+000 
                                     172                  3.6005199906247920E-001                  1.1205037708664847E+000                  4.1623428417200072E+000                 -6.6403200218158140E+000                  5.4997938554462289E+000                  6.7182681810454270E-001                  3.0797482804065923E-001                  2.0198353854798068E-002                  3.0947308227361852E-026                  0.0000000000000000E+000                  0.0000000000000000E+000 
                                     173                  3.6005076120104762E-001                  1.1200229136094970E+000                  4.1646378734789575E+000                 -6.6258583317652722E+000                  5.5179025508750570E+000                  6.7182681810454270E-001                  3.0797482804065923E-001                  2.0198353854798068E-002                  3.1995669825794299E-026                  0.0000000000000000E+000                  0.0000000000000000E+000 
                                     174                  3.6004948010540344E-001                  1.1195399552036858E+000                  4.1669339795609472E+000                 -6.6114356940776569E+000                  5.5359593793099764E+000                  6.7182681810454270E-001                  3.0797482804065923E-001                  2.0198353854798068E-002                  3.3076578010132710E-026                  0.0000000000000000E+000                  0.0000000000000000E+000 
                                     175                  3.6004815428306486E-001                  1.1190548421349125E+000                  4.1692318244794606E+000                 -6.5970510387101129E+000                  5.5539667066225817E+000                  6.7182681810454270E-001                  3.0797482804065923E-001                  2.0198353854798068E-002                  3.4191019454058113E-026                  0.0000000000000000E+000                  0.0000000000000000E+000 
                                     176                  3.6004678219074082E-001                  1.1185675213099007E+000                  4.1715320587835940E+000                 -6.5827032833281445E+000                  5.5719267918856525E+000                  6.7182681810454270E-001                  3.0797482804065923E-001                  2.0198353854798068E-002                  3.5340014460595390E-026                  0.0000000000000000E+000                  0.0000000000000000E+000 
                                     177                  3.6004536223263078E-001                  1.1180779400739449E+000                  4.1738353207864769E+000                 -6.5683913348422109E+000                  5.5898417933578424E+000                  6.7182681810454270E-001                  3.0797482804065923E-001                  2.0198353854798068E-002                  3.6524618256285938E-026                  0.0000000000000000E+000                  0.0000000000000000E+000 
                                     178                  3.6004389275866910E-001                  1.1175860462281262E+000                  4.1761422381828517E+000                 -6.5541140917424574E+000                  5.6077137740602181E+000                  6.7182681810454270E-001                  3.0797482804065923E-001                  2.0198353854798068E-002                  3.7745922259301052E-026                  0.0000000000000000E+000                  0.0000000000000000E+000 
                                     179                  3.6004237206271200E-001                  1.1170917880451012E+000                  4.1784534295522953E+000                 -6.5398704463758497E+000                  5.6255447069774309E+000                  6.7182681810454270E-001                  3.0797482804065923E-001                  2.0198353854798068E-002                  3.9005055382927683E-026                  0.0000000000000000E+000                  0.0000000000000000E+000 
                                     180                  3.6004079838066538E-001                  1.1165951142834634E+000                  4.1807695057672305E+000                 -6.5256592894286216E+000                  5.6433364799130983E+000                  6.7182681810454270E-001                  3.0797482804065923E-001                  2.0198353854798068E-002                  4.0303185164724525E-026                  0.0000000000000000E+000                  0.0000000000000000E+000 
                                     181                  3.6003916988855145E-001                  1.1160959741980949E+000                  4.1830910709674338E+000                 -6.5114797457307168E+000                  5.6610909000233436E+000                  6.7182681810454270E-001                  3.0797482804065923E-001                  2.0198353854798068E-002                  4.1641496692882873E-026                  0.0000000000000000E+000                  0.0000000000000000E+000 
                                     182                  3.6003748470051244E-001                  1.1155943172788529E+000                  4.1854187230364719E+000                 -6.4973312891981285E+000                  5.6788096980889993E+000                  6.7182681810454270E-001                  3.0797482804065923E-001                  2.0198353854798068E-002                  4.3021179082034705E-026                  0.0000000000000000E+000                  0.0000000000000000E+000 
                                     183                  3.6003574086675144E-001                  1.1150900928490950E+000                  4.1877530545153911E+000                 -6.4832133855044685E+000                  5.6964945325720002E+000                  6.7182681810454270E-001                  3.0797482804065923E-001                  2.0198353854798068E-002                  4.4443457768906381E-026                  0.0000000000000000E+000                  0.0000000000000000E+000 
                                     184                  3.6003393637140635E-001                  1.1145832500707036E+000                  4.1900946540726558E+000                 -6.4691254603600497E+000                  5.7141469934173124E+000                  6.7182681810454270E-001                  3.0797482804065923E-001                  2.0198353854798068E-002                  4.5909599141370676E-026                  0.0000000000000000E+000                  0.0000000000000000E+000 
                                     185                  3.6003206913035490E-001                  1.1140737379867731E+000                  4.1924441079474084E+000                 -6.4550669019944884E+000                  5.7317686056156463E+000                  6.7182681810454270E-001                  3.0797482804065923E-001                  2.0198353854798068E-002                  4.7420912146322545E-026                  0.0000000000000000E+000                  0.0000000000000000E+000 
                                     186                  3.6003013698894820E-001                  1.1135615055629446E+000                  4.1948020012966873E+000                 -6.4410370605199239E+000                  5.7493608325441681E+000                  6.7182681810454270E-001                  3.0797482804065923E-001                  2.0198353854798068E-002                  4.8978750302269606E-026                  0.0000000000000000E+000                  0.0000000000000000E+000 
                                     187                  3.6002813771967052E-001                  1.1130465017310156E+000                  4.1971689194915642E+000                 -6.4270352484260762E+000                  5.7669250791008171E+000                  6.7182681810454270E-001                  3.0797482804065923E-001                  2.0198353854798068E-002                  5.0584513702318141E-026                  0.0000000000000000E+000                  0.0000000000000000E+000 
                                     188                  3.6002606901972389E-001                  1.1125286754336234E+000                  4.1995454493359858E+000                 -6.4130607429448032E+000                  5.7844626946464928E+000                  6.7182681810454270E-001                  3.0797482804065923E-001                  2.0198353854798068E-002                  5.2239650896228402E-026                  0.0000000000000000E+000                  0.0000000000000000E+000 
                                     189                  3.6002392850853360E-001                  1.1120079756678050E+000                  4.2019321799989866E+000                 -6.3991128465734599E+000                  5.8019749757685926E+000                  6.7182681810454270E-001                  3.0797482804065923E-001                  2.0198353854798068E-002                  5.3945653609321228E-026                  0.0000000000000000E+000                  0.0000000000000000E+000 
                                     190                  3.6002171372517333E-001                  1.1114843514571502E+000                  4.2043297022006652E+000                 -6.3851912638066830E+000                  5.8194631688892500E+000                  6.7182681810454270E-001                  3.0797482804065923E-001                  2.0198353854798068E-002                  5.5704009530866345E-026                  0.0000000000000000E+000                  0.0000000000000000E+000 
                                     191                  3.6001942212570703E-001                  1.1109577513657609E+000                  4.2067386071721273E+000                 -6.3712958423956749E+000                  5.8369284728013673E+000                  6.7182681810454270E-001                  3.0797482804065923E-001                  2.0198353854798068E-002                  5.7516229890665862E-026                  0.0000000000000000E+000                  0.0000000000000000E+000 
                                     192                  3.6001705108044424E-001                  1.1104281233128701E+000                  4.2091594877358398E+000                 -6.3574263766557353E+000                  5.8543720410907030E+000                  6.7182681810454270E-001                  3.0797482804065923E-001                  2.0198353854798068E-002                  5.9383874522749534E-026                  0.0000000000000000E+000                  0.0000000000000000E+000 
                                     193                  3.6001459787110807E-001                  1.1098954146232716E+000                  4.2115929401528138E+000                 -6.3435826053327196E+000                  5.8717949844077744E+000                  6.7182681810454270E-001                  3.0797482804065923E-001                  2.0198353854798068E-002                  6.1308554436254567E-026                  0.0000000000000000E+000                  0.0000000000000000E+000 
                                     194                  3.6001205968791267E-001                  1.1093595720826299E+000                  4.2140395658485144E+000                 -6.3297642128520666E+000                  5.8891983725892487E+000                  6.7182681810454270E-001                  3.0797482804065923E-001                  2.0198353854798068E-002                  6.3291934088087379E-026                  0.0000000000000000E+000                  0.0000000000000000E+000 
                                     195                  3.6000943362655052E-001                  1.1088205419938586E+000                  4.2164999730724775E+000                 -6.3159708299090118E+000                  5.9065832366439475E+000                  6.7182681810454270E-001                  3.0797482804065923E-001                  2.0198353854798068E-002                  6.5335733868550601E-026                  0.0000000000000000E+000                  0.0000000000000000E+000 
                                     196                  3.6000671668508399E-001                  1.1082782702348934E+000                  4.2189747784451068E+000                 -6.3022020306330777E+000                  5.9239505706226270E+000                  6.7182681810454270E-001                  3.0797482804065923E-001                  2.0198353854798068E-002                  6.7441733257383135E-026                  0.0000000000000000E+000                  0.0000000000000000E+000 
                                     197                  3.6000390576073665E-001                  1.1077327023221610E+000                  4.2214646082295575E+000                 -6.2884573556074814E+000                  5.9413013333799460E+000                  6.7182681810454270E-001                  3.0797482804065923E-001                  2.0198353854798068E-002                  6.9611770081029145E-026                  0.0000000000000000E+000                  0.0000000000000000E+000 
                                     198                  3.6000099764658211E-001                  1.1071837834471956E+000                  4.2239700958304285E+000                 -6.2747366634400104E+000                  5.9586364502394620E+000                  6.7182681810454270E-001                  3.0797482804065923E-001                  2.0198353854798068E-002                  7.1847684845738652E-026                  0.0000000000000000E+000                  0.0000000000000000E+000 
                                     199                  3.5999798902812796E-001                  1.1066314580667664E+000                  4.2264918770027533E+000                 -6.2610400493821672E+000                  5.9759568146376107E+000                  6.7182681810454270E-001                  3.0797482804065923E-001                  2.0198353854798068E-002                  7.4151327979372029E-026                  0.0000000000000000E+000                  0.0000000000000000E+000 
                                     200                  3.5999487647978873E-001                  1.1060756695830352E+000                  4.2290305894090521E+000                 -6.2473675497315337E+000                  5.9932632897350349E+000                  6.7182681810454270E-001                  3.0797482804065923E-001                  2.0198353854798068E-002                  7.6524606812467948E-026                  0.0000000000000000E+000                  0.0000000000000000E+000 
                                     201                  3.5999165646124753E-001                  1.1055163603938694E+000                  4.2315868753465082E+000                 -6.2337191359710369E+000                  6.0105567099404933E+000                  6.7182681810454270E-001                  3.0797482804065923E-001                  2.0198353854798068E-002                  7.8969489280904148E-026                  0.0000000000000000E+000                  0.0000000000000000E+000 
                                     202                  3.5998832531370145E-001                  1.1049534719525431E+000                  4.2341613843818626E+000                 -6.2200947147138885E+000                  6.0278378823508918E+000                  6.7182681810454270E-001                  3.0797482804065923E-001                  2.0198353854798068E-002                  8.1488006906348738E-026                  0.0000000000000000E+000                  0.0000000000000000E+000 
                                     203                  3.5998487925598627E-001                  1.1043869448297472E+000                  4.2367547758186967E+000                 -6.2064941251574783E+000                  6.0451075881118639E+000                  6.7182681810454270E-001                  3.0797482804065923E-001                  2.0198353854798068E-002                  8.4082258450269674E-026                  0.0000000000000000E+000                  0.0000000000000000E+000 
                                     204                  3.5998131438057884E-001                  1.1038167187813155E+000                  4.2393677210727070E+000                 -6.1929171386545825E+000                  6.0623665836963081E+000                  6.7182681810454270E-001                  3.0797482804065923E-001                  2.0198353854798068E-002                  8.6754413439236950E-026                  0.0000000000000000E+000                  0.0000000000000000E+000 
                                     205                  3.5997762664947369E-001                  1.1032427328194947E+000                  4.2420009047778739E+000                 -6.1793635068946218E+000                  6.0796156020908247E+000                  6.7182681810454270E-001                  3.0797482804065923E-001                  2.0198353854798068E-002                  8.9506705900030169E-026                  0.0000000000000000E+000                  0.0000000000000000E+000 
                                     206                  3.5997381188993577E-001                  1.1026649252237950E+000                  4.2446550167785304E+000                 -6.1658333183098000E+000                  6.0968553539052355E+000                  6.7182681810454270E-001                  3.0797482804065923E-001                  2.0198353854798068E-002                  9.2341360852378431E-026                  0.0000000000000000E+000                  0.0000000000000000E+000 
                                     207                  3.5996986579012175E-001                  1.1020832330744197E+000                  4.2473307411305452E+000                 -6.1523267892759366E+000                  6.1140865284978263E+000                  6.7182681810454270E-001                  3.0797482804065923E-001                  2.0198353854798068E-002                  9.5260630590635297E-026                  0.0000000000000000E+000                  0.0000000000000000E+000 
                                     208                  3.5996578389456302E-001                  1.1014975920502348E+000                  4.2500287550861957E+000                 -6.1388440567638467E+000                  6.1313097950810249E+000                  6.7182681810454270E-001                  3.0797482804065923E-001                  2.0198353854798068E-002                  9.8266838358137861E-026                  0.0000000000000000E+000                  0.0000000000000000E+000 
                                     209                  3.5996156159950798E-001                  1.1009079365011547E+000                  4.2527497328297450E+000                 -6.1253851795823007E+000                  6.1485258037669421E+000                  6.7182681810454270E-001                  3.0797482804065923E-001                  2.0198353854798068E-002                  1.0136238179658075E-025                  0.0000000000000000E+000                  0.0000000000000000E+000 
                                     210                  3.5995719414811689E-001                  1.1003141995216275E+000                  4.2554943489230643E+000                 -6.1119501374827001E+000                  6.1657351865559455E+000                  6.7182681810454270E-001                  3.0797482804065923E-001                  2.0198353854798068E-002                  1.0454973710983101E-025                  0.0000000000000000E+000                  0.0000000000000000E+000 
                                     211                  3.5995267662550617E-001                  1.0997163130283336E+000                  4.2582632816282606E+000                 -6.0985388317978044E+000                  6.1829385582706609E+000                  6.7182681810454270E-001                  3.0797482804065923E-001                  2.0198353854798068E-002                  1.0783146315265813E-025                  0.0000000000000000E+000                  0.0000000000000000E+000 
                                     212                  3.5994800395363757E-001                  1.0991142078401319E+000                  4.2610572157756605E+000                 -6.0851510921529917E+000                  6.2001365174383283E+000                  6.7182681810454270E-001                  3.0797482804065923E-001                  2.0198353854798068E-002                  1.1121020421788204E-025                  0.0000000000000000E+000                  0.0000000000000000E+000 
                                     213                  3.5994317088604655E-001                  1.0985078137519384E+000                  4.2638768350626144E+000                 -6.0717868939859079E+000                  6.2173296471251076E+000                  6.7182681810454270E-001                  3.0797482804065923E-001                  2.0198353854798068E-002                  1.1468863708136696E-025                  0.0000000000000000E+000                  0.0000000000000000E+000 
                                     214                  3.5993817200240552E-001                  1.0978970593051425E+000                  4.2667228003398865E+000                 -6.0584464376173210E+000                  6.2345185157708611E+000                  6.7182681810454270E-001                  3.0797482804065923E-001                  2.0198353854798068E-002                  1.1826944530215770E-025                  0.0000000000000000E+000                  0.0000000000000000E+000 
                                     215                  3.5993300170291703E-001                  1.0972818714367405E+000                  4.2695957372601017E+000                 -6.0451298394526924E+000                  6.2517036780323565E+000                  6.7182681810454270E-001                  3.0797482804065923E-001                  2.0198353854798068E-002                  1.2195539802593350E-025                  0.0000000000000000E+000                  0.0000000000000000E+000 
                                     216                  3.5992765420253880E-001                  1.0966621755565893E+000                  4.2724962384763687E+000                 -6.0318371126350421E+000                  6.2688856755541593E+000                  6.7182681810454270E-001                  3.0797482804065923E-001                  2.0198353854798068E-002                  1.2574936030056012E-025                  0.0000000000000000E+000                  0.0000000000000000E+000 
                                     217                  3.5992212352503949E-001                  1.0960378956570367E+000                  4.2754248666340668E+000                 -6.0185681691853317E+000                  6.2860650376731453E+000                  6.7182681810454270E-001                  3.0797482804065923E-001                  2.0198353854798068E-002                  1.2965429833997397E-025                  0.0000000000000000E+000                  0.0000000000000000E+000 
                                     218                  3.5991640349687237E-001                  1.0954089544244443E+000                  4.2783821572156828E+000                 -6.0053228216726460E+000                  6.3032422820744918E+000                  6.7182681810454270E-001                  3.0797482804065923E-001                  2.0198353854798068E-002                  1.3367328523385519E-025                  0.0000000000000000E+000                  0.0000000000000000E+000 
                                     219                  3.5991048774086232E-001                  1.0947752733532030E+000                  4.2813686206836605E+000                 -5.9921007918628941E+000                  6.3204179154045219E+000                  6.7182681810454270E-001                  3.0797482804065923E-001                  2.0198353854798068E-002                  1.3780950478215296E-025                  0.0000000000000000E+000                  0.0000000000000000E+000 
                                     220                  3.5990436966969752E-001                  1.0941367728520841E+000                  4.2843847302374352E+000                 -5.9789018946522905E+000                  6.3375924338439011E+000                  6.7182681810454270E-001                  3.0797482804065923E-001                  2.0198353854798068E-002                  1.4206619788235203E-025                  0.0000000000000000E+000                  0.0000000000000000E+000 
                                     221                  3.5989804247922208E-001                  1.0934933720823443E+000                  4.2874308925724742E+000                 -5.9657260500679845E+000                  6.3547663236850349E+000                  6.7182681810454270E-001                  3.0797482804065923E-001                  2.0198353854798068E-002                  1.4644665625022966E-025                  0.0000000000000000E+000                  0.0000000000000000E+000 
                                     222                  3.5989149914152313E-001                  1.0928449887711245E+000                  4.2905074298496828E+000                 -5.9525730554693990E+000                  6.3719400619180329E+000                  6.7182681810454270E-001                  3.0797482804065923E-001                  2.0198353854798068E-002                  1.5095429849016645E-025                  0.0000000000000000E+000                  0.0000000000000000E+000 
                                     223                  3.5988473239780477E-001                  1.0921915393604948E+000                  4.2936145772535648E+000                 -5.9394425732512470E+000                  6.3891141167732748E+000                  6.7182681810454270E-001                  3.0797482804065923E-001                  2.0198353854798068E-002                  1.5559268308584842E-025                  0.0000000000000000E+000                  0.0000000000000000E+000 
                                     224                  3.5987773475104473E-001                  1.0915329391820183E+000                  4.2967524814862790E+000                 -5.9263341325661845E+000                  6.4062889482180587E+000                  6.7182681810454270E-001                  3.0797482804065923E-001                  2.0198353854798068E-002                  1.6036551763707004E-025                  0.0000000000000000E+000                  0.0000000000000000E+000 
                                     225                  3.5987049845842550E-001                  1.0908691026367876E+000                  4.2999211994462181E+000                 -5.9132471300716398E+000                  6.4234650083959544E+000                  6.7182681810454270E-001                  3.0797482804065923E-001                  2.0198353854798068E-002                  1.6527666906444706E-025                  0.0000000000000000E+000                  0.0000000000000000E+000 
                                     226                  3.5986301552354583E-001                  1.0901999433836660E+000                  4.3031206960249655E+000                 -5.9001808661618416E+000                  6.4406427419933534E+000                  6.7182681810454270E-001                  3.0797482804065923E-001                  2.0198353854798068E-002                  1.7033016057938023E-025                  0.0000000000000000E+000                  0.0000000000000000E+000 
                                     227                  3.5985527768841030E-001                  1.0895253744813576E+000                  4.3063508352885966E+000                 -5.8871346788499839E+000                  6.4578225865519290E+000                  6.7182681810454270E-001                  3.0797482804065923E-001                  2.0198353854798068E-002                  1.7553012732998859E-025                  0.0000000000000000E+000                  0.0000000000000000E+000 
                                     228                  3.5984727642518277E-001                  1.0888453083274934E+000                  4.3096113662722129E+000                 -5.8741078415898205E+000                  6.4750049727769756E+000                  6.7182681810454270E-001                  3.0797482804065923E-001                  2.0198353854798068E-002                  1.8088086121319984E-025                  0.0000000000000000E+000                  0.0000000000000000E+000 
                                     229                  3.5983900292769239E-001                  1.0881596567570060E+000                  4.3129019102698232E+000                 -5.8610995098869543E+000                  6.4921903248204966E+000                  6.7182681810454270E-001                  3.0797482804065923E-001                  2.0198353854798068E-002                  1.8638684248496620E-025                  0.0000000000000000E+000                  0.0000000000000000E+000 
                                     230                  3.5983044810268722E-001                  1.0874683312306594E+000                  4.3162219501463595E+000                 -5.8481087082399537E+000                  6.5093790605264665E+000                  6.7182681810454270E-001                  3.0797482804065923E-001                  2.0198353854798068E-002                  1.9205275823602472E-025                  0.0000000000000000E+000                  0.0000000000000000E+000 
                                     231                  3.5982160256082635E-001                  1.0867712430537055E+000                  4.3195708208096661E+000                 -5.8351343195259391E+000                  6.5265715916356326E+000                  6.7182681810454270E-001                  3.0797482804065923E-001                  2.0198353854798068E-002                  1.9788352167712498E-025                  0.0000000000000000E+000                  0.0000000000000000E+000 
                                     232                  3.5981245660740419E-001                  1.0860683036223571E+000                  4.3229477079512373E+000                 -5.8221750785080477E+000                  6.5437683239476483E+000                  6.7182681810454270E-001                  3.0797482804065923E-001                  2.0198353854798068E-002                  2.0388429137226625E-025                  0.0000000000000000E+000                  0.0000000000000000E+000 
                                     233                  3.5980300023279810E-001                  1.0853594246927436E+000                  4.3263516860141653E+000                 -5.8092296056161317E+000                  6.5609696574389433E+000                  6.7182681810454270E-001                  3.0797482804065923E-001                  2.0198353854798068E-002                  2.1006047265896173E-025                  0.0000000000000000E+000                  0.0000000000000000E+000 
                                     234                  3.5979322310263234E-001                  1.0846445186070768E+000                  4.3297817596694719E+000                 -5.7962965320385793E+000                  6.5781759863374045E+000                  6.7182681810454270E-001                  3.0797482804065923E-001                  2.0198353854798068E-002                  2.1641767179119079E-025                  0.0000000000000000E+000                  0.0000000000000000E+000 
                                     235                  3.5978311454765843E-001                  1.0839234983231079E+000                  4.3332368602408691E+000                 -5.7833745149401921E+000                  6.5953876991638314E+000                  6.7182681810454270E-001                  3.0797482804065923E-001                  2.0198353854798068E-002                  2.2296169634668330E-025                  0.0000000000000000E+000                  0.0000000000000000E+000 
                                     236                  3.5977266355336374E-001                  1.0831962774213084E+000                  4.3367158275262225E+000                 -5.7704622069988218E+000                  6.6126051787476596E+000                  6.7182681810454270E-001                  3.0797482804065923E-001                  2.0198353854798068E-002                  2.2969857876285711E-025                  0.0000000000000000E+000                  0.0000000000000000E+000 
                                     237                  3.5976185874928412E-001                  1.0824627701642273E+000                  4.3402173928452310E+000                 -5.7575582278179605E+000                  6.6298288022315504E+000                  6.7182681810454270E-001                  3.0797482804065923E-001                  2.0198353854798068E-002                  2.3663460204275363E-025                  0.0000000000000000E+000                  0.0000000000000000E+000 
                                     238                  3.5975068839800645E-001                  1.0817228916073938E+000                  4.3435348781655128E+000                 -5.7453978168097999E+000                  6.6460694323740759E+000                  6.7182681810454270E-001                  3.0797482804065923E-001                  2.0198353854798068E-002                  2.4336264659280849E-025                  0.0000000000000000E+000                  0.0000000000000000E+000 
                                     239                  3.5974046961296002E-001                  1.0810615369631460E+000                  4.3475249107768219E+000                 -5.7309411404440480E+000                  6.6654225651088135E+000                  6.7182681810454270E-001                  3.0797482804065923E-001                  2.0198353854798068E-002                  2.5161064609548559E-025                  0.0000000000000000E+000                  0.0000000000000000E+000 
                                     240                  3.5972429373779363E-001                  1.0800430264084184E+000                  4.3513992605097087E+000                 -5.7168599028850480E+000                  6.6842381864708296E+000                  6.7182681810454270E-001                  3.0797482804065923E-001                  2.0198353854798068E-002                  2.5991328752609154E-025                  0.0000000000000000E+000                  0.0000000000000000E+000 
                                     241                  3.5971390452486640E-001                  1.0794061094042133E+000                  4.3548837442678501E+000                 -5.7043528762543811E+000                  6.7009960705054388E+000                  6.7182681810454270E-001                  3.0797482804065923E-001                  2.0198353854798068E-002                  2.6751734736110736E-025                  0.0000000000000000E+000                  0.0000000000000000E+000 
                                     242                  3.5969978863767404E-001                  1.0785609781657715E+000                  4.3582160602482931E+000                 -5.6923743223728804E+000                  6.7170276284159511E+000                  6.7182681810454270E-001                  3.0797482804065923E-001                  2.0198353854798068E-002                  2.7500872311293453E-025                  0.0000000000000000E+000                  0.0000000000000000E+000 
                                     243                  3.5968974758141325E-001                  1.0779732636607253E+000                  4.3603351900737435E+000                 -5.6847808024309900E+000                  6.7271942824541551E+000                  6.7182681810454270E-001                  3.0797482804065923E-001                  2.0198353854798068E-002                  2.7986605382396043E-025                  0.0000000000000000E+000                  0.0000000000000000E+000 
                                     244                  3.5968408537374313E-001                  1.0776465621725031E+000                  4.3627876789256526E+000                 -5.6760873413664150E+000                  6.7388648300471630E+000                  6.7182681810454270E-001                  3.0797482804065923E-001                  2.0198353854798068E-002                  2.8553247601516178E-025                  0.0000000000000000E+000                  0.0000000000000000E+000 
                                     245                  3.5967131759982901E-001                  1.0769218529358742E+000                  4.3662557278958811E+000                 -5.6637777153432314E+000                  6.7553750029038184E+000                  6.7182681810454270E-001                  3.0797482804065923E-001                  2.0198353854798068E-002                  2.9375284662660523E-025                  0.0000000000000000E+000                  0.0000000000000000E+000 
                                     246                  3.5965733035177888E-001                  1.0761461027532713E+000                  4.3696856636098111E+000                 -5.6516266434978357E+000                  6.7716719173806892E+000                  6.7182681810454270E-001                  3.0797482804065923E-001                  2.0198353854798068E-002                  3.0209957757022669E-025                  0.0000000000000000E+000                  0.0000000000000000E+000 
                                     247                  3.5964408583177149E-001                  1.0754281176409690E+000                  4.3726341766943948E+000                 -5.6411994738049680E+000                  6.7856566222489914E+000                  6.7182681810454270E-001                  3.0797482804065923E-001                  2.0198353854798068E-002                  3.0945110040641435E-025                  0.0000000000000000E+000                  0.0000000000000000E+000 
                                     248                  3.5963329215402773E-001                  1.0748543192456481E+000                  4.3754022002014548E+000                 -5.6314603115507182E+000                  6.7987319071313417E+000                  6.7182681810454270E-001                  3.0797482804065923E-001                  2.0198353854798068E-002                  3.1647916433140483E-025                  0.0000000000000000E+000                  0.0000000000000000E+000 
                                     249                  3.5962102126865608E-001                  1.0742137765837263E+000                  4.3776316093748653E+000                 -5.6235975218017007E+000                  6.8092771213764784E+000                  6.7182681810454270E-001                  3.0797482804065923E-001                  2.0198353854798068E-002                  3.2226954930151812E-025                  0.0000000000000000E+000                  0.0000000000000000E+000 
                                     250                  3.5961428983328292E-001                  1.0738675204296666E+000                  4.3801379306974288E+000                 -5.6148523463295783E+000                  6.8210379468653368E+000                  6.7182681810454270E-001                  3.0797482804065923E-001                  2.0198353854798068E-002                  3.2883436730102007E-025                  0.0000000000000000E+000                  0.0000000000000000E+000 
                                     251                  3.5959934583632580E-001                  1.0731112714831836E+000                  4.3838331041299563E+000                 -5.6019479505365224E+000                  6.8383810363510893E+000                  6.7182681810454270E-001                  3.0797482804065923E-001                  2.0198353854798068E-002                  3.3876664872470054E-025                  0.0000000000000000E+000                  0.0000000000000000E+000 
                                     252                  3.5958146390442519E-001                  1.0722278511786445E+000                  4.3868678336703937E+000                 -5.5913117457588699E+000                  6.8526548713400857E+000                  6.7182681810454270E-001                  3.0797482804065923E-001                  2.0198353854798068E-002                  3.4717845555814233E-025                  0.0000000000000000E+000                  0.0000000000000000E+000 
                                     253                  3.5957155393246576E-001                  1.0717478583423536E+000                  4.3890623506401196E+000                 -5.5836772642817811E+000                  6.8629186018967969E+000                  6.7182681810454270E-001                  3.0797482804065923E-001                  2.0198353854798068E-002                  3.5334486991899088E-025                  0.0000000000000000E+000                  0.0000000000000000E+000 
                                     254                  3.5956099784599549E-001                  1.0712437697267172E+000                  4.3925448487043148E+000                 -5.5716689903261951E+000                  6.8790973910261641E+000                  6.7182681810454270E-001                  3.0797482804065923E-001                  2.0198353854798068E-002                  3.6326656089679943E-025                  0.0000000000000000E+000                  0.0000000000000000E+000 
                                     255                  3.5953844786140282E-001                  1.0701906518198812E+000                  4.3961709555696906E+000                 -5.5590596944660886E+000                  6.8960371935761646E+000                  6.7182681810454270E-001                  3.0797482804065923E-001                  2.0198353854798068E-002                  3.7398507135154002E-025                  0.0000000000000000E+000                  0.0000000000000000E+000 
                                     256                  3.5952533249911789E-001                  1.0695922682721475E+000                  4.3988503152431964E+000                 -5.5498240894716249E+000                  6.9084707699655050E+000                  6.7182681810454270E-001                  3.0797482804065923E-001                  2.0198353854798068E-002                  3.8203606929231047E-025                  0.0000000000000000E+000                  0.0000000000000000E+000 
                                     257                  3.5951151822594968E-001                  1.0689726577902259E+000                  4.4024320534331567E+000                 -5.5375731157935553E+000                  6.9249938191847074E+000                  6.7182681810454270E-001                  3.0797482804065923E-001                  2.0198353854798068E-002                  3.9298394432277389E-025                  0.0000000000000000E+000                  0.0000000000000000E+000 
                                     258                  3.5948854057310015E-001                  1.0679650635681106E+000                  4.4070391405970888E+000                 -5.5218431170719358E+000                  6.9462083746583030E+000                  6.7182681810454270E-001                  3.0797482804065923E-001                  2.0198353854798068E-002                  4.0750242689412932E-025                  0.0000000000000000E+000                  0.0000000000000000E+000 
                                     259                  3.5946263279682089E-001                  1.0668613741098936E+000                  4.4111162920991642E+000                 -5.5079419412269095E+000                  6.9649524125958324E+000                  6.7182681810454270E-001                  3.0797482804065923E-001                  2.0198353854798068E-002                  4.2077913545097398E-025                  0.0000000000000000E+000                  0.0000000000000000E+000 
                                     260                  3.5944376975621839E-001                  1.0660780195640871E+000                  4.4136800648883900E+000                 -5.4992391440620629E+000                  6.9766960761426429E+000                  6.7182681810454270E-001                  3.0797482804065923E-001                  2.0198353854798068E-002                  4.2931045582113678E-025                  0.0000000000000000E+000                  0.0000000000000000E+000 
                                     261                  3.5943378928001773E-001                  1.0656700925719578E+000                  4.4154307214308064E+000                 -5.4933400086776603E+000                  6.9846705922093548E+000                  6.7182681810454270E-001                  3.0797482804065923E-001                  2.0198353854798068E-002                  4.3519158818906365E-025                  0.0000000000000000E+000                  0.0000000000000000E+000 
                                     262                  3.5942380880381702E-001                  1.0652665396179328E+000                  4.4181377564184876E+000                 -5.4842945556774954E+000                  6.9969236330158653E+000                  6.7182681810454270E-001                  3.0797482804065923E-001                  2.0198353854798068E-002                  4.4436642854624386E-025                  0.0000000000000000E+000                  0.0000000000000000E+000 
                                     263                  3.5940251115360844E-001                  1.0644194859345617E+000                  4.4219014470977394E+000                 -5.4717433158016426E+000                  7.0139263127552107E+000                  6.7182681810454270E-001                  3.0797482804065923E-001                  2.0198353854798068E-002                  4.5741875381947744E-025                  0.0000000000000000E+000                  0.0000000000000000E+000 
                                     264                  3.5937926442194251E-001                  1.0635158033204977E+000                  4.4248075234827073E+000                 -5.4620681399968172E+000                  7.0270316760356399E+000                  6.7182681810454270E-001                  3.0797482804065923E-001                  2.0198353854798068E-002                  4.6774151112555037E-025                  0.0000000000000000E+000                  0.0000000000000000E+000 
                                     265                  3.5936725939792219E-001                  1.0630572543181516E+000                  4.4268114183130169E+000                 -5.4554603687763379E+000                  7.0360030717138669E+000                  6.7182681810454270E-001                  3.0797482804065923E-001                  2.0198353854798068E-002                  4.7492523531946918E-025                  0.0000000000000000E+000                  0.0000000000000000E+000 
                                     266                  3.5935461528973300E-001                  1.0625800473567855E+000                  4.4299827807511400E+000                 -5.4451115208264804E+000                  7.0500895470959870E+000                  6.7182681810454270E-001                  3.0797482804065923E-001                  2.0198353854798068E-002                  4.8639866678726660E-025                  0.0000000000000000E+000                  0.0000000000000000E+000 
                                     267                  3.5932768715492919E-001                  1.0615826061597342E+000                  4.4332038671545613E+000                 -5.4345830678111895E+000                  7.0644045361183068E+000                  6.7182681810454270E-001                  3.0797482804065923E-001                  2.0198353854798068E-002                  4.9835595129661898E-025                  0.0000000000000000E+000                  0.0000000000000000E+000 
                                     268                  3.5931344124984538E-001                  1.0610648610213267E+000                  4.4354573716380283E+000                 -5.4272996503710793E+000                  7.0743343316084184E+000                  6.7182681810454270E-001                  3.0797482804065923E-001                  2.0198353854798068E-002                  5.0679954675891835E-025                  0.0000000000000000E+000                  0.0000000000000000E+000 
                                     269                  3.5929845699472801E-001                  1.0605273832090742E+000                  4.4388719988708223E+000                 -5.4163918981640293E+000                  7.0892472988271269E+000                  6.7182681810454270E-001                  3.0797482804065923E-001                  2.0198353854798068E-002                  5.1971334667966609E-025                  0.0000000000000000E+000                  0.0000000000000000E+000 
                                     270                  3.5926848848449333E-001                  1.0594733133479555E+000                  4.4434457454368372E+000                 -5.4018831994667273E+000                  7.1091062014580091E+000                  6.7182681810454270E-001                  3.0797482804065923E-001                  2.0198353854798068E-002                  5.3740217817040917E-025                  0.0000000000000000E+000                  0.0000000000000000E+000 
                                     271                  3.5923674494424479E-001                  1.0583854766621923E+000                  4.4470327384742854E+000                 -5.3905941540405884E+000                  7.1245792015582392E+000                  6.7182681810454270E-001                  3.0797482804065923E-001                  2.0198353854798068E-002                  5.5158147243409068E-025                  0.0000000000000000E+000                  0.0000000000000000E+000 
                                     272                  3.5921890610434976E-001                  1.0577863521946000E+000                  4.4495761860436156E+000                 -5.3826953696014117E+000                  7.1354400417771169E+000                  6.7182681810454270E-001                  3.0797482804065923E-001                  2.0198353854798068E-002                  5.6172460967631598E-025                  0.0000000000000000E+000                  0.0000000000000000E+000 
                                     273                  3.5920106726445467E-001                  1.0571956030647176E+000                  4.4534664505202990E+000                 -5.3707968048827484E+000                  7.1518615218506190E+000                  6.7182681810454270E-001                  3.0797482804065923E-001                  2.0198353854798068E-002                  5.7735756633357175E-025                  0.0000000000000000E+000                  0.0000000000000000E+000 
                                     274                  3.5916353798627071E-001                  1.0559788051037671E+000                  4.4574161762442372E+000                 -5.3587717506431707E+000                  7.1684629091460668E+000                  6.7182681810454270E-001                  3.0797482804065923E-001                  2.0198353854798068E-002                  5.9359921719373903E-025                  0.0000000000000000E+000                  0.0000000000000000E+000 
                                     275                  3.5914356538559750E-001                  1.0553448845464528E+000                  4.4601899757181949E+000                 -5.3504624769282767E+000                  7.1799795539518838E+000                  6.7182681810454270E-001                  3.0797482804065923E-001                  2.0198353854798068E-002                  6.0508857426213472E-025                  0.0000000000000000E+000                  0.0000000000000000E+000 
                                     276                  3.5912257445435347E-001                  1.0546883489041698E+000                  4.4630791323636085E+000                 -5.3418975159905138E+000                  7.1918783339809789E+000                  6.7182681810454270E-001                  3.0797482804065923E-001                  2.0198353854798068E-002                  6.1716450088582363E-025                  0.0000000000000000E+000                  0.0000000000000000E+000 
                                     277                  3.5910034569331206E-001                  1.0540035092037134E+000                  4.4660129643971791E+000                 -5.3332932417759880E+000                  7.2038605679720682E+000                  6.7182681810454270E-001                  3.0797482804065923E-001                  2.0198353854798068E-002                  6.2953877028085368E-025                  0.0000000000000000E+000                  0.0000000000000000E+000 
                                     278                  3.5907811693227065E-001                  1.0533289442510514E+000                  4.4705492686936257E+000                 -5.3202423737307729E+000                  7.2221215529191563E+000                  6.7182681810454270E-001                  3.0797482804065923E-001                  2.0198353854798068E-002                  6.4878360552733424E-025                  0.0000000000000000E+000                  0.0000000000000000E+000 
                                     279                  3.5903061883353532E-001                  1.0519201173327719E+000                  4.4751749053222580E+000                 -5.3070665184925412E+000                  7.2405877922826880E+000                  6.7182681810454270E-001                  3.0797482804065923E-001                  2.0198353854798068E-002                  6.6881020935581550E-025                  0.0000000000000000E+000                  0.0000000000000000E+000 
                                     280                  3.5900549950674293E-001                  1.0511919683020183E+000                  4.4784092197829661E+000                 -5.2980397157294528E+000                  7.2533032486293569E+000                  6.7182681810454270E-001                  3.0797482804065923E-001                  2.0198353854798068E-002                  6.8288653184007391E-025                  0.0000000000000000E+000                  0.0000000000000000E+000 
                                     281                  3.5897913323418490E-001                  1.0504395574980816E+000                  4.4816822562826175E+000                 -5.2890281088573410E+000                  7.2660376253945751E+000                  6.7182681810454270E-001                  3.0797482804065923E-001                  2.0198353854798068E-002                  6.9723497849241480E-025                  0.0000000000000000E+000                  0.0000000000000000E+000 
                                     282                  3.5895276696162687E-001                  1.0496987878118076E+000                  4.4850115207571379E+000                 -5.2799931984858821E+000                  7.2788488959231508E+000                  6.7182681810454270E-001                  3.0797482804065923E-001                  2.0198353854798068E-002                  7.1192350784992735E-025                  0.0000000000000000E+000                  0.0000000000000000E+000 
                                     283                  3.5892486632676879E-001                  1.0489270275833151E+000                  4.4903054854293813E+000                 -5.2659522766280844E+000                  7.2988746675304190E+000                  6.7182681810454270E-001                  3.0797482804065923E-001                  2.0198353854798068E-002                  7.3536774292556530E-025                  0.0000000000000000E+000                  0.0000000000000000E+000 
                                     284                  3.5886528468115075E-001                  1.0473182017198124E+000                  4.4957095564771041E+000                 -5.2518458733639610E+000                  7.3190598012038022E+000                  6.7182681810454270E-001                  3.0797482804065923E-001                  2.0198353854798068E-002                  7.5969965474764794E-025                  0.0000000000000000E+000                  0.0000000000000000E+000 
                                     285                  3.5883385292865339E-001                  1.0464896560774597E+000                  4.4993927796295283E+000                 -5.2424602285502093E+000                  7.3325734678999206E+000                  6.7182681810454270E-001                  3.0797482804065923E-001                  2.0198353854798068E-002                  7.7633370505513333E-025                  0.0000000000000000E+000                  0.0000000000000000E+000 
                                     286                  3.5880242117615613E-001                  1.0456742070797349E+000                  4.5031515128988158E+000                 -5.2330439818900398E+000                  7.3461889776345100E+000                  6.7182681810454270E-001                  3.0797482804065923E-001                  2.0198353854798068E-002                  7.9338840310839549E-025                  0.0000000000000000E+000                  0.0000000000000000E+000 
                                     287                  3.5876898942642904E-001                  1.0448205672988455E+000                  4.5069838122930488E+000                 -5.2236047225653612E+000                  7.3598957538632579E+000                  6.7182681810454270E-001                  3.0797482804065923E-001                  2.0198353854798068E-002                  8.1086124938606969E-025                  0.0000000000000000E+000                  0.0000000000000000E+000 
                                     288                  3.5873555767670190E-001                  1.0439803799328098E+000                  4.5128363749557314E+000                 -5.2095529791316952E+000                  7.3804393389713283E+000                  6.7182681810454270E-001                  3.0797482804065923E-001                  2.0198353854798068E-002                  8.3758835602234871E-025                  0.0000000000000000E+000                  0.0000000000000000E+000 
                                     289                  3.5866553302134058E-001                  1.0422614705597608E+000                  4.5210236243341466E+000                 -5.1904400025147428E+000                  7.4085792204719221E+000                  6.7182681810454270E-001                  3.0797482804065923E-001                  2.0198353854798068E-002                  8.7536349444123421E-025                  0.0000000000000000E+000                  0.0000000000000000E+000 
                                     290                  3.5858799050001544E-001                  1.0404174192655000E+000                  4.5274751154365331E+000                 -5.1757958085527491E+000                  7.4302928051305326E+000                  6.7182681810454270E-001                  3.0797482804065923E-001                  2.0198353854798068E-002                  9.0545658053155778E-025                  0.0000000000000000E+000                  0.0000000000000000E+000 
                                     291                  3.5854695267172798E-001                  1.0394646876394045E+000                  4.5320208962451201E+000                 -5.1657545068522213E+000                  7.4452944758770068E+000                  6.7182681810454270E-001                  3.0797482804065923E-001                  2.0198353854798068E-002                  9.2668742529460105E-025                  0.0000000000000000E+000                  0.0000000000000000E+000 
                                     292                  3.5850326900837765E-001                  1.0384670117026045E+000                  4.5389510229539187E+000                 -5.1508569772613377E+000                  7.4677220772600128E+000                  6.7182681810454270E-001                  3.0797482804065923E-001                  2.0198353854798068E-002                  9.5910779716622456E-025                  0.0000000000000000E+000                  0.0000000000000000E+000 
                                     293                  3.5841590168167686E-001                  1.0365192415055313E+000                  4.5459915775788344E+000                 -5.1360262079888734E+000                  7.4901613678494172E+000                  6.7182681810454270E-001                  3.0797482804065923E-001                  2.0198353854798068E-002                  9.9251085703749269E-025                  0.0000000000000000E+000                  0.0000000000000000E+000 
                                     294                  3.5836762054873206E-001                  1.0354681610750358E+000                  4.5509274736208560E+000                 -5.1258991055297169E+000                  7.5056008793707161E+000                  6.7182681810454270E-001                  3.0797482804065923E-001                  2.0198353854798068E-002                  1.0159867506122661E-024                  0.0000000000000000E+000                  0.0000000000000000E+000 
                                     295                  3.5831933941578731E-001                  1.0344338839623375E+000                  4.5584940013374471E+000                 -5.1107882001038929E+000                  7.5288228262163903E+000                  6.7182681810454270E-001                  3.0797482804065923E-001                  2.0198353854798068E-002                  1.0520534653483236E-024                  0.0000000000000000E+000                  0.0000000000000000E+000 
                                     296                  3.5821718394515412E-001                  1.0322970844223491E+000                  4.5685209528018582E+000                 -5.0912419552800454E+000                  7.5590568634924207E+000                  6.7182681810454270E-001                  3.0797482804065923E-001                  2.0198353854798068E-002                  1.1006147210476073E-024                  0.0000000000000000E+000                  0.0000000000000000E+000 
                                     297                  3.5811502847452104E-001                  1.0302244057091681E+000                  4.5782728800555130E+000                 -5.0727932682343635E+000                  7.5878415712013725E+000                  6.7182681810454270E-001                  3.0797482804065923E-001                  2.0198353854798068E-002                  1.1485064421299343E-024                  0.0000000000000000E+000                  0.0000000000000000E+000 
                                     298                  3.5801287300388795E-001                  1.0282096861527465E+000                  4.5854042692963777E+000                 -5.0595486273507806E+000                  7.6086107452732135E+000                  6.7182681810454270E-001                  3.0797482804065923E-001                  2.0198353854798068E-002                  1.1841704073640510E-024                  0.0000000000000000E+000                  0.0000000000000000E+000 
                                     299                  3.5796179526857136E-001                  1.0272223940885952E+000                  4.5900790195410783E+000                 -5.0510359190307392E+000                  7.6220426835974502E+000                  6.7182681810454270E-001                  3.0797482804065923E-001                  2.0198353854798068E-002                  1.2076759527808468E-024                  0.0000000000000000E+000                  0.0000000000000000E+000 
                                     300                  3.5791071753325493E-001                  1.0262476828713183E+000                  4.5969732273656092E+000                 -5.0387047750635885E+000                  7.6416107269211615E+000                  6.7182681810454270E-001                  3.0797482804065923E-001                  2.0198353854798068E-002                  1.2425561295590403E-024                  0.0000000000000000E+000                  0.0000000000000000E+000 
                                     301                  3.5780856206262179E-001                  1.0243338443219128E+000                  4.6059281751441690E+000                 -5.0228613423660047E+000                  7.6668224985277824E+000                  6.7182681810454270E-001                  3.0797482804065923E-001                  2.0198353854798068E-002                  1.2888560797713447E-024                  0.0000000000000000E+000                  0.0000000000000000E+000 
                                     302                  3.5770640659198871E-001                  1.0224642942859132E+000                  4.6146279164506661E+000                 -5.0077092136746266E+000                  7.6910464168936876E+000                  6.7182681810454270E-001                  3.0797482804065923E-001                  2.0198353854798068E-002                  1.3347512139571270E-024                  0.0000000000000000E+000                  0.0000000000000000E+000 
                                     303                  3.5760425112135552E-001                  1.0206356366392193E+000                  4.6230783011583672E+000                 -4.9931795527877041E+000                  7.7143632069511536E+000                  6.7182681810454270E-001                  3.0797482804065923E-001                  2.0198353854798068E-002                  1.3802973888594228E-024                  0.0000000000000000E+000                  0.0000000000000000E+000 
                                     304                  3.5750209565072244E-001                  1.0188448990213774E+000                  4.6312853781760639E+000                 -4.9792125111400205E+000                  7.7368440446817761E+000                  6.7182681810454270E-001                  3.0797482804065923E-001                  2.0198353854798068E-002                  1.4255465399663014E-024                  0.0000000000000000E+000                  0.0000000000000000E+000 
                                     305                  3.5739994018008930E-001                  1.0170894659361194E+000                  4.6392552455852787E+000                 -4.9657556032252153E+000                  7.7585520033008821E+000                  6.7182681810454270E-001                  3.0797482804065923E-001                  2.0198353854798068E-002                  1.4705476551739908E-024                  0.0000000000000000E+000                  0.0000000000000000E+000 
                                     306                  3.5729778470945622E-001                  1.0153670252271723E+000                  4.6469939595098682E+000                 -4.9527627126389024E+000                  7.7795432356809640E+000                  6.7182681810454270E-001                  3.0797482804065923E-001                  2.0198353854798068E-002                  1.5153465783769370E-024                  0.0000000000000000E+000                  0.0000000000000000E+000 
                                     307                  3.5719562923882314E-001                  1.0136755236961041E+000                  4.6545074645930322E+000                 -4.9401930252840796E+000                  7.7998679487995757E+000                  6.7182681810454270E-001                  3.0797482804065923E-001                  2.0198353854798068E-002                  1.5599867066978134E-024                  0.0000000000000000E+000                  0.0000000000000000E+000 
                                     308                  3.5709347376819001E-001                  1.0120131309560614E+000                  4.6654015130874269E+000                 -4.9221955452210722E+000                  7.8290974621352678E+000                  6.7182681810454270E-001                  3.0797482804065923E-001                  2.0198353854798068E-002                  1.6262059060720911E-024                  0.0000000000000000E+000                  0.0000000000000000E+000 
                                     309                  3.5688916282692384E-001                  1.0087688424422103E+000                  4.6757492051341130E+000                 -4.9046750555369005E+000                  7.8572718221667230E+000                  6.7182681810454270E-001                  3.0797482804065923E-001                  2.0198353854798068E-002                  1.6933736143736045E-024                  0.0000000000000000E+000                  0.0000000000000000E+000 
                                     310                  3.5678700735629071E-001                  1.0071846107935520E+000                  4.6824181344538305E+000                 -4.8934724406470647E+000                  7.8753393727470291E+000                  6.7182681810454270E-001                  3.0797482804065923E-001                  2.0198353854798068E-002                  1.7377699765702377E-024                  0.0000000000000000E+000                  0.0000000000000000E+000 
                                     311                  3.5668485188565763E-001                  1.0056238598439500E+000                  4.6888892590847444E+000                 -4.8825464177012119E+000                  7.8929263934893363E+000                  6.7182681810454270E-001                  3.0797482804065923E-001                  2.0198353854798068E-002                  1.7821930212856502E-024                  0.0000000000000000E+000                  0.0000000000000000E+000 
                                     312                  3.5658269641502455E-001                  1.0040855057829128E+000                  4.6951677497566555E+000                 -4.8718761804734347E+000                  7.9100605299401181E+000                  6.7182681810454270E-001                  3.0797482804065923E-001                  2.0198353854798068E-002                  1.8266737336222560E-024                  0.0000000000000000E+000                  0.0000000000000000E+000 
                                     313                  3.5648054094439141E-001                  1.0025685634677373E+000                  4.7012587550117733E+000                 -4.8614429977762041E+000                  7.9267670733009652E+000                  6.7182681810454270E-001                  3.0797482804065923E-001                  2.0198353854798068E-002                  1.8712413030249745E-024                  0.0000000000000000E+000                  0.0000000000000000E+000 
                                     314                  3.5637838547375827E-001                  1.0010721348909353E+000                  4.7071674254566451E+000                 -4.8512300552355239E+000                  7.9430692193745491E+000                  6.7182681810454270E-001                  3.0797482804065923E-001                  2.0198353854798068E-002                  1.9159228661446412E-024                  0.0000000000000000E+000                  0.0000000000000000E+000 
                                     315                  3.5627623000312514E-001                  9.9959539893951566E-001                  4.7157357939604001E+000                 -4.8364061598128396E+000                  7.9667342279472786E+000                  6.7182681810454270E-001                  3.0797482804065923E-001                  2.0198353854798068E-002                  1.9826856123222612E-024                  0.0000000000000000E+000                  0.0000000000000000E+000 
                                     316                  3.5607191906185903E-001                  9.9669761931787815E-001                  4.7265202044784171E+000                 -4.8171225603192305E+000                  7.9971644197323579E+000                  6.7182681810454270E-001                  3.0797482804065923E-001                  2.0198353854798068E-002                  2.0730335317477205E-024                  0.0000000000000000E+000                  0.0000000000000000E+000 
                                     317                  3.5586760812059282E-001                  9.9387033358935617E-001                  4.7341576019310718E+000                 -4.8029924403593238E+000                  8.0192054775901749E+000                  6.7182681810454270E-001                  3.0797482804065923E-001                  2.0198353854798068E-002                  2.1418441625228857E-024                  0.0000000000000000E+000                  0.0000000000000000E+000 
                                     318                  3.5576545264995973E-001                  9.9248185730621463E-001                  4.7390848118091400E+000                 -4.7938366392412339E+000                  8.0334760582489793E+000                  6.7182681810454270E-001                  3.0797482804065923E-001                  2.0198353854798068E-002                  2.1876479208116977E-024                  0.0000000000000000E+000                  0.0000000000000000E+000 
                                     319                  3.5566329717932660E-001                  9.9110931979192840E-001                  4.7462395804006707E+000                 -4.7804683436640039E+000                  8.0542890505675402E+000                  6.7182681810454270E-001                  3.0797482804065923E-001                  2.0198353854798068E-002                  2.2562937524402647E-024                  0.0000000000000000E+000                  0.0000000000000000E+000 
                                     320                  3.5545898623806044E-001                  9.8840978225777021E-001                  4.7552632196966691E+000                 -4.7629746201132983E+000                  8.0812001771339759E+000                  6.7182681810454270E-001                  3.0797482804065923E-001                  2.0198353854798068E-002                  2.3493938508466953E-024                  0.0000000000000000E+000                  0.0000000000000000E+000 
                                     321                  3.5525467529679428E-001                  9.8576854706920791E-001                  4.7637904838966314E+000                 -4.7459773065409703E+000                  8.1071318589888524E+000                  6.7182681810454270E-001                  3.0797482804065923E-001                  2.0198353854798068E-002                  2.4435373431789934E-024                  0.0000000000000000E+000                  0.0000000000000000E+000 
                                     322                  3.5505036435552806E-001                  9.8318241283154517E-001                  4.7718653430930305E+000                 -4.7294427699718504E+000                  8.1321611925506598E+000                  6.7182681810454270E-001                  3.0797482804065923E-001                  2.0198353854798068E-002                  2.5387432379727171E-024                  0.0000000000000000E+000                  0.0000000000000000E+000 
                                     323                  3.5484605341426195E-001                  9.8064846963989638E-001                  4.7776260974162446E+000                 -4.7172517999964425E+000                  8.1504326840234249E+000                  6.7182681810454270E-001                  3.0797482804065923E-001                  2.0198353854798068E-002                  2.6113113055794312E-024                  0.0000000000000000E+000                  0.0000000000000000E+000 
                                     324                  3.5474389794362876E-001                  9.7940035870279307E-001                  4.7813628665594443E+000                 -4.7093088044335092E+000                  8.1623309509169104E+000                  6.7182681810454270E-001                  3.0797482804065923E-001                  2.0198353854798068E-002                  2.6597074290530162E-024                  0.0000000000000000E+000                  0.0000000000000000E+000 
                                     325                  3.5464174247299568E-001                  9.7816430749754779E-001                  4.7850092044937256E+000                 -4.7014677008139181E+000                  8.1740394140960451E+000                  6.7182681810454270E-001                  3.0797482804065923E-001                  2.0198353854798068E-002                  2.7083641785242789E-024                  0.0000000000000000E+000                  0.0000000000000000E+000 
                                     326                  3.5453958700236260E-001                  9.7694001298664879E-001                  4.7885696602496788E+000                 -4.6937260243027064E+000                  8.1855647990221492E+000                  6.7182681810454270E-001                  3.0797482804065923E-001                  2.0198353854798068E-002                  2.7572789144325717E-024                  0.0000000000000000E+000                  0.0000000000000000E+000 
                                     327                  3.5443743153172946E-001                  9.7572718297038452E-001                  4.7937778010948859E+000                 -4.6823616945379305E+000                  8.2024784989090911E+000                  6.7182681810454270E-001                  3.0797482804065923E-001                  2.0198353854798068E-002                  2.8306909283160286E-024                  0.0000000000000000E+000                  0.0000000000000000E+000 
                                     328                  3.5423312059046336E-001                  9.7333458310119259E-001                  4.8004347290956515E+000                 -4.6674462430129031E+000                  8.2245080972017384E+000                  6.7182681810454270E-001                  3.0797482804065923E-001                  2.0198353854798068E-002                  2.9300232775386633E-024                  0.0000000000000000E+000                  0.0000000000000000E+000 
                                     329                  3.5402880964919714E-001                  9.7098457854545717E-001                  4.8068200933438892E+000                 -4.6528926256614502E+000                  8.2459095438471550E+000                  6.7182681810454270E-001                  3.0797482804065923E-001                  2.0198353854798068E-002                  3.0303120111161160E-024                  0.0000000000000000E+000                  0.0000000000000000E+000 
                                     330                  3.5382449870793092E-001                  9.6867515069586041E-001                  4.8114335030312505E+000                 -4.6421505971989943E+000                  8.2616117211230495E+000                  6.7182681810454270E-001                  3.0797482804065923E-001                  2.0198353854798068E-002                  3.1065352357119766E-024                  0.0000000000000000E+000                  0.0000000000000000E+000 
                                     331                  3.5372234323729784E-001                  9.6753513712888739E-001                  4.8144470361901099E+000                 -4.6351330710818086E+000                  8.2718761200666968E+000                  6.7182681810454270E-001                  3.0797482804065923E-001                  2.0198353854798068E-002                  3.1573647804204133E-024                  0.0000000000000000E+000                  0.0000000000000000E+000 
                                     332                  3.5362018776666476E-001                  9.6640456469740388E-001                  4.8188794739248593E+000                 -4.6248131181587979E+000                  8.2869812710997994E+000                  6.7182681810454270E-001                  3.0797482804065923E-001                  2.0198353854798068E-002                  3.2336325830784716E-024                  0.0000000000000000E+000                  0.0000000000000000E+000 
                                     333                  3.5341587682539849E-001                  9.6417072581608132E-001                  4.8246011420175119E+000                 -4.6112643473806223E+000                  8.3067196248968926E+000                  6.7182681810454270E-001                  3.0797482804065923E-001                  2.0198353854798068E-002                  3.3365727071874057E-024                  0.0000000000000000E+000                  0.0000000000000000E+000 
                                     334                  3.5321156588413227E-001                  9.6197209702218123E-001                  4.8328892212950834E+000                 -4.5916998925015688E+000                  8.3352794535695072E+000                  6.7182681810454270E-001                  3.0797482804065923E-001                  2.0198353854798068E-002                  3.4910414090039695E-024                  0.0000000000000000E+000                  0.0000000000000000E+000 
                                     335                  3.5280294400159989E-001                  9.5767325108255585E-001                  4.8407630215293196E+000                 -4.5724469765667024E+000                  8.3630935736054521E+000                  6.7182681810454270E-001                  3.0797482804065923E-001                  2.0198353854798068E-002                  3.6500463420719726E-024                  0.0000000000000000E+000                  0.0000000000000000E+000 
                                     336                  3.5259863306033368E-001                  9.5557100891677738E-001                  4.8458621987667598E+000                 -4.5600771884214648E+000                  8.3810204388076777E+000                  6.7182681810454270E-001                  3.0797482804065923E-001                  2.0198353854798068E-002                  3.7560150464436358E-024                  0.0000000000000000E+000                  0.0000000000000000E+000 
                                     337                  3.5239432211906746E-001                  9.5349812130985900E-001                  4.8508400890348859E+000                 -4.5479768438244124E+000                  8.3985518307056850E+000                  6.7182681810454270E-001                  3.0797482804065923E-001                  2.0198353854798068E-002                  3.8626586711103061E-024                  0.0000000000000000E+000                  0.0000000000000000E+000 
                                     338                  3.5219001117780119E-001                  9.5145331559486501E-001                  4.8557075485329602E+000                 -4.5361365544927992E+000                  8.4157072601270784E+000                  6.7182681810454270E-001                  3.0797482804065923E-001                  2.0198353854798068E-002                  3.9699478250881904E-024                  0.0000000000000000E+000                  0.0000000000000000E+000 
                                     339                  3.5198570023653497E-001                  9.4943538624108526E-001                  4.8628389148502666E+000                 -4.5189736183419349E+000                  8.4406660719670938E+000                  6.7182681810454270E-001                  3.0797482804065923E-001                  2.0198353854798068E-002                  4.1307930964797196E-024                  0.0000000000000000E+000                  0.0000000000000000E+000 
                                     340                  3.5157707835400259E-001                  9.4547506544825299E-001                  4.8720229670545745E+000                 -4.4967406111003463E+000                  8.4729393625257696E+000                  6.7182681810454270E-001                  3.0797482804065923E-001                  2.0198353854798068E-002                  4.3489052488844048E-024                  0.0000000000000000E+000                  0.0000000000000000E+000 
                                     341                  3.5116845647147027E-001                  9.4160928532292054E-001                  4.8787050471649112E+000                 -4.4805444502777787E+000                  8.4964369930161556E+000                  6.7182681810454270E-001                  3.0797482804065923E-001                  2.0198353854798068E-002                  4.5150293340655767E-024                  0.0000000000000000E+000                  0.0000000000000000E+000 
                                     342                  3.5096414553020405E-001                  9.3970965586889876E-001                  4.8830830045735460E+000                 -4.4700890509457105E+000                  8.5116754581843921E+000                  6.7182681810454270E-001                  3.0797482804065923E-001                  2.0198353854798068E-002                  4.6256345815282445E-024                  0.0000000000000000E+000                  0.0000000000000000E+000 
                                     343                  3.5075983458893784E-001                  9.3783085301224478E-001                  4.8895446488145247E+000                 -4.4548856866207398E+000                  8.5339352158487571E+000                  6.7182681810454270E-001                  3.0797482804065923E-001                  2.0198353854798068E-002                  4.7913326579822299E-024                  0.0000000000000000E+000                  0.0000000000000000E+000 
                                     344                  3.5035121270640551E-001                  9.3413201304269233E-001                  4.8979704777028372E+000                 -4.4351563784611114E+000                  8.5628505409842006E+000                  6.7182681810454270E-001                  3.0797482804065923E-001                  2.0198353854798068E-002                  5.0152623874856888E-024                  0.0000000000000000E+000                  0.0000000000000000E+000 
                                     345                  3.4994259082387313E-001                  9.3050689090726890E-001                  4.9041676932682758E+000                 -4.4207549947862486E+000                  8.5839947081869603E+000                  6.7182681810454270E-001                  3.0797482804065923E-001                  2.0198353854798068E-002                  5.1853181725039898E-024                  0.0000000000000000E+000                  0.0000000000000000E+000 
                                     346                  3.4973827988260692E-001                  9.2872033185078773E-001                  4.9082486455939200E+000                 -4.4114315023008928E+000                  8.5977530284977544E+000                  6.7182681810454270E-001                  3.0797482804065923E-001                  2.0198353854798068E-002                  5.2984839613114049E-024                  0.0000000000000000E+000                  0.0000000000000000E+000 
                                     347                  3.4953396894134070E-001                  9.2695010422280733E-001                  4.9142997181033907E+000                 -4.3978376485675259E+000                  8.6179136311001088E+000                  6.7182681810454270E-001                  3.0797482804065923E-001                  2.0198353854798068E-002                  5.4679348911931612E-024                  0.0000000000000000E+000                  0.0000000000000000E+000 
                                     348                  3.4912534705880827E-001                  9.2345585290211329E-001                  4.9222510855998260E+000                 -4.3801616592774835E+000                  8.6441958810581863E+000                  6.7182681810454270E-001                  3.0797482804065923E-001                  2.0198353854798068E-002                  5.6964244103387675E-024                  0.0000000000000000E+000                  0.0000000000000000E+000 
                                     349                  3.4871672517627583E-001                  9.2001968701432368E-001                  4.9300828688113834E+000                 -4.3630861929832436E+000                  8.6697227641788803E+000                  6.7182681810454270E-001                  3.0797482804065923E-001                  2.0198353854798068E-002                  5.9262403760409555E-024                  0.0000000000000000E+000                  0.0000000000000000E+000 
                                     350                  3.4830810329374351E-001                  9.1663727239253456E-001                  4.9378084095602990E+000                 -4.3465743150310523E+000                  8.6945453442095584E+000                  6.7182681810454270E-001                  3.0797482804065923E-001                  2.0198353854798068E-002                  6.1573111440610254E-024                  0.0000000000000000E+000                  0.0000000000000000E+000 
                                     351                  3.4789948141121113E-001                  9.1330463679408014E-001                  4.9454383077744923E+000                 -4.3305909349903828E+000                  8.7187098119742661E+000                  6.7182681810454270E-001                  3.0797482804065923E-001                  2.0198353854798068E-002                  6.3895901755438244E-024                  0.0000000000000000E+000                  0.0000000000000000E+000 
                                     352                  3.4749085952867875E-001                  9.1001813848205071E-001                  4.9529808701834730E+000                 -4.3151034494776228E+000                  8.7422580965500458E+000                  6.7182681810454270E-001                  3.0797482804065923E-001                  2.0198353854798068E-002                  6.6230439978371302E-024                  0.0000000000000000E+000                  0.0000000000000000E+000 
                                     353                  3.4708223764614637E-001                  9.0677443254506063E-001                  4.9604425012102569E+000                 -4.3000812804695299E+000                  8.7652283822568702E+000                  6.7182681810454270E-001                  3.0797482804065923E-001                  2.0198353854798068E-002                  6.8576553043857273E-024                  0.0000000000000000E+000                  0.0000000000000000E+000 
                                     354                  3.4667361576361405E-001                  9.0357044314344848E-001                  4.9678187624455870E+000                 -4.2855132207703530E+000                  8.7876279976289489E+000                  6.7182681810454270E-001                  3.0797482804065923E-001                  2.0198353854798068E-002                  7.0931345255223895E-024                  0.0000000000000000E+000                  0.0000000000000000E+000 
                                     355                  3.4626602393209410E-001                  9.0041128159054584E-001                  4.9751133547334909E+000                 -4.2713715398304259E+000                  8.8094899712366761E+000                  6.7182681810454270E-001                  3.0797482804065923E-001                  2.0198353854798068E-002                  7.3294784191970791E-024                  0.0000000000000000E+000                  0.0000000000000000E+000 
                                     356                  3.4585843210057421E-001                  8.9728623387069240E-001                  4.9823381162842377E+000                 -4.2576119827552805E+000                  8.8308724383992558E+000                  6.7182681810454270E-001                  3.0797482804065923E-001                  2.0198353854798068E-002                  7.5670171256214446E-024                  0.0000000000000000E+000                  0.0000000000000000E+000 
                                     357                  3.4545084026905437E-001                  8.9419291409542279E-001                  4.9877167447783322E+000                 -4.2474806186638787E+000                  8.8466635746331974E+000                  6.7182681810454270E-001                  3.0797482804065923E-001                  2.0198353854798068E-002                  7.7468436665245465E-024                  0.0000000000000000E+000                  0.0000000000000000E+000 
                                     358                  3.4524704435329445E-001                  8.9265754527179841E-001                  4.9912783064240420E+000                 -4.2408670492384735E+000                  8.8570185222653883E+000                  6.7182681810454270E-001                  3.0797482804065923E-001                  2.0198353854798068E-002                  7.8665377806775382E-024                  0.0000000000000000E+000                  0.0000000000000000E+000 
                                     359                  3.4504324843753448E-001                  8.9112929459616197E-001                  4.9965846411508519E+000                 -4.2311471949852022E+000                  8.8723034596348942E+000                  6.7182681810454270E-001                  3.0797482804065923E-001                  2.0198353854798068E-002                  8.0458258322291333E-024                  0.0000000000000000E+000                  0.0000000000000000E+000 
                                     360                  3.4463565660601464E-001                  8.8809298795075042E-001                  5.0036073775888301E+000                 -4.2183977684429008E+000                  8.8924002681486378E+000                  6.7182681810454270E-001                  3.0797482804065923E-001                  2.0198353854798068E-002                  8.2872268001574230E-024                  0.0000000000000000E+000                  0.0000000000000000E+000 
                                     361                  3.4422806477449475E-001                  8.8508229240131842E-001                  5.0105637534652834E+000                 -4.2059444028099557E+000                  8.9121132585355181E+000                  6.7182681810454270E-001                  3.0797482804065923E-001                  2.0198353854798068E-002                  8.5300370002333557E-024                  0.0000000000000000E+000                  0.0000000000000000E+000 
                                     362                  3.4382047294297480E-001                  8.8209546669514516E-001                  5.0174538594381008E+000                 -4.1937690030485824E+000                  8.9314621328353354E+000                  6.7182681810454270E-001                  3.0797482804065923E-001                  2.0198353854798068E-002                  8.7743277768926294E-024                  0.0000000000000000E+000                  0.0000000000000000E+000 
                                     363                  3.4341288111145496E-001                  8.7913089683890833E-001                  5.0242777006740029E+000                 -4.1818547357078648E+000                  8.9504652183539477E+000                  6.7182681810454270E-001                  3.0797482804065923E-001                  2.0198353854798068E-002                  9.0201743749166361E-024                  0.0000000000000000E+000                  0.0000000000000000E+000 
                                     364                  3.4300528927993507E-001                  8.7618708464423078E-001                  5.0310352572195240E+000                 -4.1701859019120588E+000                  8.9691395929262310E+000                  6.7182681810454270E-001                  3.0797482804065923E-001                  2.0198353854798068E-002                  9.2676560528069579E-024                  0.0000000000000000E+000                  0.0000000000000000E+000 
                                     365                  3.4259769744841512E-001                  8.7326263765697576E-001                  5.0377265594470888E+000                 -4.1587479216393328E+000                  8.9875011961620448E+000                  6.7182681810454270E-001                  3.0797482804065923E-001                  2.0198353854798068E-002                  9.5168540841137064E-024                  0.0000000000000000E+000                  0.0000000000000000E+000 
                                     366                  3.4219010561689522E-001                  8.7035625963093088E-001                  5.0443517188369080E+000                 -4.1475273014383092E+000                  9.0055649286068071E+000                  6.7182681810454270E-001                  3.0797482804065923E-001                  2.0198353854798068E-002                  9.7678501027307073E-024                  0.0000000000000000E+000                  0.0000000000000000E+000 
                                     367                  3.4178251378537527E-001                  8.6746674159500314E-001                  5.0541531838674612E+000                 -4.1312281926932624E+000                  9.0319689312256308E+000                  6.7182681810454270E-001                  3.0797482804065923E-001                  2.0198353854798068E-002                  1.0144330606957744E-023                  0.0000000000000000E+000                  0.0000000000000000E+000 
                                     368                  3.4096733012233565E-001                  8.6173257048297980E-001                  5.0638314668827071E+000                 -4.1150423671130421E+000                  9.0581085297564172E+000                  6.7182681810454270E-001                  3.0797482804065923E-001                  2.0198353854798068E-002                  1.0532607555595136E-023                  0.0000000000000000E+000                  0.0000000000000000E+000 
                                     369                  3.4055973829081587E-001                  8.5888715554951378E-001                  5.0701954715993143E+000                 -4.1045744796248824E+000                  9.0751119448153794E+000                  6.7182681810454270E-001                  3.0797482804065923E-001                  2.0198353854798068E-002                  1.0791627207028240E-023                  0.0000000000000000E+000                  0.0000000000000000E+000 
                                     370                  3.4015214645929603E-001                  8.5605449262507183E-001                  5.0764957092522707E+000                 -4.0942697253792204E+000                  9.0918792066778025E+000                  6.7182681810454270E-001                  3.0797482804065923E-001                  2.0198353854798068E-002                  1.1052855220212969E-023                  0.0000000000000000E+000                  0.0000000000000000E+000 
                                     371                  3.3974455462777620E-001                  8.5323370507773522E-001                  5.0827330616347055E+000                 -4.0841195593325272E+000                  9.1084205585822051E+000                  6.7182681810454270E-001                  3.0797482804065923E-001                  2.0198353854798068E-002                  1.1316369617361503E-023                  0.0000000000000000E+000                  0.0000000000000000E+000 
                                     372                  3.3933696279625636E-001                  8.5042396558409117E-001                  5.0919633424309581E+000                 -4.0693039488224061E+000                  9.1326837205024010E+000                  6.7182681810454270E-001                  3.0797482804065923E-001                  2.0198353854798068E-002                  1.1712370219646893E-023                  0.0000000000000000E+000                  0.0000000000000000E+000 
                                     373                  3.3852177913321668E-001                  8.4483333461400778E-001                  5.1010779611697989E+000                 -4.0545152897814960E+000                  9.1567873644747948E+000                  6.7182681810454270E-001                  3.0797482804065923E-001                  2.0198353854798068E-002                  1.2121525839742429E-023                  0.0000000000000000E+000                  0.0000000000000000E+000 
                                     374                  3.3811418730169684E-001                  8.4205221216697002E-001                  5.1070751422844936E+000                 -4.0449098011986155E+000                  9.1725166235263718E+000                  6.7182681810454270E-001                  3.0797482804065923E-001                  2.0198353854798068E-002                  1.2394936484812230E-023                  0.0000000000000000E+000                  0.0000000000000000E+000 
                                     375                  3.3770659547017701E-001                  8.3927923811555938E-001                  5.1159556029579463E+000                 -4.0308543739037122E+000                  9.1956328684487296E+000                  6.7182681810454270E-001                  3.0797482804065923E-001                  2.0198353854798068E-002                  1.2806209232874333E-023                  0.0000000000000000E+000                  0.0000000000000000E+000 
                                     376                  3.3689141180713722E-001                  8.3375403925787406E-001                  5.1247330997220271E+000                 -4.0167902998130440E+000                  9.2186423116058407E+000                  6.7182681810454270E-001                  3.0797482804065923E-001                  2.0198353854798068E-002                  1.3231451522666133E-023                  0.0000000000000000E+000                  0.0000000000000000E+000 
                                     377                  3.3648381997561727E-001                  8.3100177674767617E-001                  5.1305132664203796E+000                 -4.0076354117778203E+000                  9.2336841728922163E+000                  6.7182681810454270E-001                  3.0797482804065923E-001                  2.0198353854798068E-002                  1.3515849796259325E-023                  0.0000000000000000E+000                  0.0000000000000000E+000 
                                     378                  3.3607622814409732E-001                  8.2825525418385326E-001                  5.1390800853380787E+000                 -3.9942124132476007E+000                  9.2558270890701611E+000                  6.7182681810454270E-001                  3.0797482804065923E-001                  2.0198353854798068E-002                  1.3943974268414061E-023                  0.0000000000000000E+000                  0.0000000000000000E+000 
                                     379                  3.3526104448105731E-001                  8.2277615460394682E-001                  5.1503495494975082E+000                 -3.9764755494136881E+000                  9.2850235896506668E+000                  6.7182681810454270E-001                  3.0797482804065923E-001                  2.0198353854798068E-002                  1.4530649843282633E-023                  0.0000000000000000E+000                  0.0000000000000000E+000 
                                     380                  3.3444586081801742E-001                  8.1731373874220170E-001                  5.1586946782510159E+000                 -3.9632873258208789E+000                  9.3066901354592044E+000                  6.7182681810454270E-001                  3.0797482804065923E-001                  2.0198353854798068E-002                  1.4982886143795235E-023                  0.0000000000000000E+000                  0.0000000000000000E+000 
                                     381                  3.3403826898649758E-001                  8.1458810203607168E-001                  5.1641980066957194E+000                 -3.9546799351359820E+000                  9.3208861292117415E+000                  6.7182681810454270E-001                  3.0797482804065923E-001                  2.0198353854798068E-002                  1.5285638967599221E-023                  0.0000000000000000E+000                  0.0000000000000000E+000 
                                     382                  3.3363067715497763E-001                  8.1186519124781198E-001                  5.1723499583336565E+000                 -3.9420529542264053E+000                  9.3417877893643730E+000                  6.7182681810454270E-001                  3.0797482804065923E-001                  2.0198353854798068E-002                  1.5740930310925095E-023                  0.0000000000000000E+000                  0.0000000000000000E+000 
                                     383                  3.3281793007099153E-001                  8.0644096135274279E-001                  5.1804281947310740E+000                 -3.9293779540794365E+000                  9.3626566870876857E+000                  6.7182681810454270E-001                  3.0797482804065923E-001                  2.0198353854798068E-002                  1.6211654994687249E-023                  0.0000000000000000E+000                  0.0000000000000000E+000 
                                     384                  3.3241155652899851E-001                  8.0373169059142990E-001                  5.1857601616926203E+000                 -3.9210925611357355E+000                  9.3763484136878663E+000                  6.7182681810454270E-001                  3.0797482804065923E-001                  2.0198353854798068E-002                  1.6526975705792931E-023                  0.0000000000000000E+000                  0.0000000000000000E+000 
                                     385                  3.3200518298700543E-001                  8.0102341194275406E-001                  5.1936804949201978E+000                 -3.9088963882357919E+000                  9.3965726487864707E+000                  6.7182681810454270E-001                  3.0797482804065923E-001                  2.0198353854798068E-002                  1.7002375806348082E-023                  0.0000000000000000E+000                  0.0000000000000000E+000 
                                     386                  3.3119243590301900E-001                  7.9560720943497309E-001                  5.2041370176169659E+000                 -3.8927046340987146E+000                  9.4233567720235030E+000                  6.7182681810454270E-001                  3.0797482804065923E-001                  2.0198353854798068E-002                  1.7654818089687977E-023                  0.0000000000000000E+000                  0.0000000000000000E+000 
                                     387                  3.3037968881903257E-001                  7.9019028441352768E-001                  5.2144656585556808E+000                 -3.8767450678394817E+000                  9.4497735289431546E+000                  6.7182681810454270E-001                  3.0797482804065923E-001                  2.0198353854798068E-002                  1.8322520306939753E-023                  0.0000000000000000E+000                  0.0000000000000000E+000 
                                     388                  3.2956694173504641E-001                  7.8476965706396584E-001                  5.2221446670541880E+000                 -3.8648132781513316E+000                  9.4694761317346892E+000                  6.7182681810454270E-001                  3.0797482804065923E-001                  2.0198353854798068E-002                  1.8838238208022478E-023                  0.0000000000000000E+000                  0.0000000000000000E+000 
                                     389                  3.2916056819305339E-001                  7.8205755593609094E-001                  5.2272203695339643E+000                 -3.8569936198855648E+000                  9.4824311267742232E+000                  6.7182681810454270E-001                  3.0797482804065923E-001                  2.0198353854798068E-002                  1.9184108243800796E-023                  0.0000000000000000E+000                  0.0000000000000000E+000 
                                     390                  3.2875419465106037E-001                  7.7934345802832583E-001                  5.2347706496530320E+000                 -3.8454549171530084E+000                  9.5016073732273014E+000                  6.7182681810454270E-001                  3.0797482804065923E-001                  2.0198353854798068E-002                  1.9706165314110789E-023                  0.0000000000000000E+000                  0.0000000000000000E+000 
                                     391                  3.2794144756707433E-001                  7.7390690511280469E-001                  5.2447622684198105E+000                 -3.8300884183596282E+000                  9.5270770617563709E+000                  6.7182681810454270E-001                  3.0797482804065923E-001                  2.0198353854798068E-002                  2.0423644255195885E-023                  0.0000000000000000E+000                  0.0000000000000000E+000 
                                     392                  3.2712870048308829E-001                  7.6845830753181099E-001                  5.2540382331378979E+000                 -3.8158134081752810E+000                  9.5507284582694822E+000                  6.7182681810454270E-001                  3.0797482804065923E-001                  2.0198353854798068E-002                  2.1113667176709268E-023                  0.0000000000000000E+000                  0.0000000000000000E+000 
                                     393                  3.2641860918206894E-001                  7.6368625248318867E-001                  5.2626133971682085E+000                 -3.8026538214027918E+000                  9.5725538092622138E+000                  6.7182681810454270E-001                  3.0797482804065923E-001                  2.0198353854798068E-002                  2.1770515011266744E-023                  0.0000000000000000E+000                  0.0000000000000000E+000 
                                     394                  3.2570851788104960E-001                  7.5890125929680041E-001                  5.2711239934979535E+000                 -3.7896041666885671E+000                  9.5942018919582743E+000                  6.7182681810454270E-001                  3.0797482804065923E-001                  2.0198353854798068E-002                  2.2442160735822155E-023                  0.0000000000000000E+000                  0.0000000000000000E+000 
                                     395                  3.2499842658003025E-001                  7.5410162116795876E-001                  5.2774773056717477E+000                 -3.7798100224554547E+000                  9.6104133242068972E+000                  6.7182681810454270E-001                  3.0797482804065923E-001                  2.0198353854798068E-002                  2.2959900515378236E-023                  0.0000000000000000E+000                  0.0000000000000000E+000 
                                     396                  3.2464338092952061E-001                  7.5169611225643485E-001                  5.2816883336793685E+000                 -3.7733618276105392E+000                  9.6211145944671461E+000                  6.7182681810454270E-001                  3.0797482804065923E-001                  2.0198353854798068E-002                  2.3307304640169913E-023                  0.0000000000000000E+000                  0.0000000000000000E+000 
                                     397                  3.2428833527901091E-001                  7.4928630822351971E-001                  5.2879693052396366E+000                 -3.7638057348625278E+000                  9.6370138595058599E+000                  6.7182681810454270E-001                  3.0797482804065923E-001                  2.0198353854798068E-002                  2.3831894033720099E-023                  0.0000000000000000E+000                  0.0000000000000000E+000 
                                     398                  3.2357824397799001E-001                  7.4445231357657171E-001                  5.2963129071346877E+000                 -3.7510398400380947E+000                  9.6582041135941168E+000                  6.7182681810454270E-001                  3.0797482804065923E-001                  2.0198353854798068E-002                  2.4551258726271045E-023                  0.0000000000000000E+000                  0.0000000000000000E+000 
                                     399                  3.2286815267696906E-001                  7.3959862815022182E-001                  5.3046092453248974E+000                 -3.7383542652382826E+000                  9.6792647684949209E+000                  6.7182681810454270E-001                  3.0797482804065923E-001                  2.0198353854798068E-002                  2.9463306101104669E-023                  0.0000000000000000E+000                  0.0000000000000000E+000 
                                     400                  3.2215806137594805E-001                  7.3472357928870868E-001                  5.3128622606677576E+000                 -3.7257423063298023E+000                  9.7002066205369566E+000                  6.7182681810454270E-001                  3.0797482804065923E-001                  2.0198353854798068E-002                  4.3088878774668048E-023                  0.0000000000000000E+000                  0.0000000000000000E+000 
                                     401                  3.2144797007492698E-001                  7.2982549196116464E-001                  5.3210757441012708E+000                 -3.7131974643514534E+000                  9.7210401037616716E+000                  6.7182681810454270E-001                  3.0797482804065923E-001                  2.0198353854798068E-002                  6.2756995477582277E-023                  0.0000000000000000E+000                  0.0000000000000000E+000 
                                     402                  3.2073787877390575E-001                  7.2490268491187870E-001                  5.3272233520879730E+000                 -3.7037567319720743E+000                  9.7366835927350639E+000                  6.7182681810454270E-001                  3.0797482804065923E-001                  2.0198353854798068E-002                  8.3041655869543828E-023                  0.0000000000000000E+000                  0.0000000000000000E+000 
                                     403                  3.2038283312339522E-001                  7.2243182433168951E-001                  5.3313037735064324E+000                 -3.6975301482810048E+000                  9.7470270218720501E+000                  6.7182681810454270E-001                  3.0797482804065923E-001                  2.0198353854798068E-002                  9.9928017367444451E-023                  0.0000000000000000E+000                  0.0000000000000000E+000 
                                     404                  3.2002778747288463E-001                  7.1995414879915842E-001                  5.3373983572851422E+000                 -3.6882865421861526E+000                  9.7624193603926965E+000                  6.7182681810454270E-001                  3.0797482804065923E-001                  2.0198353854798068E-002                  1.3160029282414409E-022                  0.0000000000000000E+000                  0.0000000000000000E+000 
                                     405                  3.1931769617186340E-001                  7.1497680942679409E-001                  5.3455146562647169E+000                 -3.6759057667278898E+000                  9.7829872637046158E+000                  6.7182681810454270E-001                  3.0797482804065923E-001                  2.0198353854798068E-002                  1.8955473585843305E-022                  0.0000000000000000E+000                  0.0000000000000000E+000 
                                     406                  3.1860760487084216E-001                  7.0996963182060258E-001                  5.3536053283267924E+000                 -3.6635677386060261E+000                  9.8034856195212434E+000                  6.7182681810454270E-001                  3.0797482804065923E-001                  2.0198353854798068E-002                  2.7212783807796592E-022                  0.0000000000000000E+000                  0.0000000000000000E+000 
                                     407                  3.1789751356982265E-001                  7.0493087267655363E-001                  5.3616736233615736E+000                 -3.6512667057565102E+000                  9.8239235607562083E+000                  6.7182681810454270E-001                  3.0797482804065923E-001                  2.0198353854798068E-002                  3.8944828968734657E-022                  0.0000000000000000E+000                  0.0000000000000000E+000 
                                     408                  3.1718742226880325E-001                  6.9985876368233324E-001                  5.3697227461391819E+000                 -3.6389970360137891E+000                  9.8443100478153411E+000                  6.7182681810454270E-001                  3.0797482804065923E-001                  2.0198353854798068E-002                  5.5570015833806402E-022                  0.0000000000000000E+000                  0.0000000000000000E+000 
                                     409                  3.1647733096778391E-001                  6.9475150745468783E-001                  5.3777558915366219E+000                 -3.6267532216370015E+000                  9.8646538943187778E+000                  6.7182681810454270E-001                  3.0797482804065923E-001                  2.0198353854798068E-002                  7.9071255918427244E-022                  0.0000000000000000E+000                  0.0000000000000000E+000 
                                     410                  3.1576723966676462E-001                  6.8960727315514780E-001                  5.3852014766693586E+000                 -3.6153869237229865E+000                  9.8835271459883138E+000                  6.7182681810454270E-001                  3.0797482804065923E-001                  2.0198353854798068E-002                  1.0944830824412669E-021                  0.0000000000000000E+000                  0.0000000000000000E+000 
                                     411                  3.1515980414870975E-001                  6.8517619616323100E-001                  5.3920552019938253E+000                 -3.6049428999357978E+000                  9.9008810506261096E+000                  6.7182681810454270E-001                  3.0797482804065923E-001                  2.0198353854798068E-002                  1.4739367755043538E-021                  0.0000000000000000E+000                  0.0000000000000000E+000 
                                     412                  3.1455236863065494E-001                  6.8071549935255415E-001                  5.3989038782765739E+000                 -3.5945070668766075E+000                  9.9182212906591172E+000                  6.7182681810454270E-001                  3.0797482804065923E-001                  2.0198353854798068E-002                  1.9815588251775976E-021                  0.0000000000000000E+000                  0.0000000000000000E+000 
                                     413                  3.1394493311260002E-001                  6.7622396231786885E-001                  5.4057496270539023E+000                 -3.5840762720657251E+000                  9.9355531732308862E+000                  6.7182681810454270E-001                  3.0797482804065923E-001                  2.0198353854798068E-002                  2.6597305294107369E-021                  0.0000000000000000E+000                  0.0000000000000000E+000 
                                     414                  3.1333749759454516E-001                  6.7170033638793269E-001                  5.4108934442917898E+000                 -3.5762002466733018E+000                  9.9486141726413599E+000                  6.7182681810454270E-001                  3.0797482804065923E-001                  2.0198353854798068E-002                  3.3151769118673370E-021                  0.0000000000000000E+000                  0.0000000000000000E+000 
                                     415                  3.1303377983551789E-001                  6.6942633719825007E-001                  5.4143160919337445E+000                 -3.5709865197232307E+000                  9.9572779396404556E+000                  6.7182681810454270E-001                  3.0797482804065923E-001                  2.0198353854798068E-002                  3.8365231348569905E-021                  0.0000000000000000E+000                  0.0000000000000000E+000 
                                     416                  3.1273006207649062E-001                  6.6714383450839687E-001                  5.4194407352976155E+000                 -3.5632191789011500E+000                  9.9702109382514763E+000                  6.7182681810454270E-001                  3.0797482804065923E-001                  2.0198353854798068E-002                  4.7706320464644744E-021                  0.0000000000000000E+000                  0.0000000000000000E+000 
                                     417                  3.1212262655843603E-001                  6.6255215551111135E-001                  5.4296756601402771E+000                 -3.5477807845722880E+000                  9.9959658472990025E+000                  6.7182681810454270E-001                  3.0797482804065923E-001                  2.0198353854798068E-002                  7.3528119090952739E-021                  0.0000000000000000E+000                  0.0000000000000000E+000 
                                     418                  3.1090775552232619E-001                  6.5325522444750972E-001                  5.4400079201729952E+000                 -3.5318827909638721E+000                  1.0022276096308964E+001                  6.7182681810454270E-001                  3.0797482804065923E-001                  2.0198353854798068E-002                  1.1350432121238275E-020                  0.0000000000000000E+000                  0.0000000000000000E+000 
                                     419                  3.1030113274275228E-001                  6.4855760804915907E-001                  5.4468726627838722E+000                 -3.5214312310538753E+000                  1.0039645538025738E+001                  6.7182681810454270E-001                  3.0797482804065923E-001                  2.0198353854798068E-002                  1.5114531001361407E-020                  0.0000000000000000E+000                  0.0000000000000000E+000 
                                     420                  3.0969450996317838E-001                  6.4381978516406302E-001                  5.4537496678410449E+000                 -3.5109629099806625E+000                  1.0057043701157481E+001                  6.7182681810454270E-001                  3.0797482804065923E-001                  2.0198353854798068E-002                  2.0108214077388790E-020                  0.0000000000000000E+000                  0.0000000000000000E+000 
                                     421                  3.0908788718360403E-001                  6.3904024403128723E-001                  5.4606410464811628E+000                 -3.5004745555194816E+000                  1.0074476001376418E+001                  6.7182681810454270E-001                  3.0797482804065923E-001                  2.0198353854798068E-002                  2.6729242740167928E-020                  0.0000000000000000E+000                  0.0000000000000000E+000 
                                     422                  3.0848126440402979E-001                  6.3421742427221095E-001                  5.4675488945201343E+000                 -3.4899628215182816E+000                  1.0091947917706234E+001                  6.7182681810454270E-001                  3.0797482804065923E-001                  2.0198353854798068E-002                  3.5503486502180916E-020                  0.0000000000000000E+000                  0.0000000000000000E+000 
                                     423                  3.0787464162445560E-001                  6.2934971404550011E-001                  5.4744753060736784E+000                 -3.4794242979555809E+000                  1.0109465003478512E+001                  6.7182681810454270E-001                  3.0797482804065923E-001                  2.0198353854798068E-002                  4.7126231221568541E-020                  0.0000000000000000E+000                  0.0000000000000000E+000 
                                     424                  3.0726801884488147E-001                  6.2443544684688146E-001                  5.4796960150039826E+000                 -3.4714418486401004E+000                  1.0122707097142900E+001                  6.7182681810454270E-001                  3.0797482804065923E-001                  2.0198353854798068E-002                  5.8290252070241876E-020                  0.0000000000000000E+000                  0.0000000000000000E+000 
                                     425                  3.0696470745509441E-001                  6.2196061593182705E-001                  5.4831750735543361E+000                 -3.4661500758354307E+000                  1.0131503918003006E+001                  6.7182681810454270E-001                  3.0797482804065923E-001                  2.0198353854798068E-002                  6.7127979718466889E-020                  0.0000000000000000E+000                  0.0000000000000000E+000 
                                     426                  3.0666139606530729E-001                  6.1947349654674366E-001                  5.4883919763269287E+000                 -3.4582551932447023E+000                  1.0144654747690439E+001                  6.7182681810454270E-001                  3.0797482804065923E-001                  2.0198353854798068E-002                  8.2890300932913896E-020                  0.0000000000000000E+000                  0.0000000000000000E+000 
                                     427                  3.0605477328573316E-001                  6.1446087399073746E-001                  5.4988239460860449E+000                 -3.4425435154104389E+000                  1.0170876488873235E+001                  6.7182681810454270E-001                  3.0797482804065923E-001                  2.0198353854798068E-002                  1.2605310086595490E-019                  0.0000000000000000E+000                  0.0000000000000000E+000 
                                     428                  3.0484477868050697E-001                  6.0430049013919263E-001                  5.5094155261375075E+000                 -3.4262598316569859E+000                  1.0197829228937570E+001                  6.7182681810454270E-001                  3.0797482804065923E-001                  2.0198353854798068E-002                  1.9244694188196822E-019                  0.0000000000000000E+000                  0.0000000000000000E+000 
                                     429                  3.0423978137789387E-001                  5.9914056929984372E-001                  5.5147241392059536E+000                 -3.4181428133113867E+000                  1.0211293829685467E+001                  6.7182681810454270E-001                  3.0797482804065923E-001                  2.0198353854798068E-002                  2.3759405644586214E-019                  0.0000000000000000E+000                  0.0000000000000000E+000 
                                     430                  3.0393728272658738E-001                  5.9653948347396157E-001                  5.5182643158965448E+000                 -3.4127579960159529E+000                  1.0220244929436436E+001                  6.7182681810454270E-001                  3.0797482804065923E-001                  2.0198353854798068E-002                  2.7330408389827216E-019                  0.0000000000000000E+000                  0.0000000000000000E+000 
                                     431                  3.0363478407528088E-001                  5.9392374065244757E-001                  5.5235766847860344E+000                 -3.4047185863087046E+000                  1.0233636068998260E+001                  6.7182681810454270E-001                  3.0797482804065923E-001                  2.0198353854798068E-002                  3.3694810000233910E-019                  0.0000000000000000E+000                  0.0000000000000000E+000 
                                     432                  3.0302978677266901E-001                  5.8864649919290191E-001                  5.5307106518238234E+000                 -3.3938638349709298E+000                  1.0251677408286696E+001                  6.7182681810454270E-001                  3.0797482804065923E-001                  2.0198353854798068E-002                  4.4582243954721239E-019                  0.0000000000000000E+000                  0.0000000000000000E+000 
                                     433                  3.0242478947005713E-001                  5.8330729769879008E-001                  5.5382167189655824E+000                 -3.3824521382727486E+000                  1.0270650664368659E+001                  6.7182681810454270E-001                  3.0797482804065923E-001                  2.0198353854798068E-002                  5.9760464101257778E-019                  0.0000000000000000E+000                  0.0000000000000000E+000 
                                     434                  3.0176307367032607E-001                  5.7739363715325420E-001                  5.5461115295556214E+000                 -3.3704347234432190E+000                  1.0290621340242016E+001                  6.7182681810454270E-001                  3.0797482804065923E-001                  2.0198353854798068E-002                  8.1193854791420380E-019                  0.0000000000000000E+000                  0.0000000000000000E+000 
                                     435                  3.0110135787059494E-001                  5.7139987806911341E-001                  5.5526507944750003E+000                 -3.3604372581380573E+000                  1.0307206444536261E+001                  6.7182681810454270E-001                  3.0797482804065923E-001                  2.0198353854798068E-002                  1.0453065648038913E-018                  0.0000000000000000E+000                  0.0000000000000000E+000 
                                     436                  3.0067596914219530E-001                  5.6750342436262824E-001                  5.5577832502930322E+000                 -3.3526224253073353E+000                  1.0320191971917444E+001                  6.7182681810454270E-001                  3.0797482804065923E-001                  2.0198353854798068E-002                  1.2733943894725070E-018                  0.0000000000000000E+000                  0.0000000000000000E+000 
                                     437                  3.0025058041379571E-001                  5.6357157470126229E-001                  5.5654953752392631E+000                 -3.3409642749688855E+000                  1.0339620343498453E+001                  6.7182681810454270E-001                  3.0797482804065923E-001                  2.0198353854798068E-002                  1.7103342651992014E-018                  0.0000000000000000E+000                  0.0000000000000000E+000 
                                     438                  2.9939980295699636E-001                  5.5559550300393046E-001                  5.5762546254120720E+000                 -3.3245821611816324E+000                  1.0366842794476751E+001                  6.7182681810454270E-001                  3.0797482804065923E-001                  2.0198353854798068E-002                  2.5747884259602454E-018                  0.0000000000000000E+000                  0.0000000000000000E+000 
                                     439                  2.9849230700307905E-001                  5.4691777014278231E-001                  5.5847102126211103E+000                 -3.3115822841705267E+000                  1.0388361948918021E+001                  6.7182681810454270E-001                  3.0797482804065923E-001                  2.0198353854798068E-002                  3.5441971565923100E-018                  0.0000000000000000E+000                  0.0000000000000000E+000 
                                     440                  2.9803855902612025E-001                  5.4251171072557980E-001                  5.5903628107691388E+000                 -3.3029626450200404E+000                  1.0402677397376905E+001                  6.7182681810454270E-001                  3.0797482804065923E-001                  2.0198353854798068E-002                  4.3827350449330246E-018                  0.0000000000000000E+000                  0.0000000000000000E+000 
                                     441                  2.9758481104916146E-001                  5.3805802087690613E-001                  5.5976175896691576E+000                 -3.2919469750172654E+000                  1.0421003909243385E+001                  6.7182681810454270E-001                  3.0797482804065923E-001                  2.0198353854798068E-002                  5.7479467729118787E-018                  0.0000000000000000E+000                  0.0000000000000000E+000 
                                     442                  2.9687898086277953E-001                  5.3103076557906603E-001                  5.6065559295058867E+000                 -3.2783039478401603E+000                  1.0443654633902611E+001                  6.7182681810454270E-001                  3.0797482804065923E-001                  2.0198353854798068E-002                  8.0136542618612467E-018                  0.0000000000000000E+000                  0.0000000000000000E+000 
                                     443                  2.9617315067639760E-001                  5.2387906008458052E-001                  5.6155907165187360E+000                 -3.2645073042443515E+000                  1.0466556854113158E+001                  6.7182681810454270E-001                  3.0797482804065923E-001                  2.0198353854798068E-002                  1.1188296419536898E-017                  0.0000000000000000E+000                  0.0000000000000000E+000 
                                     444                  2.9546732049001717E-001                  5.1659686682541073E-001                  5.6224620539052559E+000                 -3.2539399790334751E+000                  1.0484049477004275E+001                  6.7182681810454270E-001                  3.0797482804065923E-001                  2.0198353854798068E-002                  1.4402327243058106E-017                  0.0000000000000000E+000                  0.0000000000000000E+000 
                                     445                  2.9511440539682682E-001                  5.1290574071566519E-001                  5.6270579190913930E+000                 -3.2469190003492141E+000                  1.0495702871635896E+001                  6.7182681810454270E-001                  3.0797482804065923E-001                  2.0198353854798068E-002                  1.7038551832976801E-017                  0.0000000000000000E+000                  0.0000000000000000E+000 
                                     446                  2.9476149030363646E-001                  5.0917956237640405E-001                  5.6346109176590033E+000                 -3.2354764170876864E+000                  1.0514759394924830E+001                  6.7182681810454270E-001                  3.0797482804065923E-001                  2.0198353854798068E-002                  2.2427439052964576E-017                  0.0000000000000000E+000                  0.0000000000000000E+000 
                                     447                  2.9395753910481048E-001                  5.0055259912256622E-001                  5.6452979536197336E+000                 -3.2191341181387694E+000                  1.0541875050567722E+001                  6.7182681810454270E-001                  3.0797482804065923E-001                  2.0198353854798068E-002                  3.3013238958210766E-017                  0.0000000000000000E+000                  0.0000000000000000E+000 
                                     448                  2.9315358790598456E-001                  4.9172810414645812E-001                  5.6534624254665840E+000                 -3.2065460567916162E+000                  1.0562693663354095E+001                  6.7182681810454270E-001                  3.0797482804065923E-001                  2.0198353854798068E-002                  4.4278656392053742E-017                  0.0000000000000000E+000                  0.0000000000000000E+000 
                                     449                  2.9275161230657243E-001                  4.8723971008111239E-001                  5.6589319666760858E+000                 -3.1981804406338932E+000                  1.0576573742374562E+001                  6.7182681810454270E-001                  3.0797482804065923E-001                  2.0198353854798068E-002                  5.3842504046691464E-017                  0.0000000000000000E+000                  0.0000000000000000E+000 
                                     450                  2.9234963670716030E-001                  4.8269746139997111E-001                  5.6671781690041705E+000                 -3.1856659195113037E+000                  1.0597403180523866E+001                  6.7182681810454270E-001                  3.0797482804065923E-001                  2.0198353854798068E-002                  7.2183735781632316E-017                  0.0000000000000000E+000                  0.0000000000000000E+000 
                                     451                  2.9154568550833604E-001                  4.7344136785914831E-001                  5.6770093449614221E+000                 -3.1705548516567665E+000                  1.0622427158258784E+001                  6.7182681810454270E-001                  3.0797482804065923E-001                  2.0198353854798068E-002                  1.0219420796120163E-016                  0.0000000000000000E+000                  0.0000000000000000E+000 
                                     452                  2.9094321208491208E-001                  4.6635256657828600E-001                  5.6855330063860867E+000                 -3.1575059692066851E+000                  1.0644071557282262E+001                  6.7182681810454270E-001                  3.0797482804065923E-001                  2.0198353854798068E-002                  1.3785224836761735E-016                  0.0000000000000000E+000                  0.0000000000000000E+000 
                                     453                  2.9034073866148835E-001                  4.5912492056265336E-001                  5.6941776946239164E+000                 -3.1442681846874994E+000                  1.0666027613430270E+001                  6.7182681810454270E-001                  3.0797482804065923E-001                  2.0198353854798068E-002                  1.8639536003868347E-016                  0.0000000000000000E+000                  0.0000000000000000E+000 
                                     454                  2.8973826523806234E-001                  4.5175167685708328E-001                  5.7007736582263133E+000                 -3.1341000152269842E+000                  1.0682848051682795E+001                  6.7182681810454270E-001                  3.0797482804065923E-001                  2.0198353854798068E-002                  2.3438199508931588E-016                  0.0000000000000000E+000                  0.0000000000000000E+000 
                                     455                  2.8943702852634928E-001                  4.4800911507178359E-001                  5.7051931237203153E+000                 -3.1273309061626904E+000                  1.0694074851094918E+001                  6.7182681810454270E-001                  3.0797482804065923E-001                  2.0198353854798068E-002                  2.7307116763644242E-016                  0.0000000000000000E+000                  0.0000000000000000E+000 
                                     456                  2.8913579181463617E-001                  4.4422742447162344E-001                  5.7118566473094763E+000                 -3.1171888196355639E+000                  1.0710938872578637E+001                  6.7182681810454270E-001                  3.0797482804065923E-001                  2.0198353854798068E-002                  3.4344284469630220E-016                  0.0000000000000000E+000                  0.0000000000000000E+000 
                                     457                  2.8853331839120994E-001                  4.3654076284612747E-001                  5.7209069330184015E+000                 -3.1033158305846453E+000                  1.0733941829987485E+001                  6.7182681810454270E-001                  3.0797482804065923E-001                  2.0198353854798068E-002                  4.6820254085097782E-016                  0.0000000000000000E+000                  0.0000000000000000E+000 
                                     458                  2.8793084496778376E-001                  4.2868522719272623E-001                  5.7301080450090556E+000                 -3.0892053927138079E+000                  1.0757335480426963E+001                  6.7182681810454270E-001                  3.0797482804065923E-001                  2.0198353854798068E-002                  6.4027119448838449E-016                  0.0000000000000000E+000                  0.0000000000000000E+000 
                                     459                  2.8732837154435875E-001                  4.2065188544031717E-001                  5.7394686749370534E+000                 -3.0748429912976070E+000                  1.0781143270650597E+001                  6.7182681810454270E-001                  3.0797482804065923E-001                  2.0198353854798068E-002                  8.7848706288960000E-016                  0.0000000000000000E+000                  0.0000000000000000E+000 
                                     460                  2.8672589812093363E-001                  4.1243111775628716E-001                  5.7474192522930423E+000                 -3.0625803701575567E+000                  1.0801429190867808E+001                  6.7182681810454270E-001                  3.0797482804065923E-001                  2.0198353854798068E-002                  1.1474973747177648E-015                  0.0000000000000000E+000                  0.0000000000000000E+000 
                                     461                  2.8632490247291026E-001                  4.0685177346859569E-001                  5.7538402943970519E+000                 -3.0527204815989961E+000                  1.0817769885316711E+001                  6.7182681810454270E-001                  3.0797482804065923E-001                  2.0198353854798068E-002                  1.4220701928328443E-015                  0.0000000000000000E+000                  0.0000000000000000E+000 
                                     462                  2.8592390682488694E-001                  4.0118159571567302E-001                  5.7635581857660583E+000                 -3.0379312484915340E+000                  1.0842369661323161E+001                  6.7182681810454270E-001                  3.0797482804065923E-001                  2.0198353854798068E-002                  1.9632540628811639E-015                  0.0000000000000000E+000                  0.0000000000000000E+000 
                                     463                  2.8512191552884031E-001                  3.8954827798119773E-001                  5.7736114595037700E+000                 -3.0223138202550439E+000                  1.0868136181413027E+001                  6.7182681810454270E-001                  3.0797482804065923E-001                  2.0198353854798068E-002                  2.7362533674639424E-015                  0.0000000000000000E+000                  0.0000000000000000E+000 
                                     464                  2.8472091988081760E-001                  3.8358426892729930E-001                  5.7803801383460964E+000                 -3.0119007647456000E+000                  1.0885384121977740E+001                  6.7182681810454270E-001                  3.0797482804065923E-001                  2.0198353854798068E-002                  3.4161902230863366E-015                  0.0000000000000000E+000                  0.0000000000000000E+000 
                                     465                  2.8431992423279490E-001                  3.7751446219560925E-001                  5.7872453101282284E+000                 -3.0013342953227555E+000                  1.0902883787514098E+001                  6.7182681810454270E-001                  3.0797482804065923E-001                  2.0198353854798068E-002                  4.2739413098650400E-015                  0.0000000000000000E+000                  0.0000000000000000E+000 
                                     466                  2.8391892858477247E-001                  3.7133455722997349E-001                  5.7974329162566907E+000                 -2.9857944430379844E+000                  1.0928714755651834E+001                  6.7182681810454270E-001                  3.0797482804065923E-001                  2.0198353854798068E-002                  5.9453027258857158E-015                  0.0000000000000000E+000                  0.0000000000000000E+000 
                                     467                  2.8314266022156320E-001                  3.5903363292063106E-001                  5.8077773553915755E+000                 -2.9696759266052517E+000                  1.0955282687824015E+001                  6.7182681810454270E-001                  3.0797482804065923E-001                  2.0198353854798068E-002                  8.2984348084117747E-015                  0.0000000000000000E+000                  0.0000000000000000E+000 
                                     468                  2.8276738750637748E-001                  3.5292610518440681E-001                  5.8145922615257248E+000                 -2.9591690953367240E+000                  1.0972675419235001E+001                  6.7182681810454270E-001                  3.0797482804065923E-001                  2.0198353854798068E-002                  1.0320640300624803E-014                  0.0000000000000000E+000                  0.0000000000000000E+000 
                                     469                  2.8239211479119175E-001                  3.4670525156345888E-001                  5.8215122864118234E+000                 -2.9484958693320440E+000                  1.0990341656024363E+001                  6.7182681810454270E-001                  3.0797482804065923E-001                  2.0198353854798068E-002                  1.2864984376338119E-014                  0.0000000000000000E+000                  0.0000000000000000E+000 
                                     470                  2.8201684207600591E-001                  3.4036633356915658E-001                  5.8285420860632762E+000                 -2.9376487857256812E+000                  1.1008293626226825E+001                  6.7182681810454270E-001                  3.0797482804065923E-001                  2.0198353854798068E-002                  1.6074930444422818E-014                  0.0000000000000000E+000                  0.0000000000000000E+000 
                                     471                  2.8164156936081997E-001                  3.3390431663786685E-001                  5.8356865628479193E+000                 -2.9266198833150989E+000                  1.1026544326138675E+001                  6.7182681810454270E-001                  3.0797482804065923E-001                  2.0198353854798068E-002                  2.0136003665575943E-014                  0.0000000000000000E+000                  0.0000000000000000E+000 
                                     472                  2.8126629664563402E-001                  3.2731384532666796E-001                  5.8447481196442794E+000                 -2.9126988625960286E+000                  1.1049627020642301E+001                  6.7182681810454270E-001                  3.0797482804065923E-001                  2.0198353854798068E-002                  2.6746084067311748E-014                  0.0000000000000000E+000                  0.0000000000000000E+000 
                                     473                  2.8070338757285396E-001                  3.1717159123998034E-001                  5.8538962543236419E+000                 -2.8984697519455875E+000                  1.1073105999493000E+001                  6.7182681810454270E-001                  3.0797482804065923E-001                  2.0198353854798068E-002                  3.5570570839436518E-014                  0.0000000000000000E+000                  0.0000000000000000E+000 
                                     474                  2.8034740705729672E-001                  3.1059465536308944E-001                  5.8610879791704358E+000                 -2.8873478045341807E+000                  1.1091501512619313E+001                  6.7182681810454270E-001                  3.0797482804065923E-001                  2.0198353854798068E-002                  4.4443364295025476E-014                  0.0000000000000000E+000                  0.0000000000000000E+000 
                                     475                  2.7999142654173953E-001                  3.0388294695353918E-001                  5.8674484172846357E+000                 -2.8774773721585198E+000                  1.1107805608334147E+001                  6.7182681810454270E-001                  3.0797482804065923E-001                  2.0198353854798068E-002                  5.4070926815962254E-014                  0.0000000000000000E+000                  0.0000000000000000E+000 
                                     476                  2.7972926420497946E-001                  2.9885096249137222E-001                  5.8729085104747680E+000                 -2.8690249188649277E+000                  1.1121782022898348E+001                  6.7182681810454270E-001                  3.0797482804065923E-001                  2.0198353854798068E-002                  6.3934752708649934E-014                  0.0000000000000000E+000                  0.0000000000000000E+000 
                                     477                  2.7946710186821933E-001                  2.9374002547695327E-001                  5.8795860228396934E+000                 -2.8587175497043065E+000                  1.1138846362810810E+001                  6.7182681810454270E-001                  3.0797482804065923E-001                  2.0198353854798068E-002                  7.8400837472614148E-014                  0.0000000000000000E+000                  0.0000000000000000E+000 
                                     478                  2.7909570522447524E-001                  2.8635799579773563E-001                  5.8875788259993715E+000                 -2.8463264584835519E+000                  1.1159326665367900E+001                  6.7182681810454270E-001                  3.0797482804065923E-001                  2.0198353854798068E-002                  9.9965857524936367E-014                  0.0000000000000000E+000                  0.0000000000000000E+000 
                                     479                  2.7872430858073122E-001                  2.7880382541879573E-001                  5.8953764275504739E+000                 -2.8342148048145077E+000                  1.1179331657536506E+001                  6.7182681810454270E-001                  3.0797482804065923E-001                  2.0198353854798068E-002                  1.2654622865189375E-013                  0.0000000000000000E+000                  0.0000000000000000E+000 
                                     480                  2.7838568222908255E-001                  2.7175912337220604E-001                  5.9029518151989633E+000                 -2.8224515893129749E+000                  1.1198765134196057E+001                  6.7182681810454270E-001                  3.0797482804065923E-001                  2.0198353854798068E-002                  1.5892071740711961E-013                  0.0000000000000000E+000                  0.0000000000000000E+000 
                                     481                  2.7804705587743384E-001                  2.6455687827331287E-001                  5.9120308054798798E+000                 -2.8083980824440316E+000                  1.1222014182155098E+001                  6.7182681810454270E-001                  3.0797482804065923E-001                  2.0198353854798068E-002                  2.0844935441235452E-013                  0.0000000000000000E+000                  0.0000000000000000E+000 
                                     482                  2.7758827178809992E-001                  2.5453148421930333E-001                  5.9220224737070986E+000                 -2.7928120841491610E+000                  1.1247722351141372E+001                  6.7182681810454270E-001                  3.0797482804065923E-001                  2.0198353854798068E-002                  2.8048204006989628E-013                  0.0000000000000000E+000                  0.0000000000000000E+000 
                                     483                  2.7719502828295900E-001                  2.4568237431418158E-001                  5.9288606568407962E+000                 -2.7820762090697744E+000                  1.1265387107689488E+001                  6.7182681810454270E-001                  3.0797482804065923E-001                  2.0198353854798068E-002                  3.4329480863002621E-013                  0.0000000000000000E+000                  0.0000000000000000E+000 
                                     484                  2.7702025339178526E-001                  2.4167069605141664E-001                  5.9331024607353227E+000                 -2.7754671632073138E+000                  1.1276295457532683E+001                  6.7182681810454270E-001                  3.0797482804065923E-001                  2.0198353854798068E-002                  3.8890359141155672E-013                  0.0000000000000000E+000                  0.0000000000000000E+000 
                                     485                  2.7684547850061159E-001                  2.3760786790593016E-001                  5.9400516516256046E+000                 -2.7647207884392180E+000                  1.1294087286921934E+001                  6.7182681810454270E-001                  3.0797482804065923E-001                  2.0198353854798068E-002                  4.7660645989862492E-013                  0.0000000000000000E+000                  0.0000000000000000E+000 
                                     486                  2.7645223499546989E-001                  2.2826873665397907E-001                  5.9508399804091887E+000                 -2.7479264822391509E+000                  1.1321821736347401E+001                  6.7182681810454270E-001                  3.0797482804065923E-001                  2.0198353854798068E-002                  6.5240500393182016E-013                  0.0000000000000000E+000                  0.0000000000000000E+000 
                                     487                  2.7598798919078937E-001                  2.1687513789708049E-001                  5.9604194364203398E+000                 -2.7328435046657176E+000                  1.1346620767067064E+001                  6.7182681810454270E-001                  3.0797482804065923E-001                  2.0198353854798068E-002                  8.6077893688129555E-013                  0.0000000000000000E+000                  0.0000000000000000E+000 
                                     488                  2.7571763428100432E-001                  2.1004915103600785E-001                  5.9675868713976419E+000                 -2.7216396494764168E+000                  1.1365097046448803E+001                  6.7182681810454270E-001                  3.0797482804065923E-001                  2.0198353854798068E-002                  1.0576467895968829E-012                  0.0000000000000000E+000                  0.0000000000000000E+000 
                                     489                  2.7544727937121927E-001                  2.0307222427056409E-001                  5.9759584862979596E+000                 -2.7085871900076466E+000                  1.1386646301964772E+001                  6.7182681810454270E-001                  3.0797482804065923E-001                  2.0198353854798068E-002                  1.3434094576713109E-012                  0.0000000000000000E+000                  0.0000000000000000E+000 
                                     490                  2.7509772958887152E-001                  1.9381445060347383E-001                  5.9834659900901359E+000                 -2.6967559310789353E+000                  1.1406098148141899E+001                  6.7182681810454270E-001                  3.0797482804065923E-001                  2.0198353854798068E-002                  1.6632490703072867E-012                  0.0000000000000000E+000                  0.0000000000000000E+000 
                                     491                  2.7490793498048677E-001                  1.8867282548231312E-001                  5.9888147276703751E+000                 -2.6883810630963927E+000                  1.1419904039220469E+001                  6.7182681810454270E-001                  3.0797482804065923E-001                  2.0198353854798068E-002                  1.9350006298926825E-012                  0.0000000000000000E+000                  0.0000000000000000E+000 
                                     492                  2.7471814037210207E-001                  1.8344551646123192E-001                  5.9973587178835839E+000                 -2.6751219804901138E+000                  1.1441841871797555E+001                  6.7182681810454270E-001                  3.0797482804065923E-001                  2.0198353854798068E-002                  2.4605473155662294E-012                  0.0000000000000000E+000                  0.0000000000000000E+000 
                                     493                  2.7430851172091353E-001                  1.7185063406742759E-001                  6.0084819258909796E+000                 -2.6576203400441969E+000                  1.1470643704131030E+001                  6.7182681810454270E-001                  3.0797482804065923E-001                  2.0198353854798068E-002                  3.3587566644733595E-012                  4.4862146182536450E-038                  0.0000000000000000E+000 
                                     494                  2.7396715451158971E-001                  1.6185050243988217E-001                  6.0176459510367843E+000                 -2.6431804668917391E+000                  1.1494396673108586E+001                  6.7182681810454270E-001                  3.0797482804065923E-001                  2.0198353854798068E-002                  4.3325605181794000E-012                  1.1857509955319895E-037                  0.0000000000000000E+000 
                                     495                  2.7370772303250313E-001                  1.5403167859906641E-001                  6.0257317941856554E+000                 -2.6304797512255158E+000                  1.1515317926287866E+001                  6.7182681810454270E-001                  3.0797482804065923E-001                  2.0198353854798068E-002                  5.4158638482788901E-012                  2.7796965782588310E-037                  0.0000000000000000E+000 
                                     496                  2.7344829155341666E-001                  1.4601126410019324E-001                  6.0346571474049684E+000                 -2.6164764350752963E+000                  1.1538398559373114E+001                  6.7182681810454270E-001                  3.0797482804065923E-001                  2.0198353854798068E-002                  6.9182362777758607E-012                  7.0761979971670268E-037                  0.0000000000000000E+000 
                                     497                  2.7314789720921184E-001                  1.3645690725744969E-001                  6.0430739414562629E+000                 -2.6031726166554918E+000                  1.1560264450357888E+001                  6.7182681810454270E-001                  3.0797482804065923E-001                  2.0198353854798068E-002                  8.7046199611611748E-012                  1.6986260356478363E-036                  0.0000000000000000E+000 
                                     498                  2.7293625573943109E-001                  1.2954588479380211E-001                  6.0501634403031099E+000                 -2.5920094405708975E+000                  1.1578642381417074E+001                  6.7182681810454270E-001                  3.0797482804065923E-001                  2.0198353854798068E-002                  1.0550458828320616E-011                  3.5360738870202386E-036                  0.0000000000000000E+000 
                                     499                  2.7272461426965033E-001                  1.2247706371730492E-001                  6.0583284233721013E+000                 -2.5791786215409727E+000                  1.1599785562003731E+001                  6.7182681810454270E-001                  3.0797482804065923E-001                  2.0198353854798068E-002                  1.3149831128010060E-011                  8.1871012261493094E-036                  0.0000000000000000E+000 
                                     500                  2.7245835564637794E-001                  1.1334667943424823E-001                  6.0676869527784856E+000                 -2.5644133879521123E+000                  1.1624081349858082E+001                  6.7182681810454270E-001                  3.0797482804065923E-001                  2.0198353854798068E-002                  1.6901813228491210E-011                  2.1298964949042591E-035                  0.0000000000000000E+000 
                                     501                  2.7219209702310559E-001                  1.0393801584279487E-001                  6.0767012742902438E+000                 -2.5501490517244414E+000                  1.1647529111379233E+001                  6.7182681810454270E-001                  3.0797482804065923E-001                  2.0198353854798068E-002                  2.1493176351109664E-011                  5.3163138710972106E-035                  0.0000000000000000E+000 
                                     502                  2.7195997412076495E-001                  9.5495546232800196E-002                  6.0831715218998248E+000                 -2.5398533219368113E+000                  1.1664418154372163E+001                  6.7182681810454270E-001                  3.0797482804065923E-001                  2.0198353854798068E-002                  2.5518914703050257E-011                  1.0213042834109955E-034                  0.0000000000000000E+000 
                                     503                  2.7184391266959451E-001                  9.1187150440202966E-002                  6.0875303297875476E+000                 -2.5329606279593619E+000                  1.1675754274560630E+001                  6.7182681810454270E-001                  3.0797482804065923E-001                  2.0198353854798068E-002                  2.8632383231305104E-011                  1.5825300587211339E-034                  0.0000000000000000E+000 
                                     504                  2.7172785121842413E-001                  8.6817573408925167E-002                  6.0932686295529628E+000                 -2.5239184829570345E+000                  1.1690647992426118E+001                  6.7182681810454270E-001                  3.0797482804065923E-001                  2.0198353854798068E-002                  3.3297353361873250E-011                  2.8103731597400299E-034                  0.0000000000000000E+000 
                                     505                  2.7154185651133211E-001                  7.9681811137486430E-002                  6.1005002201057099E+000                 -2.5124658569541722E+000                  1.1709476582596631E+001                  6.7182681810454270E-001                  3.0797482804065923E-001                  2.0198353854798068E-002                  4.0244053223351433E-011                  5.7758396451292713E-034                  0.0000000000000000E+000 
                                     506                  2.7135586180424009E-001                  7.2376352909262240E-002                  6.1089002896217401E+000                 -2.4991919916592784E+000                  1.1731322008156203E+001                  6.7182681810454270E-001                  3.0797482804065923E-001                  2.0198353854798068E-002                  5.0088345343852615E-011                  1.3269774343587689E-033                  0.0000000000000000E+000 
                                     507                  2.7111870313494052E-001                  6.2799966046883302E-002                  6.1186046245829120E+000                 -2.4837897200430774E+000                  1.1756630422271103E+001                  6.7182681810454270E-001                  3.0797482804065923E-001                  2.0198353854798068E-002                  6.4401815327496120E-011                  3.4470622777430854E-033                  0.0000000000000000E+000 
                                     508                  2.7088154446564094E-001                  5.2914739161668438E-002                  6.1270165440108624E+000                 -2.4703573262110803E+000                  1.1778652564510541E+001                  6.7182681810454270E-001                  3.0797482804065923E-001                  2.0198353854798068E-002                  7.9983904632957683E-011                  7.8428227135204701E-033                  0.0000000000000000E+000 
                                     509                  2.7072045555819191E-001                  4.6015505676567904E-002                  6.1339534006354475E+000                 -2.4593274163590655E+000                  1.1796769557360921E+001                  6.7182681810454270E-001                  3.0797482804065923E-001                  2.0198353854798068E-002                  9.5530358722064005E-011                  1.5387002373225986E-032                  0.0000000000000000E+000 
                                     510                  2.7055936665074293E-001                  3.8957119023692269E-002                  6.1425035743485719E+000                 -2.4457812994546124E+000                  1.1819055464062943E+001                  6.7182681810454270E-001                  3.0797482804065923E-001                  2.0198353854798068E-002                  1.1875613174762076E-010                  3.5137303633090182E-032                  0.0000000000000000E+000 
                                     511                  2.7033115736519059E-001                  2.8667467646366244E-002                  6.1502985998875905E+000                 -2.4332582311111648E+000                  1.1839547403587712E+001                  6.7182681810454270E-001                  3.0797482804065923E-001                  2.0198353854798068E-002                  1.4471188053854461E-010                  7.4283438242459478E-032                  0.0000000000000000E+000 
                                     512                  2.7021705272241436E-001                  2.3391978988626341E-002                  6.1555641960344021E+000                 -2.4248627612391718E+000                  1.1853328880655575E+001                  6.7182681810454270E-001                  3.0797482804065923E-001                  2.0198353854798068E-002                  1.6525953634923568E-010                  1.2285096956117787E-031                  0.0000000000000000E+000 
                                     513                  2.7010294807963819E-001                  1.8023738477665231E-002                  6.1601341753779124E+000                 -2.4175535505510393E+000                  1.1865313541653867E+001                  6.7182681810454270E-001                  3.0797482804065923E-001                  2.0198353854798068E-002                  1.8537967096651346E-010                  1.8981396897833014E-031                  0.0000000000000000E+000 
                                     514                  2.7002240362591362E-001                  1.4177026999040183E-002                  6.1639577073929992E+000                 -2.4114503490872070E+000                  1.1875329674506151E+001                  6.7182681810454270E-001                  3.0797482804065923E-001                  2.0198353854798068E-002                  2.0402023261784846E-010                  2.7283930540132270E-031                  0.0000000000000000E+000 
                                     515                  2.6994185917218899E-001                  1.0281197924494475E-002                  6.1697492404432284E+000                 -2.4022559585834804E+000                  1.1890453538720402E+001                  6.7182681810454270E-001                  3.0797482804065923E-001                  2.0198353854798068E-002                  2.3574359010810607E-010                  4.7171968388253178E-031                  0.0000000000000000E+000 
                                     516                  2.6978077026473979E-001                  2.3350423727599582E-003                  6.1807254790891415E+000                 -2.3848675730027735E+000                  1.1919086053329584E+001                  6.7182681810454270E-001                  3.0797482804065923E-001                  2.0198353854798068E-002                  3.0950197970503752E-010                  1.3227194615514704E-030                  0.0000000000000000E+000 
                                     517                  2.6949438998483077E-001                 -1.2335276812100690E-002                  6.1911494643064069E+000                 -2.3679272118000236E+000                  1.1946704669954876E+001                  6.7182681810454270E-001                  3.0797482804065923E-001                  2.0198353854798068E-002                  4.0043220644219015E-010                  3.4975648717213778E-030                  0.0000000000000000E+000 
                                     518                  2.6937804799611731E-001                 -1.8496876672238604E-002                  6.1972566867871404E+000                 -2.3581331409855766E+000                  1.1962760503266017E+001                  6.7182681810454270E-001                  3.0797482804065923E-001                  2.0198353854798068E-002                  4.6511585974091820E-010                  6.1591933069519020E-030                  0.0000000000000000E+000 
                                     519                  2.6926170600740384E-001                 -2.4785763542242718E-002                  6.2061381080893252E+000                 -2.3439936530607817E+000                  1.1986012595746827E+001                  6.7182681810454270E-001                  3.0797482804065923E-001                  2.0198353854798068E-002                  5.7748017173650407E-010                  1.3957708192823877E-029                  0.0000000000000000E+000 
                                     520                  2.6904515180087829E-001                 -3.6855875368437076E-002                  6.2151923580172852E+000                 -2.3292892699382728E+000                  1.2010007297433894E+001                  6.7182681810454270E-001                  3.0797482804065923E-001                  2.0198353854798068E-002                  7.1950588559340676E-010                  3.1981053553683594E-029                  0.0000000000000000E+000 
                                     521                  2.6893687469761557E-001                 -4.3071692616392758E-002                  6.2213241736725937E+000                 -2.3194177221727452E+000                  1.2026175482122445E+001                  6.7182681810454270E-001                  3.0797482804065923E-001                  2.0198353854798068E-002                  8.3421951260604547E-010                  5.5883097208391710E-029                  0.0000000000000000E+000 
                                     522                  2.6882859759435279E-001                 -4.9417213681539819E-002                  6.2291501758108661E+000                 -2.3068671498786588E+000                  1.2046767431153034E+001                  6.7182681810454270E-001                  3.0797482804065923E-001                  2.0198353854798068E-002                  1.0065404718799124E-009                  1.1349580357388701E-028                  0.0000000000000000E+000 
                                     523                  2.6866536128494872E-001                 -5.9243887488643947E-002                  6.2388681621154092E+000                 -2.2911745992406547E+000                  1.2072449857337478E+001                  6.7182681810454270E-001                  3.0797482804065923E-001                  2.0198353854798068E-002                  1.2693729811114900E-009                  2.7207014905099353E-028                  0.0000000000000000E+000 
                                     524                  2.6850212497554465E-001                 -6.9398909483262591E-002                  6.2474774910530213E+000                 -2.2771840255506062E+000                  1.2095295048542175E+001                  6.7182681810454270E-001                  3.0797482804065923E-001                  2.0198353854798068E-002                  1.5573073868522693E-009                  5.8729945182833936E-028                  0.0000000000000000E+000 
                                     525                  2.6838552761168377E-001                 -7.6863969534170948E-002                  6.2548072208224053E+000                 -2.2653117333313757E+000                  1.2114711429019533E+001                  6.7182681810454270E-001                  3.0797482804065923E-001                  2.0198353854798068E-002                  1.8514312942697864E-009                  1.1262677952547783E-027                  0.0000000000000000E+000 
                                     526                  2.6826893024782283E-001                 -8.4517040776331209E-002                  6.2639461891772594E+000                 -2.2505629304700263E+000                  1.2138873957352805E+001                  6.7182681810454270E-001                  3.0797482804065923E-001                  2.0198353854798068E-002                  2.2940285330392668E-009                  2.5235301887219977E-027                  0.0000000000000000E+000 
                                     527                  2.6810103004386332E-001                 -9.5891468564734170E-002                  6.2723686834869774E+000                 -2.2367438287327843E+000                  1.2161370210241794E+001                  6.7182681810454270E-001                  3.0797482804065923E-001                  2.0198353854798068E-002                  2.7931747500522497E-009                  5.2847987734431863E-027                  0.0000000000000000E+000 
                                     528                  2.6801707994188362E-001                 -1.0173931626764220E-001                  6.2780675762343643E+000                 -2.2274679588586821E+000                  1.2176522441491345E+001                  6.7182681810454270E-001                  3.0797482804065923E-001                  2.0198353854798068E-002                  3.1885472591130526E-009                  8.6900484537946090E-027                  0.0000000000000000E+000 
                                     529                  2.6793312983990386E-001                 -1.0770190238291295E-001                  6.2854712037945308E+000                 -2.2154634523548697E+000                  1.2196166581917488E+001                  6.7182681810454270E-001                  3.0797482804065923E-001                  2.0198353854798068E-002                  3.7835749364285142E-009                  1.6527686070909842E-026                  0.0000000000000000E+000 
                                     530                  2.6780254079238081E-001                 -1.1721861898029209E-001                  6.2947705045259283E+000                 -2.2002736503096707E+000                  1.2220956739179107E+001                  6.7182681810454270E-001                  3.0797482804065923E-001                  2.0198353854798068E-002                  4.6861126424469601E-009                  3.6882754157291700E-026                  0.0000000000000000E+000 
                                     531                  2.6767195174485775E-001                 -1.2704296829989012E-001                  6.3041139657992744E+000                 -2.1838604331213194E+000                  1.2246996129687499E+001                  6.7182681810452327E-001                  3.0797482804067861E-001                  2.0198353854798068E-002                  5.8172728194863405E-009                  8.2382924523686687E-026                  0.0000000000000000E+000 
                                     532                  2.6753669880278019E-001                 -1.3755340293743284E-001                  6.3135540545427826E+000                 -2.1661323987336329E+000                  1.2274428489505233E+001                  6.7182681810449474E-001                  3.0797482804070725E-001                  2.0198353854798068E-002                  7.2466906484283702E-009                  1.8500120939862642E-025                  0.0000000000000000E+000 
                                     533                  2.6740144586070264E-001                 -1.4841631222353127E-001                  6.3212527337377544E+000                 -2.1507394443627663E+000                  1.2297716322743426E+001                  6.7182681810446221E-001                  3.0797482804073967E-001                  2.0198353854798068E-002                  8.6785631000888864E-009                  3.5714169911729996E-025                  0.0000000000000000E+000 
                                     534                  2.6731632978508496E-001                 -1.5543572687936491E-001                  6.3272009785296017E+000                 -2.1385446570885085E+000                  1.2316005367853188E+001                  6.7182681810443368E-001                  3.0797482804076826E-001                  2.0198353854798068E-002                  9.9765391528474155E-009                  5.9258893774820588E-025                  0.0000000000000000E+000 
                                     535                  2.6723121370946723E-001                 -1.6260351395691264E-001                  6.3331735785056713E+000                 -2.1259399707241151E+000                  1.2334721654636667E+001                  6.7182681810440836E-001                  3.0797482804079357E-001                  2.0198353854798068E-002                  1.1478412578304056E-008                  9.8393345653848735E-025                  0.0000000000000000E+000 
                                     536                  2.6714609763384961E-001                 -1.6992349848476049E-001                  6.3391809664409884E+000                 -2.1129185813619782E+000                  1.2353882777616523E+001                  6.7182681810436951E-001                  3.0797482804083248E-001                  2.0198353854798068E-002                  1.3220329005228256E-008                  1.6361995511082275E-024                  0.0000000000000000E+000 
                                     537                  2.6706098155823194E-001                 -1.7739970102666924E-001                  6.3441613870566815E+000                 -2.1018076257101304E+000                  1.2370076562870656E+001                  6.7182681810432598E-001                  3.0797482804087589E-001                  2.0198353854798068E-002                  1.4867825907199937E-008                  2.4919127523639363E-024                  0.0000000000000000E+000 
                                     538                  2.6700618079721772E-001                 -1.8229672804176741E-001                  6.3500249183595896E+000                 -2.0886831692507233E+000                  1.2389184960137948E+001                  6.7182681810427347E-001                  3.0797482804092835E-001                  2.0198353854798179E-002                  1.7065920628648620E-008                  4.0814600839939930E-024                  0.0000000000000000E+000 
                                     539                  2.6689657927518939E-001                 -1.9229954017614492E-001                  6.3559897673786958E+000                 -2.0747344243968442E+000                  1.2409206109401229E+001                  6.7182681810421374E-001                  3.0797482804098819E-001                  2.0198353854798068E-002                  1.9652283945637499E-008                  6.7370029832403461E-024                  0.0000000000000000E+000 
                                     540                  2.6684177851417518E-001                 -1.9740302371188972E-001                  6.3600135007260201E+000                 -2.0652771966344026E+000                  1.2422758803706833E+001                  6.7182681810416889E-001                  3.0797482804103304E-001                  2.0198353854798068E-002                  2.1610714410092238E-008                  9.4363157529083931E-024                  0.0000000000000000E+000 
                                     541                  2.6678620043740187E-001                 -2.0265174391880211E-001                  6.3640962484061179E+000                 -2.0555536999742330E+000                  1.2436634749072969E+001                  6.7182681810411726E-001                  3.0797482804108478E-001                  2.0198353854797957E-002                  2.3798518077585199E-008                  1.3273195903504481E-023                  0.0000000000000000E+000 
                                     542                  2.6673062236062856E-001                 -2.0797512299470847E-001                  6.3702538827880657E+000                 -2.0408211292406122E+000                  1.2457628885689127E+001                  6.7182681810402844E-001                  3.0797482804117343E-001                  2.0198353854798068E-002                  2.7515479075975559E-008                  2.2165988312227301E-023                  0.0000000000000000E+000 
                                     543                  2.6661946620708188E-001                 -2.1885728924873254E-001                  6.3765169918023803E+000                 -2.0251982425647452E+000                  1.2479603823896642E+001                  6.7182681810392630E-001                  3.0797482804127563E-001                  2.0198353854798068E-002                  3.1920583399234793E-008                  3.7311238992281213E-023                  0.0000000000000000E+000 
                                     544                  2.6656466544606772E-001                 -2.2433451938223048E-001                  6.3806795194991350E+000                 -2.0147878610826844E+000                  1.2494235398824328E+001                  6.7182681810384859E-001                  3.0797482804135334E-001                  2.0198353854798068E-002                  3.5222578168853690E-008                  5.2674730337097488E-023                  0.0000000000000000E+000 
                                     545                  2.6650986468505350E-001                 -2.2988970387290428E-001                  6.3869632555810689E+000                 -1.9990230317514199E+000                  1.2516371616271636E+001                  6.7182681810371614E-001                  3.0797482804148579E-001                  2.0198353854798068E-002                  4.0850293468739340E-008                  8.8486611690695908E-023                  0.0000000000000000E+000 
                                     546                  2.6640026316302512E-001                 -2.4124625732247479E-001                  6.3938016514327360E+000                 -1.9811774569870002E+000                  1.2541132313409275E+001                  6.7182681810355316E-001                  3.0797482804164883E-001                  2.0198353854798068E-002                  4.8045731258681185E-008                  1.5544398755281399E-022                  0.0000000000000000E+000 
                                     547                  2.6633496863926315E-001                 -2.4816364474358127E-001                  6.3989549881362864E+000                 -1.9676484038579398E+000                  1.2559870536096765E+001                  6.7182681810340950E-001                  3.0797482804179255E-001                  2.0198353854797957E-002                  5.4279572193647160E-008                  2.3727822223746846E-022                  0.0000000000000000E+000 
                                     548                  2.6626967411550123E-001                 -2.5519990817602217E-001                  6.4041663101045021E+000                 -1.9537760155532917E+000                  1.2579005555302238E+001                  6.7182681810324829E-001                  3.0797482804195364E-001                  2.0198353854798068E-002                  6.1409322142809908E-008                  3.6350310046330010E-022                  0.0000000000000000E+000 
                                     549                  2.6620437959173926E-001                 -2.6235736602486742E-001                  6.4094366494731529E+000                 -1.9395489582141106E+000                  1.2598549455945257E+001                  6.7182681810305989E-001                  3.0797482804214193E-001                  2.0198353854798179E-002                  6.9576502322130741E-008                  5.5891965530015401E-022                  0.0000000000000000E+000 
                                     550                  2.6613908506797740E-001                 -2.6963831199007232E-001                  6.4147672396730897E+000                 -1.9249558426359858E+000                  1.2618514596681905E+001                  6.7182681810285716E-001                  3.0797482804234472E-001                  2.0198353854798068E-002                  7.8947216092271165E-008                  8.6260576104531078E-022                  0.0000000000000000E+000 
                                     551                  2.6607379054421554E-001                 -2.7704500870340998E-001                  6.4201596051833807E+000                 -1.9099853421939230E+000                  1.2638913595376536E+001                  6.7182681810260891E-001                  3.0797482804259291E-001                  2.0198353854798179E-002                  8.9716940968048865E-008                  1.3363995750406267E-021                  0.0000000000000000E+000 
                                     552                  2.6600849602045373E-001                 -2.8457968269813932E-001                  6.4256155662323913E+000                 -1.8946262144937813E+000                  1.2659759312103981E+001                  6.7182681810231470E-001                  3.0797482804288728E-001                  2.0198353854798068E-002                  1.0211625310710792E-007                  2.0785913487175014E-021                  0.0000000000000000E+000 
                                     553                  2.6594320149669198E-001                 -2.9224451921340322E-001                  6.4311372430545513E+000                 -1.8788673209106483E+000                  1.2681064829547521E+001                  6.7182681810200262E-001                  3.0797482804319937E-001                  2.0198353854798068E-002                  1.1641777211768845E-007                  3.2461377697044433E-021                  0.0000000000000000E+000 
                                     554                  2.6587790697293034E-001                 -3.0004165679439143E-001                  6.4365948509908470E+000                 -1.8630707799232442E+000                  1.2702337384779945E+001                  6.7182681810167699E-001                  3.0797482804352500E-001                  2.0198353854798068E-002                  1.3253138146746307E-007                  5.0372171413450597E-021                  0.0000000000000000E+000 
                                     555                  2.6581572171220447E-001                 -3.0759212770732342E-001                  6.4419827759986896E+000                 -1.8472894658451187E+000                  1.2723519490373432E+001                  6.7182681810129963E-001                  3.0797482804390242E-001                  2.0198353854797957E-002                  1.5062814156778974E-007                  7.7631377187071703E-021                  0.0000000000000000E+000 
                                     556                  2.6575353645147859E-001                 -3.1526623681477689E-001                  6.4474375191915181E+000                 -1.8311168121730867E+000                  1.2745154327146206E+001                  6.7182681810087241E-001                  3.0797482804432957E-001                  2.0198353854798068E-002                  1.7147366476616249E-007                  1.2013688911628024E-020                  0.0000000000000000E+000 
                                     557                  2.6569135119075271E-001                 -3.2306568684519332E-001                  6.4529619586689835E+000                 -1.8145438262835756E+000                  1.2767253738940145E+001                  6.7182681810037337E-001                  3.0797482804482851E-001                  2.0198353854798068E-002                  1.9553151045326078E-007                  1.8671699335010866E-020                  0.0000000000000000E+000 
                                     558                  2.6562916593002678E-001                 -3.3099212550020252E-001                  6.4582810029316970E+000                 -1.7983844210028468E+000                  1.2788728287727514E+001                  6.7182681809984768E-001                  3.0797482804535420E-001                  2.0198353854798068E-002                  2.2189303406826199E-007                  2.8514479798978140E-020                  0.0000000000000000E+000 
                                     559                  2.6557319919537353E-001                 -3.3823522522692695E-001                  6.4633794564829916E+000                 -1.7827627896066913E+000                  1.2809440828506247E+001                  6.7182681809926692E-001                  3.0797482804593507E-001                  2.0198353854798068E-002                  2.5047500201544308E-007                  4.2736899140658254E-020                  0.0000000000000000E+000 
                                     560                  2.6551723246072029E-001                 -3.4558355524115941E-001                  6.4672562979289019E+000                 -1.7706957528100329E+000                  1.2825373572902953E+001                  6.7182681809876743E-001                  3.0797482804643450E-001                  2.0198353854798068E-002                  2.7470130905117474E-007                  5.8103014956807585E-020                  0.0000000000000000E+000 
                                     561                  2.6548924909339355E-001                 -3.4929649796514978E-001                  6.4698530019183602E+000                 -1.7626262100128836E+000                  1.2836032729214084E+001                  6.7182681809842715E-001                  3.0797482804677473E-001                  2.0198353854798068E-002                  2.9218212486357962E-007                  7.1339245798118122E-020                  0.0000000000000000E+000 
                                     562                  2.6546126572606688E-001                 -3.5303611714233574E-001                  6.4737660144186115E+000                 -1.7504832518273545E+000                  1.2852078497823699E+001                  6.7182681809788436E-001                  3.0797482804731746E-001                  2.0198353854798179E-002                  3.2057867687335862E-007                  9.7120739997514884E-020                  0.0000000000000000E+000 
                                     563                  2.6540529899141341E-001                 -3.6059798972016316E-001                  6.4810942260908684E+000                 -1.7275927673947442E+000                  1.2882273799925596E+001                  6.7182681809676259E-001                  3.0797482804843912E-001                  2.0198353854798290E-002                  3.8130753766075090E-007                  1.7273726145999903E-019                  0.0000000000000000E+000 
                                     564                  2.6530580257425196E-001                 -3.7432037211858510E-001                  6.4883229430351630E+000                 -1.7041173897737782E+000                  1.2912929355079049E+001                  6.7182681809544975E-001                  3.0797482804975190E-001                  2.0198353854798290E-002                  4.5308287705569245E-007                  3.0458294927022331E-019                  0.0000000000000000E+000 
                                     565                  2.6525605436567118E-001                 -3.8130437135328737E-001                  6.4931815589849569E+000                 -1.6883994288100974E+000                  1.2933475081394771E+001                  6.7182681809446931E-001                  3.0797482805073229E-001                  2.0198353854798401E-002                  5.0849530547841416E-007                  4.4513984069028944E-019                  0.0000000000000000E+000 
                                     566                  2.6520630615709045E-001                 -3.8837515157096619E-001                  6.4975543474332662E+000                 -1.6740888409984893E+000                  1.2952126091169623E+001                  6.7182681809352118E-001                  3.0797482805168064E-001                  2.0198353854798179E-002                  5.6419768509818912E-007                  6.2588376032656116E-019                  0.0000000000000000E+000 
                                     567                  2.6516750654557220E-001                 -3.9394945552762572E-001                  6.5014152618059260E+000                 -1.6613986685508808E+000                  1.2968647105124823E+001                  6.7182681809259115E-001                  3.0797482805261062E-001                  2.0198353854798290E-002                  6.1837591023445072E-007                  8.4497370920479413E-019                  0.0000000000000000E+000 
                                     568                  2.6512870693405394E-001                 -3.9957678589715978E-001                  6.5072389875400596E+000                 -1.6422988779352599E+000                  1.2993526528494948E+001                  6.7182681809102107E-001                  3.0797482805418080E-001                  2.0198353854798068E-002                  7.0975932367445338E-007                  1.3266219935360412E-018                  0.0000000000000000E+000 
                                     569                  2.6505110771101742E-001                 -4.1099821550777604E-001                  6.5131808560570370E+000                 -1.6221195186317059E+000                  1.3019583558764712E+001                  6.7182681808924150E-001                  3.0797482805596049E-001                  2.0198353854798068E-002                  8.1785011183923740E-007                  2.1013704131576009E-018                  0.0000000000000000E+000 
                                     570                  2.6501230809949911E-001                 -4.1678459004988883E-001                  6.5171636887872513E+000                 -1.6086341296412565E+000                  1.3037010044824388E+001                  6.7182681808789391E-001                  3.0797482805730808E-001                  2.0198353854798068E-002                  8.9904908026030682E-007                  2.8568752862975956E-018                  0.0000000000000000E+000 
                                     571                  2.6497350848798085E-001                 -4.2262386733950319E-001                  6.5211765386134486E+000                 -1.5949434302922569E+000                  1.3054668794267807E+001                  6.7182681808643130E-001                  3.0797482805877063E-001                  2.0198353854798068E-002                  9.8904026752272037E-007                  3.8905774340966619E-018                  0.0000000000000000E+000 
                                     572                  2.6493470887646259E-001                 -4.2851589563450510E-001                  6.5252194532667271E+000                 -1.5810452736507341E+000                  1.3072561980922757E+001                  6.7182681808477662E-001                  3.0797482806042525E-001                  2.0198353854798068E-002                  1.0888451484229900E-006                  5.3072223041227422E-018                  0.0000000000000000E+000 
                                     573                  2.6489590926494433E-001                 -4.3446047376870184E-001                  6.5311515370370499E+000                 -1.5606921160991072E+000                  1.3098778345869805E+001                  6.7182681808208622E-001                  3.0797482806311577E-001                  2.0198353854798068E-002                  1.2531951443756641E-006                  8.3561167603049028E-018                  0.0000000000000000E+000 
                                     574                  2.6482143821249732E-001                 -4.4602441365039769E-001                  6.5371129693075423E+000                 -1.5395234825540947E+000                  1.3125820057113627E+001                  6.7182681807909939E-001                  3.0797482806610260E-001                  2.0198353854798068E-002                  1.4450629950495390E-006                  1.3183211869292955E-017                  0.0000000000000000E+000 
                                     575                  2.6478420268627384E-001                 -4.5187383842472356E-001                  6.5411072092741875E+000                 -1.5253984116632671E+000                  1.3143882085823542E+001                  6.7182681807691680E-001                  3.0797482806828508E-001                  2.0198353854798068E-002                  1.5891597681163539E-006                  1.7872116215123895E-017                  0.0000000000000000E+000 
                                     576                  2.6474696716005042E-001                 -4.5777050743493802E-001                  6.5455055680409417E+000                 -1.5097705769009022E+000                  1.3163843510643114E+001                  6.7182681807438915E-001                  3.0797482807081283E-001                  2.0198353854798068E-002                  1.7643874009762805E-006                  2.4966128305524920E-017                  0.0000000000000000E+000 
                                     577                  2.6470274997265991E-001                 -4.6483433714730260E-001                  6.5503244690904392E+000                 -1.4924808721108005E+000                  1.3185877038719758E+001                  6.7182681807124878E-001                  3.0797482807395327E-001                  2.0198353854797957E-002                  1.9788188502092510E-006                  3.5980548022829627E-017                  0.0000000000000000E+000 
                                     578                  2.6465853278526941E-001                 -4.7196351125845443E-001                  6.5551858510760788E+000                 -1.4749106704307073E+000                  1.3208229925568613E+001                  6.7182681806769817E-001                  3.0797482807750381E-001                  2.0198353854798068E-002                  2.2215339046020028E-006                  5.1972731629338315E-017                  0.0000000000000000E+000 
                                     579                  2.6461431559787885E-001                 -4.7915721483204771E-001                  6.5600906486366783E+000                 -1.4570596568141796E+000                  1.3230903564215268E+001                  6.7182681806377742E-001                  3.0797482808142451E-001                  2.0198353854798068E-002                  2.4965383649992621E-006                  7.5247114365174162E-017                  0.0000000000000000E+000 
                                     580                  2.6457009841048829E-001                 -4.8641455185026256E-001                  6.5655572946517724E+000                 -1.4370866520877963E+000                  1.3256250251599633E+001                  6.7182681805889077E-001                  3.0797482808631105E-001                  2.0198353854798179E-002                  2.8428131090992860E-006                  1.1351390298633884E-016                  0.0000000000000000E+000 
                                     581                  2.6451657234154152E-001                 -4.9528504581574700E-001                  6.5716144348745953E+000                 -1.4147229987480048E+000                  1.3284562800366661E+001                  6.7182681805276112E-001                  3.0797482809244087E-001                  2.0198353854798068E-002                  3.2831520086762094E-006                  1.7879045451183400E-016                  0.0000000000000000E+000 
                                     582                  2.6446304627259482E-001                 -5.0424548222996435E-001                  6.5762169077749943E+000                 -1.3974708014664741E+000                  1.3306329173770635E+001                  6.7182681804756861E-001                  3.0797482809763332E-001                  2.0198353854798068E-002                  3.6638480423781726E-006                  2.5233041284465843E-016                  0.0000000000000000E+000 
                                     583                  2.6443628323812146E-001                 -5.0875683095235513E-001                  6.5792971682351462E+000                 -1.3859866934084717E+000                  1.3320836411099791E+001                  6.7182681804376565E-001                  3.0797482810143634E-001                  2.0198353854798068E-002                  3.9418287589953184E-006                  3.1752610526146214E-016                  0.0000000000000000E+000 
                                     584                  2.6440952020364811E-001                 -5.1328986197372417E-001                  6.5839350486089465E+000                 -1.3687839540439639E+000                  1.3342593791725447E+001                  6.7182681803752642E-001                  3.0797482810767562E-001                  2.0198353854797957E-002                  4.3987685248872694E-006                  4.4830178583069576E-016                  0.0000000000000000E+000 
                                     585                  2.6435599413470140E-001                 -5.2242388786453542E-001                  6.5897942369516205E+000                 -1.3466764830508096E+000                  1.3370446665409917E+001                  6.7182681802899735E-001                  3.0797482811620464E-001                  2.0198353854798068E-002                  5.0549241600857638E-006                  6.9263265114481801E-016                  0.0000000000000000E+000 
                                     586                  2.6430944972692155E-001                 -5.3043307414643515E-001                  6.5952965486688582E+000                 -1.3258656934363005E+000                  1.3396652676308602E+001                  6.7182681801975452E-001                  3.0797482812544735E-001                  2.0198353854798068E-002                  5.7583678619476630E-006                  1.0406030770173560E-015                  0.0000000000000000E+000 
                                     587                  2.6426290531914171E-001                 -5.3850349467539116E-001                  6.6008539562941149E+000                 -1.3047540574699830E+000                  1.3423212275644842E+001                  6.7182681800923660E-001                  3.0797482813596522E-001                  2.0198353854798179E-002                  6.5671389342892941E-006                  1.5676633321474130E-015                  0.0000000000000000E+000 
                                     588                  2.6421636091136197E-001                 -5.4663337492786535E-001                  6.6050710658531901E+000                 -1.2885463513825572E+000                  1.3443550127157565E+001                  6.7182681800030164E-001                  3.0797482814490024E-001                  2.0198353854798068E-002                  7.2571144329479004E-006                  2.1381452140219114E-015                  0.0000000000000000E+000 
                                     589                  2.6419308870747216E-001                 -5.5071855969572447E-001                  6.6078920725810084E+000                 -1.2777717994723534E+000                  1.3457089537869686E+001                  6.7182681799381261E-001                  3.0797482815138921E-001                  2.0198353854798179E-002                  7.7565153268922053E-006                  2.6297463555930949E-015                  0.0000000000000000E+000 
                                     590                  2.6416981650358240E-001                 -5.5481789872730314E-001                  6.6115739550702841E+000                 -1.2637497006463070E+000                  1.3474721644959024E+001                  6.7182681798485444E-001                  3.0797482816034749E-001                  2.0198353854798068E-002                  8.4583255145087593E-006                  3.4428239349140282E-015                  0.0000000000000000E+000 
                                     591                  2.6413258097735853E-001                 -5.6140692582687379E-001                  6.6161459233769584E+000                 -1.2462041211361148E+000                  1.3496747364483561E+001                  6.7182681797257726E-001                  3.0797482817262467E-001                  2.0198353854798068E-002                  9.4195200479878113E-006                  4.8075661397825182E-015                  0.0000000000000000E+000 
                                     592                  2.6409534545113467E-001                 -5.6803052837029477E-001                  6.6207541547224000E+000                 -1.2284747716265836E+000                  1.3518992094135223E+001                  6.7182681795884280E-001                  3.0797482818635902E-001                  2.0198353854798179E-002                  1.0497246587249920E-005                  6.7246811508918530E-015                  0.0000000000000000E+000 
                                     593                  2.6405810992491108E-001                 -5.7468763627068653E-001                  6.6253985883208992E+000                 -1.2105638412116295E+000                  1.3541453671096294E+001                  6.7182681794375843E-001                  3.0797482820144351E-001                  2.0198353854798068E-002                  1.1706293970228759E-005                  9.4219542073102439E-015                  0.0000000000000000E+000 
                                     594                  2.6402087439868743E-001                 -5.8137714488224457E-001                  6.6289139000209198E+000                 -1.1968888523103940E+000                  1.3558570734889258E+001                  6.7182681793082211E-001                  3.0797482821437977E-001                  2.0198353854798068E-002                  1.2714403670937418E-005                  1.2156622321550394E-014                  0.0000000000000000E+000 
                                     595                  2.6400225663557553E-001                 -5.8473286703193161E-001                  6.6306771662598418E+000                 -1.1900461918671512E+000                  1.3567140505219552E+001                  6.7182681792366483E-001                  3.0797482822153716E-001                  2.0198353854798068E-002                  1.3251046226103790E-005                  1.3810467379525100E-014                  0.0000000000000000E+000 
                                     596                  2.6399294775401971E-001                 -5.8641350886272137E-001                  6.6318541137636897E+000                 -1.1854918183857248E+000                  1.3572848064531106E+001                  6.7182681791872600E-001                  3.0797482822647571E-001                  2.0198353854798290E-002                  1.3621096914748212E-005                  1.5036037757545297E-014                  0.0000000000000000E+000 
                                     597                  2.6398363887246373E-001                 -5.8809604950504735E-001                  6.6327387901624810E+000                 -1.1820608992715314E+000                  1.3577145657911210E+001                  6.7182681791413179E-001                  3.0797482823107014E-001                  2.0198353854798068E-002                  1.3906128124805215E-005                  1.6027912260136422E-014                  0.0000000000000000E+000 
                                     598                  2.6397898443168577E-001                 -5.8893801295159964E-001                  6.6333289281509948E+000                 -1.1797752930434697E+000                  1.3580009272988606E+001                  6.7182619102741348E-001                  3.0797545604348281E-001                  2.0198352929103658E-002                  1.4099371570789176E-005                  1.6725142213027636E-014                  0.0000000000000000E+000 
                                     599                  2.6397432999090781E-001                 -5.8978044372248073E-001                  6.6337720213135665E+000                 -1.1780574625012907E+000                  1.3582161214847316E+001                  6.7182619100354757E-001                  3.0797545606738153E-001                  2.0198352929070906E-002                  1.4246264713631180E-005                  1.7268427220237581E-014                  0.0000000000000000E+000 
                                     600                  2.6397200277051885E-001                 -5.9020183212976962E-001                  6.6340675044862447E+000                 -1.1769127184223447E+000                  1.3583595475699829E+001                  6.7182619098763197E-001                  3.0797545608331889E-001                  2.0198352929049146E-002                  1.4345026094356464E-005                  1.7640369327648083E-014                  0.0000000000000000E+000 
                                     601                  2.6396967555012985E-001                 -5.9062333659413280E-001                  6.6342892390585062E+000                 -1.1760532136916073E+000                  1.3584672228912503E+001                  6.7182619097569085E-001                  3.0797545609527632E-001                  2.0198352929032826E-002                  1.4419593076938573E-005                  1.7924700981770428E-014                  0.0000000000000000E+000 
                                     602                  2.6396851193993531E-001                 -5.9083413204942614E-001                  6.6344370839501030E+000                 -1.1754803301802697E+000                  1.3585389971966434E+001                  6.7182619096772778E-001                  3.0797545610325033E-001                  2.0198352929021945E-002                  1.4469515375742423E-005                  1.8116792438226646E-014                  0.0000000000000000E+000 
                                     603                  2.6396734832974084E-001                 -5.9104495640890342E-001                  6.6345479981380349E+000                 -1.1750504308592788E+000                  1.3585928543641380E+001                  6.7182619096175489E-001                  3.0797545610923133E-001                  2.0198352929013730E-002                  1.4507082277809091E-005                  1.8262243086278815E-014                  0.0000000000000000E+000 
                                     604                  2.6396676652464357E-001                 -5.9115037939037640E-001                  6.6346219463795881E+000                 -1.1747638612939990E+000                  1.3586287568237111E+001                  6.7182619095777152E-001                  3.0797545611322008E-001                  2.0198352929008401E-002                  1.4532179979855117E-005                  1.8359857154867586E-014                  0.0000000000000000E+000 
                                     605                  2.6396618471954630E-001                 -5.9125580958410540E-001                  6.6346774151869115E+000                 -1.1745488749457356E+000                  1.3586556902778876E+001                  6.7182619095478402E-001                  3.0797545611621169E-001                  2.0198352929004293E-002                  1.4551034700880397E-005                  1.8433418109414061E-014                  0.0000000000000000E+000 
                                     606                  2.6396589381699770E-001                 -5.9130852738089712E-001                  6.6347143957527797E+000                 -1.1744055582179975E+000                  1.3586736453332868E+001                  6.7182619095279217E-001                  3.0797545611820631E-001                  2.0198352929001517E-002                  1.4563617834865845E-005                  1.8482622115437959E-014                  0.0000000000000000E+000 
                                     607                  2.6396560291444909E-001                 -5.9136124697902781E-001                  6.6347421330832619E+000                 -1.1742980558783178E+000                  1.3586871132771959E+001                  6.7182619095129792E-001                  3.0797545611970256E-001                  2.0198352928999519E-002                  1.4573063065301488E-005                  1.8519613341209412E-014                  0.0000000000000000E+000 
                                     608                  2.6396545746317485E-001                 -5.9138760745301266E-001                  6.6347606249769884E+000                 -1.1742263895290843E+000                  1.3586960917611613E+001                  6.7182619095030216E-001                  3.0797545612069976E-001                  2.0198352928998076E-002                  1.4579363221198741E-005                  1.8544315205268027E-014                  0.0000000000000000E+000 
                                     609                  2.6396531201190049E-001                 -5.9141396837711790E-001                  6.6347744943737457E+000                 -1.1741726360686533E+000                  1.3587028260372231E+001                  6.7182619094955509E-001                  3.0797545612144772E-001                  2.0198352928997187E-002                  1.4584090310465215E-005                  1.8562863736392019E-014                  0.0000000000000000E+000 
                                     610                  2.6396523928626331E-001                 -5.9142714900789006E-001                  6.6347837407232468E+000                 -1.1741368008978059E+000                  1.3587073155182548E+001                  6.7182619094905727E-001                  3.0797545612194632E-001                  2.0198352928996410E-002                  1.4587242537914078E-005                  1.8575239711132554E-014                  0.0000000000000000E+000 
                                     611                  2.6396516656062613E-001                 -5.9144032975116922E-001                  6.6347906756044805E+000                 -1.1741099235950350E+000                  1.3587106827323005E+001                  6.7182619094868368E-001                  3.0797545612232030E-001                  2.0198352928995966E-002                  1.4589607201881507E-005                  1.8584527235191357E-014                  0.0000000000000000E+000 
                                     612                  2.6396513019780760E-001                 -5.9144692016498757E-001                  6.6347952988798831E+000                 -1.1740920055105706E+000                  1.3587129275325765E+001                  6.7182619094843499E-001                  3.0797545612256944E-001                  2.0198352928995522E-002                  1.4591183853265379E-005                  1.8590721492932055E-014                  0.0000000000000000E+000 
                                     613                  2.6396509383498895E-001                 -5.9145351060693052E-001                  6.6347987663662122E+000                 -1.1740785667160618E+000                  1.3587146111586016E+001                  6.7182619094824803E-001                  3.0797545612275667E-001                  2.0198352928995300E-002                  1.4592366465185634E-005                  1.8595368573207464E-014                  0.0000000000000000E+000 
                                     614                  2.6396507565357968E-001                 -5.9145680583844706E-001                  6.6348010780290743E+000                 -1.1740696075490697E+000                  1.3587157335736791E+001                  6.7182619094812324E-001                  3.0797545612288141E-001                  2.0198352928995300E-002                  1.4593154925327759E-005                  1.8598467270881294E-014                  0.0000000000000000E+000 
                                     615                  2.6396505747217036E-001                 -5.9146010107698699E-001                  6.6348028117836639E+000                 -1.1740628881160435E+000                  1.3587165753914411E+001                  6.7182619094802998E-001                  3.0797545612297506E-001                  2.0198352928994967E-002                  1.4593746301284081E-005                  1.8600791641029865E-014                  0.0000000000000000E+000 
                                     616                  2.6396504838146578E-001                 -5.9146174869889689E-001                  6.6348039676213855E+000                 -1.1740584085013575E+000                  1.3587171366027146E+001                  6.7182619094796769E-001                  3.0797545612303712E-001                  2.0198352928995189E-002                  1.4594140564972257E-005                  1.8602341382219803E-014                  0.0000000000000000E+000 
                                     617                  2.6396503929076115E-001                 -5.9146339632256273E-001                  6.6348048345015380E+000                 -1.1740550487758967E+000                  1.3587175575127841E+001                  6.7182619094792140E-001                  3.0797545612308380E-001                  2.0198352928994856E-002                  1.4594436270451564E-005                  1.8603503774855309E-014                  0.0000000000000000E+000 
                                     618                  2.6396503474540878E-001                 -5.9146422013505362E-001                  6.6348054124219713E+000                 -1.1740528089607576E+000                  1.3587178381193544E+001                  6.7182619094788998E-001                  3.0797545612311511E-001                  2.0198352928994856E-002                  1.4594633410700407E-005                  1.8604278743557321E-014                  0.0000000000000000E+000 
                                     619                  2.6396503020005646E-001                 -5.9146504394798582E-001                  6.6348058458627621E+000                 -1.1740511290957922E+000                  1.3587180485746858E+001                  6.7182619094786711E-001                  3.0797545612313831E-001                  2.0198352928994634E-002                  1.4594781267815512E-005                  1.8604859991772515E-014                  0.0000000000000000E+000 
                                     620                  2.6396502792738036E-001                 -5.9146545585461552E-001                  6.6348061348233713E+000                 -1.1740500091862740E+000                  1.3587181888782045E+001                  6.7182619094785134E-001                  3.0797545612315397E-001                  2.0198352928994634E-002                  1.4594879840041057E-005                  1.8605247500651981E-014                  0.0000000000000000E+000 
                                     621                  2.6396502565470414E-001                 -5.9146586776135623E-001                  6.6348063515439453E+000                 -1.1740491692532302E+000                  1.3587182941059442E+001                  6.7182619094783935E-001                  3.0797545612316590E-001                  2.0198352928994745E-002                  1.4594953769692532E-005                  1.8605538137734825E-014                  0.0000000000000000E+000 
                                     622                  2.6396502451836612E-001                 -5.9146607371476823E-001                  6.6348064599042527E+000                 -1.1740487492866900E+000                  1.3587183467198187E+001                  6.7182619094783358E-001                  3.0797545612317173E-001                  2.0198352928994634E-002                  1.4594990734660509E-005                  1.8605683457987392E-014                  0.0000000000000000E+000 
                                     623                  2.6396502395019705E-001                 -5.9146617669148593E-001                  6.6348065140844117E+000                 -1.1740485393034163E+000                  1.3587183730267563E+001                  6.7182619094783058E-001                  3.0797545612317451E-001                  2.0198352928994856E-002                  1.4595009217180062E-005                  1.8605756118541670E-014                  0.0000000000000000E+000 
                                     624                  2.6396502366611252E-001                 -5.9146622817984540E-001                  6.6348065411744921E+000                 -1.1740484343117743E+000                  1.3587183861802256E+001                  6.7182619094782914E-001                  3.0797545612317617E-001                  2.0198352928994634E-002                  1.4595018458448784E-005                  1.8605792448925525E-014                  0.0000000000000000E+000 
                                     625                  2.6396502352407025E-001                 -5.9146625392402685E-001                  6.6348065592345460E+000                 -1.1740483643173436E+000                  1.3587183949492056E+001                  6.7182619094782803E-001                  3.0797545612317712E-001                  2.0198352928994856E-002                  1.4595024619297932E-005                  1.8605816669220933E-014                  0.0000000000000000E+000 
                                     626                  2.6396502338202799E-001                 -5.9146627966820808E-001                  6.6348065727795884E+000                 -1.1740483118215248E+000                  1.3587184015259409E+001                  6.7182619094782736E-001                  3.0797545612317789E-001                  2.0198352928994745E-002                  1.4595029239936732E-005                  1.8605834834465097E-014                  0.0000000000000000E+000 
                                     627                  2.6396502331100685E-001                 -5.9146629254030103E-001                  6.6348065818096229E+000                 -1.1740482768242806E+000                  1.3587184059104347E+001                  6.7182619094782692E-001                  3.0797545612317834E-001                  2.0198352928994745E-002                  1.4595032320365775E-005                  1.8605846944646320E-014                  0.0000000000000000E+000 
                                     628                  2.6396502323998566E-001                 -5.9146630541241252E-001                  6.6348065885821557E+000                 -1.1740482505763257E+000                  1.3587184091988076E+001                  6.7182619094782647E-001                  3.0797545612317873E-001                  2.0198352928994856E-002                  1.4595034630690153E-005                  1.8605856027296374E-014                  0.0000000000000000E+000 
                                     629                  2.6396502320447501E-001                 -5.9146631184846987E-001                  6.6348065919684158E+000                 -1.1740482374523733E+000                  1.3587184108429909E+001                  6.7182619094782625E-001                  3.0797545612317889E-001                  2.0198352928994856E-002                  1.4595035785850325E-005                  1.8605860568614702E-014                  0.0000000000000000E+000 
                                     630                  2.6396502318671977E-001                 -5.9146631506648151E-001                  6.6348065936615388E+000                 -1.1740482308904197E+000                  1.3587184116650796E+001                  6.7182619094782625E-001                  3.0797545612317895E-001                  2.0198352928994856E-002                  1.4595036363428190E-005                  1.8605862839264913E-014                  0.0000000000000000E+000 
                                     631                  2.6396502317784221E-001                 -5.9146631667548277E-001                  6.6348065947902830E+000                 -1.1740482265158010E+000                  1.3587184122131365E+001                  6.7182619094782614E-001                  3.0797545612317900E-001                  2.0198352928994856E-002                  1.4595036748478596E-005                  1.8605864353025938E-014                  0.0000000000000000E+000 
                                     632                  2.6396502316896464E-001                 -5.9146631828448093E-001                  6.6348065959190263E+000                 -1.1740482221411928E+000                  1.3587184127611923E+001                  6.7182619094782603E-001                  3.0797545612317911E-001                  2.0198352928994856E-002                  1.4595037133528481E-005                  1.8605865866785632E-014                  0.0000000000000000E+000 
                                     633                  2.6396502316008708E-001                 -5.9146631989347598E-001                  6.6348065970477688E+000                 -1.1740482177665825E+000                  1.3587184133092487E+001                  6.7182619094782603E-001                  3.0797545612317917E-001                  2.0198352928994856E-002                  1.4595037518578254E-005                  1.8605867380544470E-014                  0.0000000000000000E+000 
                                     634                  2.6396502315120951E-001                 -5.9146632150247092E-001                  6.6348065982389199E+000                 -1.0805790525564392E+000                  1.3587184138915626E+001                  4.2513386117312796E-001                  5.5503226431303054E-001                  1.9833874513841554E-002                  7.2488741170186298E-006                  3.3939250345666895E-016                  0.0000000000000000E+000 
                                     635                  2.6396502314122211E-001                 -5.9146632296210788E-001                  6.6348065994904424E+000                 -1.0805790476146775E+000                  1.3587184145081340E+001                  4.2513386117312796E-001                  5.5503226431303054E-001                  1.9833874513841554E-002                  7.2488743305912392E-006                  3.3939253431538461E-016                  0.0000000000000000E+000 
                                     636                  2.6396502313123477E-001                 -5.9146632442174019E-001                  6.6348066013677363E+000                 -1.0805790402019968E+000                  1.3587184154329963E+001                  4.2513386117312796E-001                  5.5503226431303054E-001                  1.9833874513841554E-002                  7.2488746509518765E-006                  3.3939258060371373E-016                  0.0000000000000000E+000 
                                     637                  2.6396502311125974E-001                 -5.9146632734103866E-001                  6.6348066045660836E+000                 -1.0805790275730018E+000                  1.3587184170086848E+001                  4.2513386117312785E-001                  5.5503226431303065E-001                  1.9833874513841554E-002                  7.2488751967506876E-006                  3.3939265946520116E-016                  0.0000000000000000E+000 
                                     638                  2.6396502308018788E-001                 -5.9146633188212761E-001                  6.6348066084597077E+000                 -1.0805790121986416E+000                  1.3587184189269060E+001                  4.2513386117312779E-001                  5.5503226431303065E-001                  1.9833874513841554E-002                  7.2488758611986417E-006                  3.3939275547011266E-016                  0.0000000000000000E+000 
                                     639                  2.6396502304911607E-001                 -5.9146633642320745E-001                  6.6348066143696585E+000                 -1.0805789888626087E+000                  1.3587184218384863E+001                  4.2513386117312779E-001                  5.5503226431303065E-001                  1.9833874513841554E-002                  7.2488768697334848E-006                  3.3939290119155507E-016                  0.0000000000000000E+000 
                                     640                  2.6396502298586283E-001                 -5.9146634566753131E-001                  6.6348066222959385E+000                 -1.0805789575648990E+000                  1.3587184257434247E+001                  4.2513386117312779E-001                  5.5503226431303065E-001                  1.9833874513841554E-002                  7.2488782223557193E-006                  3.3939309662965352E-016                  0.0000000000000000E+000 
                                     641                  2.6396502292260959E-001                 -5.9146635491185373E-001                  6.6348066350892312E+000                 -1.0805789070493093E+000                  1.3587184320461315E+001                  4.2513386117312779E-001                  5.5503226431303077E-001                  1.9833874513841443E-002                  7.2488804055356316E-006                  3.3939341207379512E-016                  0.0000000000000000E+000 
                                     642                  2.6396502278167699E-001                 -5.9146637550884529E-001                  6.6348066527495337E+000                 -1.0805788373158371E+000                  1.3587184407466065E+001                  4.2513386117312779E-001                  5.5503226431303077E-001                  1.9833874513841443E-002                  7.2488834192737105E-006                  3.3939384752425607E-016                  0.0000000000000000E+000 
                                     643                  2.6396502264074445E-001                 -5.9146639610583707E-001                  6.6348066819516038E+000                 -1.0805787220085519E+000                  1.3587184551332150E+001                  4.2513386117312785E-001                  5.5503226431303065E-001                  1.9833874513841554E-002                  7.2488884026217953E-006                  3.3939456756153435E-016                  0.0000000000000000E+000 
                                     644                  2.6396502231560076E-001                 -5.9146644362486733E-001                  6.6348067226954397E+000                 -1.0805785611274432E+000                  1.3587184752059578E+001                  4.2513386117312768E-001                  5.5503226431303065E-001                  1.9833874513841665E-002                  7.2488953555838348E-006                  3.3939557218739485E-016                  0.0000000000000000E+000 
                                     645                  2.6396502199045713E-001                 -5.9146649114389460E-001                  6.6348067884696116E+000                 -1.0805783014115831E+000                  1.3587185076100722E+001                  4.2513386117312757E-001                  5.5503226431303077E-001                  1.9833874513841665E-002                  7.2489065800021895E-006                  3.3939719399557730E-016                  0.0000000000000000E+000 
                                     646                  2.6396502126581972E-001                 -5.9146659704806503E-001                  6.6348068792741168E+000                 -1.0805779428608913E+000                  1.3587185523455656E+001                  4.2513386117312751E-001                  5.5503226431303099E-001                  1.9833874513841554E-002                  7.2489220758973339E-006                  3.3939943299485797E-016                  0.0000000000000000E+000 
                                     647                  2.6396502054118220E-001                 -5.9146670295222614E-001                  6.6348070314724890E+000                 -1.0805773418905618E+000                  1.3587186273271698E+001                  4.2513386117312718E-001                  5.5503226431303132E-001                  1.9833874513841554E-002                  7.2489480487970605E-006                  3.3940318583742527E-016                  0.0000000000000000E+000 
                                     648                  2.6396501883667461E-001                 -5.9146695206220090E-001                  6.6348072806633880E+000                 -1.0805763579354051E+000                  1.3587187500928517E+001                  4.2513386117312663E-001                  5.5503226431303188E-001                  1.9833874513841554E-002                  7.2489905738297492E-006                  3.3940933036935202E-016                  0.0000000000000000E+000 
                                     649                  2.6396501656399807E-001                 -5.9146728420870709E-001                  6.6348077078475738E+000                 -1.0805746711568160E+000                  1.3587189605481194E+001                  4.2513386117312579E-001                  5.5503226431303276E-001                  1.9833874513841443E-002                  7.2490634744031445E-006                  3.3941986410325554E-016                  0.0000000000000000E+000 
                                     650                  2.6396501201864531E-001                 -5.9146794850137541E-001                  6.6348085622152855E+000                 -1.0805712976042521E+000                  1.3587193814581381E+001                  4.2513386117312379E-001                  5.5503226431303465E-001                  1.9833874513841554E-002                  7.2492092775549113E-006                  3.3944093252526118E-016                  0.0000000000000000E+000 
                                     651                  2.6396500292794034E-001                 -5.9146927708546404E-001                  6.6348102709482299E+000                 -1.0805645505168859E+000                  1.3587202232761847E+001                  4.2513386117312058E-001                  5.5503226431303787E-001                  1.9833874513841554E-002                  7.2495008919070289E-006                  3.3948307319034296E-016                  0.0000000000000000E+000 
                                     652                  2.6396498474653068E-001                 -5.9147193424889677E-001                  6.6348136884043605E+000                 -1.0805510564125989E+000                  1.3587219069043934E+001                  4.2513386117311369E-001                  5.5503226431304487E-001                  1.9833874513841443E-002                  7.2500841528332233E-006                  3.3956736981074299E-016                  0.0000000000000000E+000 
                                     653                  2.6396494838371176E-001                 -5.9147724855690464E-001                  6.6348205232777193E+000                 -1.0805240684852715E+000                  1.3587252741293398E+001                  4.2513386117310015E-001                  5.5503226431305830E-001                  1.9833874513841554E-002                  7.2512508036061248E-006                  3.3973602423250559E-016                  0.0000000000000000E+000 
                                     654                  2.6396487565807403E-001                 -5.9148787709766870E-001                  6.6348341928689125E+000                 -1.0804700937551908E+000                  1.3587320084533953E+001                  4.2513386117307345E-001                  5.5503226431308517E-001                  1.9833874513841332E-002                  7.2535846209291435E-006                  3.4007357793615254E-016                  0.0000000000000000E+000 
                                     655                  2.6396473020679923E-001                 -5.9150913387823589E-001                  6.6348615314292907E+000                 -1.0803621487922526E+000                  1.3587454765982731E+001                  4.2513386117301977E-001                  5.5503226431313879E-001                  1.9833874513841443E-002                  7.2582543193466131E-006                  3.4074966586005750E-016                  0.0000000000000000E+000 
                                     656                  2.6396443930425012E-001                 -5.9155164623599121E-001                  6.6349162060619769E+000                 -1.0801462768496020E+000                  1.3587724108756397E+001                  4.2513386117291169E-001                  5.5503226431324681E-001                  1.9833874513841554E-002                  7.2676019764431262E-006                  3.4210577237007015E-016                  0.0000000000000000E+000 
                                     657                  2.6396385749915247E-001                 -5.9163666613972077E-001                  6.6350255453732458E+000                 -1.0797146048584008E+000                  1.3588262713843674E+001                  4.2513386117269597E-001                  5.5503226431346242E-001                  1.9833874513841554E-002                  7.2863303728507638E-006                  3.4483377685143922E-016                  0.0000000000000000E+000 
                                     658                  2.6396269388895754E-001                 -5.9180668671228454E-001                  6.6352441841635015E+000                 -1.0788515481475016E+000                  1.3589339602455336E+001                  4.2513386117226221E-001                  5.5503226431389630E-001                  1.9833874513841554E-002                  7.3239198243096797E-006                  3.5035350806779055E-016                  0.0000000000000000E+000 
                                     659                  2.6396036666856831E-001                 -5.9214665101383146E-001                  6.6356813022887904E+000                 -1.0771265813848387E+000                  1.3591492095634557E+001                  4.2513386117138902E-001                  5.5503226431476960E-001                  1.9833874513841332E-002                  7.3996320101798523E-006                  3.6165238914164334E-016                  0.0000000000000000E+000 
                                     660                  2.6395571222778985E-001                 -5.9282627300768675E-001                  6.6365548997411778E+000                 -1.0736812151976347E+000                  1.3595791963398892E+001                  4.2513386116962065E-001                  5.5503226431653785E-001                  1.9833874513841554E-002                  7.5532108513363962E-006                  3.8532499745030305E-016                  0.0000000000000000E+000 
                                     661                  2.6394640334623354E-001                 -5.9418429664533878E-001                  6.6382995321527405E+000                 -1.0668085995477337E+000                  1.3604371364084882E+001                  4.2513386116598856E-001                  5.5503226432016983E-001                  1.9833874513841554E-002                  7.8691596036788792E-006                  4.3728388643618603E-016                  0.0000000000000000E+000 
                                     662                  2.6392778558312130E-001                 -5.9689551072543368E-001                  6.6417784965776185E+000                 -1.0531346415162366E+000                  1.3621449924736959E+001                  4.2513386115833168E-001                  5.5503226432782682E-001                  1.9833874513841554E-002                  8.5376476412469903E-006                  5.6246559209308489E-016                  0.0000000000000000E+000 
                                     663                  2.6389055005689760E-001                 -6.0229898410519100E-001                  6.6464023038610538E+000                 -1.0348028640315372E+000                  1.3644303514213034E+001                  4.2513303774092909E-001                  5.5503309211577156E-001                  1.9833870143299404E-002                  9.5161036468886961E-006                  7.8541205187288033E-016                  0.0000000000000000E+000 
                                     664                  2.6385331453067407E-001                 -6.0767563293316706E-001                  6.6510054960620604E+000                 -1.0165233021874376E+000                  1.3667085023814073E+001                  4.2513221432258741E-001                  5.5503391044268191E-001                  1.9833875234730680E-002                  1.0599578822176063E-005                  1.0943244058129101E-015                  0.0000000000000000E+000 
                                     665                  2.6381607900445053E-001                 -6.1302523824721999E-001                  6.6555880241946506E+000                 -9.9811524818751363E-001                  1.3689792835718945E+001                  4.2470032658518309E-001                  5.5546653559866133E-001                  1.9833137816155588E-002                  1.1779526272367985E-005                  1.5206233043796152E-015                  0.0000000000000000E+000 
                                     666                  2.6377884347822700E-001                 -6.1834532229739880E-001                  6.6601497768221662E+000                 -9.7980865220103552E-001                  1.3712424927739995E+001                  4.2437663401659609E-001                  5.5579077959019441E-001                  1.9832586393209506E-002                  1.3087286869135573E-005                  2.1082115931345456E-015                  0.0000000000000000E+000 
                                     667                  2.6374160795200341E-001                 -6.2363621097888811E-001                  6.6646907899559773E+000                 -9.6160547157173382E-001                  1.3734979467280908E+001                  4.2416113661673555E-001                  5.5600664241737119E-001                  1.9832220965893210E-002                  1.4536325028590181E-005                  2.9162878902499004E-015                  0.0000000000000000E+000 
                                     668                  2.6370437242578004E-001                 -6.2889826275512750E-001                  6.6692111194195114E+000                 -9.4346181933233086E-001                  1.3757454806553159E+001                  4.2394598248798410E-001                  5.5622216167893679E-001                  1.9831855833079115E-002                  1.6134976108738659E-005                  4.0247595320294926E-015                  0.0000000000000000E+000 
                                     669                  2.6366713689955668E-001                 -6.3413130657080408E-001                  6.6737108261542657E+000                 -9.2539749804382698E-001                  1.3779849364951415E+001                  4.2377397977139020E-001                  5.5639445578342983E-001                  1.9831564445179972E-002                  1.7900321979003960E-005                  5.5421006121297877E-015                  0.0000000000000000E+000 
                                     670                  2.6362990137333325E-001                 -6.3933541136723426E-001                  6.6770747348405095E+000                 -9.1178673015883194E-001                  1.3796690140499519E+001                  4.2363205348741600E-001                  5.5653662255774461E-001                  1.9831323954839331E-002                  1.9345618404384306E-005                  7.0367336684036985E-015                  0.0000000000000000E+000 
                                     671                  2.6361128361022146E-001                 -6.4192609897714448E-001                  6.6793093770673240E+000                 -9.0279773924994222E-001                  1.3807823624652299E+001                  4.2353144211123517E-001                  5.5663740444025911E-001                  1.9831153448505723E-002                  2.0365085805327269E-005                  8.2427595474861322E-015                  0.0000000000000000E+000 
                                     672                  2.6359266584710972E-001                 -6.4450947236430711E-001                  6.6826492648776172E+000                 -8.8943655990061821E-001                  1.3824387504158327E+001                  4.2337036607223683E-001                  5.5679875353772723E-001                  1.9830880390035999E-002                  2.1982536133991593E-005                  1.0434778337424745E-014                  0.0000000000000000E+000 
                                     673                  2.6355543032088624E-001                 -6.4965502816739595E-001                  6.6870875371585781E+000                 -8.7154949997866904E-001                  1.3846531053505251E+001                  4.2316248892683894E-001                  5.5700698290533002E-001                  1.9830528167831041E-002                  2.4335597610892030E-005                  1.4268646429089252E-014                  0.0000000000000000E+000 
                                     674                  2.6351819479466276E-001                 -6.5477111560756951E-001                  6.6915056006247893E+000                 -8.5373109169438766E-001                  1.3868588245203483E+001                  4.2295811636307629E-001                  5.5721170160186573E-001                  1.9830182035057931E-002                  2.6923035467728702E-005                  1.9467206615665947E-014                  0.0000000000000000E+000 
                                     675                  2.6348095926843945E-001                 -6.5985767095594938E-001                  6.6959036045995681E+000                 -8.3598085843558168E-001                  1.3890557839902533E+001                  4.2275278429528074E-001                  5.5741738126205354E-001                  1.9829834442665728E-002                  2.9765810988812432E-005                  2.6500312620701002E-014                  0.0000000000000000E+000 
                                     676                  2.6344372374221603E-001                 -6.6491462568396531E-001                  6.7002817177484424E+000                 -8.1830070450471504E-001                  1.3912438662707004E+001                  4.2254775630874969E-001                  5.5762275612688683E-001                  1.9829487564363424E-002                  3.2887167041759560E-005                  3.5994471809961839E-014                  0.0000000000000000E+000 
                                     677                  2.6340648821599261E-001                 -6.6994193451676809E-001                  6.7046401243451346E+000                 -8.0069169741469037E-001                  1.3934229604008435E+001                  4.2234244214631572E-001                  5.5782841759931823E-001                  1.9829140254365996E-002                  3.6312044957686547E-005                  4.8782973017836186E-014                  0.0000000000000000E+000 
                                     678                  2.6336925268976924E-001                 -6.7493956596066318E-001                  6.7089790017505715E+000                 -7.8315497142930846E-001                  1.3955929618372126E+001                  4.2213658444675911E-001                  5.5803462347136246E-001                  1.9828792081878488E-002                  4.0067425977329942E-005                  6.5971794744940614E-014                  0.0000000000000000E+000 
                                     679                  2.6333201716354576E-001                 -6.7990750328468952E-001                  6.7132985014414954E+000                 -7.6569236353905379E-001                  1.3977537723650350E+001                  4.2193180291084625E-001                  5.5823975117328861E-001                  1.9828445915865078E-002                  4.4182739777841333E-005                  8.9025691945899105E-014                  0.0000000000000000E+000 
                                     680                  2.6329478163732223E-001                 -6.8484575285350702E-001                  6.7165278388482088E+000                 -7.5255508282422212E-001                  1.3993773281256809E+001                  4.2177897469364112E-001                  5.5839283760562997E-001                  1.9828187700728916E-002                  4.7535663507916387E-005                  1.1134703788858704E-013                  0.0000000000000000E+000 
                                     681                  2.6327616387421038E-001                 -6.8730337668418340E-001                  6.7186733097184170E+000                 -7.4388211009761451E-001                  1.4004505904452397E+001                  4.2167722038260053E-001                  5.5849476380547614E-001                  1.9828015811923283E-002                  4.9893079497939405E-005                  1.2914183364389143E-013                  0.0000000000000000E+000 
                                     682                  2.6325754611109858E-001                 -6.8975359186758600E-001                  6.7218802896117902E+000                 -7.3099641201351906E-001                  1.4020472209388574E+001                  4.2152514438879640E-001                  5.5864709658173517E-001                  1.9827759029468428E-002                  5.3621686240529415E-005                  1.6109149916513581E-013                  0.0000000000000000E+000 
                                     683                  2.6322031058487522E-001                 -6.9463254797551521E-001                  6.7261422332392602E+000                 -7.1376182914315733E-001                  1.4041799302728668E+001                  4.2132302084814144E-001                  5.5884956131596397E-001                  1.9827417835894590E-002                  5.9015879072956121E-005                  2.1601182801861402E-013                  0.0000000000000000E+000 
                                     684                  2.6318307505865168E-001                 -6.9948191507445334E-001                  6.7303851624505988E+000                 -6.9660495261539401E-001                  1.4063031189835231E+001                  4.2112174131278546E-001                  5.5905118034022683E-001                  1.9827078346987714E-002                  6.4911544766945722E-005                  2.8905467684990385E-013                  0.0000000000000000E+000 
                                     685                  2.6314583953242809E-001                 -7.0430175079377144E-001                  6.7346091125906495E+000                 -6.7952649018113498E-001                  1.4084167196302523E+001                  4.2092130578264936E-001                  5.5925195365460301E-001                  1.9826740562747691E-002                  7.1351094793185334E-005                  3.8599905382440108E-013                  0.0000000000000000E+000 
                                     686                  2.6310860400620462E-001                 -7.0909212379536579E-001                  6.7388141002372208E+000                 -6.6252660620557824E-001                  1.4105206705291552E+001                  4.2072062160538171E-001                  5.5945297606287436E-001                  1.9826402331743931E-002                  7.8379793701590850E-005                  5.1440115310322670E-013                  0.0000000000000000E+000 
                                     687                  2.6307136847998114E-001                 -7.1385310782808487E-001                  6.7430001241003268E+000                 -6.4560576386186397E-001                  1.4126149155017476E+001                  4.2051947775592835E-001                  5.5965445896128385E-001                  1.9826063282787798E-002                  8.6046441721225348E-005                  6.8412005373873232E-013                  0.0000000000000000E+000 
                                     688                  2.6303413295375777E-001                 -7.1858478509151358E-001                  6.7471671668889401E+000                 -6.2876526769450036E-001                  1.4146994037010160E+001                  4.2031981098210713E-001                  5.5985446196582800E-001                  1.9825727052064868E-002                  9.4404148133083409E-005                  9.0799304766487690E-013                  0.0000000000000000E+000 
                                     689                  2.6299689742753440E-001                 -7.2328725557372886E-001                  6.7513151966640024E+000                 -6.1200541519646512E-001                  1.4167740896207878E+001                  4.2012135272218548E-001                  5.6005325414010976E-001                  1.9825393137704816E-002                  1.0350921169299986E-004                  1.2026992332070484E-012                  0.0000000000000000E+000 
                                     690                  2.6295966190131098E-001                 -7.2796062618177404E-001                  6.7554441715939451E+000                 -5.9532618826563399E-001                  1.4188389328996710E+001                  4.1992324047269386E-001                  5.6025169961630339E-001                  1.9825059911002807E-002                  1.1342168757799999E-004                  1.5898642656883449E-012                  0.0000000000000000E+000 
                                     691                  2.6292242637508756E-001                 -7.3260500736496803E-001                  6.7585303624564927E+000                 -5.8278930440993970E-001                  1.4203892005112367E+001                  4.1977478249117772E-001                  5.6040040725160412E-001                  1.9824810257218162E-002                  1.2145028412700348E-004                  1.9580572006781009E-012                  0.0000000000000000E+000 
                                     692                  2.6290380861197576E-001                 -7.3491605090578538E-001                  6.7605806417171541E+000                 -5.7451210634815786E-001                  1.4214140643231126E+001                  4.1967616597417873E-001                  5.6049918953912259E-001                  1.9824644486698739E-002                  1.2707325051361323E-004                  2.2479082909837423E-012                  0.0000000000000000E+000 
                                     693                  2.6288519084886403E-001                 -7.3721989608936789E-001                  6.7636451983154569E+000                 -5.6221357226705049E-001                  1.4229387560317331E+001                  4.1952888974348118E-001                  5.6064671319837456E-001                  1.9824397058144205E-002                  1.3593227725036932E-004                  2.7617005639960649E-012                  0.0000000000000000E+000 
                                     694                  2.6284795532264071E-001                 -7.4180666748075519E-001                  6.7697378356084457E+000                 -5.3789862190919147E-001                  1.4259567548741821E+001                  4.1923595863897467E-001                  5.6094013609192872E-001                  1.9823905269096609E-002                  1.5532516161659247E-004                  4.1521816018418920E-012                  0.0000000000000000E+000 
                                     695                  2.6277348427019370E-001                 -7.5089926514641681E-001                  6.7757998405834039E+000                 -5.1314642934436094E-001                  1.4290147517890768E+001                  4.1894609194556315E-001                  5.6123048889169647E-001                  1.9823419162740441E-002                  1.7752497173453773E-004                  6.2289049502215684E-012                  0.0000000000000000E+000 
                                     696                  2.6273628655907583E-001                 -7.5539605417876543E-001                  6.7788113130640992E+000                 -5.0093287921434027E-001                  1.4305257410063213E+001                  4.1880025965132439E-001                  5.6137656580319140E-001                  1.9823174545484212E-002                  1.8964000830457874E-004                  7.6135501477806075E-012                  0.0000000000000000E+000 
                                     697                  2.6271768770351689E-001                 -7.5763360866543650E-001                  6.7808119169090304E+000                 -4.9286812421632009E-001                  1.4315247102492073E+001                  4.1870285195332901E-001                  5.6147413684730385E-001                  1.9823011199367135E-002                  1.9810830454025549E-004                  8.6968591168714545E-012                  0.0000000000000000E+000 
                                     698                  2.6269908884795795E-001                 -7.5986415393239504E-001                  6.7838021972991935E+000                 -4.8088384465186651E-001                  1.4330109778394354E+001                  4.1855664071732307E-001                  5.6162059323882207E-001                  1.9822766043854800E-002                  2.1142406205062992E-004                  1.0605149707766468E-011                  0.0000000000000000E+000 
                                     699                  2.6266189113683991E-001                 -7.6430484831946777E-001                  6.7877747323072528E+000                 -4.6487391644557241E-001                  1.4349942074334001E+001                  4.1836118692875113E-001                  5.6181637465271450E-001                  1.9822438418534372E-002                  2.3051982050587775E-004                  1.3798201138743808E-011                  0.0000000000000000E+000 
                                     700                  2.6262469342572192E-001                 -7.6871772227192114E-001                  6.7917284275258698E+000                 -4.4894576254078544E-001                  1.4369674523305138E+001                  4.1816519443638100E-001                  5.6201269556715416E-001                  1.9822109996464832E-002                  2.5118974215120960E-004                  1.7918809079036625E-011                  0.0000000000000000E+000 
                                     701                  2.6258749571460377E-001                 -7.7310293543967568E-001                  6.7956633859941036E+000                 -4.3309978071029875E-001                  1.4389307139143074E+001                  4.1796940814675237E-001                  5.6220880993683109E-001                  1.9821781916416592E-002                  2.7355099409392139E-004                  2.3226538248914781E-011                  0.0000000000000000E+000 
                                     702                  2.6255029800348562E-001                 -7.7746065557464394E-001                  6.7995797282041748E+000                 -4.1733599831409840E-001                  1.4408839969365824E+001                  4.1777373996513745E-001                  5.6240480592339825E-001                  1.9821454111464298E-002                  2.9772766176362991E-004                  3.0050816396363722E-011                  0.0000000000000000E+000 
                                     703                  2.6251310029236757E-001                 -7.8179105480404498E-001                  6.8034775908639453E+000                 -4.0165429733143310E-001                  1.4428273093865347E+001                  4.1757779735831374E-001                  5.6260107693114614E-001                  1.9821125710540066E-002                  3.2385146974585961E-004                  3.8809020069665929E-011                  0.0000000000000000E+000 
                                     704                  2.6247590258124953E-001                 -7.8609430816951198E-001                  6.8063905796776289E+000                 -3.8987661028873077E-001                  1.4442853328829827E+001                  4.1743041212178772E-001                  5.6274870941009714E-001                  1.9820878468115088E-002                  3.4486895447048520E-004                  4.6971518247440512E-011                  0.0000000000000000E+000 
                                     705                  2.6245730372569048E-001                 -7.8823556136873107E-001                  6.8083258698209947E+000                 -3.8209886523650965E-001                  1.4452494027595304E+001                  4.1733274852728230E-001                  5.6284653651354466E-001                  1.9820714959173036E-002                  3.5952460890213608E-004                  5.3307036268239683E-011                  0.0000000000000000E+000 
                                     706                  2.6243870487013138E-001                 -7.9037009986720275E-001                  6.8112187297479183E+000                 -3.7053994567906090E-001                  1.4466839122521748E+001                  4.1718705150906610E-001                  5.6299247701481980E-001                  1.9820471476114099E-002                  3.8251411832856106E-004                  6.4377918211050146E-011                  0.0000000000000000E+000 
                                     707                  2.6240150715901317E-001                 -7.9461961609219789E-001                  6.8169706223294320E+000                 -3.4768769813577410E-001                  1.4495234147609693E+001                  4.1689765339618862E-001                  5.6328235764292856E-001                  1.9819988960882773E-002                  4.3244065630387081E-004                  9.3569125589507607E-011                  0.0000000000000000E+000 
                                     708                  2.6232711173677681E-001                 -8.0304288664027046E-001                  6.8226946774145656E+000                 -3.2447293765887592E-001                  1.4523958528928981E+001                  4.1660991298724637E-001                  5.6357057709007563E-001                  1.9819509922678002E-002                  4.8896004303552955E-004                  1.3573099152646054E-010                  0.0000000000000000E+000 
                                     709                  2.6228991402565849E-001                 -8.0721323825015234E-001                  6.8264850154063996E+000                 -3.0928643731783440E-001                  1.4542796884301969E+001                  4.1641929149376072E-001                  5.6376151504758054E-001                  1.9819193458658679E-002                  5.3006640957977140E-004                  1.7344493743420569E-010                  0.0000000000000000E+000 
                                     710                  2.6225271631454017E-001                 -8.1135760747547947E-001                  6.8321318633107673E+000                 -2.8691644950098033E-001                  1.4570612145268003E+001                  4.1613516741802503E-001                  5.6404610947716982E-001                  1.9818723104805147E-002                  5.9728578548350867E-004                  2.4951590899582508E-010                  0.0000000000000000E+000 
                                     711                  2.6217832089230370E-001                 -8.1957273386712526E-001                  6.8377517794044893E+000                 -2.6420811953562334E-001                  1.4598734392725692E+001                  4.1585353882529102E-001                  5.6432820228500491E-001                  1.9818258889704010E-002                  6.7312206169675291E-004                  3.5827685276099944E-010                  0.0000000000000000E+000 
                                     712                  2.6214112318118560E-001                 -8.2364038859050581E-001                  6.8414735864219507E+000                 -2.4934899859081167E-001                  1.4617181418419856E+001                  4.1566515893501377E-001                  5.6451689354810408E-001                  1.9817947516882151E-002                  7.2813361106532340E-004                  4.5478234690503475E-010                  0.0000000000000000E+000 
                                     713                  2.6210392547006750E-001                 -8.2768289180093901E-001                  6.8470190248713525E+000                 -2.2745649160698830E-001                  1.4644423658098150E+001                  4.1538285333149494E-001                  5.6479966616020405E-001                  1.9817480508301011E-002                  8.1786205090838497E-004                  6.4784585929666792E-010                  0.0000000000000000E+000 
                                     714                  2.6202953004783130E-001                 -8.3569654906163593E-001                  6.8525384681412511E+000                 -2.0524652513784258E-001                  1.4671952448581509E+001                  4.1510078327909217E-001                  5.6508220304858403E-001                  1.9817013672323802E-002                  9.1875001329119017E-004                  9.2120587039643652E-010                  0.0000000000000000E+000 
                                     715                  2.6199233233671315E-001                 -8.3966485918585188E-001                  6.8561941532921367E+000                 -1.9071045519060129E-001                  1.4690013944595677E+001                  4.1491282071230839E-001                  5.6527047693649857E-001                  1.9816702351193038E-002                  9.9175872658245775E-004                  1.1618981295106520E-009                  0.0000000000000000E+000 
                                     716                  2.6195513462559505E-001                 -8.4360887078629865E-001                  6.8598336134956632E+000                 -1.7625438428308943E-001                  1.4707980077805864E+001                  4.1472491597588496E-001                  5.6545869306084040E-001                  1.9816390963274699E-002                  1.0700216627896897E-003                  1.4631989585393204E-009                  0.0000000000000000E+000 
                                     717                  2.6191793691447690E-001                 -8.4752879966069983E-001                  6.8634569718996508E+000                 -1.6187797885734878E-001                  1.4725851302046406E+001                  4.1453709011247458E-001                  5.6564683040324326E-001                  1.9816079484282101E-002                  1.1538758804050689E-003                  1.8397953998501273E-009                  0.0000000000000000E+000 
                                     718                  2.6188073920335864E-001                 -8.5142486229297420E-001                  6.8688565898720375E+000                 -1.4068982828842977E-001                  1.4752250851931869E+001                  4.1425545645182654E-001                  5.6592893140381206E-001                  1.9815612144361339E-002                  1.2901612326907054E-003                  2.5844429928781395E-009                  0.0000000000000000E+000 
                                     719                  2.6180634378112222E-001                 -8.5914917645929523E-001                  6.8742311456314642E+000                 -1.1921328895103003E-001                  1.4778909609975633E+001                  4.1397454314261978E-001                  5.6621031066169036E-001                  1.9815146195689914E-002                  1.4426726624661218E-003                  3.6242567480339135E-009                  0.0000000000000000E+000 
                                     720                  2.6176914607000407E-001                 -8.6297493345158272E-001                  6.8777912590631765E+000                 -1.0515196060211174E-001                  1.4796406108978397E+001                  4.1378769950278099E-001                  5.6639746424702619E-001                  1.9814836250192869E-002                  1.5526600016251815E-003                  4.5297528811762260E-009                  0.0000000000000000E+000 
                                     721                  2.6173194835888586E-001                 -8.6677769400377058E-001                  6.8830969211748778E+000                 -8.4423433941925946E-002                  1.4822257449870358E+001                  4.1350821949259259E-001                  5.6667740736502215E-001                  1.9814373142385211E-002                  1.7310204526390950E-003                  6.3069242634687152E-009                  0.0000000000000000E+000 
                                     722                  2.6165755293664944E-001                 -8.7431781237787243E-001                  6.8883776116785249E+000                 -6.3422722484150706E-002                  1.4848351773381667E+001                  4.1322847632219661E-001                  5.6695761511593412E-001                  1.9813908561869265E-002                  1.9300066576888361E-003                  8.7665373752641661E-009                  0.0000000000000000E+000 
                                     723                  2.6162035522553123E-001                 -8.7805286964117624E-001                  6.8918756416563234E+000                 -4.9668592959014372E-002                  1.4865481808827543E+001                  4.1304133257890974E-001                  5.6714507053937269E-001                  1.9813596881717577E-002                  2.0731889245008506E-003                  1.0893334293976214E-008                  0.0000000000000000E+000 
                                     724                  2.6158315751441302E-001                 -8.8176578662222882E-001                  6.8965127995813775E+000                 -3.1570898124043054E-002                  1.4888056094387808E+001                  4.1279091618209041E-001                  5.6739590520446359E-001                  1.9813178613446003E-002                  2.2783697365137989E-003                  1.4513818503581947E-008                  0.0000000000000000E+000 
                                     725                  2.6152116132921654E-001                 -8.8790660480694128E-001                  6.9022741615780108E+000                 -8.9757626477792035E-003                  1.4916213418588391E+001                  4.1248237560717776E-001                  5.6770495773767848E-001                  1.9812666655143696E-002                  2.5617947455086275E-003                  2.0714261445976201E-008                  0.0000000000000000E+000 
                                     726                  2.6145916514402007E-001                 -8.9398745406642344E-001                  6.9065707389115705E+000                  7.9761223769471527E-003                  1.4937313196078662E+001                  4.1225386954792359E-001                  5.6793384082621612E-001                  1.9812289625860346E-002                  2.7960232218939484E-003                  2.6993227689056484E-008                  0.0000000000000000E+000 
                                     727                  2.6142816705142169E-001                 -8.9700500088095736E-001                  6.9094199177264484E+000                  1.9114913133628030E-002                  1.4951204215311265E+001                  4.1210241356084742E-001                  5.6808554613217610E-001                  1.9812040306976475E-002                  2.9620779148390296E-003                  3.2154714802884380E-008                  0.0000000000000000E+000 
                                     728                  2.6139716895882337E-001                 -9.0000793652829081E-001                  6.9136708435738097E+000                  3.5590171794190946E-002                  1.4971788039234490E+001                  4.1187655164999959E-001                  5.6831177897039120E-001                  1.9811669379609209E-002                  3.2268590430564754E-003                  4.1710354230177333E-008                  0.0000000000000000E+000 
                                     729                  2.6133517277362667E-001                 -9.0597180481655348E-001                  6.9193060136178142E+000                  5.7572053554236099E-002                  1.4999215162562688E+001                  4.1157719452089653E-001                  5.6861162610534355E-001                  1.9811179373759868E-002                  3.6150547361217867E-003                  5.8852484639732280E-008                  0.0000000000000000E+000 
                                     730                  2.6127317658843019E-001                 -9.1187861152039873E-001                  6.9248999717159956E+000                  7.9355013805817443E-002                  1.5026404429468906E+001                  4.1127925962686740E-001                  5.6891004806641965E-001                  1.9810692306712951E-002                  4.0452159801184643E-003                  8.2733361530805905E-008                  0.0000000000000000E+000 
                                     731                  2.6121118040323366E-001                 -9.1772929500490086E-001                  6.9290717725567923E+000                  9.5694913687149108E-002                  1.5046775294723117E+001                  4.1105673631281259E-001                  5.6913293478761129E-001                  1.9810328899576124E-002                  4.3992984965747200E-003                  1.0660669006958044E-007                  0.0000000000000000E+000 
                                     732                  2.6118018231063544E-001                 -9.2063325715672861E-001                  6.9318384959530182E+000                  1.0643597667827163E-001                  1.5060190947531478E+001                  4.1090875747079531E-001                  5.6928115507183974E-001                  1.9810087457365011E-002                  4.6497003652965887E-003                  1.2605599606390198E-007                  0.0000000000000000E+000 
                                     733                  2.6114918421803712E-001                 -9.2352354658621327E-001                  6.9359669236133028E+000                  1.2232879471732935E-001                  1.5080076667638162E+001                  4.1068781847105917E-001                  5.6950245401147337E-001                  1.9809727517467457E-002                  5.0480260414880350E-003                  1.6173810934650634E-007                  0.0000000000000000E+000 
                                     734                  2.6108718803284070E-001                 -9.2926477116434225E-001                  6.9414405241593249E+000                  1.4352891637739387E-001                  1.5106569191049696E+001                  4.1039384913412424E-001                  5.6979690200718047E-001                  1.9809248858695283E-002                  5.6299403397618436E-003                  2.2494453211905906E-007                  0.0000000000000000E+000 
                                     735                  2.6102519184764345E-001                 -9.3495262674338331E-001                  6.9468753727996919E+000                  1.6453830509080342E-001                  1.5132835165040657E+001                  4.1010317707825289E-001                  5.7008804538796465E-001                  1.9808777533782518E-002                  6.2724635876632625E-003                  3.1177853621384743E-007                  0.0000000000000000E+000 
                                     736                  2.6096319566244619E-001                 -9.4058802436844080E-001                  6.9509294339587164E+000                  1.8029412822819296E-001                  1.5152511804957983E+001                  4.0988718926443429E-001                  5.7030438220085089E-001                  1.9808428534714873E-002                  6.7997369977281898E-003                  3.9756049002159865E-007                  0.0000000000000000E+000 
                                     737                  2.6093219756984748E-001                 -9.4338577583592009E-001                  6.9536186051118039E+000                  1.9065467168976749E-001                  1.5165474651364722E+001                  4.0974441512981935E-001                  5.7044738631941849E-001                  1.9808198550762102E-002                  7.1719448132631890E-003                  4.6687043045243282E-007                  0.0000000000000000E+000 
                                     738                  2.6090119947724882E-001                 -9.4617076015343882E-001                  6.9576321798901288E+000                  2.0598928235849612E-001                  1.5184695337506939E+001                  4.0953208052287909E-001                  5.7066006187914542E-001                  1.9807857597975431E-002                  7.7630255103693525E-003                  5.9297215971990579E-007                  0.0000000000000000E+000 
                                     739                  2.6083920329205140E-001                 -9.5170395117171369E-001                  6.9616307606013583E+000                  2.2146209543078393E-001                  1.5204038002653494E+001                  4.0932133483586930E-001                  5.7087114511039472E-001                  1.9807520053735983E-002                  8.4037479831347260E-003                  7.5240757014608526E-007                  0.0000000000000000E+000 
                                     740                  2.6080820519945286E-001                 -9.5445129858158273E-001                  6.9642834945939471E+000                  2.3163858045736219E-001                  1.5216782987261144E+001                  4.0918133731682427E-001                  5.7101136651179996E-001                  1.9807296171375777E-002                  8.8557323292430667E-003                  8.8073274330480478E-007                  0.0000000000000000E+000 
                                     741                  2.6077720710685431E-001                 -9.5718631984430469E-001                  6.9669274058866701E+000                  2.4176975954748423E-001                  1.5229474392616769E+001                  4.0904179249074624E-001                  5.7115113418020369E-001                  1.9807073329050073E-002                  9.3300507580675509E-003                  1.0301361231333539E-006                  0.0000000000000000E+000 
                                     742                  2.6074620901425577E-001                 -9.5990912348628155E-001                  6.9695626225186267E+000                  2.5185599725463365E-001                  1.5242112575579371E+001                  4.0890238838601051E-001                  5.7129076080596375E-001                  1.9806850808025800E-002                  9.8277492031872936E-003                  1.2039511140737530E-006                  0.0000000000000000E+000 
                                     743                  2.6071521092165723E-001                 -9.6261981681794939E-001                  6.9721892764699254E+000                  2.6189751226668273E-001                  1.5254697892510352E+001                  4.0876314102249356E-001                  5.7143023033471008E-001                  1.9806628642796364E-002                  1.0349939688366488E-002                  1.4060188602630272E-006                  0.0000000000000000E+000 
                                     744                  2.6068421282905874E-001                 -9.6531850684104370E-001                  6.9748075035769093E+000                  2.7189441876755344E-001                  1.5267230699239448E+001                  4.0862429828621577E-001                  5.7156929429965708E-001                  1.9806407414127092E-002                  1.0897804095847573E-002                  1.6407628347282699E-006                  0.0000000000000000E+000 
                                     745                  2.6065321473646019E-001                 -9.6800530089449399E-001                  6.9787164995820099E+000                  2.8669577599951374E-001                  1.5285819704228949E+001                  4.0841671949754466E-001                  5.7177720334859194E-001                  1.9806077153863400E-002                  1.1767069386830663E-002                  2.0646539561802585E-006                  0.0000000000000000E+000 
                                     746                  2.6059121855126327E-001                 -9.7334459403478890E-001                  6.9826130124964827E+000                  3.0162296836642200E-001                  1.5304520694714070E+001                  4.0820975819319893E-001                  5.7198449342339963E-001                  1.9805748383401434E-002                  1.2708219541421954E-002                  2.5959173596278047E-006                  0.0000000000000000E+000 
                                     747                  2.6056022045866462E-001                 -9.7599633854029599E-001                  6.9851989878194045E+000                  3.1144360766852253E-001                  1.5316847030015911E+001                  4.0807242136467220E-001                  5.7212204812913514E-001                  1.9805530506192603E-002                  1.3371856010621342E-002                  3.0205077812207117E-006                  0.0000000000000000E+000 
                                     748                  2.6052922236606602E-001                 -9.7863661327339024E-001                  6.9890606370073263E+000                  3.2598567408727491E-001                  1.5335132711686930E+001                  4.0786782938916272E-001                  5.7232696391067284E-001                  1.9805206700164391E-002                  1.4424931899558005E-002                  3.7845953540137203E-006                  0.0000000000000000E+000 
                                     749                  2.6046722618086887E-001                 -9.8388409489701845E-001                  6.9929113340131694E+000                  3.4064720991247383E-001                  1.5353525937024534E+001                  4.0766444346537534E-001                  5.7253067109126587E-001                  1.9804885443358788E-002                  1.5565194129355224E-002                  4.7384521538419465E-006                  0.0000000000000000E+000 
                                     750                  2.6043622808827033E-001                 -9.8649059821630958E-001                  6.9954674693222696E+000                  3.5029449843570504E-001                  1.5365651445017345E+001                  4.0752935054847145E-001                  5.7266597710100375E-001                  1.9804672350524744E-002                  1.6369505481606456E-002                  5.4983456932916953E-006                  0.0000000000000000E+000 
                                     751                  2.6040522999567178E-001                 -9.8908605609522948E-001                  6.9992854375827314E+000                  3.6458199785667955E-001                  1.5383642073043820E+001                  4.0732745771541673E-001                  5.7286818795573735E-001                  1.9804354328845974E-002                  1.7646412830686103E-002                  6.8614721361078654E-006                  0.0000000000000000E+000 
                                     752                  2.6034323381047481E-001                 -9.9424512231607398E-001                  7.0030941158037550E+000                  3.7898334598132960E-001                  1.5401736151552653E+001                  4.0712614397864016E-001                  5.7306981845374450E-001                  1.9804037567615396E-002                  1.9029814289827161E-002                  7.9225327055145923E-006                  2.0339904070791443E-054 
                                     753                  2.6031223571787626E-001                 -9.9680807207328181E-001                  7.0056229552004146E+000                  3.8846052046805812E-001                  1.5413666437961194E+001                  4.0699287854687433E-001                  5.7320329303019890E-001                  1.9803828422926717E-002                  2.0006470970843532E-002                  9.1631696039107177E-006                  2.9596656726256969E-054 
                                     754                  2.6028123762527772E-001                 -9.9936039649665276E-001                  7.0094010276957794E+000                  4.0249756670015108E-001                  1.5431370228179430E+001                  4.0679439596997019E-001                  5.7340208628021860E-001                  1.9803517749811261E-002                  2.1558622369597647E-002                  1.1380087248391842E-005                  5.1738975470029353E-054 
                                     755                  2.6021924144008080E-001                 -1.0044344112908379E+000                  7.0144206924988630E+000                  4.2120519868326789E-001                  1.5454949627018932E+001                  4.0653140253245890E-001                  5.7366549039150805E-001                  1.9803107076033055E-002                  2.3823682614114262E-002                  1.5167664246111183E-005                  1.0845236741250617E-053 
                                     756                  2.6015724525488382E-001                 -1.0094671524107757E+000                  7.0194162433717135E+000                  4.3974702113363662E-001                  1.5478342046599314E+001                  4.0627202849974398E-001                  5.7392526731241378E-001                  1.9802704187842246E-002                  2.6327422567581700E-002                  2.0168096072720587E-005                  2.2585897035771157E-053 
                                     757                  2.6009524906968684E-001                 -1.0144594524715511E+000                  7.0231507741210182E+000                  4.5364117006076848E-001                  1.5495863424196855E+001                  4.0608084678330253E-001                  5.7411674399625179E-001                  1.9802409220445627E-002                  2.8386821029764024E-002                  2.4944901087229521E-005                  3.9025463986600904E-053 
                                     758                  2.6006425097708835E-001                 -1.0169403137679174E+000                  7.0256311725990015E+000                  4.6278847222452851E-001                  1.5507419925531499E+001                  4.0595170033047112E-001                  5.7424609071985044E-001                  1.9802208949678435E-002                  2.9845362665299822E-002                  2.8714718699477715E-005                  5.6052311469544386E-053 
                                     759                  2.6003325288448986E-001                 -1.0194113727051115E+000                  7.0293379267295606E+000                  4.7634212404470672E-001                  1.5524574468736462E+001                  4.0575664979827453E-001                  5.7444144450169721E-001                  1.9801905700028266E-002                  3.2171951996944670E-002                  3.5413340595243579E-005                  9.6125954180424348E-053 
                                     760                  2.5997125669929305E-001                 -1.0243252151026196E+000                  7.0330384167560291E+000                  4.8999632433728896E-001                  1.5541822104636207E+001                  4.0556135484406669E-001                  5.7463704322736353E-001                  1.9801601928569834E-002                  3.4706979022996361E-002                  4.3652789227345533E-005                  1.6456655024805525E-052 
                                     761                  2.5994025860669467E-001                 -1.0267674466503760E+000                  7.0354963956205809E+000                  4.9898642221948286E-001                  1.5553199919188849E+001                  4.0543137615106073E-001                  5.7476722394480273E-001                  1.9801399904136541E-002                  3.6507500574746721E-002                  5.0138022350031114E-005                  2.3493224098315958E-052 
                                     762                  2.5990926051409635E-001                 -1.0292002631399724E+000                  7.0391698819050994E+000                  5.1230870081657398E-001                  1.5570091867586569E+001                  4.0523673499822277E-001                  5.7496216739965056E-001                  1.9801097602126672E-002                  3.9388425227907253E-002                  6.1630696042157468E-005                  3.9926998779193631E-052 
                                     763                  2.5984726432889960E-001                 -1.0340387426696300E+000                  7.0440528410584946E+000                  5.3006248658915911E-001                  1.5592590308034271E+001                  4.0497775774813660E-001                  5.7522154649391743E-001                  1.9800695757945963E-002                  4.3634365905231294E-002                  8.1039285559128015E-005                  8.0649009011030202E-052 
                                     764                  2.5978526814370306E-001                 -1.0388406750969827E+000                  7.0477039866795659E+000                  5.4336819913518553E-001                  1.5609442780899554E+001                  4.0478209869054543E-001                  5.7541751003931862E-001                  1.9800391270135886E-002                  4.7160304787789736E-002                  9.9406838480738295E-005                  1.3623554079901572E-051 
                                     765                  2.5975427005110474E-001                 -1.0412278208857728E+000                  7.0501292836901586E+000                  5.5213158499528836E-001                  1.5620562616506675E+001                  4.0465122140717202E-001                  5.7554859126353664E-001                  1.9800187329291341E-002                  4.9678247818413838E-002                  1.1380742635183500E-004                  1.9277947890035015E-051 
                                     766                  2.5972327195850647E-001                 -1.0436061050203644E+000                  7.0537540112389490E+000                  5.6512187779571299E-001                  1.5637075401453941E+001                  4.0445424858034751E-001                  5.7574587142500311E-001                  1.9799879994649383E-002                  5.3730690546738097E-002                  1.3922610664973255E-004                  3.2336880594459772E-051 
                                     767                  2.5966127577331011E-001                 -1.0483371047701320E+000                  7.0585719907306359E+000                  5.8243510755589512E-001                  1.5659069476488519E+001                  4.0419007050939953E-001                  5.7601046262976052E-001                  1.9799466860839887E-002                  5.9752762681023815E-002                  1.8191186841211914E-004                  6.4194934776130642E-051 
                                     768                  2.5959927958811368E-001                 -1.0530336806017186E+000                  7.0622323923553720E+000                  5.9561741824479597E-001                  1.5675806188296125E+001                  4.0398536493148601E-001                  5.7621549039121345E-001                  1.9799144677300484E-002                  6.4882245263349514E-002                  2.2279914405728415E-004                  1.0793111196835346E-050 
                                     769                  2.5956677776461934E-001                 -1.0554820280195569E+000                  7.0647411480512048E+000                  6.0457894651726152E-001                  1.5687205292319732E+001                  4.0384652440779345E-001                  5.7635454823682752E-001                  1.9798927355379026E-002                  6.8698597862400318E-002                  2.5590730465305668E-004                  1.5392494458520181E-050 
                                     770                  2.5953427594112494E-001                 -1.0579212023267841E+000                  7.0672440398201566E+000                  6.1350154831403914E-001                  1.5698560522931997E+001                  4.0370915764679194E-001                  5.7649212910487813E-001                  1.9798713248329936E-002                  7.2781895304233693E-002                  2.9377053176662395E-004                  2.1917943838060148E-050 
                                     771                  2.5950177411763059E-001                 -1.0603513025478344E+000                  7.0697411027980293E+000                  6.2238556372533482E-001                  1.5709872241434368E+001                  4.0357324157326629E-001                  5.7662825612082602E-001                  1.9798502305907739E-002                  7.7155642499746199E-002                  3.3704813856433536E-004                  3.1161906148685500E-050 
                                     772                  2.5946927229413619E-001                 -1.0627724266078202E+000                  7.0722323765414759E+000                  6.3123121991202125E-001                  1.5721140807081744E+001                  4.0343899812905620E-001                  5.7676270686054065E-001                  1.9798295010403200E-002                  8.1845831093122726E-002                  3.8648772519135659E-004                  4.4237034096036055E-050 
                                     773                  2.5943677047064206E-001                 -1.0651846719613247E+000                  7.0747179137914342E+000                  6.4003919905112372E-001                  1.5732366577103315E+001                  4.0330556301888548E-001                  5.7689634749657626E-001                  1.9798089484538206E-002                  8.6881284760452551E-002                  4.4293638202767577E-004                  6.2703849065200842E-050 
                                     774                  2.5940426864714788E-001                 -1.0675881330508943E+000                  7.0784323230298458E+000                  6.5309349661766147E-001                  1.5749035401416457E+001                  4.0310648812357802E-001                  5.7709572832096268E-001                  1.9797783555459247E-002                  9.5127214185457470E-002                  5.4268988938878957E-004                  1.0543613303654797E-049 
                                     775                  2.5933926500015958E-001                 -1.0723697597875024E+000                  7.0821404654311575E+000                  6.6624403267867671E-001                  1.5765792899859282E+001                  4.0290671657193322E-001                  5.7729580730290209E-001                  1.9797476125164692E-002                  1.0439245159798086E-001                  6.6458392413486255E-004                  1.7699435533872926E-049 
                                     776                  2.5930676317666529E-001                 -1.0747474152540815E+000                  7.0846035298877554E+000                  6.7490497604753974E-001                  1.5776851025406845E+001                  4.0277518955238217E-001                  5.7742753566404492E-001                  1.9797274783572849E-002                  1.1116038946870103E-001                  7.6001630253866466E-004                  2.4940796768718324E-049 
                                     777                  2.5927426135317100E-001                 -1.0771166514127781E+000                  7.0870611144424478E+000                  6.8352944673097205E-001                  1.5787868105499285E+001                  4.0264517251224768E-001                  5.7755775074829119E-001                  1.9797076739461072E-002                  1.1846900526109776E-001                  8.6869640919700502E-004                  3.5094002836379000E-049 
                                     778                  2.5924175952967676E-001                 -1.0794775597848540E+000                  7.0895132815736259E+000                  6.9211819578151468E-001                  1.5798844483427258E+001                  4.0251558684241373E-001                  5.7768753351423208E-001                  1.9796879643354193E-002                  1.2637011648147325E-001                  9.9240139506756716E-004                  4.9310173842813095E-049 
                                     779                  2.5920925770618247E-001                 -1.0818302285268120E+000                  7.0919600958256224E+000                  7.0067151887229662E-001                  1.5809780500065459E+001                  4.0238639321711595E-001                  5.7781692337362622E-001                  1.9796683409257776E-002                  1.3492068564093343E-001                  1.1331388736520204E-003                  6.9187457933439163E-049 
                                     780                  2.5917675588268829E-001                 -1.0841747449000672E+000                  7.0944016244773414E+000                  7.0918915264231486E-001                  1.5820676493867186E+001                  4.0225882801501650E-001                  5.7794468125085496E-001                  1.9796490734128591E-002                  1.4418542563324296E-001                  1.2931757166975393E-003                  9.6941044975741368E-049 
                                     781                  2.5914425405919411E-001                 -1.0865111982999189E+000                  7.0980509529022440E+000                  7.2181683203447899E-001                  1.5836860854152665E+001                  4.0206965141753875E-001                  5.7813414211294889E-001                  1.9796206469512301E-002                  1.5953447973188120E-001                  1.5745623857563312E-003                  1.6023618760659225E-048 
                                     782                  2.5907925041220586E-001                 -1.0911608959366306E+000                  7.1016951914597373E+000                  7.3453344990226721E-001                  1.5853129764940824E+001                  4.0188414694702768E-001                  5.7831992281059685E-001                  1.9795930242375470E-002                  1.7701858021165764E-001                  1.9163616503566319E-003                  2.6445837574481872E-048 
                                     783                  2.5904674858871218E-001                 -1.0934736842101687E+000                  7.1041163075591891E+000                  7.4291281058687764E-001                  1.5863869019356560E+001                  4.0175884355837427E-001                  5.7844541389620385E-001                  1.9795742545421824E-002                  1.8992077532829213E-001                  2.1826774966424902E-003                  3.6852963506949921E-048 
                                     784                  2.5901424676521845E-001                 -1.0957787500139122E+000                  7.1065324888526273E+000                  7.5125861752038647E-001                  1.5874569909555497E+001                  4.0163328254489122E-001                  5.7857116315329060E-001                  1.9795554301818230E-002                  2.0396365602393221E-001                  2.4848001255407428E-003                  5.1287757155801339E-048 
                                     785                  2.5898174494172493E-001                 -1.0980761747200838E+000                  7.1089437948445342E+000                  7.5957142663905242E-001                  1.5885232759914937E+001                  4.0150679902123720E-001                  5.7869783691419108E-001                  1.9795364064571719E-002                  2.1926028977463174E-001                  2.8273861972426249E-003                  7.1283460147943657E-048 
                                     786                  2.5894924311823142E-001                 -1.1003660373998081E+000                  7.1113502787243457E+000                  7.6785167938800891E-001                  1.5895857892159533E+001                  4.0137900087853656E-001                  5.7882582814364880E-001                  1.9795170977814580E-002                  2.3593090525888397E-001                  3.2156775345773513E-003                  9.8947310477862594E-048 
                                     787                  2.5891674129473785E-001                 -1.1026484154228737E+000                  7.1137519889271594E+000                  7.7609843326737671E-001                  1.5906445625289095E+001                  4.0125268597098018E-001                  5.7895233288577941E-001                  1.9794981143240409E-002                  2.5411706426437053E-001                  3.6555708388589280E-003                  1.3716884732449828E-047 
                                     788                  2.5888423947124434E-001                 -1.1049233917594357E+000                  7.1161489694182816E+000                  7.8431229205058040E-001                  1.5916996276210318E+001                  4.0112709847649547E-001                  5.7907810861171694E-001                  1.9794792911787651E-002                  2.7396523569881998E-001                  4.1536988539086174E-003                  1.8991105828350421E-047 
                                     789                  2.5885173764775088E-001                 -1.1071910468578836E+000                  7.1185412589899508E+000                  7.9249343589039556E-001                  1.5927510159565960E+001                  4.0100246459865957E-001                  5.7920292861821721E-001                  1.9794606783123170E-002                  2.9563461201971541E-001                  4.7175151913074354E-003                  2.6259830103761999E-047 
                                     790                  2.5881923582425742E-001                 -1.1094514608599504E+000                  7.1209288918175124E+000                  8.0064214572099968E-001                  1.5937987587782102E+001                  4.0087878439215063E-001                  5.7932679284990252E-001                  1.9794422757946850E-002                  3.1930151923917438E-001                  5.3553959227872162E-003                  3.6264736787653648E-047 
                                     791                  2.5878673400076369E-001                 -1.1117047130729054E+000                  7.1233118972164089E+000                  8.0875919787064066E-001                  1.5948428871063669E+001                  4.0075492493610665E-001                  5.7945083670197484E-001                  1.9794238361918515E-002                  3.4514943178979957E-001                  6.0767500454621311E-003                  5.0019054769027765E-047 
                                     792                  2.5875423217727000E-001                 -1.1139508793850292E+000                  7.1256902999061662E+000                  8.1684479357761597E-001                  1.5958834317145431E+001                  4.0063108158901084E-001                  5.7957486438636097E-001                  1.9794054024628194E-002                  3.7338201537628340E-001                  6.8921364543256709E-003                  6.8904522995775581E-047 
                                     793                  2.5872173035377627E-001                 -1.1161900352437168E+000                  7.1280641207906585E+000                  8.2489906773249433E-001                  1.5969204231334560E+001                  4.0050760554475406E-001                  5.7969852394035981E-001                  1.9793870514886125E-002                  4.0421893445079882E-001                  7.8134021374746138E-003                  9.4803317223077484E-047 
                                     794                  2.5868922853028253E-001                 -1.1184222559978070E+000                  7.1304333770742314E+000                  8.3292235268493231E-001                  1.5979538916583609E+001                  4.0038439714093033E-001                  5.7982191524321913E-001                  1.9793687615850541E-002                  4.3789082366011278E-001                  8.8538347535894405E-003                  1.3027657617354079E-046 
                                     795                  2.5865672670678891E-001                 -1.1206476158777676E+000                  7.1322081221416340E+000                  8.3893855229700032E-001                  1.5987286543882698E+001                  4.0029220384221070E-001                  5.7991424523143220E-001                  1.9793550926357151E-002                  4.6517932818758528E-001                  9.7220381632992722E-003                  1.6524552858811814E-046 
                                     796                  2.5864047579504218E-001                 -1.1217577116644850E+000                  7.1333893465205707E+000                  8.4292703254893764E-001                  1.5992427565815197E+001                  4.0023080628150809E-001                  5.7997573376799472E-001                  1.9793459950497194E-002                  4.8439714793305871E-001                  1.0345643326012522E-002                  1.9353255448622185E-046 
                                     797                  2.5862422488329539E-001                 -1.1228661198728251E+000                  7.1351582748432030E+000                  8.4887684966228372E-001                  1.6000103573976400E+001                  4.0013880688523640E-001                  5.8006786940223964E-001                  1.9793323712523958E-002                  5.1475856263380493E-001                  1.1353582912232594E-002                  2.4511249196493415E-046 
                                     798                  2.5859172305980183E-001                 -1.1250779773881627E+000                  7.1375139026880250E+000                  8.5680892774465034E-001                  1.6010334365231941E+001                  4.0001637199971790E-001                  5.8019048540353113E-001                  1.9793142596751023E-002                  5.5848760861984215E-001                  1.2848271464929048E-002                  3.3560333686771486E-046 
                                     799                  2.5855922123630826E-001                 -1.1272831911858854E+000                  7.1398650005360516E+000                  8.6471118466633667E-001                  1.6020531115565504E+001                  3.9989420055941088E-001                  5.8031283734795946E-001                  1.9792962092629596E-002                  6.0612847898107913E-001                  1.4533326479141934E-002                  4.5894946737699680E-046 
                                     800                  2.5852671941281413E-001                 -1.1294818318238622E+000                  7.1416261251735831E+000                  8.7063691795164555E-001                  1.6028175574988811E+001                  3.9980274367814106E-001                  5.8040442920674351E-001                  1.9792827115115430E-002                  6.4463216334543305E-001                  1.5937272087034594E-002                  5.8003574683063520E-046 
                                     801                  2.5851046850106701E-001                 -1.1305786758750600E+000                  7.1427982849525691E+000                  8.7456575512835810E-001                  1.6033248518571817E+001                  3.9974189271299321E-001                  5.8046536988098407E-001                  1.9792737406022720E-002                  6.7169884130618340E-001                  1.6944591223383078E-002                  6.7769511288985704E-046 
                                     802                  2.5849421758931995E-001                 -1.1316739029129241E+000                  7.1445536372881930E+000                  8.8042708863157548E-001                  1.6040823436482320E+001                  3.9965079663578562E-001                  5.8055660010769894E-001                  1.9792603256515440E-002                  7.1433375794344800E-001                  1.8570953022697945E-002                  8.5523403255961650E-046 
                                     803                  2.5846171576582588E-001                 -1.1338596057924646E+000                  7.1468911378687947E+000                  8.8824138136925024E-001                  1.6050919799423500E+001                  3.9953001341090710E-001                  5.8067756067692655E-001                  1.9792425912166345E-002                  7.7551351692712911E-001                  2.0978961000091313E-002                  1.1653813967512084E-045 
                                     804                  2.5842921394233187E-001                 -1.1360389429102213E+000                  7.1492240970620484E+000                  8.9602690915021443E-001                  1.6060983271187723E+001                  3.9940976439323150E-001                  5.8079798582794873E-001                  1.9792249778819770E-002                  8.4182217935273662E-001                  2.3688902780922554E-002                  1.5861215029105593E-045 
                                     805                  2.5839671211883775E-001                 -1.1382119816832459E+000                  7.1509715836597092E+000                  9.0186539092394535E-001                  1.6068528054219904E+001                  3.9931980847592791E-001                  5.8088807330741643E-001                  1.9792118216655608E-002                  8.9512296942213165E-001                  2.5943290733148147E-002                  1.9974521054922892E-045 
                                     806                  2.5838046120709068E-001                 -1.1392961278481397E+000                  7.1521346566036037E+000                  9.0573673382386621E-001                  1.6073535218596060E+001                  3.9925996107732059E-001                  5.8094800812796243E-001                  1.9792030794717030E-002                  9.3243513216994955E-001                  2.7559054618784971E-002                  2.3282333394833041E-045 
                                     807                  2.5836421029534362E-001                 -1.1403787243310124E+000                  7.1532965877779935E+000                  9.0960107190074302E-001                  1.6078534318252665E+001                  3.9920020181391108E-001                  5.8100785460686011E-001                  1.9791943579228866E-002                  9.7111433049594986E-001                  2.9272285161160479E-002                  2.7129951407456772E-045 
                                     808                  2.5834795938359650E-001                 -1.1414597792412513E+000                  7.1544573754639398E+000                  9.1345843457803455E-001                  1.6083525387777431E+001                  3.9914054758591133E-001                  5.8106759580786738E-001                  1.9791856606221292E-002                  1.0112855399252914E+000                  3.1088664230323894E-002                  3.1604145872716561E-045 
                                     809                  2.5833170847184933E-001                 -1.1425393006470761E+000                  7.1561956743979493E+000                  9.1921378306836543E-001                  1.6090978720416295E+001                  3.9905126786020467E-001                  5.8115700552705529E-001                  1.9791726612740090E-002                  1.0742972997889662E+000                  3.4017321364089546E-002                  3.9707691177042849E-045 
                                     810                  2.5829920664835510E-001                 -1.1446938378196121E+000                  7.1585103490927890E+000                  9.2688745938678985E-001                  1.6100913416627840E+001                  3.9893255304582093E-001                  5.8127589290716175E-001                  1.9791554047017268E-002                  1.1638029127015601E+000                  3.8345150146358045E-002                  5.3790064679615138E-045 
                                     811                  2.5826670482486108E-001                 -1.1468423355034609E+000                  7.1608204134679498E+000                  9.3453389878683968E-001                  1.6110816605207308E+001                  3.9881424257901327E-001                  5.8139437499216262E-001                  1.9791382428824056E-002                  1.2596517422237052E+000                  4.3205007421091922E-002                  7.2781786900085107E-045 
                                     812                  2.5823420300136712E-001                 -1.1489848560722438E+000                  7.1625506458563288E+000                  9.4026852558675400E-001                  1.6118241525616885E+001                  3.9872569094660970E-001                  5.8148305490093277E-001                  1.9791254152457527E-002                  1.3358199964628314E+000                  4.7240158534747556E-002                  9.1254362618704861E-045 
                                     813                  2.5821795208962012E-001                 -1.1500538633111999E+000                  7.1637022091176199E+000                  9.4407146862102331E-001                  1.6123169582494913E+001                  3.9866673605292086E-001                  5.8154209511767829E-001                  1.9791168829400796E-002                  1.3886738491333925E+000                  5.0128357203035018E-002                  1.0605601258575956E-044 
                                     814                  2.5820170117787311E-001                 -1.1511213992895033E+000                  7.1648526067728850E+000                  9.4786779433252444E-001                  1.6128089913678064E+001                  3.9860782386263971E-001                  5.8160109252116310E-001                  1.9791083616197191E-002                  1.4430368717866771E+000                  5.3187444130113858E-002                  1.2322279303091450E-044 
                                     815                  2.5818545026612616E-001                 -1.1521874714685272E+000                  7.1660018356814037E+000                  9.5165751014888222E-001                  1.6133002552229513E+001                  3.9854902156952221E-001                  5.8165997976904538E-001                  1.9790998661432413E-002                  1.4990579413506104E+000                  5.6427170747150174E-002                  1.4312674587105640E-044 
                                     816                  2.5816919935437921E-001                 -1.1532520873212015E+000                  7.1677227792785967E+000                  9.5731259007108893E-001                  1.6140339401634758E+001                  3.9846100425206010E-001                  5.8174812407800569E-001                  1.9790871669934207E-002                  1.5860193353816505E+000                  6.1643723384820256E-002                  1.7904374620388081E-044 
                                     817                  2.5813669753088508E-001                 -1.1553770400688570E+000                  7.1700141673484588E+000                  9.6485313951422746E-001                  1.6150119227561476E+001                  3.9834404631356274E-001                  5.8186525040673120E-001                  1.9790703279706001E-002                  1.7076111215767247E+000                  6.9337594440301964E-002                  2.4113700898128173E-044 
                                     818                  2.5810419570739102E-001                 -1.1574962549757668E+000                  7.1723008198770044E+000                  9.7236783352555967E-001                  1.6159868868513424E+001                  3.9822769034791633E-001                  5.8198177337645751E-001                  1.9790536275626103E-002                  1.8353046930930166E+000                  7.7958481910954919E-002                  3.2438886414599036E-044 
                                     819                  2.5807169388389706E-001                 -1.1596097900134832E+000                  7.1740133689596925E+000                  9.7800421951215200E-001                  1.6167178970819208E+001                  3.9814039057432399E-001                  5.8206919842223392E-001                  1.9790411003442143E-002                  1.9349673706806565E+000                  8.5102689962465602E-002                  4.0495642348521677E-044 
                                     820                  2.5805544297215011E-001                 -1.1606644153666645E+000                  7.1751531233414765E+000                  9.8174250002925612E-001                  1.6172031241616736E+001                  3.9808217312347083E-001                  5.8212749940105291E-001                  1.9790327475476266E-002                  2.0030330197910486E+000                  9.0209385287778818E-002                  4.6928270967693927E-044 
                                     821                  2.5803919206040316E-001                 -1.1617176416953217E+000                  7.1762916751298684E+000                  9.8547460822707056E-001                  1.6176876110432886E+001                  3.9802381641608736E-001                  5.8218593991989831E-001                  1.9790243664014273E-002                  2.0723947367524205E+000                  9.5612334609936872E-002                  5.4367126293931917E-044 
                                     822                  2.5802294114865620E-001                 -1.1627694756634315E+000                  7.1774290200170290E+000                  9.8920036078100981E-001                  1.6181713608776164E+001                  3.9796582444535072E-001                  5.8224401488768951E-001                  1.9790160666959711E-002                  2.1429487281727648E+000                  1.0132810040340787E-001                  6.2966892832300770E-044 
                                     823                  2.5800669023690925E-001                 -1.1638199244069152E+000                  7.1791321019822103E+000                  9.9476052156152683E-001                  1.6188938850746773E+001                  3.9787931375733471E-001                  5.8233064899509668E-001                  1.9790037247568559E-002                  2.2507413199979367E+000                  1.1051914575373048E-001                  7.8428443007453888E-044 
                                     824                  2.5797418841341518E-001                 -1.1659167522365714E+000                  7.1813994790863465E+000                  1.0021750912441176E+000                  1.6198570296785839E+001                  3.9776449625369931E-001                  5.8244562983521098E-001                  1.9789873911089773E-002                  2.3979959697243447E+000                  1.2404878724464685E-001                  1.0502033338224457E-043 
                                     825                  2.5794168658992123E-001                 -1.1680081205142905E+000                  7.1836619485733548E+000                  1.0095651983941787E+000                  1.6208172818956662E+001                  3.9765041907731863E-001                  5.8255986865563492E-001                  1.9789712267046511E-002                  2.5483032103899927E+000                  1.3917559116258676E-001                  1.4046645836001630E-043 
                                     826                  2.5790918476642727E-001                 -1.1700940826663104E+000                  7.1853562018780561E+000                  1.0151084004775166E+000                  1.6215372914640923E+001                  3.9756538682264164E-001                  5.8264502094634274E-001                  1.9789592231015618E-002                  2.6625809384640773E+000                  1.5168729706913991E-001                  1.7459599590901446E-043 
                                     827                  2.5789293385468032E-001                 -1.1711350243594749E+000                  7.1864837287398995E+000                  1.0187852762672733E+000                  1.6220152567084448E+001                  3.9750877557810821E-001                  5.8270171202765053E-001                  1.9789512394241315E-002                  2.7391325086105534E+000                  1.6061880917343557E-001                  2.0174799956021291E-043 
                                     828                  2.5787668294293337E-001                 -1.1721746341423833E+000                  7.1881720447137489E+000                  1.0242730627739451E+000                  1.6227291880812473E+001                  3.9742422034853031E-001                  5.8278638619255863E-001                  1.9789393458911064E-002                  2.8541568154653665E+000                  1.7496544497906971E-001                  2.5042212349291724E-043 
                                     829                  2.5784418111943941E-001                 -1.1742499402056636E+000                  7.1904195498710166E+000                  1.0315899844061986E+000                  1.6236809090235024E+001                  3.9731585501033756E-001                  5.8289490159125856E-001                  1.9789243398403933E-002                  3.0077693337322118E+000                  1.9605205897061315E-001                  3.3378032101808934E-043 
                                     830                  2.5781167929594562E-001                 -1.1763200019706168E+000                  7.1926619819573441E+000                  1.0388880353576524E+000                  1.6246298341498839E+001                  3.9719803746251825E-001                  5.8301288654109285E-001                  1.9789075996388905E-002                  3.1594230448154672E+000                  2.1958667766581996E-001                  4.4440681746070281E-043 
                                     831                  2.5777917747245171E-001                 -1.1783848478097236E+000                  7.1948992895077826E+000                  1.0461675117936171E+000                  1.6255759868581798E+001                  3.9707075545948822E-001                  5.8314035330536607E-001                  1.9788891235145711E-002                  3.3090088369743742E+000                  2.4584214221488793E-001                  5.9106110598920396E-043 
                                     832                  2.5774667564895792E-001                 -1.1804445049385628E+000                  7.1971314266916808E+000                  1.0534195742900343E+000                  1.6265193901217945E+001                  3.9695491802648442E-001                  5.8325635413963517E-001                  1.9788727833880415E-002                  3.4547627036405832E+000                  2.7512200456171176E-001                  7.8514611667622607E-043 
                                     833                  2.5771417382546435E-001                 -1.1824990429363140E+000                  7.1993583522109263E+000                  1.0606468567858380E+000                  1.6274600668665677E+001                  3.9684511305883152E-001                  5.8336631120468196E-001                  1.9788575736486513E-002                  3.5963540621562702E+000                  3.0776075293847893E-001                  1.0417226211486209E-042 
                                     834                  2.5768167200197062E-001                 -1.1845485193984335E+000                  7.2015800224044497E+000                  1.0678493156184921E+000                  1.6283980398696571E+001                  3.9674207024792263E-001                  5.8346949347187393E-001                  1.9788436280203436E-002                  3.7320870305835196E+000                  3.4412845370116468E-001                  1.3804956362347473E-042 
                                     835                  2.5764917017847683E-001                 -1.1865929925806948E+000                  7.2037963951119686E+000                  1.0750272232854612E+000                  1.6293333317697986E+001                  3.9664578766189312E-001                  5.8356590291273158E-001                  1.9788309425375239E-002                  3.8613378821850608E+000                  3.8463464482228577E-001                  1.8272562624667569E-042 
                                     836                  2.5761666835498293E-001                 -1.1886325199080430E+000                  7.2060074309057480E+000                  1.0821824474498067E+000                  1.6302659650645392E+001                  3.9655259760723777E-001                  5.8365921404598686E-001                  1.9788188346775426E-002                  3.9833386235139336E+000                  4.2973176800587604E-001                  2.4157785200273570E-042 
                                     837                  2.5758416653148913E-001                 -1.1906671504461301E+000                  7.2087627443496594E+000                  1.0910691611063903E+000                  1.6314253825596420E+001                  3.9644011049771122E-001                  5.8377184506152213E-001                  1.9788044440766650E-002                  4.1242433387602304E+000                  4.9327679601107910E-001                  3.4183808456186383E-042 
                                     838                  2.5753541379624867E-001                 -1.1937101516952078E+000                  7.2120021673136661E+000                  1.1015299564546128E+000                  1.6327908930814644E+001                  3.9633363724711929E-001                  5.8387843969390685E-001                  1.9787923058973922E-002                  4.2751157225138874E+000                  5.7999675930525896E-001                  5.1363437035193107E-042 
                                     839                  2.5748834948684107E-001                 -1.1966376073172680E+000                  7.2146271614564199E+000                  1.1100225087823281E+000                  1.6338988796854846E+001                  3.9624487896795346E-001                  5.8396730096756555E-001                  1.9787820064480988E-002                  4.3848965449627304E+000                  6.6123078695436510E-001                  7.1396748114519487E-042 
                                     840                  2.5745753608918032E-001                 -1.1985488151083630E+000                  7.2177299524541709E+000                  1.1199919296100809E+000                  1.6352006128667522E+001                  3.9611449125388282E-001                  5.8409785811429704E-001                  1.9787650631820197E-002                  4.4988719099675247E+000                  7.7173389641501533E-001                  1.0526782489202766E-041 
                                     841                  2.5739590929385880E-001                 -1.2023589567877901E+000                  7.2208252800503576E+000                  1.1300375137079564E+000                  1.6365086188211844E+001                  3.9597203162805400E-001                  5.8424051072745686E-001                  1.9787457644489193E-002                  4.5995149428888906E+000                  9.0038422656507022E-001                  1.5501009869428540E-041 
                                     842                  2.5736509589619805E-001                 -1.2042575770472603E+000                  7.2239058364777611E+000                  1.1399366059602221E+000                  1.6378002966261402E+001                  3.9582275785011989E-001                  5.8438999135170910E-001                  1.9787250798171008E-002                  4.6859981032144207E+000                  1.0492622029965717E+000                  2.2753969157316850E-041 
                                     843                  2.5730346910087659E-001                 -1.2080427475019979E+000                  7.2269787244840060E+000                  1.1499084943382523E+000                  1.6390982013293893E+001                  3.9566854499075921E-001                  5.8454442195977174E-001                  1.9787033049469049E-002                  4.7635713181656563E+000                  1.2223770428469640E+000                  3.3356265263102726E-041 
                                     844                  2.5727265570321584E-001                 -1.2099290007130949E+000                  7.2290199330414628E+000                  1.1564995136515188E+000                  1.6399569583991802E+001                  3.9556303573306717E-001                  5.8465008260951279E-001                  1.9786881657420041E-002                  4.8105126064099997E+000                  1.3526737958216513E+000                  4.2979063285437279E-041 
                                     845                  2.5724184230555508E-001                 -1.2118111828137783E+000                  7.2320706568496460E+000                  1.1663024121621206E+000                  1.6412355821887679E+001                  3.9540274675757964E-001                  5.8481060477969204E-001                  1.9786648462728262E-002                  4.8761916036682704E+000                  1.5734377338479422E+000                  6.2715903968017011E-041 
                                     846                  2.5718021551023368E-001                 -1.2155637787407461E+000                  7.2361230456852281E+000                  1.1793895064395523E+000                  1.6429403248009887E+001                  3.9518484141339849E-001                  5.8502883429512709E-001                  1.9786324291474422E-002                  4.9615297375204603E+000                  1.9234844822764159E+000                  1.0350541107264012E-040 
                                     847                  2.5711858871491200E-001                 -1.2193003961414484E+000                  7.2391509842100907E+000                  1.1892158922140130E+000                  1.6442187021658821E+001                  3.9501857817332275E-001                  5.8519535100859765E-001                  1.9786070818079593E-002                  5.0275238070745543E+000                  2.2351845902790823E+000                  1.5039238311659548E-040 
                                     848                  2.5708777531725113E-001                 -1.2211626100198640E+000                  7.2421644693332681E+000                  1.1989022821074165E+000                  1.6454815474415401E+001                  3.9484830662917769E-001                  5.8536588873598094E-001                  1.9785804634841364E-002                  5.0974673086512450E+000                  2.5950427867188988E+000                  2.1785805821140739E-040 
                                     849                  2.5702614852192951E-001                 -1.2248756284369211E+000                  7.2461672413680995E+000                  1.2118346472478667E+000                  1.6471653520223544E+001                  3.9461789637152467E-001                  5.8559667016564876E-001                  1.9785433462826574E-002                  5.2036327257900910E+000                  3.1651077782888213E+000                  3.5608369259007079E-040 
                                     850                  2.5696452172660789E-001                 -1.2285731494135876E+000                  7.2491580328808691E+000                  1.2215466256913934E+000                  1.6484281038679786E+001                  3.9444013883543794E-001                  5.8577472426267752E-001                  1.9785136901884548E-002                  5.2962268872158624E+000                  3.6724181431622078E+000                  5.1367399486015252E-040 
                                     851                  2.5693370832894707E-001                 -1.2304159913615409E+000                  7.2521346350405240E+000                  1.2311232049385428E+000                  1.6496757337120478E+001                  3.9425671739054968E-001                  5.8595846165982746E-001                  1.9784820949622861E-002                  5.4013599791885349E+000                  4.2579757387807584E+000                  7.3883854105205679E-040 
                                     852                  2.5687208153362534E-001                 -1.2340905816895185E+000                  7.2560883917971815E+000                  1.2439104210086191E+000                  1.6513393412042326E+001                  3.9400756498971828E-001                  5.8620805961493894E-001                  1.9784375395342835E-002                  5.5665713869781746E+000                  5.1855066695577836E+000                  1.1963225699595234E-039 
                                     853                  2.5681045473830372E-001                 -1.2377500918537769E+000                  7.2590425328922104E+000                  1.2535135979631333E+000                  1.6525870153495028E+001                  3.9381696081759365E-001                  5.8639901797262206E-001                  1.9784021209784286E-002                  5.7115420001831794E+000                  6.0109923595935255E+000                  1.7137318693227099E-039 
                                     854                  2.5677964134064291E-001                 -1.2395740872349710E+000                  7.2605151436113324E+000                  1.2582893528718491E+000                  1.6532078610632144E+001                  3.9372223920039295E-001                  5.8649391927219485E-001                  1.9783841527412194E-002                  5.7896499487608484E+000                  6.4707343984097001E+000                  2.0492889647508697E-039 
                                     855                  2.5676423464181247E-001                 -1.2404846754300911E+000                  7.2614951207368179E+000                  1.2614607524337922E+000                  1.6536202855452927E+001                  3.9365772313077513E-001                  5.8655855985125427E-001                  1.9783717017970659E-002                  5.8448018744534469E+000                  6.7963584766528218E+000                  2.3079493237175215E-039 
                                     856                  2.5674882794298198E-001                 -1.2413943394052254E+000                  7.2629624377616908E+000                  1.2661994827743850E+000                  1.6542367412526648E+001                  3.9355889623802071E-001                  5.8665758057323592E-001                  1.9783523188743324E-002                  5.9327586952652256E+000                  7.3153623305391058E+000                  2.7569952260951983E-039 
                                     857                  2.5671801454532117E-001                 -1.2432109402993581E+000                  7.2644277706828095E+000                  1.2709563625424278E+000                  1.6548546782183973E+001                  3.9345734861917103E-001                  5.8675933076335274E-001                  1.9783320617476230E-002                  6.0273491760692632E+000                  7.8744863391078459E+000                  3.2924162627165143E-039 
                                     858                  2.5670260784649068E-001                 -1.2441178416335772E+000                  7.2654029006622434E+000                  1.2741145587019025E+000                  1.6552651793079811E+001                  3.9339005363191976E-001                  5.8682676111888732E-001                  1.9783185249192980E-002                  6.0910396765802419E+000                  8.2700039760004103E+000                  3.7046391813199823E-039 
                                     859                  2.5668720114766025E-001                 -1.2450238269857457E+000                  7.2663768190546900E+000                  1.2772693025540098E+000                  1.6556752035801907E+001                  3.9332250280191916E-001                  5.8689444941393054E-001                  1.9783047784150298E-002                  6.1582031401427555E+000                  8.6852811212524514E+000                  4.1675252182808319E-039 
                                     860                  2.5667179444882987E-001                 -1.2459288987564061E+000                  7.2673495256066687E+000                  1.2804208253188059E+000                  1.6560847526302382E+001                  3.9325420485449436E-001                  5.8696288787123130E-001                  1.9782907274274342E-002                  6.2273390322277544E+000                  9.1212910405527872E+000                  4.6871991551154710E-039 
                                     861                  2.5665638774999944E-001                 -1.2468330588728371E+000                  7.2688059494677999E+000                  1.2851297257204644E+000                  1.6566969298092580E+001                  3.9315050949561003E-001                  5.8706679948633267E-001                  1.9782691018057297E-002                  6.3359477712633376E+000                  9.8160343989854919E+000                  5.5878136231756860E-039 
                                     862                  2.5662557435233863E-001                 -1.2486386899406692E+000                  7.2702603605640013E+000                  1.2898559452350311E+000                  1.6573105764770879E+001                  3.9304578603571744E-001                  5.8717174456777521E-001                  1.9782469396507407E-002                  6.4506726921327555E+000                  1.0564144585999877E+001                  6.6593918329310849E-039 
                                     863                  2.5661016765350819E-001                 -1.2495401272303299E+000                  7.2712282150031369E+000                  1.2929947355342712E+000                  1.6577182403836268E+001                  3.9297452749842993E-001                  5.8724315495556922E-001                  1.9782317546000794E-002                  6.5288765443969830E+000                  1.1093330246573849E+001                  7.4831200510210658E-039 
                                     864                  2.5659476095467776E-001                 -1.2504406603424589E+000                  7.2721948541993626E+000                  1.2961306321489667E+000                  1.6581254368687020E+001                  3.9290196173437264E-001                  5.8731587666721186E-001                  1.9782161598415504E-002                  6.6097282276235632E+000                  1.1648800490911123E+001                  8.4069067428786143E-039 
                                     865                  2.5657935425584738E-001                 -1.2513402905632318E+000                  7.2731602768751031E+000                  1.2992639739438190E+000                  1.6585321674548506E+001                  3.9282735252044498E-001                  5.8739064726766033E-001                  1.9782000211894690E-002                  6.6930480391733997E+000                  1.2231785897107388E+001                  9.4427292442456387E-039 
                                     866                  2.5656394755701689E-001                 -1.2522390184813339E+000                  7.2741244814113122E+000                  1.3023951005441572E+000                  1.6589384336486329E+001                  3.9274996242582350E-001                  5.8746820602390359E-001                  1.9781831550272910E-002                  6.7796225671215069E+000                  1.2843897834238657E+001                  1.0603983385399328E-038 
                                     867                  2.5654854085818646E-001                 -1.2531368439848756E+000                  7.2750874667864656E+000                  1.3055217726442792E+000                  1.6593442369382615E+001                  3.9267494650702356E-001                  5.8754338654136973E-001                  1.9781666951606658E-002                  6.8673520080875310E+000                  1.3485649988101367E+001                  1.1905149765690212E-038 
                                     868                  2.5653313415935591E-001                 -1.2540337716025007E+000                  7.2760492323714985E+000                  1.3086449869826449E+000                  1.6597495788110880E+001                  3.9260006213058340E-001                  5.8761843662313584E-001                  1.9781501246280753E-002                  6.9575801713865495E+000                  1.4159028895991408E+001                  1.3362943554896725E-038 
                                     869                  2.5651772746052542E-001                 -1.2549298038163139E+000                  7.2770097769909290E+000                  1.3117650216431966E+000                  1.6601544607460188E+001                  3.9252471063848682E-001                  5.8769395603154673E-001                  1.9781333329966455E-002                  7.0501803844124140E+000                  1.4865521654495165E+001                  1.4995910615603272E-038 
                                     870                  2.5650232076169499E-001                 -1.2558249425432162E+000                  7.2779690992842054E+000                  1.3148818915795524E+000                  1.6605588842115271E+001                  3.9244889489889989E-001                  5.8776994217824063E-001                  1.9781162922859474E-002                  7.1455699758991997E+000                  1.5606964695119165E+001                  1.6824691393118928E-038 
                                     871                  2.5648691406286450E-001                 -1.2567191896771346E+000                  7.2789271982860129E+000                  1.3179943065133637E+000                  1.6609628506657213E+001                  3.9237559916063108E-001                  5.8784340363832155E-001                  1.9780997201047423E-002                  7.2425563322893174E+000                  1.6383881653880771E+001                  1.8871907596471975E-038 
                                     872                  2.5647150736403401E-001                 -1.2576125497821751E+000                  7.2798840734681027E+000                  1.3211022067204974E+000                  1.6613663615663533E+001                  3.9230499407782277E-001                  5.8791417036150939E-001                  1.9780835560667898E-002                  7.3420853805385642E+000                  1.7198774830142312E+001                  2.1163064782895834E-038 
                                     873                  2.5645610066520347E-001                 -1.2585050275619201E+000                  7.2808397237036626E+000                  1.3242071400331323E+000                  1.6617694183713336E+001                  3.9223357926191266E-001                  5.8798574919811997E-001                  1.9780671539967321E-002                  7.4437256205330504E+000                  1.8053160708549324E+001                  2.3727194475066705E-038 
                                     874                  2.5644069396637298E-001                 -1.2593966245492949E+000                  7.2822705699007821E+000                  1.3288463176577507E+000                  1.6623719336014407E+001                  3.9212658846081050E-001                  5.8809298719140957E-001                  1.9780424347779935E-002                  7.6001382492735807E+000                  1.9411983256035175E+001                  2.8153066044551301E-038 
                                     875                  2.5640988056871200E-001                 -1.2611772216021939E+000                  7.2836992989536800E+000                  1.3335021451627316E+000                  1.6629758903713132E+001                  3.9201969409412096E-001                  5.8820012992032489E-001                  1.9780175985554149E-002                  7.7618748237538027E+000                  2.0871668653083351E+001                  3.3393740226508585E-038 
                                     876                  2.5639447386988157E-001                 -1.2620661898113712E+000                  7.2846500337509914E+000                  1.3365938435594162E+000                  1.6633771451970208E+001                  3.9194853284977305E-001                  5.8827145703267036E-001                  1.9780010117556590E-002                  7.8721109413278318E+000                  2.1902346539075626E+001                  3.7406191177773025E-038 
                                     877                  2.5637906717105119E-001                 -1.2629542862533907E+000                  7.2860735048742162E+000                  1.3412133115477807E+000                  1.6639769783541613E+001                  3.9184208277050492E-001                  5.8837815618192346E-001                  1.9779761047571620E-002                  8.0412655461166231E+000                  2.3540177637464748E+001                  4.4324081642391233E-038 
                                     878                  2.5634825377339032E-001                 -1.2647279088005141E+000                  7.2874948216376678E+000                  1.3458492773262642E+000                  1.6645782451799757E+001                  3.9173598049125896E-001                  5.8848450763199589E-001                  1.9779511876745204E-002                  8.2156294539774954E+000                  2.5297899696022654E+001                  5.2504291944007082E-038 
                                     879                  2.5633284707455989E-001                 -1.2656134034771893E+000                  7.2884406129683130E+000                  1.3489278545122994E+000                  1.6649777206223952E+001                  3.9166539875263096E-001                  5.8855525502227679E-001                  1.9779346225092254E-002                  8.3342320583882632E+000                  2.6537766615542552E+001                  5.8760372118796154E-038 
                                     880                  2.5631744037572951E-001                 -1.2664980353212560E+000                  7.2893851635215885E+000                  1.3520030697534156E+000                  1.6653767546814354E+001                  3.9159523945468028E-001                  5.8862557918727698E-001                  1.9779181358042797E-002                  8.4549263239584072E+000                  2.7835785151827622E+001                  6.5747081964107906E-038 
                                     881                  2.5630203367689902E-001                 -1.2673818067547853E+000                  7.2903284712527379E+000                  1.3550751794230826E+000                  1.6657753487293093E+001                  3.9152495351123462E-001                  5.8869603012978422E-001                  1.9779016358981161E-002                  8.5776385488521978E+000                  2.9194256813104911E+001                  7.3548266569722950E-038 
                                     882                  2.5628662697806859E-001                 -1.2682647196864096E+000                  7.2917407962117631E+000                  1.3596656964362757E+000                  1.6663712213046217E+001                  3.9141954779385035E-001                  5.8880168285572299E-001                  1.9778769350426662E-002                  8.7652569732810210E+000                  3.1349669171123125E+001                  8.6975720954536283E-038 
                                     883                  2.5625581358040767E-001                 -1.2700280133820785E+000                  7.2931509054135679E+000                  1.3642728076696058E+000                  1.6669685157864606E+001                  3.9131413987242275E-001                  5.8890733705300768E-001                  1.9778523074569510E-002                  8.9578916408212468E+000                  3.3658420616896422E+001                  1.0282118812915015E-037 
                                     884                  2.5624040688157723E-001                 -1.2709083626914832E+000                  7.2940892202380239E+000                  1.3673324527310728E+000                  1.6673653633612972E+001                  3.9124380702069855E-001                  5.8897783350254129E-001                  1.9778359476760210E-002                  9.0886387252939969E+000                  3.5284982262670482E+001                  1.1491960463534313E-037 
                                     885                  2.5622500018274674E-001                 -1.2717878612985991E+000                  7.2954940502000873E+000                  1.3719044810847931E+000                  1.6679586361147162E+001                  3.9113832721617325E-001                  5.8908355750841113E-001                  1.9778115275415620E-002                  9.2882448165919094E+000                  3.7863312800419003E+001                  1.3572018042324803E-037 
                                     886                  2.5619418678508582E-001                 -1.2735443489730121E+000                  7.2968966198380674E+000                  1.3764930231855956E+000                  1.6685533229289465E+001                  3.9103295090210077E-001                  5.8918917625272715E-001                  1.9777872845172073E-002                  9.4928581658704037E+000                  4.0622049325716567E+001                  1.6023325183719538E-037 
                                     887                  2.5617878008625539E-001                 -1.2744213068576631E+000                  7.2978299039670569E+000                  1.3795405200586570E+000                  1.6689484452942875E+001                  3.9096242649835417E-001                  5.8925986187471202E-001                  1.9777711626933758E-002                  9.6315648142834753E+000                  4.2563899843976259E+001                  1.7892930395365890E-037 
                                     888                  2.5616337338742501E-001                 -1.2752974213212640E+000                  7.2987619239372776E+000                  1.3825851103157756E+000                  1.6693431396094685E+001                  3.9089164650921715E-001                  5.8933080279570393E-001                  1.9777550695078916E-002                  9.7722522891305310E+000                  4.4592838250607478E+001                  1.9976318895514751E-037 
                                     889                  2.5614796668859457E-001                 -1.2761726939382270E+000                  7.2996926771487596E+000                  1.3856266073285479E+000                  1.6697374071598993E+001                  3.9082107253554127E-001                  5.8940153640913584E-001                  1.9777391055322946E-002                  9.9149354572869033E+000                  4.6712434849135576E+001                  2.2297350502681293E-037 
                                     890                  2.5613255998976414E-001                 -1.2770471266664267E+000                  7.3010861540915224E+000                  1.3901716146202725E+000                  1.6703268389611257E+001                  3.9071539753013579E-001                  5.8950744876447447E-001                  1.9777153705389683E-002                  1.0132418643049876E+001                  5.0067995411948473E+001                  2.6281153620017157E-037 
                                     891                  2.5610174659210344E-001                 -1.2787935143091489E+000                  7.3024773002188379E+000                  1.3947327712331832E+000                  1.6709176730151658E+001                  3.9060987697039645E-001                  5.8961320429731756E-001                  1.9776918732286042E-002                  1.0354958382553182E+001                  5.3652974168397307E+001                  3.0966458115446312E-037 
                                     892                  2.5608633989327306E-001                 -1.2796654389333173E+000                  7.3034029616894838E+000                  1.3977617687912876E+000                  1.6713102462307088E+001                  3.9053950475981586E-001                  5.8968373203981495E-001                  1.9776763200369141E-002                  1.0505621298107020E+001                  5.6173718797460836E+001                  3.4533942583011168E-037 
                                     893                  2.5607093319444263E-001                 -1.2805365318309829E+000                  7.3043273444124486E+000                  1.4007874460872227E+000                  1.6717023989954928E+001                  3.9046916281115951E-001                  5.8975422850297265E-001                  1.9776608685867836E-002                  1.0658283433365790E+001                  5.8805235834192466E+001                  3.8503905738396266E-037 
                                     894                  2.5605552649561225E-001                 -1.2814067954562451E+000                  7.3052504465123809E+000                  1.4038095922135641E+000                  1.6720941325532376E+001                  3.9039916557620602E-001                  5.8982437860189885E-001                  1.9776455821895134E-002                  1.0812959682091941E+001                  6.1552026092693161E+001                  4.2920656806949612E-037 
                                     895                  2.5604011979678187E-001                 -1.2822762326959607E+000                  7.3064024143607647E+000                  1.4075774366831824E+000                  1.6725827285909659E+001                  3.9031218141352569E-001                  5.8991155145056673E-001                  1.9776267135907633E-002                  1.1009017992200256E+001                  6.5153816518137120E+001                  4.9143621857847457E-037 
                                     896                  2.5601700974853614E-001                 -1.2835788562634307E+000                  7.3077822505537684E+000                  1.4120982728792151E+000                  1.6731687699789802E+001                  3.9020567730264533E-001                  5.9001828454301997E-001                  1.9776038154334707E-002                  1.1248500643828089E+001                  6.9738194816240508E+001                  5.7790166084087863E-037 
                                     897                  2.5599389970029035E-001                 -1.2848796343190767E+000                  7.3088153686832307E+000                  1.4154904896274467E+000                  1.6736083387694254E+001                  3.9012468199920769E-001                  5.9009945252671836E-001                  1.9775865474073950E-002                  1.1431220143579552E+001                  7.3374953685971107E+001                  6.5241667383934104E-037 
                                     898                  2.5598234467616754E-001                 -1.2855293267265879E+000                  7.3095031173531382E+000                  1.4177452249292821E+000                  1.6739006573048396E+001                  3.9007040141034521E-001                  5.9015384824360584E-001                  1.9775750346048948E-002                  1.1554323992479226E+001                  7.5896530206450592E+001                  7.0722815560713117E-037 
                                     899                  2.5597078965204467E-001                 -1.2861785610125138E+000                  7.3105332440139552E+000                  1.4211174306283338E+000                  1.6743380538563805E+001                  3.8998816266514508E-001                  5.9023626045115773E-001                  1.9775576883697132E-002                  1.1740898334035796E+001                  7.9830369742586583E+001                  7.9798242906462430E-037 
                                     900                  2.5594767960379888E-001                 -1.2874756735830708E+000                  7.3116761624944697E+000                  1.4248712367205136E+000                  1.6748246422249213E+001                  3.8989547299879973E-001                  5.9032914433781647E-001                  1.9775382663383745E-002                  1.1951494924983775E+001                  8.4429144092823620E+001                  9.1232615691062202E-037 
                                     901                  2.5593227290496839E-001                 -1.2883393969430637E+000                  7.3125889665427231E+000                  1.4278662787905589E+000                  1.6752130663732910E+001                  3.8982127328165617E-001                  5.9040349877688336E-001                  1.9775227941460471E-002                  1.2122150214790747E+001                  8.8285386738824386E+001                  1.0152115112636908E-036 
                                     902                  2.5591686620613796E-001                 -1.2892023150596292E+000                  7.3139555153095088E+000                  1.4323408092421839E+000                  1.6757937979518466E+001                  3.8970932223095972E-001                  5.9051568196657367E-001                  1.9774995802466666E-002                  1.2381593833270083E+001                  9.4378602769264333E+001                  1.1911187199945891E-036 
                                     903                  2.5588605280847709E-001                 -1.2909257810047461E+000                  7.3153196188581244E+000                  1.4368301360716573E+000                  1.6763759049281390E+001                  3.8959564123786194E-001                  5.9062959708625440E-001                  1.9774761675883656E-002                  1.2646249100306267E+001                  1.0087411031930992E+002                  1.3970462950320710E-036 
                                     904                  2.5587064610964666E-001                 -1.2917863016399822E+000                  7.3162272548782044E+000                  1.4398107673090610E+000                  1.6767627034150539E+001                  3.8951966645974334E-001                  5.9070572758858020E-001                  1.9774605951676461E-002                  1.2825021335081891E+001                  1.0543379654619794E+002                  1.5532464169855517E-036 
                                     905                  2.5585523941081628E-001                 -1.2926460295621001E+000                  7.3171335986260688E+000                  1.4427877801417412E+000                  1.6771490984725702E+001                  3.8944322970963202E-001                  5.9078232032114875E-001                  1.9774449969219177E-002                  1.3005836529465610E+001                  1.1018761657831870E+002                  1.7265380303735143E-036 
                                     906                  2.5583983271198579E-001                 -1.2935049679637791E+000                  7.3180386503505677E+000                  1.4457611206957250E+000                  1.6775350912935110E+001                  3.8936645080860272E-001                  5.9085925544898243E-001                  1.9774293742414795E-002                  1.3188706599221845E+001                  1.1514345833273899E+002                  1.9187481576467643E-036 
                                     907                  2.5582442601315541E-001                 -1.2943631201559667E+000                  7.3189424104503846E+000                  1.4487308396656040E+000                  1.6779206830690274E+001                  3.8928922000013083E-001                  5.9093664287030190E-001                  1.9774137129567215E-002                  1.3373632739090910E+001                  1.2030950645781721E+002                  2.1318977797882560E-036 
                                     908                  2.5580901931432498E-001                 -1.2952204893611143E+000                  7.3198448794572748E+000                  1.4516969310954015E+000                  1.6783058749883018E+001                  3.8921156500345072E-001                  5.9101445480938275E-001                  1.9773980187166584E-002                  1.3560622819423152E+001                  1.2569425984569054E+002                  2.3682169642104597E-036 
                                     909                  2.5579361261549455E-001                 -1.2960770788250440E+000                  7.3207460580398260E+000                  1.4546594332478375E+000                  1.6786906682386565E+001                  3.8913342077937235E-001                  5.9109275640879855E-001                  1.9773822811829156E-002                  1.3749680259796879E+001                  1.3130653763303260E+002                  2.6301695486568212E-036 
                                     910                  2.5577820591666411E-001                 -1.2969328917296239E+000                  7.3216459469748472E+000                  1.4576184104591243E+000                  1.6790750640053471E+001                  3.8905467058109627E-001                  5.9117166491388562E-001                  1.9773664505018163E-002                  1.3940805764422050E+001                  1.3715551214333374E+002                  2.9204767866926006E-036 
                                     911                  2.5576279921783374E-001                 -1.2977879311411333E+000                  7.3229931479118866E+000                  1.4620393402418457E+000                  1.6796497974300848E+001                  3.8893526033604531E-001                  5.9129131443592653E-001                  1.9773425228028163E-002                  1.4230996058136768E+001                  1.4638848667835941E+002                  3.4155026021704547E-036 
                                     912                  2.5573198582017292E-001                 -1.2994957333637809E+000                  7.3243378782271078E+000                  1.4664747857301723E+000                  1.6802258885763106E+001                  3.8881409455479476E-001                  5.9141272217601915E-001                  1.9773183269186090E-002                  1.4526622857155061E+001                  1.5621939212381335E+002                  3.9931443471751105E-036 
                                     913                  2.5571657912134249E-001                 -1.3003484698228689E+000                  7.3252326189502384E+000                  1.4694199163741422E+000                  1.6806087062294882E+001                  3.8873278383647447E-001                  5.9149419485349275E-001                  1.9773021310032779E-002                  1.4726079860541024E+001                  1.6311381621930565E+002                  4.4301576997441920E-036 
                                     914                  2.5570117242251200E-001                 -1.3012004446620904E+000                  7.3261260757035211E+000                  1.4723616550681711E+000                  1.6809911322846002E+001                  3.8865081653575678E-001                  5.9157632507755420E-001                  1.9772858386688963E-002                  1.4927636218446958E+001                  1.7029616273203510E+002                  4.9139723122528857E-036 
                                     915                  2.5568576572368157E-001                 -1.3020516607399695E+000                  7.3270182499805365E+000                  1.4753000328356318E+000                  1.6813731679106198E+001                  3.8856819067976844E-001                  5.9165911481455213E-001                  1.9772694505679422E-002                  1.5131298989581943E+001                  1.7777785589075467E+002                  5.4494904242758532E-036 
                                     916                  2.5567035902485113E-001                 -1.3029021208644922E+000                  7.3279091433691939E+000                  1.4782351297443050E+000                  1.6817548142733667E+001                  3.8848479804914715E-001                  5.9174267246748014E-001                  1.9772529483372714E-002                  1.5337069273034777E+001                  1.8557073842784476E+002                  6.0421209939742407E-036 
                                     917                  2.5565495232602065E-001                 -1.3037518276967623E+000                  7.3287987575579319E+000                  1.4811669459328607E+000                  1.6821360725350367E+001                  3.8840071736408094E-001                  5.9182691937894227E-001                  1.9772363256976844E-002                  1.5544958821530688E+001                  1.9368713344382962E+002                  6.6978187202255478E-036 
                                     918                  2.5563954562719021E-001                 -1.3046007839073686E+000                  7.3301305794861786E+000                  1.4855478913224311E+000                  1.6827061342190081E+001                  3.8827294648879407E-001                  5.9195494236052915E-001                  1.9772111150676785E-002                  1.5860342197493315E+001                  2.0648920829346307E+002                  7.8136151004246048E-036 
                                     919                  2.5560873222952940E-001                 -1.3062964856500721E+000                  7.3314599369723510E+000                  1.4899437537563971E+000                  1.6832775404258292E+001                  3.8814307994866204E-001                  5.9208506457877252E-001                  1.9771855472565436E-002                  1.6181344990821476E+001                  2.2010714913795863E+002                  9.1124578372235102E-036 
                                     920                  2.5559332553069897E-001                 -1.3071432042551532E+000                  7.3323444531936284E+000                  1.4928632224913492E+000                  1.6836572578465990E+001                  3.8805536395178253E-001                  5.9217295304275197E-001                  1.9771683005465501E-002                  1.6397732517407793E+001                  2.2964983899929490E+002                  1.0093173480060838E-035 
                                     921                  2.5557791883186853E-001                 -1.3079891814947380E+000                  7.3332001255862949E+000                  1.4956892647829922E+000                  1.6840247887088143E+001                  3.8796903753777146E-001                  5.9225944899161831E-001                  1.9771513470610236E-002                  1.6609388495452521E+001                  2.3926842695468170E+002                  1.1141726737589113E-035 
                                     922                  2.5556347505171512E-001                 -1.3087816127585281E+000                  7.3340270553573399E+000                  1.4984208475015270E+000                  1.6843800799728484E+001                  3.8788524413056663E-001                  5.9234340677712127E-001                  1.9771349092312152E-002                  1.6816155965908397E+001                  2.4893995903252772E+002                  1.2257793473200433E-035 
                                     923                  2.5554903127156164E-001                 -1.3095733960656657E+000                  7.3352651916397829E+000                  1.5025039840739538E+000                  1.6849114336046810E+001                  3.8775812303050111E-001                  5.9247077689986238E-001                  1.9771100069636560E-002                  1.7129475238880165E+001                  2.6413871282580186E+002                  1.4139460667208220E-035 
                                     924                  2.5552014371125464E-001                 -1.3111550509948262E+000                  7.3364737473108690E+000                  1.5065102731659066E+000                  1.6854321974907553E+001                  3.8763184997810685E-001                  5.9259729695316543E-001                  1.9770853068727723E-002                  1.7440762453684215E+001                  2.7986618563403181E+002                  1.6254249259554415E-035 
                                     925                  2.5550666284977808E-001                 -1.3118922626993081E+000                  7.3372414765545235E+000                  1.5090504678413883E+000                  1.6857625806993926E+001                  3.8755107153126028E-001                  5.9267823316864254E-001                  1.9770695300097119E-002                  1.7640766993584037E+001                  2.9032805609916142E+002                  1.7757650633001363E-035 
                                     926                  2.5549318198830151E-001                 -1.3126289154663551E+000                  7.3380082438437650E+000                  1.5115884827545527E+000                  1.6860926759476893E+001                  3.8746982945487185E-001                  5.9275963371249130E-001                  1.9770536832636854E-002                  1.7842462607421211E+001                  3.0116101017035379E+002                  1.9397183120877324E-035 
                                     927                  2.5547970112682494E-001                 -1.3133650105754449E+000                  7.3387740509328356E+000                  1.5141243562945210E+000                  1.6864224839757433E+001                  3.8738811446061033E-001                  5.9284150789955448E-001                  1.9770377639835246E-002                  1.8045854943485107E+001                  3.1237754332785818E+002                  2.1184914171387811E-035 
                                     928                  2.5546622026534838E-001                 -1.3141005492451261E+000                  7.3398253698646521E+000                  1.5176021349838118E+000                  1.6868749343443099E+001                  3.8727499158280793E-001                  5.9295485081721422E-001                  1.9770157599977800E-002                  1.8328051959087393E+001                  3.2844459932778312E+002                  2.3908431753236507E-035 
                                     929                  2.5544262875776430E-001                 -1.3153864188533420E+000                  7.3411609245459362E+000                  1.5220303335614600E+000                  1.6874507284681044E+001                  3.8712893239440643E-001                  5.9310119389075189E-001                  1.9769873714841735E-002                  1.8692154256451207E+001                  3.5003976005815008E+002                  2.7877077412645723E-035 
                                     930                  2.5541903725018023E-001                 -1.3166705926444449E+000                  7.3421607873523760E+000                  1.5253538638233368E+000                  1.6878826332102662E+001                  3.8701804320919181E-001                  5.9321229830177136E-001                  1.9769658489036779E-002                  1.8968950320856354E+001                  3.6712232348067528E+002                  3.1272315067721616E-035 
                                     931                  2.5540724149638822E-001                 -1.3173120381607901E+000                  7.3428263796619992E+000                  1.5275636099539533E+000                  1.6881698750526407E+001                  3.8694340440759800E-001                  5.9328708188776669E-001                  1.9769513704635311E-002                  1.9154927937894819E+001                  3.7894318341815938E+002                  3.3756981271648109E-035 
                                     932                  2.5539544574259615E-001                 -1.3179530613361738E+000                  7.3438232960300569E+000                  1.5308694416791160E+000                  1.6885997049870983E+001                  3.8683041962723996E-001                  5.9340028565149594E-001                  1.9769294721264097E-002                  1.9436070454867632E+001                  3.9734788518937097E+002                  3.7849671416376029E-035 
                                     933                  2.5537185423501207E-001                 -1.3192338561501826E+000                  7.3449608280119580E+000                  1.5346550336382005E+000                  1.6890914762102462E+001                  3.8669971790666297E-001                  5.9353124043924510E-001                  1.9769041654091879E-002                  1.9761541262842535E+001                  4.1943724247792107E+002                  4.3128244747601122E-035 
                                     934                  2.5535500315816634E-001                 -1.3201476716997205E+000                  7.3459070903509627E+000                  1.5378035391885494E+000                  1.6895004593577394E+001                  3.8658915627485574E-001                  5.9364201605803979E-001                  1.9768827667104416E-002                  2.0035559248793600E+001                  4.3872811157557743E+002                  4.8072630197389690E-035 
                                     935                  2.5533815208132055E-001                 -1.3210606284372055E+000                  7.3473235045783882E+000                  1.5425092118360408E+000                  1.6901118460870062E+001                  3.8642055190895680E-001                  5.9381094655199973E-001                  1.9768501539043415E-002                  2.0451026552958485E+001                  4.6923642489547842E+002                  5.6544547383442486E-035 
                                     936                  2.5530444992762907E-001                 -1.3228840071196630E+000                  7.3486429650565732E+000                  1.5469223422668352E+000                  1.6906842079294034E+001                  3.8626011866062254E-001                  5.9397168982245696E-001                  1.9768191516920552E-002                  2.0845589517750710E+001                  4.9956346264439361E+002                  6.5776153024153349E-035 
                                     937                  2.5529096906615245E-001                 -1.3236123800113340E+000                  7.3493955176359895E+000                  1.5494341003131071E+000                  1.6910100702803728E+001                  3.8616702480368315E-001                  5.9406496348726945E-001                  1.9768011709047406E-002                  2.1073045830516907E+001                  5.1770851176581743E+002                  7.1696071798151725E-035 
                                     938                  2.5527748820467583E-001                 -1.3243402039099157E+000                  7.3501471366119571E+000                  1.5519445110510393E+000                  1.6913356559710735E+001                  3.8607288589232674E-001                  5.9415928409924579E-001                  1.9767830008427412E-002                  2.1302249822515254E+001                  5.3647972150812882E+002                  7.8138338117830482E-035 
                                     939                  2.5526400734319921E-001                 -1.3250674787271421E+000                  7.3508978236534164E+000                  1.5544536446500621E+000                  1.6916609656602045E+001                  3.8597762407254999E-001                  5.9425472974570370E-001                  1.9767646181746312E-002                  2.1533201375143442E+001                  5.5589762621256455E+002                  8.5148209812939303E-035 
                                     940                  2.5525052648172258E-001                 -1.3257942042574151E+000                  7.3516475803587751E+000                  1.5569615528664371E+000                  1.6919859999996302E+001                  3.8588120281619270E-001                  5.9435133702945342E-001                  1.9767460154353822E-002                  2.1765903666017678E+001                  5.7598337587079959E+002                  9.2774776107506803E-035 
                                     941                  2.5523704562024596E-001                 -1.3265203802084451E+000                  7.3523964082439051E+000                  1.5594682730676654E+000                  1.6923107596342447E+001                  3.8578361761959862E-001                  5.9444911040517345E-001                  1.9767271975227985E-002                  2.2000362571266415E+001                  5.9675875525512379E+002                  1.0107127736032349E-034 
                                     942                  2.5522356475876939E-001                 -1.3272460062251699E+000                  7.3535177752438479E+000                  1.5632183062368608E+000                  1.6927965833364976E+001                  3.8563498505879007E-001                  5.9459802944481022E-001                  1.9766985496399769E-002                  2.2354922384509599E+001                  6.2924891522285168E+002                  1.1489400431625865E-034 
                                     943                  2.5519660303581609E-001                 -1.3286956267118120E+000                  7.3550098707000888E+000                  1.5682254528244188E+000                  1.6934444710096297E+001                  3.8543212000426469E-001                  5.9480128556934020E-001                  1.9766594426395168E-002                  2.2834390158629006E+001                  6.7521788613085675E+002                  1.3625760860855096E-034 
                                     944                  2.5516964131286285E-001                 -1.3301430405767549E+000                  7.3561266535757843E+000                  1.5719862656789647E+000                  1.6939304719036539E+001                  3.8527628194050673E-001                  5.9495742401049345E-001                  1.9766294048999766E-002                  2.3199061200736988E+001                  7.1179148296673043E+002                  1.5480621034402315E-034 
                                     945                  2.5515616045138623E-001                 -1.3308659080774141E+000                  7.3568699354297937E+000                  1.5744870338539263E+000                  1.6942535964654049E+001                  3.8517068799788218E-001                  5.9506322147326751E-001                  1.9766090528850366E-002                  2.3444100913594472E+001                  7.3720157856994558E+002                  1.6852268800713446E-034 
                                     946                  2.5514267958990955E-001                 -1.3315882215305872E+000                  7.3579830002242090E+000                  1.5782287606829728E+000                  1.6947369821082489E+001                  3.8500965591982200E-001                  5.9522456384445543E-001                  1.9765780235722508E-002                  2.3814544205298009E+001                  7.7692331024705470E+002                  1.9135609546424641E-034 
                                     947                  2.5511571786695630E-001                 -1.3330312023774376E+000                  7.3590942550563208E+000                  1.5819845248031126E+000                  1.6952213562682502E+001                  3.8484534375981133E-001                  5.9538919246590605E-001                  1.9765463774282566E-002                  2.4189908861439164E+001                  8.1871667942221711E+002                  2.1724626478984155E-034 
                                     948                  2.5510223700547952E-001                 -1.3337518477389663E+000                  7.3598338573502398E+000                  1.5844824008058915E+000                  1.6955434027006053E+001                  3.8473346199275027E-001                  5.9550128995230334E-001                  1.9765248054946394E-002                  2.4442038031924550E+001                  8.4774528515337045E+002                  2.3638220470415085E-034 
                                     949                  2.5508875614400278E-001                 -1.3344719344868814E+000                  7.3605725408337381E+000                  1.5869797653152200E+000                  1.6958651810106328E+001                  3.8461970450252603E-001                  5.9561526689486843E-001                  1.9765028602605539E-002                  2.4695924829219564E+001                  8.7775213474219925E+002                  2.5717416258530519E-034 
                                     950                  2.5507527528252599E-001                 -1.3351914611214097E+000                  7.3613103057108944E+000                  1.5894766460909160E+000                  1.6961866917449356E+001                  3.8450407563029582E-001                  5.9573111894563047E-001                  1.9764805424073772E-002                  2.4951574881747373E+001                  9.0876846899812858E+002                  2.7976306210003403E-034 
                                     951                  2.5506179442104920E-001                 -1.3359104260934267E+000                  7.3624151056917606E+000                  1.5932133947373608E+000                  1.6966676705813367E+001                  3.8432699572789669E-001                  5.9590854088095524E-001                  1.9764463391148013E-002                  2.5337878553905583E+001                  9.5723386168751460E+002                  3.1733797557120766E-034 
                                     952                  2.5503483269809563E-001                 -1.3373466841530759E+000                  7.3638851201905311E+000                  1.5982050817674847E+000                  1.6973091017333086E+001                  3.8408363040953403E-001                  5.9615237683539046E-001                  1.9763992755075455E-002                  2.5859728910269812E+001                  1.0257244064525710E+003                  3.7528314922694329E-034 
                                     953                  2.5500787097514205E-001                 -1.3387806743079929E+000                  7.3649853399527005E+000                  1.6019561133058249E+000                  1.6977902624068406E+001                  3.8389514897243965E-001                  5.9634122328995021E-001                  1.9763627737610090E-002                  2.6256187515859139E+001                  1.0801522122350887E+003                  4.2548688429802860E-034 
                                     954                  2.5499439011366515E-001                 -1.3394968039574970E+000                  7.3657175907723982E+000                  1.6044512665608792E+000                  1.6981101786410882E+001                  3.8376695052877785E-001                  5.9646967011165175E-001                  1.9763379359570399E-002                  2.6522387784196251E+001                  1.1179353880959263E+003                  4.6255709761152709E-034 
                                     955                  2.5498090925218825E-001                 -1.3402123606234753E+000                  7.3668141232759838E+000                  1.6081860205462659E+000                  1.6985887789841918E+001                  3.8357048665268695E-001                  5.9666651483916577E-001                  1.9762998508147334E-002                  2.6924492949417200E+001                  1.1769497269520446E+003                  5.2417737666243779E-034 
                                     956                  2.5495394752923456E-001                 -1.3416417659443531E+000                  7.3679088110248054E+000                  1.6119361855091028E+000                  1.6990683509981888E+001                  3.8336867301568250E-001                  5.9686871995465307E-001                  1.9762607029664370E-002                  2.7331543979559758E+001                  1.2389778086505860E+003                  5.9392754692531266E-034 
                                     957                  2.5494046666775771E-001                 -1.3423555903668638E+000                  7.3686373732392427E+000                  1.6144311581057738E+000                  1.6993872138767500E+001                  3.8323101828131029E-001                  5.9700664198591591E-001                  1.9762339732773748E-002                  2.7604757392830468E+001                  1.2820249461027845E+003                  6.4540990478174246E-034 
                                     958                  2.5492698580628087E-001                 -1.3430688325665174E+000                  7.3693650103239143E+000                  1.6169262378498697E+000                  1.6997058145210797E+001                  3.8309077693325283E-001                  5.9714715582196587E-001                  1.9762067244781356E-002                  2.7879709971785925E+001                  1.3264925051707135E+003                  7.0128631929466079E-034 
                                     959                  2.5491350494480403E-001                 -1.3437814899698337E+000                  7.3700917207884045E+000                  1.6194214793413997E+000                  1.7000241533519219E+001                  3.8294787006009345E-001                  5.9729034057162678E-001                  1.9761789368279770E-002                  2.8156396472868366E+001                  1.3724247276597325E+003                  7.6192708480322890E-034 
                                     960                  2.5490002408332718E-001                 -1.3444935599080265E+000                  7.3711799384915810E+000                  1.6231570923333667E+000                  1.7005004001359989E+001                  3.8272838212894050E-001                  5.9751025569445615E-001                  1.9761362176603292E-002                  2.8574145535726803E+001                  1.4441367422937662E+003                  8.6266743521590532E-034 
                                     961                  2.5487306236037355E-001                 -1.3459159457096266E+000                  7.3726277749073281E+000                  1.6281493287353526E+000                  1.7011355202516171E+001                  3.8242550139597464E-001                  5.9781372680043898E-001                  1.9760771803586374E-002                  2.9137833264439813E+001                  1.5453557723719366E+003                  1.0177440231162134E-033 
                                     962                  2.5484610063741997E-001                 -1.3473359470641746E+000                  7.3737112985511413E+000                  1.6319022386169577E+000                  1.7016119459244450E+001                  3.8219023883186148E-001                  5.9804944855785624E-001                  1.9760312610282327E-002                  2.9565594939123880E+001                  1.6256938747539095E+003                  1.1518725656167349E-033 
                                     963                  2.5483261977594318E-001                 -1.3480450361416159E+000                  7.3744324088037922E+000                  1.6343996485067147E+000                  1.7019287220809240E+001                  3.8202943700507003E-001                  5.9821056463199773E-001                  1.9759998362932185E-002                  2.9852525589032307E+001                  1.6814160891392337E+003                  1.2508014962172144E-033 
                                     964                  2.5481913891446634E-001                 -1.3487535196499321E+000                  7.3755122126071297E+000                  1.6381392200303868E+000                  1.7024026366471425E+001                  3.8178203569764230E-001                  5.9845844995213016E-001                  1.9759514350227603E-002                  3.0285515597384659E+001                  1.7683748096284382E+003                  1.4150664338636123E-033 
                                     965                  2.5479217719151276E-001                 -1.3501686757022566E+000                  7.3765900704615506E+000                  1.6418955534984732E+000                  1.7028775023650091E+001                  3.8152664979097994E-001                  5.9871433612446057E-001                  1.9759014084559490E-002                  3.0723313104332419E+001                  1.8596747939758395E+003                  1.6007605175765384E-033 
                                     966                  2.5477869633003591E-001                 -1.3508753218656135E+000                  7.3773073944064489E+000                  1.6443955710250018E+000                  1.7031932436240748E+001                  3.8135188646440166E-001                  5.9888944225362484E-001                  1.9758671281973506E-002                  3.1016860866888692E+001                  1.9229813708534728E+003                  1.7376835454733962E-033 
                                     967                  2.5476521546855907E-001                 -1.3515813483581363E+000                  7.3780237632703809E+000                  1.6468963917810098E+000                  1.7035087268996129E+001                  3.8117334257952484E-001                  5.9906833668789450E-001                  1.9758320732580659E-002                  3.1312026803513508E+001                  1.9883301044431605E+003                  1.8861765435428549E-033 
                                     968                  2.5475173460708223E-001                 -1.3522867513898358E+000                  7.3787391732443171E+000                  1.6493980732089626E+000                  1.7038239524629663E+001                  3.8099090400466973E-001                  5.9925113382745943E-001                  1.9757962167870846E-002                  3.1608795404543173E+001                  2.0557826978699759E+003                  2.0472090421837684E-033 
                                     969                  2.5473825374560538E-001                 -1.3529915270698158E+000                  7.3798104023091575E+000                  1.6531447784312407E+000                  1.7042955521434791E+001                  3.8070975978413729E-001                  5.9953283131686974E-001                  1.9757408898992912E-002                  3.2056353448736282E+001                  2.1609999256761589E+003                  2.3144897378327060E-033 
                                     970                  2.5471129202265169E-001                 -1.3543991994508007E+000                  7.3812354150973452E+000                  1.6581541216260058E+000                  1.7049244682538852E+001                  3.8031999864087579E-001                  5.9992336083566911E-001                  1.9756640523455049E-002                  3.2659281944071651E+001                  2.3093165671834490E+003                  2.7254349673906928E-033 
                                     971                  2.5468433029969806E-001                 -1.3558043130325022E+000                  7.3823016765276606E+000                  1.6619216258090157E+000                  1.7053962343347376E+001                  3.8001589010539188E-001                  6.0022806987958899E-001                  1.9756040015019183E-002                  3.3116039164929568E+001                  2.4268809760936747E+003                  3.0804735301207342E-033 
                                     972                  2.5467084943822144E-001                 -1.3565058898777822E+000                  7.3830112407022295E+000                  1.6644297453901569E+000                  1.7057099185837640E+001                  3.7980738512287021E-001                  6.0043698715305061E-001                  1.9755627724079128E-002                  3.3422017367053833E+001                  2.5083484942515893E+003                  3.3421566011800140E-033 
                                     973                  2.5465736857674481E-001                 -1.3572068137952493E+000                  7.3840736643516012E+000                  1.6681868605657508E+000                  1.7061792164692410E+001                  3.7948561352361337E-001                  6.0075939580605420E-001                  1.9754990670332484E-002                  3.3883119010231724E+001                  2.6353666330342794E+003                  3.7763839577701537E-033 
                                     974                  2.5463040685379157E-001                 -1.3586067031533384E+000                  7.3851339499868667E+000                  1.6719621883143836E+000                  1.7066494402133433E+001                  3.7915223560864936E-001                  6.0109343467172049E-001                  1.9754329719630093E-002                  3.4348565504678412E+001                  2.7685652419605699E+003                  4.2668719661549176E-033 
                                     975                  2.5461692599231500E-001                 -1.3593056399386705E+000                  7.3858395098784726E+000                  1.6744758682829755E+000                  1.7069621005656458E+001                  3.7892346755416983E-001                  6.0132265688075126E-001                  1.9753875565078904E-002                  3.4660189113740024E+001                  2.8608363418857148E+003                  4.6283466230161052E-033 
                                     976                  2.5460344513083838E-001                 -1.3600039045321792E+000                  7.3868958948100616E+000                  1.6782418486265791E+000                  1.7074298689128874E+001                  3.7857012936668921E-001                  6.0167669737207286E-001                  1.9753173261237933E-002                  3.5129520672774611E+001                  3.0046506211296496E+003                  5.2281079477351949E-033 
                                     977                  2.5457648340788519E-001                 -1.3613984155234187E+000                  7.3883008668990104E+000                  1.6832790417324655E+000                  1.7080536643099002E+001                  3.7807874800922470E-001                  6.0216905694998790E-001                  1.9752195040787401E-002                  3.5760555327088063E+001                  3.2071290732796324E+003                  6.1498049365734235E-033 
                                     978                  2.5454952168493200E-001                 -1.3627901749153759E+000                  7.3893956319919978E+000                  1.6872261139984921E+000                  1.7085409674370062E+001                  3.7767791091829628E-001                  6.0257069322721413E-001                  1.9751395854489595E-002                  3.6257479557721119E+001                  3.3742595569543764E+003                  6.9810697684750795E-033 
                                     979                  2.5453435571577093E-001                 -1.3635718042377274E+000                  7.3901822501065757E+000                  1.6900659317653479E+000                  1.7088909504844374E+001                  3.7737981306052615E-001                  6.0286938611389806E-001                  1.9750800825575787E-002                  3.6616602952801216E+001                  3.4995975719485136E+003                  7.6477239787805122E-033 
                                     980                  2.5451918974660981E-001                 -1.3643525409036701E+000                  7.3913596221792153E+000                  1.6943210143551202E+000                  1.7094143903174544E+001                  3.7691712489973761E-001                  6.0333299884716529E-001                  1.9749876253097098E-002                  3.7157075092073384E+001                  3.6957675288867249E+003                  8.7679118776241031E-033 
                                     981                  2.5448885780828739E-001                 -1.3659113294458765E+000                  7.3925339553196627E+000                  1.6986010063482859E+000                  1.7099389683052792E+001                  3.7643435387206503E-001                  6.0381673565960037E-001                  1.9748910468334602E-002                  3.7701977277448705E+001                  3.9024291025011826E+003                  1.0052415232647249E-032 
                                     982                  2.5447369183912627E-001                 -1.3666893373106666E+000                  7.3933151050093722E+000                  1.7014515307564204E+000                  1.7102876587806438E+001                  3.7610118895097433E-001                  6.0415056773922904E-001                  1.9748243309796631E-002                  3.8066196501395765E+001                  4.0461243199515447E+003                  1.1010962921207142E-032 
                                     983                  2.5445852586996515E-001                 -1.3674664179643929E+000                  7.3944842004904130E+000                  1.7057235315876065E+000                  1.7108091672252929E+001                  3.7558368614767079E-001                  6.0466910769486548E-001                  1.9747206157463726E-002                  3.8613735704902801E+001                  4.2709165741407223E+003                  1.2621803905600500E-032 
                                     984                  2.5442819393164273E-001                 -1.3690177873251972E+000                  7.3956500687371918E+000                  1.7100213740367929E+000                  1.7113317972395702E+001                  3.7504325955486884E-001                  6.0521061820951894E-001                  1.9746122235612229E-002                  3.9165010579136101E+001                  4.5075756503679268E+003                  1.4469128473241637E-032 
                                     985                  2.5441302796248166E-001                 -1.3697920304385072E+000                  7.3964255188551364E+000                  1.7128844091423752E+000                  1.7116791937905496E+001                  3.7467004734556880E-001                  6.0558457946585498E-001                  1.9745373188576165E-002                  3.9533032818267053E+001                  4.6720451241546862E+003                  1.5847921685484481E-032 
                                     986                  2.5439786199332060E-001                 -1.3705653083392861E+000                  7.3971995031956670E+000                  1.7157508740063119E+000                  1.7120262664314815E+001                  3.7428597349747761E-001                  6.0596942447086122E-001                  1.9744602031661174E-002                  3.9901768494044404E+001                  4.8421150986898110E+003                  1.7358051712057679E-032 
                                     987                  2.5438269602415958E-001                 -1.3713376109554889E+000                  7.3979720041444175E+000                  1.7186209036367059E+000                  1.7123730149354589E+001                  3.7389065981063624E-001                  6.0636553208278710E-001                  1.9743808106576610E-002                  4.0271109295331847E+001                  5.0179561047412135E+003                  1.9012116400020147E-032 
                                     988                  2.5436753005499857E-001                 -1.3721089279621148E+000                  7.3988713697893767E+000                  1.7219715366400419E+000                  1.7127769086902610E+001                  3.7341481562718054E-001                  6.0684233209680993E-001                  1.9742852276009470E-002                  4.0702411579796411E+001                  5.2306041618791369E+003                  2.1142066712241142E-032 
                                     989                  2.5434730876278366E-001                 -1.3731358037242427E+000                  7.3998966584856651E+000                  1.7258100250003294E+000                  1.7132382321062803E+001                  3.7285083840942279E-001                  6.0740744234217703E-001                  1.9741719248400180E-002                  4.1196160598509529E+001                  5.4839356845558923E+003                  2.3870784624782044E-032 
                                     990                  2.5432708747056881E-001                 -1.3741608827562581E+000                  7.4009191907265102E+000                  1.7296557094657694E+000                  1.7136989774423967E+001                  3.7226448621693481E-001                  6.0799497238727340E-001                  1.9740541395791844E-002                  4.1690250384785337E+001                  5.7486460575310703E+003                  2.6952585876623074E-032 
                                     991                  2.5430686617835402E-001                 -1.3751841384525545E+000                  7.4017691295884207E+000                  1.7328693251145846E+000                  1.7140827872256224E+001                  3.7175800859719488E-001                  6.0850246719154266E-001                  1.9739524211262460E-002                  4.2102309978296532E+001                  5.9782916759551781E+003                  2.9823957125996315E-032 
                                     992                  2.5429338531687729E-001                 -1.3758652784655947E+000                  7.4024476816371330E+000                  1.7354417856540725E+000                  1.7143893055454836E+001                  3.7134082065597868E-001                  6.0892049281818639E-001                  1.9738686525834881E-002                  4.2431634683121949E+001                  6.1680752479211769E+003                  3.2340367075941150E-032 
                                     993                  2.5427990445540061E-001                 -1.3765455872942574E+000                  7.4031249513876967E+000                  1.7380180038681927E+000                  1.7146955658824915E+001                  3.7091256357886720E-001                  6.0934960951801642E-001                  1.9737826903116318E-002                  4.2760757122985204E+001                  6.3634283468030180E+003                  3.5070105575734161E-032 
                                     994                  2.5426642359392393E-001                 -1.3772250561518802E+000                  7.4038009224564352E+000                  1.7405981340037922E+000                  1.7150015679044145E+001                  3.7047293858323582E-001                  6.0979011661569271E-001                  1.9736944801071465E-002                  4.3089576963185891E+001                  6.5644940100713657E+003                  3.8031480781405264E-032 
                                     995                  2.5425294273244725E-001                 -1.3779036760040757E+000                  7.4048125116348107E+000                  1.7444687197184714E+000                  1.7154593795411934E+001                  3.6979169615024310E-001                  6.1047272512672268E-001                  1.9735578723034219E-002                  4.3581343882713838E+001                  6.8770315264848196E+003                  4.2950801618334153E-032 
                                     996                  2.5422598100949384E-001                 -1.3792583497799586E+000                  7.4061564505926123E+000                  1.7496546327139797E+000                  1.7160698368443477E+001                  3.6884013707741803E-001                  6.1142618993247544E-001                  1.9733672990106532E-002                  4.4235794989888852E+001                  7.3152360600014736E+003                  5.0522903752208879E-032 
                                     997                  2.5419901928654048E-001                 -1.3806095122485498E+000                  7.4071606582694773E+000                  1.7535636686625369E+000                  1.7165276993816377E+001                  3.6809244021057097E-001                  6.1217538182930764E-001                  1.9732177960121389E-002                  4.4725167121987710E+001                  7.6606778356962750E+003                  5.7074449457369897E-032 
                                     998                  2.5418553842506358E-001                 -1.3812837418464576E+000                  7.4078284650253696E+000                  1.7561709292592611E+000                  1.7168321433170831E+001                  3.6757749647441817E-001                  6.1269135409422759E-001                  1.9731149431354233E-002                  4.5049741900110135E+001                  7.8991587801593314E+003                  6.1910840908901076E-032 
                                     999                  2.5417205756358668E-001                 -1.3819570624117106E+000                  7.4088276484210711E+000                  1.7600842526486933E+000                  1.7172876220673167E+001                  3.6677941294637018E-001                  6.1349102955990931E-001                  1.9729557493720518E-002                  4.5533745269062834E+001                  8.2695559403817242E+003                  6.9950924594374876E-032 
                                    1000                  2.5414509584063294E-001                 -1.3833009507862255E+000                  7.4098232173893601E+000                  1.7640244800113249E+000                  1.7177439097691607E+001                  3.6594854073919769E-001                  6.1432355581509157E-001                  1.9727903445710737E-002                  4.6016007409666081E+001                  8.6559422659010124E+003                  7.9049640383447072E-032 
                                    1001                  2.5413161497915610E-001                 -1.3839714770095151E+000                  7.4104851852700389E+000                  1.7666535948074524E+000                  1.7180473053634508E+001                  3.6537612936954511E-001                  6.1489710460851321E-001                  1.9726766021941677E-002                  4.6335100426172950E+001                  8.9225326030532833E+003                  8.5770194501851036E-032 
                                    1002                  2.5411813411767925E-001                 -1.3846410482625640E+000                  7.4114754871292678E+000                  1.7706013015942028E+000                  1.7185012137032448E+001                  3.6448881025806207E-001                  6.1578618328829726E-001                  1.9725006453640725E-002                  4.6809729163479894E+001                  9.3363366066994040E+003                  9.6949244754794376E-032 
                                    1003                  2.5409117239472551E-001                 -1.3859772950093243E+000                  7.4126260705856861E+000                  1.7752377957331380E+000                  1.7190312352075825E+001                  3.6340746423663861E-001                  6.1686966705339696E-001                  1.9722868709964425E-002                  4.7358871644130140E+001                  9.8411911568520954E+003                  1.1187427028030947E-031 
                                    1004                  2.5407095110251021E-001                 -1.3869768710629014E+000                  7.4136085160491616E+000                  1.7792246012376653E+000                  1.7194845443849484E+001                  3.6243995917057442E-001                  6.1783907845753705E-001                  1.9720962371888584E-002                  4.7823626564411796E+001                  1.0293347407886224E+004                  1.2650818923898307E-031 
                                    1005                  2.5405072981029481E-001                 -1.3879741676913284E+000                  7.4145872917920723E+000                  1.7832273336895339E+000                  1.7199372532992861E+001                  3.6143321309023807E-001                  6.1884780136408712E-001                  1.9718985545674750E-002                  4.8282541373385243E+001                  1.0764094226210500E+004                  1.4308524814614711E-031 
                                    1006                  2.5403050851807951E-001                 -1.3889691377742466E+000                  7.4155623079180311E+000                  1.7872468270134394E+000                  1.7203893593172715E+001                  3.6038565830934927E-001                  6.1989740530681292E-001                  1.9716936383837869E-002                  4.8734950528443008E+001                  1.1254026242408849E+004                  1.6186897062163764E-031 
                                    1007                  2.5401028722586416E-001                 -1.3899617323101039E+000                  7.4165334708672406E+000                  1.7912839367700526E+000                  1.7208408596426498E+001                  3.5929569635939279E-001                  6.2098949053124186E-001                  1.9714813109365403E-002                  4.9180157288537032E+001                  1.1763741333810474E+004                  1.8315944922918620E-031 
                                    1008                  2.5399006593364881E-001                 -1.3909519003822017E+000                  7.4175006833171695E+000                  1.7953395549252753E+000                  1.7212917513110515E+001                  3.5816166683830175E-001                  6.2212571918471316E-001                  1.9712613976985094E-002                  4.9617426212362638E+001                  1.2293838450181094E+004                  2.0729856190361615E-031 
                                    1009                  2.5396984464143352E-001                 -1.3919395890926194E+000                  7.4184638440895148E+000                  1.7994145828987023E+000                  1.7217420311844947E+001                  3.5698190813549180E-001                  6.2330775451195608E-001                  1.9710337352552121E-002                  5.0045995352005008E+001                  1.2844916201975933E+004                  2.3467581236490378E-031 
                                    1010                  2.5394962334921817E-001                 -1.3929247435593406E+000                  7.4194228481187059E+000                  1.8035103445521672E+000                  1.7221916959461804E+001                  3.5575459612597587E-001                  6.2453742227273223E-001                  1.9707981601291946E-002                  5.0465079645915260E+001                  1.3417578753779138E+004                  2.6573578708283152E-031 
                                    1011                  2.5392940205700287E-001                 -1.3939073059774914E+000                  7.4203775861883035E+000                  1.8076271306501364E+000                  1.7226407420913542E+001                  3.5447796797520942E-001                  6.2581648676310642E-001                  1.9705545261684110E-002                  5.0873761088527694E+001                  1.4012393537032367E+004                  3.0098389951977174E-031 
                                    1012                  2.5390918076478747E-001                 -1.3948872179838669E+000                  7.4213279449346121E+000                  1.8117661358013546E+000                  1.7230891659281408E+001                  3.5315052237337924E-001                  6.2714645058826424E-001                  1.9703027038356469E-002                  5.1271270768562836E+001                  1.4629957759428355E+004                  3.4099705522608612E-031 
                                    1013                  2.5388895947257212E-001                 -1.3958644186341691E+000                  7.4222738068819094E+000                  1.8159284470673009E+000                  1.7235369635700877E+001                  3.5177027965094371E-001                  6.2852929470901120E-001                  1.9700425640045038E-002                  5.1656665094820504E+001                  1.5270836558073001E+004                  3.8643370355439130E-031 
                                    1014                  2.5386873818035677E-001                 -1.3968388446729936E+000                  7.4232150502590102E+000                  1.8201150249009534E+000                  1.7239841309300047E+001                  3.5033556270081700E-001                  6.2996669726024146E-001                  1.9697740038941536E-002                  5.2029040467731242E+001                  1.5935586828634510E+004                  4.3804403380872019E-031 
                                    1015                  2.5384851688814147E-001                 -1.3978104308469774E+000                  7.4242851123359372E+000                  1.8249272829314001E+000                  1.7244940809694334E+001                  3.4862694442054687E-001                  6.3167848888155276E-001                  1.9694566697900373E-002                  5.2437094149707818E+001                  1.6725189042894919E+004                  5.0569098278759606E-031 
                                    1016                  2.5382251808386497E-001                 -1.3990553402799555E+000                  7.4254808396560046E+000                  1.8303878706025491E+000                  1.7250671403223741E+001                  3.4661083734644532E-001                  6.3369830187554965E-001                  1.9690860778005081E-002                  5.2872195524809840E+001                  1.7652356160143350E+004                  5.9461062246190052E-031 
                                    1017                  2.5379651927958841E-001                 -1.4002952911312463E+000                  7.4263714979819486E+000                  1.8345210371388829E+000                  1.7254968387608578E+001                  3.4503123912993106E-001                  6.3528077463041044E-001                  1.9687986239658506E-002                  5.3180961914864291E+001                  1.8375235970254023E+004                  6.7160335362869401E-031 
                                    1018                  2.5378351987745018E-001                 -1.4009133492563133E+000                  7.4269628621219761E+000                  1.8372872420724098E+000                  1.7257825625369300E+001                  3.4394549367275234E-001                  6.3636848143331060E-001                  1.9686024893937004E-002                  5.3377254757230169E+001                  1.8870536465645258E+004                  7.2850578581256476E-031 
                                    1019                  2.5377052047531190E-001                 -1.4015301080380211E+000                  7.4278462379277732E+000                  1.8414536488996431E+000                  1.7262100421837896E+001                  3.4226629248555857E-001                  6.3805069234861012E-001                  1.9683015165831375E-002                  5.3656562878531979E+001                  1.9633841068854395E+004                  8.2321913886475955E-031 
                                    1020                  2.5374452167103539E-001                 -1.4027596615147950E+000                  7.4288638824900834E+000                  1.8463377270928452E+000                  1.7267064196962760E+001                  3.4023845662916441E-001                  6.4008212384525121E-001                  1.9679419525584385E-002                  5.3958573116255238E+001                  2.0550290645651821E+004                  9.4892490697500798E-031 
                                    1021                  2.5372526329749734E-001                 -1.4036669291147115E+000                  7.4297245905704843E+000                  1.8505236160565179E+000                  1.7271279042741227E+001                  3.3844406311921116E-001                  6.4187966373838057E-001                  1.9676273142408274E-002                  5.4194487935795458E+001                  2.1356666530031169E+004                  1.0712115405564670E-030 
                                    1022                  2.5370600492395934E-001                 -1.4045711337434692E+000                  7.4305799356006554E+000                  1.8547407356078982E+000                  1.7275487798713705E+001                  3.3658457750786047E-001                  6.4374237471548035E-001                  1.9673047776659125E-002                  5.4410115183278613E+001                  2.2187477988441995E+004                  1.2095376529773412E-030 
                                    1023                  2.5368674655042134E-001                 -1.4054722016467316E+000                  7.4314297734280599E+000                  1.8589903484763666E+000                  1.7279690411428586E+001                  3.3465789424425885E-001                  6.4567236173929488E-001                  1.9669744016446278E-002                  5.4604272578176072E+001                  2.3042840288985677E+004                  1.3660359204046059E-030 
                                    1024                  2.5366748817688334E-001                 -1.4063700568355129E+000                  7.4322739560262328E+000                  1.8632736677887836E+000                  1.7283886825284362E+001                  3.3266205237656449E-001                  6.4767158490902932E-001                  1.9666362714406249E-002                  5.4775790305626522E+001                  2.3922808369128757E+004                  1.5431219982083951E-030 
                                    1025                  2.5364822980334528E-001                 -1.4072646212374647E+000                  7.4331123317313557E+000                  1.8675915107171328E+000                  1.7288076982485983E+001                  3.3059597459296614E-001                  6.4974112011045471E-001                  1.9662905296579103E-002                  5.4923709563153920E+001                  2.4827402134764663E+004                  1.7435222657218553E-030 
                                    1026                  2.5362897142980728E-001                 -1.4081558155625309E+000                  7.4338407817746086E+000                  1.8714012261472430E+000                  1.7291740041880143E+001                  3.2872858851899883E-001                  6.5161159293528759E-001                  1.9659818545713525E-002                  5.5032913474361976E+001                  2.5638933162974212E+004                  1.9403940938571562E-030 
                                    1027                  2.5361452764965381E-001                 -1.4088219474939769E+000                  7.4344616613985437E+000                  1.8746872511179227E+000                  1.7294874327986932E+001                  3.2708312455705141E-001                  6.5325974742905457E-001                  1.9657128013893965E-002                  5.5110651026456885E+001                  2.6349483469653795E+004                  2.1270115994672585E-030 
                                    1028                  2.5360008386950034E-001                 -1.4094861028212413E+000                  7.4353873987881354E+000                  1.8796481039056265E+000                  1.7299561918637988E+001                  3.2453547335535549E-001                  6.5581151022031958E-001                  1.9653016424324932E-002                  5.5198184311518268E+001                  2.7441283278885770E+004                  2.4417457115335184E-030 
                                    1029                  2.5357119630919317E-001                 -1.4108083641590972E+000                  7.4363029739925679E+000                  1.8846749494955077E+000                  1.7304255438831518E+001                  3.2188977592001755E-001                  6.5846140708276568E-001                  1.9648816997216767E-002                  5.5251462730365418E+001                  2.8562205832023716E+004                  2.8031987095712646E-030 
                                    1030                  2.5355675252903970E-001                 -1.4114663734110162E+000                  7.4369094337557806E+000                  1.8880490347342462E+000                  1.7307375113541347E+001                  3.2007057157469154E-001                  6.6028345842631053E-001                  1.9645969998997925E-002                  5.5265913862990395E+001                  2.9326278884288709E+004                  3.0738920802145252E-030 
                                    1031                  2.5354230874888628E-001                 -1.4121222600152346E+000                  7.4378131314886522E+000                  1.8931458914787851E+000                  1.7312040693060045E+001                  3.1725669243072119E-001                  6.6310167650284446E-001                  1.9641631066434351E-002                  5.5254699262908574E+001                  3.0497118707254987E+004                  3.5304999059332504E-030 
                                    1032                  2.5351342118857917E-001                 -1.4134275365930766E+000                  7.4388048329876337E+000                  1.8988876697204895E+000                  1.7317227594252429E+001                  3.1400812447681664E-001                  6.6635515585647687E-001                  1.9636719666706437E-002                  5.5196357356403333E+001                  3.1829563684520570E+004                  4.1177663800428427E-030 
                                    1033                  2.5349416281504122E-001                 -1.4142927556489056E+000                  7.4395908702049471E+000                  1.9035258275355935E+000                  1.7321365346253412E+001                  3.1131490928418637E-001                  6.6905236526915657E-001                  1.9632725446657062E-002                  5.5112097648596475E+001                  3.2919756221920019E+004                  4.6578478373164868E-030 
                                    1034                  2.5347490444150328E-001                 -1.4151539030074265E+000                  7.4403695813729724E+000                  1.9082093153885242E+000                  1.7325496218318644E+001                  3.0853630749183408E-001                  6.7183501500166032E-001                  1.9628677506505543E-002                  5.4993549356112773E+001                  3.4030045560053004E+004                  5.2690563948722137E-030 
                                    1035                  2.5345564606796528E-001                 -1.4160108839901837E+000                  7.4411407832278460E+000                  1.9129393469999150E+000                  1.7329620129327896E+001                  3.0567084785225568E-001                  6.7470457243197135E-001                  1.9624579715773027E-002                  5.4839556841939746E+001                  3.5159279864996999E+004                  5.9606578546813784E-030 
                                    1036                  2.5343638769442733E-001                 -1.4168636025360204E+000                  7.4422855322953243E+000                  1.9201148325160478E+000                  1.7335780886256334E+001                  3.0119652731818647E-001                  6.7918513157052429E-001                  1.9618341111289239E-002                  5.4535606839291489E+001                  3.6887082776627809E+004                  7.1739727541837770E-030 
                                    1037                  2.5339787094735122E-001                 -1.4185558968413237E+000                  7.4433606586463830E+000                  1.9271144522869601E+000                  1.7341694012926258E+001                  2.9674084566241588E-001                  6.8364685893506205E-001                  1.9612295402522073E-002                  5.4172450926371148E+001                  3.8572531788992346E+004                  8.5621766038565665E-030 
                                    1038                  2.5338101987050538E-001                 -1.4192905744356570E+000                  7.4440084559623845E+000                  1.9314197529799702E+000                  1.7345278117867263E+001                  2.9393044837884963E-001                  6.8646097431451281E-001                  1.9608577306637565E-002                  5.3909180453336454E+001                  3.9612824451980116E+004                  9.5366828578682070E-030 
                                    1039                  2.5336416879365958E-001                 -1.4200216970197832E+000                  7.4449701278292046E+000                  1.9379412794721702E+000                  1.7350634797460419E+001                  2.8958252698855763E-001                  6.9081451330966548E-001                  1.9602959701776834E-002                  5.3455556833269988E+001                  4.1190836587839840E+004                  1.1210700577219958E-029 
                                    1040                  2.5333046663996789E-001                 -1.4214730432004521E+000                  7.4458677594095928E+000                  1.9442578563027635E+000                  1.7355742458428985E+001                  2.8529701001998575E-001                  6.9510540887668726E-001                  1.9597581103326989E-002                  5.2960055312166659E+001                  4.2702830840753290E+004                  1.3068801637362756E-029 
                                    1041                  2.5331602285981453E-001                 -1.4220904654767865E+000                  7.4466675351470064E+000                  1.9499989511414892E+000                  1.7360314080857645E+001                  2.8130946213894664E-001                  6.9909782308166912E-001                  1.9592714779384179E-002                  5.2454866168503621E+001                  4.4074162458995132E+004                  1.5005110780908634E-029 
                                    1042                  2.5328713529950764E-001                 -1.4233168763026629E+000                  7.4479748426448147E+000                  1.9597197512296407E+000                  1.7367911865548589E+001                  2.7440683688750295E-001                  7.0600857083664215E-001                  1.9584592275854851E-002                  5.1494231412889370E+001                  4.6364689965084704E+004                  1.8877377668414282E-029 
                                    1043                  2.5324380395904722E-001                 -1.4251347820155182E+000                  7.4492429553962847E+000                  1.9696539735491649E+000                  1.7375502708349639E+001                  2.6719927131601307E-001                  7.1322423545256575E-001                  1.9576493231421188E-002                  5.0389283596248248E+001                  4.8638554352820720E+004                  2.3706703805359168E-029 
                                    1044                  2.5321491639874033E-001                 -1.4263317147576173E+000                  7.4502350679143348E+000                  1.9777323773252966E+000                  1.7381546408719249E+001                  2.6120469370497296E-001                  7.1922526026187039E-001                  1.9570046033156707E-002                  4.9395703283586478E+001                  5.0438056102939197E+004                  2.8424468474114668E-029 
                                    1045                  2.5318602883843327E-001                 -1.4275162926819100E+000                  7.4513658389677433E+000                  1.9873172057063249E+000                  1.7388567503810449E+001                  2.5394435029588747E-001                  7.2649306269814784E-001                  1.9562587005964693E-002                  4.8109629350274282E+001                  5.2495479829805328E+004                  3.5092584993048158E-029 
                                    1046                  2.5314751209135733E-001                 -1.4290759637924042E+000                  7.4527729363514421E+000                  1.9998897487830913E+000                  1.7397556554709915E+001                  2.4423500013244706E-001                  7.3621183430726611E-001                  1.9553165560286856E-002                  4.6270458632330815E+001                  5.5042111051849708E+004                  4.5899699611488962E-029 
                                    1047                  2.5309936615751250E-001                 -1.4309927963671079E+000                  7.4544187984291144E+000                  2.0156276252583463E+000                  1.7408483208557779E+001                  2.3183757589716691E-001                  7.4862043324718153E-001                  1.9541990855651559E-002                  4.3754576132687404E+001                  5.7941307640877727E+004                  6.3435348460122117E-029 
                                    1048                  2.5304159103689872E-001                 -1.4332432876544470E+000                  7.4565369765346086E+000                  2.0377019319057381E+000                  1.7423248203107949E+001                  2.1406508914680841E-001                  7.6640739570657357E-001                  1.9527515146617991E-002                  3.9885149039389695E+001                  6.1372416947042620E+004                  9.7776887598603682E-029 
                                    1049                  2.5295492835597805E-001                 -1.4365134583360080E+000                  7.4590360667156688E+000                  2.0673718495420492E+000                  1.7442267850031811E+001                  1.8991303190078176E-001                  7.9057661006438029E-001                  1.9510358034837916E-002                  3.4299717678958466E+001                  6.4560504474032379E+004                  1.6778745643424866E-028 
                                    1050                  2.5285382189490402E-001                 -1.4401628831430247E+000                  7.4607226577015071E+000                  2.0908641921065558E+000                  1.7456819489361209E+001                  1.7092238661776663E-001                  8.0957907957442032E-001                  1.9498533807813079E-002                  2.9768392260298260E+001                  6.5721956717188878E+004                  2.4796703664887611E-028 
                                    1051                  2.5281049055444388E-001                 -1.4416712309154582E+000                  7.4621463626543711E+000                  2.1121739168023899E+000                  1.7469684481120574E+001                  1.5369612624412196E-001                  8.2681474483863615E-001                  1.9489128917241860E-002                  2.5626254731615582E+001                  6.5777738665856945E+004                  3.4857057773761890E-028 
                                    1052                  2.5272382787352343E-001                 -1.4445876743949828E+000                  7.4633428020283841E+000                  2.1328432107917106E+000                  1.7482041850189685E+001                  1.3746550496916035E-001                  8.4305340240471360E-001                  1.9481092626126073E-002                  2.1773314541762961E+001                  6.4796125566961928E+004                  4.7290142862436124E-028 
                                    1053                  2.5268531112644754E-001                 -1.4458415754148999E+000                  7.4642037375999122E+000                  2.1486784307666138E+000                  1.7491419003751854E+001                  1.2521003266397621E-001                  8.5531436670608796E-001                  1.9475600629935808E-002                  1.8921857044143323E+001                  6.3399189179148874E+004                  5.9262989182902563E-028 
                                    1054                  2.5262753600583382E-001                 -1.4476745144125678E+000                  7.4653509004706953E+000                  2.1718895379734526E+000                  1.7505159321513926E+001                  1.0779188685325918E-001                  8.7273960938271822E-001                  1.9468503764022649E-002                  1.5014629555871103E+001                  6.0335487374545904E+004                  8.1115619419460019E-028 
                                    1055                  2.5254279916226702E-001                 -1.4502621090707688E+000                  7.4662429162130044E+000                  2.1928244937830312E+000                  1.7517700573390393E+001                  9.2903113415281985E-002                  8.8763388464286097E-001                  1.9463001941857017E-002                  1.1864701639909255E+001                  5.6604696018812880E+004                  1.0539130265553068E-027 
                                    1056                  2.5249657906577622E-001                 -1.4516255949744588E+000                  7.4667421554642877E+000                  2.2055328086459083E+000                  1.7525362947706991E+001                  8.4160995704067376E-002                  8.9637898280825767E-001                  1.9460021487675006E-002                  1.0113344810191844E+001                  5.3895363479874308E+004                  1.2273542556115462E-027 
                                    1057                  2.5246191399340795E-001                 -1.4526268655998347E+000                  7.4671384319543295E+000                  2.2161827520964241E+000                  1.7531883317260036E+001                  7.7107190457179120E-002                  9.0343508753833190E-001                  1.9457722004488920E-002                  8.7654906172999247E+000                  5.1435683552623246E+004                  1.3891752453587670E-027 
                                    1058                  2.5242724892103963E-001                 -1.4536106027523503E+000                  7.4674435182119412E+000                  2.2248794081527317E+000                  1.7537290904964795E+001                  7.1556991532444367E-002                  9.0898700981019465E-001                  1.9455998657361029E-002                  7.7502833491905516E+000                  4.9314850318336568E+004                  1.5322530968209275E-027 
                                    1059                  2.5240413887279411E-001                 -1.4542570556974914E+000                  7.4676747038443292E+000                  2.2317801988062285E+000                  1.7541594042972438E+001                  6.7220258003002395E-002                  9.1332506554228376E-001                  1.9454676454713882E-002                  6.9847999085553569E+000                  4.7520310144124909E+004                  1.6534734840002943E-027 
                                    1060                  2.5238102882454855E-001                 -1.4548961492786765E+000                  7.4678934630389806E+000                  2.2386075931371061E+000                  1.7545879602668556E+001                  6.3014827804004775E-002                  9.1753172385566240E-001                  1.9453448340332802E-002                  6.2682156644907323E+000                  4.5665190181117629E+004                  1.7800306393179030E-027 
                                    1061                  2.5235791877630304E-001                 -1.4555280422856345E+000                  7.4681002774370455E+000                  2.2453005698923949E+000                  1.7550147545709656E+001                  5.9029837119061054E-002                  9.2151786244692047E-001                  1.9452300434018466E-002                  5.6152771399685673E+000                  4.3816355506928252E+004                  1.9107301324571029E-027 
                                    1062                  2.5233480872805747E-001                 -1.4561529786896013E+000                  7.4683932390798766E+000                  2.2550846179797479E+000                  1.7556507496661364E+001                  5.3441584780280743E-002                  9.2710767002217165E-001                  1.9450745197547636E-002                  4.7445552318886683E+000                  4.1068577804813998E+004                  2.1150082671902229E-027 
                                    1063                  2.5228858863156634E-001                 -1.4573828595091911E+000                  7.4686538815203791E+000                  2.2646308784624578E+000                  1.7562845388716216E+001                  4.8268116277429440E-002                  9.3228248787719237E-001                  1.9449395845378192E-002                  3.9876698432261430E+000                  3.8332310431943028E+004                  2.3257334516007518E-027 
                                    1064                  2.5226547858332071E-001                 -1.4579882570879066E+000                  7.4688175108909993E+000                  2.2708875137810387E+000                  1.7567042688156256E+001                  4.4973790901328123E-002                  9.3557769534127699E-001                  1.9448513757394870E-002                  3.5310104145601553E+000                  3.6484590079430418E+004                  2.4720255797521522E-027 
                                    1065                  2.5224236853507515E-001                 -1.4585874835542636E+000                  7.4689714860856862E+000                  2.2770103219372193E+000                  1.7571222325659406E+001                  4.1880667429952514E-002                  9.3867163170464230E-001                  1.9447700865405149E-002                  3.1220442630855305E+000                  3.4682206934158770E+004                  2.6209218339075866E-027 
                                    1066                  2.5221925848682958E-001                 -1.4591807597711979E+000                  7.4691162556880473E+000                  2.2830329932180597E+000                  1.7575384316603781E+001                  3.8936058336952670E-002                  9.4161698679787142E-001                  1.9446954865175892E-002                  2.7507886313863863E+000                  3.2894854754211643E+004                  2.7728830706526073E-027 
                                    1067                  2.5219614843858396E-001                 -1.4597682564729879E+000                  7.4692352658990533E+000                  2.2881978900897333E+000                  1.7579012794986582E+001                  3.6515006379649079E-002                  9.4403860496344671E-001                  1.9446388656904179E-002                  2.4596213005297383E+000                  3.1376105236437197E+004                  2.9073280053109816E-027 
                                    1068                  2.5217881590239971E-001                 -1.4602052133842884E+000                  7.4693325571494871E+000                  2.2925774099082958E+000                  1.7582111160497512E+001                  3.4505636832973280E-002                  9.4604846779582685E-001                  1.9445895371199895E-002                  2.2275251106383216E+000                  3.0074576119703408E+004                  3.0246027693995981E-027 
                                    1069                  2.5216148336621541E-001                 -1.4606390891012810E+000                  7.4694716873384968E+000                  2.2990303748106533E+000                  1.7586735683945186E+001                  3.1647673200044468E-002                  9.4890714242325525E-001                  1.9445184376700286E-002                  1.9132902797749349E+000                  2.8163928359687736E+004                  3.2033004747722339E-027 
                                    1070                  2.5212681829384687E-001                 -1.4614978670441683E+000                  7.4696401513353505E+000                  2.3073987564739391E+000                  1.7592873282845908E+001                  2.8178493903101218E-002                  9.5237711131575031E-001                  1.9444394781148455E-002                  1.5584232864001100E+000                  2.5750430896802867E+004                  3.4430532920018299E-027 
                                    1071                  2.5209215322147832E-001                 -1.4623452344104149E+000                  7.4697929244408483E+000                  2.3155517753683008E+000                  1.7598971604720287E+001                  2.5001574688023054E-002                  9.5555477624713825E-001                  1.9443649064838642E-002                  1.2597374222432518E+000                  2.3435648253902487E+004                  3.6862187968497159E-027 
                                    1072                  2.5205748814910972E-001                 -1.4631816930484445E+000                  7.4699082584761500E+000                  2.3221635155792977E+000                  1.7604026818847299E+001                  2.2604548696844799E-002                  9.5795233224613208E-001                  1.9443119057023117E-002                  1.0520793829803277E+000                  2.1622974356275103E+004                  3.8895845467375453E-027 
                                    1073                  2.5203437810086415E-001                 -1.4637335471585815E+000                  7.4699945934457199E+000                  2.3273593771659637E+000                  1.7608048978930473E+001                  2.0803015994694887E-002                  9.5975426701925692E-001                  1.9442716986048159E-002                  9.0624340305667928E-001                  2.0216301214115476E+004                  4.0539994458881371E-027 
                                    1074                  2.5201126805261853E-001                 -1.4642809124475085E+000                  7.4700854521640014E+000                  2.3331114346849757E+000                  1.7612551943766039E+001                  1.8891814316919806E-002                  9.6166586691017097E-001                  1.9442318772909251E-002                  7.6150719599029526E-001                  1.8679155777988712E+004                  4.2405088521727897E-027 
                                    1075                  2.5198238049231159E-001                 -1.4649589804023135E+000                  7.4701783228369578E+000                  2.3393441093793990E+000                  1.7617531342647194E+001                  1.6975899088770140E-002                  9.6358219758977681E-001                  1.9441903321453013E-002                  6.2740511009044786E-001                  1.7098816522472178E+004                  4.4470534958628886E-027 
                                    1076                  2.5195349293200464E-001                 -1.4656305096754276E+000                  7.4702637484458148E+000                  2.3454340500601862E+000                  1.7622484101581307E+001                  1.5239073183245933E-002                  9.6531940479858447E-001                  1.9441522018169621E-002                  5.1558856639085437E-001                  1.5626907711922506E+004                  4.6535360260555393E-027 
                                    1077                  2.5192460537169775E-001                 -1.4662957524614808E+000                  7.4703423275306626E+000                  2.3513985152662866E+000                  1.7627410379073016E+001                  1.3654983642120734E-002                  9.6690383762992360E-001                  1.9441178727955699E-002                  4.2193715472762644E-001                  1.4247688177521371E+004                  4.8602061705872316E-027 
                                    1078                  2.5189571781139086E-001                 -1.4669549299172264E+000                  7.4704073963216793E+000                  2.3566412429203361E+000                  1.7631822824907168E+001                  1.2385936107481656E-002                  9.6817313050640152E-001                  1.9440933386116854E-002                  3.5294745697842134E-001                  1.3120097696292461E+004                  5.0450061515524096E-027 
                                    1079                  2.5187260776314530E-001                 -1.4674780763036137E+000                  7.4704615110593036E+000                  2.3612495821601369E+000                  1.7635726037277298E+001                  1.1310766076872066E-002                  9.6924854165615970E-001                  1.9440692266968207E-002                  2.9864192639413012E-001                  1.2140091891531336E+004                  5.2105809406245967E-027 
                                    1080                  2.5184949771489973E-001                 -1.4679975682885926E+000                  7.4705121628550391E+000                  2.3657773789909018E+000                  1.7639612597717694E+001                  1.0331073493167338E-002                  9.7022842279022270E-001                  1.9440503716609991E-002                  2.5269527737203834E-001                  1.1231798104804826E+004                  5.3756087531796903E-027 
                                    1081                  2.5182638766665416E-001                 -1.4685135142468093E+000                  7.4705595946292815E+000                  2.3702491447079734E+000                  1.7643482598813016E+001                  9.4119736646431813E-003                  9.7114770999757505E-001                  1.9440316337781760E-002                  2.1266678102418204E-001                  1.0362185611474657E+004                  5.5411087234154500E-027 
                                    1082                  2.5180327761840859E-001                 -1.4690259920831015E+000                  7.4706095966076633E+000                  2.3752040991344967E+000                  1.7647815431149169E+001                  8.4601148705221556E-003                  9.7209974877325200E-001                  1.9440136356225879E-002                  1.7446844347210558E-001                  9.4441050990311542E+003                  5.7274669376979147E-027 
                                    1083                  2.5177439005810182E-001                 -1.4696618389138316E+000                  7.4706608811365101E+000                  2.3806110139535335E+000                  1.7652606809088031E+001                  7.5147000402670571E-003                  9.7304535080097321E-001                  1.9439949158759684E-002                  1.3993179832347832E-001                  8.5154759578829689E+003                  5.9338827623789866E-027 
                                    1084                  2.5174550249779504E-001                 -1.4702925717938629E+000                  7.4707082898738504E+000                  2.3859237088835497E+000                  1.7657372818088611E+001                  6.6709519879655996E-003                  9.7388926420310151E-001                  1.9439783808932853E-002                  1.1204033574089722E-001                  7.6707335541307239E+003                  6.1400878536857227E-027 
                                    1085                  2.5171661493748831E-001                 -1.4709183458331279E+000                  7.4707521872641180E+000                  2.3911554180121413E+000                  1.7662113651754737E+001                  5.9098541522499366E-003                  9.7465051253765855E-001                  1.9439633310091464E-002                  8.9303511770715271E-002                  6.8934638045743359E+003                  6.3466144636763417E-027 
                                    1086                  2.5168772737718154E-001                 -1.4715392948198625E+000                  7.4707847673333871E+000                  2.3952806531433311E+000                  1.7665890422672259E+001                  5.3659154935783940E-003                  9.7519453245213206E-001                  1.9439552054289599E-002                  7.4511005932993590E-002                  6.3294269096465932E+003                  6.5116016752549416E-027 
                                    1087                  2.5167039484099746E-001                 -1.4719096078942069E+000                  7.4708081488884197E+000                  2.3983466768388375E+000                  1.7668710981683429E+001                  4.9814023437525431E-003                  9.7557912566740712E-001                  1.9439471988840329E-002                  6.4787259408975700E-002                  5.9248423428729393E+003                  6.6359207158171176E-027 
                                    1088                  2.5165306230481338E-001                 -1.4722782555393534E+000                  7.4708417374708000E+000                  2.4028937197458351E+000                  1.7672921684206678E+001                  4.4507056878318931E-003                  9.7610994759047409E-001                  1.9439346721694006E-002                  5.2396583737952349E-002                  5.3590304173945497E+003                  6.8229526526866699E-027 
                                    1089                  2.5161839723244528E-001                 -1.4730106509860459E+000                  7.4708760654777642E+000                  2.4078830664455055E+000                  1.7677583393798535E+001                  3.9286781841185395E-003                  9.7663205123704111E-001                  1.9439270578840318E-002                  4.1404822309801775E-002                  4.7940621142833006E+003                  7.0307682766054394E-027 
                                    1090                  2.5159528718419999E-001                 -1.4734953710127012E+000                  7.4709020931971679E+000                  2.4118307784828850E+000                  1.7681293182784263E+001                  3.5462235941351047E-003                  9.7701458174541023E-001                  1.9439194660454628E-002                  3.4109883853829688E-002                  4.3732060378984752E+003                  7.1980109416698853E-027 
                                    1091                  2.5157217713595481E-001                 -1.4739773113132355E+000                  7.4709329871138603E+000                  2.4167071039778785E+000                  1.7685906198821282E+001                  3.1171631552278012E-003                  9.7744370854588092E-001                  1.9439128298891273E-002                  2.6712346823141692E-002                  3.8942397724699777E+003                  7.4079941526625053E-027 
                                    1092                  2.5153751206358665E-001                 -1.4746951180896992E+000                  7.4709674225486040E+000                  2.4224864541279478E+000                  1.7691413219459111E+001                  2.6655260740212783E-003                  9.7789542348485914E-001                  1.9439050441119599E-002                  1.9842066563581395E-002                  3.3813234709452740E+003                  7.6614502215008165E-027 
                                    1093                  2.5150284699121855E-001                 -1.4754069421401490E+000                  7.4709942050971376E+000                  2.4272459739756718E+000                  1.7695978711105585E+001                  2.3366088775671114E-003                  9.7822438047508453E-001                  1.9439010647348320E-002                  1.5443237023978984E-002                  3.0014473422898423E+003                  7.8741439711586293E-027 
                                    1094                  2.5147973694297310E-001                 -1.4758782414559906E+000                  7.4710147235610007E+000                  2.4310164433066221E+000                  1.7699612201951787E+001                  2.0994714446173203E-003                  9.7846156386296512E-001                  1.9438964692417571E-002                  1.2593209370260145E-002                  2.7236971153337449E+003                  8.0455799129417780E-027 
                                    1095                  2.5145662689472764E-001                 -1.4763469861968543E+000                  7.4710344182234465E+000                  2.4347556868857874E+000                  1.7703230739916524E+001                  1.8855131225094005E-003                  9.7867556687081325E-001                  1.9438920006677352E-002                  1.0257687248177813E-002                  2.4702318783947735E+003                  8.2181100366157800E-027 
                                    1096                  2.5143351684648219E-001                 -1.4768132155662619E+000                  7.4710533659545684E+000                  2.4384661200678672E+000                  1.7706834426669761E+001                  1.6914214368199286E-003                  9.7886968767156068E-001                  1.9438890891619431E-002                  8.3348885582608580E-003                  2.2375606350359394E+003                  8.3919074905355523E-027 
                                    1097                  2.5141040679823679E-001                 -1.4772769658261617E+000                  7.4710716378779329E+000                  2.4421471454901673E+000                  1.7710423363494378E+001                  1.5180514021753957E-003                  9.7904305507246248E-001                  1.9438893525362100E-002                  6.7780324712020147E-003                  2.0275729531608135E+003                  8.5669273275603958E-027 
                                    1098                  2.5138729674999122E-001                 -1.4777382735535192E+000                  7.4710892985301998E+000                  2.4458036401549466E+000                  1.7713997651299177E+001                  1.3587025873914331E-003                  9.7920244124276012E-001                  1.9438856169848417E-002                  5.4810161536409264E-003                  1.8321302326484622E+003                  8.7435468667476377E-027 
                                    1099                  2.5136418670174560E-001                 -1.4781971698394984E+000                  7.4711149632983425E+000                  2.4512340990513910E+000                  1.7719326377810162E+001                  1.1497722809773413E-003                  9.7941141151488897E-001                  1.9438816204133680E-002                  3.9796252024299457E-003                  1.5724782174309958E+003                  9.0112623737737458E-027 
                                    1100                  2.5131796660525452E-001                 -1.4791078542797362E+000                  7.4711412422454080E+000                  2.4570665874809983E+000                  1.7725072969073629E+001                  9.5785529172445890E-004                  9.7960331340527551E-001                  1.9438831303000059E-002                  2.8028586507046782E-003                  1.3299552398304206E+003                  9.3055937795419371E-027 
                                    1101                  2.5128907904494763E-001                 -1.4796723083304486E+000                  7.4711608432919636E+000                  2.4615097128666488E+000                  1.7729464411072950E+001                  8.3011305007775916E-004                  9.7973108326471647E-001                  1.9438803685205785E-002                  2.1286302353287637E-003                  1.1659477642565130E+003                  9.5352727490221877E-027 
                                    1102                  2.5126019148464074E-001                 -1.4802331928840953E+000                  7.4711781649407643E+000                  2.4655166521183758E+000                  1.7733435094723646E+001                  7.2886672208995174E-004                  9.7983233611246023E-001                  1.9438797165449828E-002                  1.6574606619152543E-003                  1.0344146927294876E+003                  9.7464587704729955E-027 
                                    1103                  2.5123659997705688E-001                 -1.4806886379036746E+000                  7.4711934282916745E+000                  2.4690958918449302E+000                  1.7736988820910675E+001                  6.4753695180181509E-004                  9.7991368212010199E-001                  1.9438780928096144E-002                  1.3198265300636996E-003                  9.2754494411097517E+002                  9.9385554581748787E-027 
                                    1104                  2.5121300846947298E-001                 -1.4811417645239529E+000                  7.4712084176379800E+000                  2.4726541371138908E+000                  1.7740528054412039E+001                  5.7507993532625453E-004                  9.7998615146015344E-001                  1.9438768604520318E-002                  1.0501334385671346E-003                  8.3137286776177007E+002                  1.0132820015674826E-026 
                                    1105                  2.5118941696188907E-001                 -1.4815925991613295E+000                  7.4712231657850934E+000                  2.4761925318169573E+000                  1.7744052897103060E+001                  5.1001765994746655E-004                  9.8005121916050386E-001                  1.9438763179548624E-002                  8.3314895138771028E-004                  7.4408815223083332E+002                  1.0329377011783213E-026 
                                    1106                  2.5116582545430516E-001                 -1.4820411668485867E+000                  7.4712402243992342E+000                  2.4803182865781670E+000                  1.7748169545780943E+001                  4.4280610640293981E-004                  9.8011841300133262E-001                  1.9438780892264473E-002                  6.3438065056893817E-004                  6.5294507768762503E+002                  1.0562966089767001E-026 
                                    1107                  2.5113404913796750E-001                 -1.4826418200277591E+000                  7.4712594788860249E+000                  2.4850244379510187E+000                  1.7752872354725394E+001                  3.7511000930419419E-004                  9.8018612702417585E-001                  1.9438762966519918E-002                  4.6047496616146170E-004                  5.5988995948697095E+002                  1.0835359740656944E-026 
                                    1108                  2.5110227282162989E-001                 -1.4832384616888297E+000                  7.4712770281314027E+000                  2.4893451626958321E+000                  1.7757197108559581E+001                  3.2196122759675232E-004                  9.8023925705208637E-001                  1.9438781720316878E-002                  3.4279598047643524E-004                  4.8594459388665888E+002                  1.1091200664558653E-026 
                                    1109                  2.5107531109867676E-001                 -1.4837415992025951E+000                  7.4712935505712936E+000                  2.4934273102988440E+000                  1.7761287998857423E+001                  2.7778540280958919E-004                  9.8028341778428763E-001                  1.9438796812902837E-002                  2.5770550128797305E-004                  4.2370625501259212E+002                  1.1338223569679554E-026 
                                    1110                  2.5104642353836970E-001                 -1.4842775518010973E+000                  7.4713104945311128E+000                  2.4976255942963950E+000                  1.7765499950848820E+001                  2.3800252155993504E-004                  9.8032319641425825E-001                  1.9438801064181832E-002                  1.9109697112276218E-004                  3.6697948938163120E+002                  1.1597798192467513E-026 
                                    1111                  2.5101753597806259E-001                 -1.4848103112584836E+000                  7.4713301250903852E+000                  2.5024903078495626E+000                  1.7770386042992588E+001                  1.9845249941338660E-004                  9.8036272656778933E-001                  1.9438820932797252E-002                  1.3442250130758294E-004                  3.0985998480621726E+002                  1.1905846650534015E-026 
                                    1112                  2.5097901923098653E-001                 -1.4855157548799265E+000                  7.4713524059852423E+000                  2.5080122007192935E+000                  1.7775938545523729E+001                  1.6086834824027927E-004                  9.8040030734401173E-001                  1.9438824307748015E-002                  8.9502945858580164E-005                  2.5478235279470690E+002                  1.2265255011535347E-026 
                                    1113                  2.5094050248391048E-001                 -1.4862156749877005E+000                  7.4713701505143746E+000                  2.5124024991133700E+000                  1.7780357577004224E+001                  1.3591636813517412E-004                  9.8042524095587946E-001                  1.9438842675985391E-002                  6.4564061102951285E-005                  2.1771534273570398E+002                  1.2558667023729887E-026 
                                    1114                  2.5091739243566485E-001                 -1.4866330107278400E+000                  7.4713834358360778E+000                  2.5156763110260716E+000                  1.7783654891422245E+001                  1.1946632473993131E-004                  9.8044168879596194E-001                  1.9438844879298145E-002                  5.0272184293177381E-005                  1.9298965109078799E+002                  1.2782065958599230E-026 
                                    1115                  2.5089428238741918E-001                 -1.4870484053443354E+000                  7.4713967069762726E+000                  2.5189358682577985E+000                  1.7786939555474230E+001                  1.0484637185293704E-004                  9.8045629101935661E-001                  1.9438862608790464E-002                  3.9022462859231777E-005                  1.7080250019961753E+002                  1.3008477735847069E-026 
                                    1116                  2.5087117233917355E-001                 -1.4874618759171263E+000                  7.4714099719240323E+000                  2.5221823900049714E+000                  1.7790211654669616E+001                  9.2007837021900482E-005                  9.8046912130368657E-001                  1.9438870859291524E-002                  3.0283889570526688E-005                  1.5114935026642388E+002                  1.3238016362456247E-026 
                                    1117                  2.5084806229092793E-001                 -1.4878734382636709E+000                  7.4714232377825347E+000                  2.5254137670194492E+000                  1.7793471273743393E+001                  8.0733056977630731E-005                  9.8048038625458955E-001                  1.9438880688432802E-002                  2.3496347308937889E-005                  1.3373870493735404E+002                  1.3470587965061488E-026 
                                    1118                  2.5082495224268225E-001                 -1.4882831101016358E+000                  7.4714365108846366E+000                  2.5286315281603202E+000                  1.7796718496726164E+001                  7.0755524558670233E-005                  9.8049035279427577E-001                  1.9438891681165527E-002                  1.8186007565070811E-005                  1.1818861029678848E+002                  1.3706333651321555E-026 
                                    1119                  2.5080184219443663E-001                 -1.4886909075973960E+000                  7.4714520112318281E+000                  2.5323674126248683E+000                  1.7800490223698269E+001                  6.0665614538496767E-005                  9.8050041529361498E-001                  1.9438919091846474E-002                  1.3488156225535763E-005                  1.0231669984351934E+002                  1.3985361581654718E-026 
                                    1120                  2.5077102879677560E-001                 -1.4892317494062395E+000                  7.4714697593670651E+000                  2.5366163141183624E+000                  1.7804781734207264E+001                  5.0716007242656745E-005                  9.8051036166550443E-001                  1.9438922327252972E-002                  9.5221340987441427E-006                  8.6481003908844158E+001                  1.4309829400147721E-026 
                                    1121                  2.5074021539911451E-001                 -1.4897693243067713E+000                  7.4714875513753638E+000                  2.5408420259398876E+000                  1.7809051719534221E+001                  4.2346874439032838E-005                  9.8051870584904000E-001                  1.9438947276520957E-002                  6.7055927446137395E-006                  7.3002788308984421E+001                  1.4640251469757640E-026 
                                    1122                  2.5070940200145347E-001                 -1.4903036685724917E+000                  7.4715053962253615E+000                  2.5450449333186844E+000                  1.7813300370801151E+001                  3.5272247354304781E-005                  9.8052577100436178E-001                  1.9438956748283887E-002                  4.6987842409316585E-006                  6.1471434466616891E+001                  1.4976751971287131E-026 
                                    1123                  2.5067858860379244E-001                 -1.4908348177200674E+000                  7.4715233016519740E+000                  2.5492253139556347E+000                  1.7817527876874674E+001                  2.9371397044033919E-005                  9.8053164279325300E-001                  1.9438985809702936E-002                  3.2905487182328333E-006                  5.1743888964265892E+001                  1.5319438756288036E-026 
                                    1124                  2.5064777520613113E-001                 -1.4913628066514593E+000                  7.4715412742240188E+000                  2.5533835314687887E+000                  1.7821734424394648E+001                  2.4386133239950980E-005                  9.8053661347763987E-001                  1.9439000389120165E-002                  2.2907670537860732E-006                  4.3426203798996880E+001                  1.5668436769609516E-026 
                                    1125                  2.5061696180846993E-001                 -1.4918876695582228E+000                  7.4715570639786204E+000                  2.5570050559084923E+000                  1.7825399177063215E+001                  2.0693262279979558E-005                  9.8054027863896132E-001                  1.9439028098758748E-002                  1.6637047005360490E-006                  3.7196930611214718E+001                  1.5979163853604986E-026 
                                    1126                  2.5059385176022408E-001                 -1.4922792855734519E+000                  7.4715706413762417E+000                  2.5600950956319264E+000                  1.7828526900948351E+001                  1.7954944346767787E-005                  9.8054300799213234E-001                  1.9439037063520903E-002                  1.2617197457218752E-006                  3.2534104352360551E+001                  1.6249396134840817E-026 
                                    1127                  2.5057074171197830E-001                 -1.4926691760841533E+000                  7.4715910750271961E+000                  2.5647035382082630E+000                  1.7833192862777722E+001                  1.4499804874504457E-005                  9.8054644600029117E-001                  1.9439054194834271E-002                  8.3187085035184082E-007                  2.6589083613812029E+001                  1.6661363562700238E-026 
                                    1128                  2.5052452161548683E-001                 -1.4934438352359305E+000                  7.4716116514391278E+000                  2.5692931475060878E+000                  1.7837841252594689E+001                  1.1696537391045256E-005                  9.8054920153306924E-001                  1.9439101929539682E-002                  5.4722174834393427E-007                  2.1704984437683194E+001                  1.7082574916689653E-026 
                                    1129                  2.5050141156724121E-001                 -1.4938286313026494E+000                  7.4716254183442929E+000                  2.5723355006360835E+000                  1.7840923349720921E+001                  1.0110343040115954E-005                  9.8055078598087886E-001                  1.9439103676081038E-002                  4.1181996592522475E-007                  1.8910257166561056E+001                  1.7367958059674153E-026 
                                    1130                  2.5047830151899553E-001                 -1.4942117560039605E+000                  7.4716392357396515E+000                  2.5753661718772283E+000                  1.7843994225659639E+001                  8.7378493546215160E-006                  9.8055215850020594E-001                  1.9439103650439438E-002                  3.0981300256941788E-007                  1.6472295012593804E+001                  1.7657247410507660E-026 
                                    1131                  2.5045519147074990E-001                 -1.4945932224734155E+000                  7.4716531045912564E+000                  2.5783852619404248E+000                  1.7847053953307359E+001                  7.5439177256955298E-006                  9.8055334160858865E-001                  1.9439114473685626E-002                  2.3258813103377418E-007                  1.4333432722754379E+001                  1.7950491361439417E-026 
                                    1132                  2.5043208142250428E-001                 -1.4949730436829336E+000                  7.4716693458971637E+000                  2.5818920223908735E+000                  1.7850608639352036E+001                  6.3567154042527868E-006                  9.8055448874521034E-001                  1.9439154539385384E-002                  1.6651898521128835E-007                  1.2188073006851393E+001                  1.8297569586670796E-026 
                                    1133                  2.5040126802484347E-001                 -1.4954769347535259E+000                  7.4716880019449334E+000                  2.5858819112551075E+000                  1.7854653978625141E+001                  5.2058867600186879E-006                  9.8055563165100024E-001                  1.9439162462239756E-002                  1.1274290179147433E-007                  1.0085576916098420E+001                  1.8701116303680141E-026 
                                    1134                  2.5037045462718266E-001                 -1.4959779536902669E+000                  7.4717044100469767E+000                  2.5893575748947160E+000                  1.7858178733862257E+001                  4.3662661870175381E-006                  9.8055643258717373E-001                  1.9439201146639218E-002                  7.9963815053082752E-008                  8.5356039311668219E+000                  1.9060330222966864E-026 
                                    1135                  2.5034734457893687E-001                 -1.4963518508886280E+000                  7.4717185287291157E+000                  2.5923237502492307E+000                  1.7861187381288246E+001                  3.7510322704081086E-006                  9.8055703605898148E-001                  1.9439212908748060E-002                  5.9432571800575373E-008                  7.3896701021481208E+000                  1.9372667165060320E-026 
                                    1136                  2.5032423453069108E-001                 -1.4967241614433053E+000                  7.4717397891883142E+000                  2.5967485480974402E+000                  1.7865676506866713E+001                  2.9850611159524332E-006                  9.8055778181631237E-001                  1.9439233122571675E-002                  3.8034663467981314E-008                  5.9487745555109974E+000                  1.9848709452082250E-026 
                                    1137                  2.5027801443419961E-001                 -1.4974640708061262E+000                  7.4717635977887742E+000                  2.6016427782974358E+000                  1.7870643234295212E+001                  2.3115282702220155E-006                  9.8055841758648499E-001                  1.9439270885244775E-002                  2.3073073925060313E-008                  4.6655709803383685E+000                  2.0389757787109531E-026 
                                    1138                  2.5024720103653864E-001                 -1.4979538923644025E+000                  7.4717827444605840E+000                  2.6055342445297103E+000                  1.7874593338763784E+001                  1.8767962130861605E-006                  9.8055884584676034E-001                  1.9439277357026552E-002                  1.5351280311513237E-008                  3.8267406518668863E+000                  2.0831116790779834E-026 
                                    1139                  2.5021638763887760E-001                 -1.4984409852690486E+000                  7.4718019916115681E+000                  2.6094065654774776E+000                  1.7878524878472255E+001                  1.5238156950574826E-006                  9.8055916238307550E-001                  1.9439313801229430E-002                  1.0213147729623967E-008                  3.1385228636299591E+000                  2.1280389022471004E-026 
                                    1140                  2.5018557424121668E-001                 -1.4989253769898778E+000                  7.4718213397318198E+000                  2.6132599065311681E+000                  1.7882438009825400E+001                  1.2334660966395321E-006                  9.8055943382887467E-001                  1.9439332705028733E-002                  6.7532803043233432E-009                  2.5661754708780737E+000                  2.1737697426291222E-026 
                                    1141                  2.5015476084355576E-001                 -1.4994070946152334E+000                  7.4718383580927039E+000                  2.6166170418674199E+000                  1.7885847933700905E+001                  1.0236804007061901E-006                  9.8055961189598007E-001                  1.9439364423619265E-002                  4.6886166597016623E-009                  2.1484563516466491E+000                  2.2144640746419983E-026 
                                    1142                  2.5013165079530986E-001                 -1.4997666440863537E+000                  7.4718530024088086E+000                  2.6194824268211567E+000                  1.7888758890972788E+001                  8.7139680896873072E-007                  9.8055975178672694E-001                  1.9439376816464127E-002                  3.4205646954638303E-009                  1.8425927083031031E+000                  2.2498386771904762E-026 
                                    1143                  2.5010854074706396E-001                 -1.5001247155418709E+000                  7.4718750546326209E+000                  2.6237575645534803E+000                  1.7893102900486838E+001                  6.8374552525084752E-007                  9.8055991776627061E-001                  1.9439398488204196E-002                  2.1274384959599682E-009                  1.4620473784637056E+000                  2.3037389016357231E-026 
                                    1144                  2.5006232065057227E-001                 -1.5008364679884791E+000                  7.4718972795872043E+000                  2.6280162413085044E+000                  1.7897431240313747E+001                  5.3574994281194410E-007                  9.8056001481405830E-001                  1.9439449435998846E-002                  1.3194063644593392E-009                  1.1584082193176390E+000                  2.3588032989185920E-026 
                                    1145                  2.5003921060232637E-001                 -1.5011901710418520E+000                  7.4719121536731361E+000                  2.6308402848717360E+000                  1.7900302061825794E+001                  4.5424920681469864E-007                  9.8056009169434899E-001                  1.9439454056444205E-002                  9.5488688849009222E-010                  9.8948016198570599E-001                  2.3960896322770911E-026 
                                    1146                  2.5001610055408047E-001                 -1.5015424394715557E+000                  7.4719345510229935E+000                  2.6350540065393697E+000                  1.7904586440141198E+001                  3.5445515883054701E-007                  9.8056017839829313E-001                  1.9439467146548095E-002                  5.8725667830971783E-010                  7.8067668243794830E-001                  2.4528956557379282E-026 
                                    1147                  2.4996988045758883E-001                 -1.5022427142680750E+000                  7.4719596296348350E+000                  2.6397154448403790E+000                  1.7909327256306902E+001                  2.6857742534897198E-007                  9.8056021348981603E-001                  1.9439517932758665E-002                  3.4091712148541531E-010                  5.9880172773164109E-001                  2.5174173859503629E-026 
                                    1148                  2.4993906705992780E-001                 -1.5027064409003195E+000                  7.4719797950996139E+000                  2.6434226834422856E+000                  1.7913098540078359E+001                  2.1439384128050609E-007                  9.8056025842119110E-001                  1.9439527184967664E-002                  2.1915751724100135E-010                  4.8267475985772834E-001                  2.5700235913431293E-026 
                                    1149                  2.4990825366226677E-001                 -1.5031676971634655E+000                  7.4719975298341001E+000                  2.6466529175774025E+000                  1.7916385240207088E+001                  1.7598308606914543E-007                  9.8056026646521777E-001                  1.9439557551696129E-002                  1.4880055450333244E-010                  3.9957267288531240E-001                  2.6168184886757483E-026 
                                    1150                  2.4988514361402098E-001                 -1.5035120326435916E+000                  7.4720127888072154E+000                  2.6494103321803149E+000                  1.7919191347989432E+001                  1.4825604303523705E-007                  9.8056028016616259E-001                  1.9439571577794412E-002                  1.0629954772315594E-010                  3.3906690657687993E-001                  2.6574838037973925E-026 
                                    1151                  2.4986203356577519E-001                 -1.5038550019995593E+000                  7.4720332110760967E+000                  2.6530698601840883E+000                  1.7922916197585913E+001                  1.1780049769687183E-007                  9.8056027911537180E-001                  1.9439603084130508E-002                  6.7698019990573557E-011                  2.7201837160782982E-001                  2.7124979795018546E-026 
                                    1152                  2.4982351681869919E-001                 -1.5044236083758646E+000                  7.4720588997073927E+000                  2.6576224233711581E+000                  1.7927551153361186E+001                  8.8163529415403585E-008                  9.8056027967688986E-001                  1.9439632159580778E-002                  3.8331629292760682E-011                  2.0603698082953495E-001                  2.7826434419157787E-026 
                                    1153                  2.4978500007162313E-001                 -1.5049884925423720E+000                  7.4720795793074348E+000                  2.6612471100303865E+000                  1.7931242338586440E+001                  6.9800090547086033E-008                  9.8056026000898988E-001                  1.9439670190919522E-002                  2.4234414244340088E-011                  1.6468613194853246E-001                  2.8398799495556879E-026 
                                    1154                  2.4976189002337748E-001                 -1.5053256550015617E+000                  7.4720951467736079E+000                  2.6639531518818478E+000                  1.7933998549510335E+001                  5.8482641226234880E-008                  9.8056026196162627E-001                  1.9439679555732559E-002                  1.7122537899751784E-011                  1.3897253142333818E-001                  2.8834306021603175E-026 
                                    1155                  2.4973877997513189E-001                 -1.5056615029404314E+000                  7.4721185845168918E+000                  2.6679915130642180E+000                  1.7938112611984131E+001                  4.4825754354604892E-008                  9.8056025680552972E-001                  1.9439698368715952E-002                  1.0156390754314383E-011                  1.0766141443054714E-001                  2.9497563917002201E-026 
                                    1156                  2.4969255987864075E-001                 -1.5063292922927494E+000                  7.4721448196534173E+000                  2.6724594505966688E+000                  1.7942665482665706E+001                  3.3292787103521065E-008                  9.8056022118201869E-001                  1.9439745525194230E-002                  5.6623857981944251E-012                  8.0910549745141364E-002                  3.0250488182223761E-026 
                                    1157                  2.4966174648098005E-001                 -1.5067716215718396E+000                  7.4721659104707570E+000                  2.6760134644694360E+000                  1.7946287946713177E+001                  2.6143668338691351E-008                  9.8056021578729735E-001                  1.9439758069034307E-002                  3.5213093458655034E-012                  6.4136548415359595E-002                  3.0864092924536840E-026 
                                    1158                  2.4963093308331932E-001                 -1.5072116849866266E+000                  7.4721844549533261E+000                  2.6791105675799627E+000                  1.7949445343469449E+001                  2.1134825781600080E-008                  9.8056018334156669E-001                  1.9439795523607528E-002                  2.3182972798436691E-012                  5.2274940921912552E-002                  3.1409695954427093E-026 
                                    1159                  2.4960782303507342E-001                 -1.5075402584261666E+000                  7.4722004079986064E+000                  2.6817546739239035E+000                  1.7952141406147518E+001                  1.7591020905889549E-008                  9.8056017294122200E-001                  1.9439809467757141E-002                  1.6161695996813256E-012                  4.3815521968036425E-002                  3.1883679629566580E-026 
                                    1160                  2.4958471298682749E-001                 -1.5078675781590953E+000                  7.4722244240408653E+000                  2.6857009669601348E+000                  1.7956166065186743E+001                  1.3348092322893914E-008                  9.8056015240464756E-001                  1.9439834247260146E-002                  9.3934094192653936E-013                  3.3596914286264580E-002                  3.2605400636400628E-026 
                                    1161                  2.4953849289033581E-001                 -1.5085184911909550E+000                  7.4722516375381929E+000                  2.6901215843815560E+000                  1.7960675657814456E+001                  9.7598245144269775E-009                  9.8056011259134612E-001                  1.9439877648829373E-002                  5.0750539895013402E-013                  2.4854985310674371E-002                  3.3434774458421333E-026 
                                    1162                  2.4950671657399789E-001                 -1.5089631414931333E+000                  7.4722739206152227E+000                  2.6937031555169675E+000                  1.7964330243120546E+001                  7.5373115165137725E-009                  9.8056010337054300E-001                  1.9439889092145446E-002                  3.0527743831050995E-013                  1.9378599567018515E-002                  3.4123330791185857E-026 
                                    1163                  2.4947494025765998E-001                 -1.5094054930143845E+000                  7.4722935987461927E+000                  2.6968375426195426E+000                  1.7967529210248767E+001                  6.0040820561093898E-009                  9.8056007164362113E-001                  1.9439922352296857E-002                  1.9516338281707267E-013                  1.5565704914299960E-002                  3.4738421528917188E-026 
                                    1164                  2.4945086729073737E-001                 -1.5097390908342163E+000                  7.4723182869602010E+000                  2.7007339885422073E+000                  1.7971506831637214E+001                  4.5146432575127280E-009                  9.8056004515190698E-001                  1.9439950333449807E-002                  1.1137427050178303E-013                  1.1826269285732289E-002                  3.5519694056446512E-026 
                                    1165                  2.4940512865358422E-001                 -1.5103693597838173E+000                  7.4723577212432302E+000                  2.7068744709855812E+000                  1.7977777277541588E+001                  2.8585714033147328E-009                  9.8055999786065895E-001                  1.9439999280769671E-002                  4.5309992481469326E-014                  7.6116148138981590E-003                  3.6789513508890788E-026 
                                    1166                  2.4934013164289298E-001                 -1.5112570720628202E+000                  7.4723980643389671E+000                  2.7130518169457121E+000                  1.7984087919948333E+001                  1.7764088197140174E-009                  9.8055993464906444E-001                  1.9440063574526767E-002                  1.7757459609587444E-014                  4.8086769663534699E-003                  3.8116420445536840E-026 
                                    1167                  2.4929294862772414E-001                 -1.5118957429078745E+000                  7.4724322411636948E+000                  2.7182067524816134E+000                  1.7989356068079463E+001                  1.1817944447407229E-009                  9.8055991661015862E-001                  1.9440082208046938E-002                  7.9564836812761817E-015                  3.2434894596921685E-003                  3.9263144735789184E-026 
                                    1168                  2.4924576561255540E-001                 -1.5125296579245535E+000                  7.4724859725743471E+000                  2.7261727904665150E+000                  1.7997500611454488E+001                  6.4062626730830509E-010                  9.8055984305372890E-001                  1.9440156305644885E-002                  2.3829037404458258E-015                  1.7961161177282496E-003                  4.1108809450072887E-026 
                                    1169                  2.4914562207015647E-001                 -1.5138596435025164E+000                  7.4725654469988054E+000                  2.7376480654705571E+000                  1.8009240834384695E+001                  2.5065116339557089E-010                  9.8055974721610140E-001                  1.9440252533247437E-002                  3.7492472519767861E-016                  7.2473065530075087E-004                  4.3934043315340609E-026 
                                    1170                  2.4903103474760602E-001                 -1.5153563093514943E+000                  7.4726553045720134E+000                  2.7502092070457538E+000                  1.8022102769402913E+001                  8.5677954183792349E-011                  9.8055964263123396E-001                  1.9440357283088128E-002                  4.5142957258058193E-017                  2.5625336671115018E-004                  4.7268910437312348E-026 
                                    1171                  2.4890681823828742E-001                 -1.5169494012744615E+000                  7.4727382775972311E+000                  2.7614387969155403E+000                  1.8033611061793245E+001                  3.0662396477274968E-011                  9.8055954763715225E-001                  1.9440452332185387E-002                  5.9393630537145849E-018                  9.4534130146605298E-005                  5.0482880441257044E-026 
                                    1172                  2.4881437804530632E-001                 -1.5181157622075863E+000                  7.4728279263428039E+000                  2.7732078683415282E+000                  1.8045682324000829E+001                  1.0562000046270859E-011                  9.8055943870703499E-001                  1.9440561282403013E-002                  7.2488446674131950E-019                  3.3619283283162652E-005                  5.4106643098482951E-026 
                                    1173                  2.4867571775583366E-001                 -1.5198355824039969E+000                  7.4729832425039318E+000                  2.7927610738817461E+000                  1.8065761183153239E+001                  1.7661594290706494E-012                  9.8055925757376894E-001                  1.9440742424464919E-002                  2.1242945173927420E-020                  5.9293764241445787E-006                  6.0765956641077722E-026 
                                    1174                  2.4842150722513495E-001                 -1.5228999581299880E+000                  7.4731439187762678E+000                  2.8119247069424906E+000                  1.8085469972019027E+001                  2.0490104631391945E-013                  9.8055907740346304E-001                  1.9440922596332011E-002                  2.9940048721876438E-022                  7.2501124937438008E-007                  6.8167913408945044E-026 
                                    1175                  2.4828284693566219E-001                 -1.5245254227952012E+000                  7.4732347313903045E+000                  2.8223344790778522E+000                  1.8096188617083389E+001                  6.2454302840584997E-014                  9.8055897405275438E-001                  1.9441025947183110E-002                  2.8521571822370700E-023                  2.2741465414957404E-007                  7.2595819418716894E-026 
                                    1176                  2.4820340614481831E-001                 -1.5254426455144328E+000                  7.4733319287723496E+000                  2.8331685571732694E+000                  1.8107353905150397E+001                  1.8862416975050609E-014                  9.8055887011663545E-001                  1.9441129883345676E-002                  2.6704436753237963E-024                  7.0772336948975686E-008                  7.7539063301965828E-026 
                                    1177                  2.4805174645320782E-001                 -1.5271662065679648E+000                  7.4734753631525770E+000                  2.8485901090624992E+000                  1.8123264701838536E+001                  3.0368673994509659E-015                  9.8055871369533765E-001                  1.9441286304659355E-002                  7.1846240685778694E-026                  1.1893104543438986E-008                  8.5221795104691390E-026 
                                    1178                  2.4786879190459968E-001                 -1.5291990869357510E+000                  7.4735935629632042E+000                  2.8608180309367706E+000                  1.8135895890416201E+001                  6.0458713667468578E-016                  9.8055858195261048E-001                  1.9441418047388970E-002                  2.9329571296813426E-027                  2.4499241758092451E-009                  9.1907978470333803E-026 
                                    1179                  2.4778212922368004E-001                 -1.5301449837656635E+000                  7.4736895331861781E+000                  2.8704627750385980E+000                  1.8145868397225644E+001                  1.7587566915836940E-016                  9.8055847559990805E-001                  1.9441524400091725E-002                  6.5916002657975358E-029                  7.3221362899444775E-010                  9.7586936584005056E-026 
                                    1180                  2.4765213520230023E-001                 -1.5315439481542394E+000                  7.4738129831535609E+000                  2.8825038472443190E+000                  1.8158331084011024E+001                  3.4539013567156539E-017                  9.8055834725522184E-001                  1.9441652744778160E-002                  1.0088191256633218E-029                  1.4875083241955515E-010                  1.0522480632366046E-025 
                                    1181                  2.4750769740076686E-001                 -1.5330712050176325E+000                  7.4739473352733352E+000                  2.8951708984304041E+000                  1.8171456903853045E+001                  5.7392286421553970E-018                  9.8055820097363566E-001                  1.9441799026364337E-002                  7.4518938107936793E-032                  2.5618746862915540E-011                  1.1397641754493104E-025 
                                    1182                  2.4735844500584778E-001                 -1.5346203785225703E+000                  7.4741467081673854E+000                  2.9132048638153161E+000                  1.8190171651713040E+001                  5.1772389011345034E-019                  9.8055798388717652E-001                  1.9442016112823479E-002                  6.3352672570997771E-034                  2.4326549123912651E-012                  1.2784921955954212E-025 
                                    1183                  2.4707919858954772E-001                 -1.5374432142191647E+000                  7.4743426838370244E+000                  2.9300708492772523E+000                  1.8207705229936721E+001                  2.6091981944396241E-020                  9.8055778612678013E-001                  1.9442213873219871E-002                  6.4619539033133855E-036                  1.2867188824512227E-013                  1.4253353243348119E-025 
                                    1184                  2.4695016748684262E-001                 -1.5387157645757401E+000                  7.4744654758198701E+000                  2.9402604320862955E+000                  1.8218312837362124E+001                  4.7460959007900364E-021                  9.8055765156231844E-001                  1.9442348437681556E-002                  5.6864329238102356E-038                  2.4102689661659051E-014                  1.5230232880634189E-025 
                                    1185                  2.4682691389619790E-001                 -1.5399133207251152E+000                  7.4746288185723904E+000                  2.9533914369225038E+000                  1.8231999379895065E+001                  5.2481646257951592E-022                  9.8055748380092134E-001                  1.9442516199078663E-002                  7.1795450337527088E-040                  2.7685681184772392E-015                  1.6600091748610197E-025 
                                    1186                  2.4661892346198439E-001                 -1.5418956524843368E+000                  7.4747996390128435E+000                  2.9666187245090896E+000                  1.8245806216237234E+001                  4.4023199976415651E-023                  9.8055731443972660E-001                  1.9442685560273398E-002                  5.2178029401651085E-042                  2.4136365816482310E-016                  1.8120101148527695E-025 
                                    1187                  2.4648796652192501E-001                 -1.5431198347357524E+000                  7.4749737250155661E+000                  2.9796282860045586E+000                  1.8259405570249324E+001                  3.9714083478795337E-024                  9.8055713144802159E-001                  1.9442868551978409E-002                  3.1381657293210477E-043                  2.2620252610118658E-017                  1.9767191448148357E-025 
                                    1188                  2.4627805025035748E-001                 -1.5450450365941459E+000                  7.4752107590407908E+000                  2.9966136739186289E+000                  1.8277191740254658E+001                  1.5346127500229262E-025                  9.8055689832640691E-001                  1.9443101673593088E-002                  6.8243523419509796E-047                  9.1904114729107605E-019                  2.2174417671540779E-025 
                                    1189                  2.4603346890642497E-001                 -1.5472329841010073E+000                  7.4754082533992214E+000                  3.0101656676406012E+000                  1.8291408526031837E+001                  6.9273659025497275E-027                  9.8055670195379752E-001                  1.9443298046202484E-002                  1.4377303745035979E-049                  4.3193295593364436E-020                  2.4331257348565347E-025 
                                    1190                  2.4590828947842933E-001                 -1.5483307917839473E+000                  7.4755789417490730E+000                  3.0214899593635685E+000                  1.8303306220675942E+001                  5.9803509410824500E-028                  9.8055653970249745E-001                  1.9443460297502546E-002                  1.1018304148052190E-051                  3.8574460656989513E-021                  2.6313825926672100E-025 
                                    1191                  2.4571763158040472E-001                 -1.5499752997859950E+000                  7.4757855302954770E+000                  3.0347289172603373E+000                  1.8317237002460594E+001                  2.7931272292822134E-029                  9.8055633626887806E-001                  1.9443663731121941E-002                  2.4833628237605638E-054                  1.8749435515847510E-022                  2.8864815927991148E-025 
                                    1192                  2.4553275119444212E-001                 -1.5515393334882164E+000                  7.4760424616827921E+000                  3.0505456789833141E+000                  1.8333911313696472E+001                  8.0705845429077097E-031                  9.8055608539459904E-001                  1.9443914605400958E-002                  2.1561081163751076E-057                  5.6840709088676475E-024                  3.2282871388260898E-025 
                                    1193                  2.4525831937152814E-001                 -1.5538077316865926E+000                  7.4763097172910653E+000                  3.0662745770001654E+000                  1.8350527899722877E+001                  1.0529452292188837E-032                  9.8055583009081615E-001                  1.9444169909183850E-002                  3.8161506583911476E-061                  7.7819393583611274E-026                  3.6140395181696865E-025 
                                    1194                  2.4506645782515740E-001                 -1.5553575240648918E+000                  7.4764900938184420E+000                  3.0765120024312234E+000                  1.8361362233518751E+001                  6.3404510272055284E-034                  9.8055565663073418E-001                  1.9444343369265815E-002                  1.4194295950668634E-063                  4.8364131192184534E-027                  3.8929136534723654E-025 
                                    1195                  2.4494874101690783E-001                 -1.5562942612135144E+000                  7.4766644557023465E+000                  3.0861420823597747E+000                  1.8371567841470956E+001                  4.5265943217631933E-035                  9.8055549455406144E-001                  1.9444505445938565E-002                  7.4103473948383937E-066                  3.5575952715724337E-028                  4.1774900094563232E-025 
                                    1196                  2.4477011960234432E-001                 -1.5576957483239651E+000                  7.4769412916185178E+000                  3.1009196272051058E+000                  1.8387255779155268E+001                  8.4017375966595778E-037                  9.8055522986174604E-001                  1.9444770138253964E-002                  2.6488803965190362E-069                  6.9153909410487913E-030                  4.6609563433454008E-025 
                                    1197                  2.4448509567398305E-001                 -1.5598842247150622E+000                  7.4772471991011278E+000                  3.1165554229355208E+000                  1.8403892041528561E+001                  5.1877508633844953E-039                  9.8055494853201164E-001                  1.9445051467988361E-002                  1.0502487160663402E-073                  4.4859958067791901E-032                  5.2426707384602599E-025 
                                    1198                  2.4426940189035695E-001                 -1.5615029571304129E+000                  7.4774673460503038E+000                  3.1273973824899972E+000                  1.8415450718092952E+001                  1.4834378322394601E-040                  9.8055474749846794E-001                  1.9445252501532062E-002                  8.8246675912109877E-077                  1.3278056730564988E-033                  5.6942536857895125E-025 
                                    1199                  2.4413074160088197E-001                 -1.5625272247288178E+000                  7.4776414483767066E+000                  3.1357463661096543E+000                  1.8424364707504626E+001                  9.1609186648475795E-042                  9.8055458920619631E-001                  1.9445410793803686E-002                  3.4368605069298175E-079                  8.4219794289173955E-035                  6.0720549141368887E-025 
                                    1200                  2.4399208131140840E-001                 -1.5635390806045080E+000                  7.4779345898547360E+000                  3.1493851662238126E+000                  1.8438951452508508E+001                  1.2873409093666617E-043                  9.8055431906576573E-001                  1.9445680934234266E-002                  7.0244099399070542E-083                  1.2367096386131365E-036                  6.7517735736611334E-025 
                                    1201                  2.4366854063596669E-001                 -1.5658535013682557E+000                  7.4782747646396377E+000                  3.1645684115881405E+000                  1.8455227945833570E+001                  0.0000000000000000E+000                  9.8055401852387492E-001                  1.9445981476125085E-002                  0.0000000000000000E+000                  0.0000000000000000E+000                  7.6123521467648372E-025 
                                    1202                  2.4346825355117133E-001                 -1.5672548938343813E+000                  7.4786044711638029E+000                  3.1787017650935283E+000                  1.8470415402398473E+001                  0.0000000000000000E+000                  9.8055372013487219E-001                  1.9446279865127813E-002                  0.0000000000000000E+000                  0.0000000000000000E+000                  8.5265417226352607E-025 
                                    1203                  2.4316782292397837E-001                 -1.5693141324077102E+000                  7.4789604264040408E+000                  3.1933490542708407E+000                  1.8486193712114858E+001                  0.0000000000000000E+000                  9.8055340112633360E-001                  1.9446598873666399E-002                  0.0000000000000000E+000                  0.0000000000000000E+000                  9.6081795531496033E-025 
                                    1204                  2.4293864827887285E-001                 -1.5708518578656872E+000                  7.4792179766827944E+000                  3.2035839422564161E+000                  1.8497242732313016E+001                  0.0000000000000000E+000                  9.8055318165122296E-001                  1.9446818348777040E-002                  0.0000000000000000E+000                  0.0000000000000000E+000                  1.0456668791707608E-024 
                                    1205                  2.4279035880262867E-001                 -1.5718321735563583E+000                  7.4794640302449418E+000                  3.2130988298651668E+000                  1.8507532366296630E+001                  0.0000000000000000E+000                  9.8055295918670782E-001                  1.9447040813292182E-002                  0.0000000000000000E+000                  0.0000000000000000E+000                  1.1322490185397903E-024 
                                    1206                  2.4258140544973983E-001                 -1.5731945696007152E+000                  7.4798580498364524E+000                  3.2278296223549678E+000                  1.8523497468842486E+001                  0.0000000000000000E+000                  9.8055261328228505E-001                  1.9447386717714954E-002                  0.0000000000000000E+000                  0.0000000000000000E+000                  1.2828704863497354E-024 
                                    1207                  2.4222568022159166E-001                 -1.5754648740839678E+000                  7.4803176562086966E+000                  3.2442705015637801E+000                  1.8541367631578058E+001                  0.0000000000000000E+000                  9.8055221454050756E-001                  1.9447785459492439E-002                  0.0000000000000000E+000                  0.0000000000000000E+000                  1.4786342115209862E-024 
                                    1208                  2.4193688302506222E-001                 -1.5772646911679800E+000                  7.4807112339026975E+000                  3.2577732293633055E+000                  1.8556085990199161E+001                  0.0000000000000000E+000                  9.8055187234096230E-001                  1.9448127659037695E-002                  0.0000000000000000E+000                  0.0000000000000000E+000                  1.6651023096370394E-024 
                                    1209                  2.4168296481990409E-001                 -1.5788165590812600E+000                  7.4810098427549923E+000                  3.2676867307604303E+000                  1.8566916645242515E+001                  0.0000000000000000E+000                  9.8055162485985914E-001                  1.9448375140140861E-002                  0.0000000000000000E+000                  0.0000000000000000E+000                  1.8191290389682850E-024 
                                    1210                  2.4153101855264680E-001                 -1.5797320199756204E+000                  7.4813702835967018E+000                  3.2793041670478407E+000                  1.8579635822075645E+001                  0.0000000000000000E+000                  9.8055130301429294E-001                  1.9448696985707059E-002                  0.0000000000000000E+000                  0.0000000000000000E+000                  2.0206552937607839E-024 
                                    1211                  2.4119703250085545E-001                 -1.5817108084493543E+000                  7.4818834523835385E+000                  3.2952146879644681E+000                  1.8597103977588841E+001                  0.0000000000000000E+000                  9.8055087738767166E-001                  1.9449122612328340E-002                  1.8943858842103167E-046                  0.0000000000000000E+000                  2.3393726728066243E-024 
                                    1212                  2.4085156926515602E-001                 -1.5837112744048172E+000                  7.4823066598403356E+000                  3.3078208158293627E+000                  1.8610985254255230E+001                  0.0000000000000000E+000                  9.8055052600470405E-001                  1.9449473995295952E-002                  0.0000000000000000E+000                  0.0000000000000000E+000                  2.6329659308396061E-024 
                                    1213                  2.4064670153235782E-001                 -1.5848763318252781E+000                  7.4826632911579916E+000                  3.3181123670575752E+000                  1.8622345217816068E+001                  0.0000000000000000E+000                  9.8055021693220323E-001                  1.9449783067796766E-002                  0.0000000000000000E+000                  0.0000000000000000E+000                  2.9040133851206548E-024 
                                    1214                  2.4039248190874510E-001                 -1.5863008733307600E+000                  7.4830596128489164E+000                  3.3292117959696061E+000                  1.8634625222443781E+001                  0.0000000000000000E+000                  9.8054988395135922E-001                  1.9450116048640775E-002                  0.0000000000000000E+000                  0.0000000000000000E+000                  3.2326507826212141E-024 
                                    1215                  2.4014285315869729E-001                 -1.5876776493761129E+000                  7.4835455838865634E+000                  3.3423702471506074E+000                  1.8649222005845427E+001                  0.0000000000000000E+000                  9.8054948055254865E-001                  1.9450519447451353E-002                  0.0000000000000000E+000                  0.0000000000000000E+000                  3.6785301638256295E-024 
                                    1216                  2.3978189572471811E-001                 -1.5896313603221470E+000                  7.4841108320790939E+000                  3.3570887653488208E+000                  1.8665600528769595E+001                  0.0000000000000000E+000                  9.8054900969825620E-001                  1.9450990301743798E-002                  0.0000000000000000E+000                  0.0000000000000000E+000                  4.2625933936913419E-024 
                                    1217                  2.3944446651775408E-001                 -1.5914198328823983E+000                  7.4845691575752920E+000                  3.3685935595676622E+000                  1.8678441354976997E+001                  0.0000000000000000E+000                  9.8054863101135503E-001                  1.9451368988644968E-002                  0.0000000000000000E+000                  0.0000000000000000E+000                  4.7933123963103109E-024 
                                    1218                  2.3922410458667351E-001                 -1.5925688838494332E+000                  7.4850945441914476E+000                  3.3813459513505628E+000                  1.8692714879022319E+001                  0.0000000000000000E+000                  9.8054819365384560E-001                  1.9451806346154399E-002                  0.0000000000000000E+000                  0.0000000000000000E+000                  5.4715203529586336E-024 
                                    1219                  2.3881092596589956E-001                 -1.5946847236560133E+000                  7.4857947812932828E+000                  3.3976646181750527E+000                  1.8711043479260148E+001                  0.0000000000000000E+000                  9.8054760987006917E-001                  1.9452390129930830E-002                  0.0000000000000000E+000                  0.0000000000000000E+000                  6.5047819924155225E-024 
                                    1220                  2.3839430418996008E-001                 -1.5967695474203956E+000                  7.4863099676146074E+000                  3.4092124840034512E+000                  1.8724057702038035E+001                  0.0000000000000000E+000                  9.8054718310382194E-001                  1.9452816896178060E-002                  0.0000000000000000E+000                  0.0000000000000000E+000                  7.3706459725423683E-024 
                                    1221                  2.3821066924740086E-001                 -1.5976736574530863E+000                  7.4866779360519269E+000                  3.4172398656613288E+000                  1.8733126280000231E+001                  0.0000000000000000E+000                  9.8054688203685914E-001                  1.9453117963140865E-002                  0.0000000000000000E+000                  0.0000000000000000E+000                  8.0498549547536514E-024 
                                    1222                  2.3796850066689818E-001                 -1.5988525668090974E+000                  7.4871975438129725E+000                  3.4282785209056126E+000                  1.8745626555931803E+001                  0.0000000000000000E+000                  9.8054645435193688E-001                  1.9453545648063120E-002                  0.0000000000000000E+000                  0.0000000000000000E+000                  9.1032790973300146E-024 
                                    1223                  2.3761485993766085E-001                 -1.6005476693594742E+000                  7.4880495792636497E+000                  3.4456772363773931E+000                  1.8765400605917311E+001                  0.0000000000000000E+000                  9.8054575690328971E-001                  1.9454243096710289E-002                  0.0000000000000000E+000                  0.0000000000000000E+000                  1.1097869038262021E-023 
                                    1224                  2.3700398682403229E-001                 -1.6034053294466015E+000                  7.4888465073951105E+000                  3.4612225065140678E+000                  1.8783144113172835E+001                  0.0000000000000000E+000                  9.8054510809257200E-001                  1.9454891907427996E-002                  0.0000000000000000E+000                  0.0000000000000000E+000                  1.3308138970647685E-023 
                                    1225                  2.3673240795975919E-001                 -1.6046486049472317E+000                  7.4892832157646181E+000                  3.4694651398796399E+000                  1.8792582033961036E+001                  0.0000000000000000E+000                  9.8054474328398078E-001                  1.9455256716019220E-002                  0.0000000000000000E+000                  0.0000000000000000E+000                  1.4680262688918953E-023 
                                    1226                  2.3652467093098276E-001                 -1.6055888010987591E+000                  7.4898189706713012E+000                  3.4793264966581363E+000                  1.8803900953471690E+001                  0.0000000000000000E+000                  9.8054429818012656E-001                  1.9455701819873439E-002                  0.0000000000000000E+000                  0.0000000000000000E+000                  1.6537224137473184E-023 
                                    1227                  2.3614821929872354E-001                 -1.6072694693735325E+000                  7.4905519279114365E+000                  3.4923968806307162E+000                  1.8818950140477497E+001                  0.0000000000000000E+000                  9.8054368970511430E-001                  1.9456310294885704E-002                  1.5387259429980703E-046                  0.0000000000000000E+000                  1.9422334086676723E-023 
                                    1228                  2.3573504067795478E-001                 -1.6090811364134860E+000                  7.4913200849844479E+000                  3.5056077092663402E+000                  1.8834216390829688E+001                  0.0000000000000000E+000                  9.8054304350321897E-001                  1.9456956496781030E-002                  0.0000000000000000E+000                  0.0000000000000000E+000                  2.2930507785461826E-023 
                                    1229                  2.3533104380431508E-001                 -1.6108206777407110E+000                  7.4919140521708281E+000                  3.5155045518305630E+000                  1.8845690111528452E+001                  0.0000000000000000E+000                  9.8054254196624646E-001                  1.9457458033753539E-002                  0.0000000000000000E+000                  0.0000000000000000E+000                  2.6029494888935702E-023 
                                    1230                  2.3511068187323655E-001                 -1.6117567551362084E+000                  7.4924763454718555E+000                  3.5246307381655337E+000                  1.8856299082734413E+001                  0.0000000000000000E+000                  9.8054206169234182E-001                  1.9457938307658185E-002                  0.0000000000000000E+000                  0.0000000000000000E+000                  2.9311650840111219E-023 
                                    1231                  2.3474341198810636E-001                 -1.6132975625345913E+000                  7.4933991143275511E+000                  3.5391309443480243E+000                  1.8873212565428183E+001                  0.0000000000000000E+000                  9.8054127214146725E-001                  1.9458727858532754E-002                  0.0000000000000000E+000                  0.0000000000000000E+000                  3.5531362887419230E-023 
                                    1232                  2.3415578017190128E-001                 -1.6157147039512767E+000                  7.4943723454450222E+000                  3.5538349998969596E+000                  1.8890436554549229E+001                  0.0000000000000000E+000                  9.8054044003934315E-001                  1.9459559960656847E-002                  5.8879642525129836E-043                  0.0000000000000000E+000                  4.3394087163669674E-023 
                                    1233                  2.3375178329826121E-001                 -1.6173437853859880E+000                  7.4950275059765019E+000                  3.5634142582896291E+000                  1.8901697700496982E+001                  0.0000000000000000E+000                  9.8053987507530316E-001                  1.9460124924696842E-002                  0.0000000000000000E+000                  0.0000000000000000E+000                  4.9562721696414246E-023 
                                    1234                  2.3349469437866929E-001                 -1.6183671938700566E+000                  7.4957960501624727E+000                  3.5743407623668433E+000                  1.8914582228009628E+001                  0.0000000000000000E+000                  9.8053919834344261E-001                  1.9460801656557392E-002                  0.0000000000000000E+000                  0.0000000000000000E+000                  5.7831718464845546E-023 
                                    1235                  2.3298051653948351E-001                 -1.6203842154330639E+000                  7.4966586532859303E+000                  3.5862437958490414E+000                  1.8928666082494580E+001                  0.0000000000000000E+000                  9.8053842084863840E-001                  1.9461579151361597E-002                  0.0000000000000000E+000                  0.0000000000000000E+000                  6.8636912258278301E-023 
                                    1236                  2.3263916630223927E-001                 -1.6217021651214216E+000                  7.4976710465431831E+000                  3.5997414182558614E+000                  1.8944698966768563E+001                  0.0000000000000000E+000                  9.8053751984465765E-001                  1.9462480155342354E-002                  2.0605123195810231E-044                  0.0000000000000000E+000                  8.3711981097486506E-023 
                                    1237                  2.3198292359646916E-001                 -1.6241908597349526E+000                  7.4986710421423659E+000                  3.6126346319352760E+000                  1.8960075006280626E+001                  0.0000000000000000E+000                  9.8053666103669690E-001                  1.9463338963303101E-002                  0.0000000000000000E+000                  0.0000000000000000E+000                  1.0161355960347444E-022 
                                    1238                  2.3166695488628117E-001                 -1.6253689057182854E+000                  7.4995002496340408E+000                  3.6229973050746427E+000                  1.8972478297733865E+001                  0.0000000000000000E+000                  9.8053596178449842E-001                  1.9464038215501578E-002                  0.0000000000000000E+000                  0.0000000000000000E+000                  1.1911923641326254E-022 
                                    1239                  2.3118084917831203E-001                 -1.6271567657279988E+000                  7.5003113306557951E+000                  3.6328797768744634E+000                  1.8984343609199716E+001                  1.1684470926731610E-050                  9.8053530532686528E-001                  1.9464694673134719E-002                  0.0000000000000000E+000                  8.0069239623464421E-043                  1.3896731876439941E-022 
                                    1240                  2.3088918575352418E-001                 -1.6282157128916239E+000                  7.5011258082111700E+000                  3.6425502945950119E+000                  1.8995990527973223E+001                  0.0000000000000000E+000                  9.8053465742922652E-001                  1.9465342570773481E-002                  0.0000000000000000E+000                  0.0000000000000000E+000                  1.6200616496738710E-022 
                                    1241                  2.3040308004555121E-001                 -1.6299585368663778E+000                  7.5024587682346011E+000                  3.6578800580228275E+000                  1.9014526234124943E+001                  0.0000000000000000E+000                  9.8053366630693939E-001                  1.9466333693060611E-002                  0.0000000000000000E+000                  0.0000000000000000E+000                  2.0767708797747475E-022 
                                    1242                  2.2962531091278945E-001                 -1.6326922613177699E+000                  7.5041170925495813E+000                  3.6761814097116678E+000                  1.9036771976394409E+001                  0.0000000000000000E+000                  9.8053257025455332E-001                  1.9467429745446685E-002                  0.0000000000000000E+000                  0.0000000000000000E+000                  2.8166942835408078E-022 
                                    1243                  2.2884754178001543E-001                 -1.6353625592231242E+000                  7.5057905457460041E+000                  3.6938533975487533E+000                  1.9058375891338645E+001                  0.0000000000000000E+000                  9.8053161428846125E-001                  1.9468385711538749E-002                  0.0000000000000000E+000                  0.0000000000000000E+000                  3.8140068114571067E-022 
                                    1244                  2.2806977264723077E-001                 -1.6379735778640183E+000                  7.5076873762604315E+000                  3.7130068626050585E+000                  1.9081929809891445E+001                  0.0000000000000000E+000                  9.8053072379883799E-001                  1.9469276201162011E-002                  0.0000000000000000E+000                  0.0000000000000000E+000                  5.3512312929254867E-022 
                                    1245                  2.2709756123123936E-001                 -1.6411596772490999E+000                  7.5092291941117733E+000                  3.7280003850743078E+000                  1.9100466105994521E+001                  0.0000000000000000E+000                  9.8053010037757871E-001                  1.9469899622421294E-002                  0.0000000000000000E+000                  0.0000000000000000E+000                  7.0237194905729715E-022 
                                    1246                  2.2666006609404085E-001                 -1.6425669407037298E+000                  7.5100820038840048E+000                  3.7360639014580403E+000                  1.9110472749438177E+001                  0.0000000000000000E+000                  9.8052976341106357E-001                  1.9470236588936429E-002                  0.0000000000000000E+000                  0.0000000000000000E+000                  8.1531141013049966E-022 
                                    1247                  2.2631979209844222E-001                 -1.6436506294115203E+000                  7.5113629548075496E+000                  3.7478803249643833E+000                  1.9125185407854296E+001                  0.0000000000000000E+000                  9.8052923369067413E-001                  1.9470766309325871E-002                  0.0000000000000000E+000                  0.0000000000000000E+000                  1.0182272513039212E-021 
                                    1248                  2.2549341239484341E-001                 -1.6462445135262984E+000                  7.5126510337916343E+000                  3.7594986424871855E+000                  1.9139701975714104E+001                  0.0000000000000000E+000                  9.8052866889339119E-001                  1.9471331106608813E-002                  0.0000000000000000E+000                  0.0000000000000000E+000                  1.2711965385055076E-021 
                                    1249                  2.2515313839925899E-001                 -1.6472975820980549E+000                  7.5136713131715238E+000                  3.7684700138982663E+000                  1.9150950313612807E+001                  0.0000000000000000E+000                  9.8052818834257383E-001                  1.9471811657426175E-002                  0.0000000000000000E+000                  0.0000000000000000E+000                  1.5133875589416762E-021 
                                    1250                  2.2456981154966471E-001                 -1.6490833497206419E+000                  7.5146405618803156E+000                  3.7768524698309944E+000                  1.9161487686023627E+001                  0.0000000000000000E+000                  9.8052770964182134E-001                  1.9472290358178657E-002                  0.0000000000000000E+000                  0.0000000000000000E+000                  1.7845312644671391E-021 
                                    1251                  2.2427814812487279E-001                 -1.6499672822613893E+000                  7.5156099082797967E+000                  3.7850688427027421E+000                  1.9171845224404322E+001                  0.0000000000000000E+000                  9.8052721067215320E-001                  1.9472789327846796E-002                  0.0000000000000000E+000                  0.0000000000000000E+000                  2.1021699465369863E-021 
                                    1252                  2.2369482127528875E-001                 -1.6517178646128381E+000                  7.5165812616842915E+000                  3.7931822480809267E+000                  1.9182097567149370E+001                  0.0000000000000000E+000                  9.8052670836673428E-001                  1.9473291633265721E-002                  0.0000000000000000E+000                  0.0000000000000000E+000                  2.4753018731692325E-021 
                                    1253                  2.2340315785049733E-001                 -1.6525847613345153E+000                  7.5175523626961525E+000                  3.8011394462239863E+000                  1.9192179809224868E+001                  0.0000000000000000E+000                  9.8052622038829151E-001                  1.9473779611708486E-002                  0.0000000000000000E+000                  0.0000000000000000E+000                  2.9117826925297868E-021 
                                    1254                  2.2281983100091463E-001                 -1.6543023333792413E+000                  7.5191718157559402E+000                  3.8141293216082484E+000                  1.9208692834634995E+001                  0.0000000000000000E+000                  9.8052542050219804E-001                  1.9474579497801958E-002                  0.0000000000000000E+000                  0.0000000000000000E+000                  3.8107166565091311E-021 
                                    1255                  2.2194484072653933E-001                 -1.6568397737954814E+000                  7.5209005573181313E+000                  3.8276642549013977E+000                  1.9225967125272316E+001                  0.0000000000000000E+000                  9.8052463042538840E-001                  1.9475369574611601E-002                  0.0000000000000000E+000                  0.0000000000000000E+000                  5.0675119341924539E-021 
                                    1256                  2.2126429273535911E-001                 -1.6587826234101970E+000                  7.5223043183502432E+000                  3.8383936344448339E+000                  1.9239712666847357E+001                  0.0000000000000000E+000                  9.8052412752509388E-001                  1.9475872474906120E-002                  0.0000000000000000E+000                  0.0000000000000000E+000                  6.3762978533516288E-021 
                                    1257                  2.2068096588577482E-001                 -1.6604275465059151E+000                  7.5237037584399458E+000                  3.8488671523715783E+000                  1.9253175042500573E+001                  0.0000000000000000E+000                  9.8052382169985353E-001                  1.9476178300146474E-002                  0.0000000000000000E+000                  0.0000000000000000E+000                  8.0055644109477106E-021 
                                    1258                  2.2000294769854251E-001                 -1.6623168514172380E+000                  7.5253110242752488E+000                  3.8606503369198024E+000                  1.9268372119248578E+001                  0.0000000000000000E+000                  9.8052347523282535E-001                  1.9476524767174652E-002                  0.0000000000000000E+000                  0.0000000000000000E+000                  1.0379142798140030E-020 
                                    1259                  2.1923023817365517E-001                 -1.6644416320700646E+000                  7.5268065253126091E+000                  3.8714080936999764E+000                  1.9282292287578169E+001                  0.0000000000000000E+000                  9.8052310160252310E-001                  1.9476898397476905E-002                  0.0000000000000000E+000                  0.0000000000000000E+000                  1.3196378398509906E-020 
                                    1260                  2.1865070602999018E-001                 -1.6660162254760738E+000                  7.5287236173346663E+000                  3.8848547002125060E+000                  1.9299759885749587E+001                  0.0000000000000000E+000                  9.8052260488951104E-001                  1.9477395110488960E-002                  0.0000000000000000E+000                  0.0000000000000000E+000                  1.7911223394068579E-020 
                                    1261                  2.1749164174266139E-001                 -1.6691190829084659E+000                  7.5306344108423842E+000                  3.8980341404297878E+000                  1.9316939509815537E+001                  0.0000000000000000E+000                  9.8052215990661273E-001                  1.9477840093387266E-002                  0.0000000000000000E+000                  0.0000000000000000E+000                  2.4243011953147104E-020 
                                    1262                  2.1691210959899768E-001                 -1.6706484332727758E+000                  7.5320094727657443E+000                  3.9073097603205507E+000                  1.9329073413894882E+001                  0.0000000000000000E+000                  9.8052189163014047E-001                  1.9478108369859526E-002                  0.0000000000000000E+000                  0.0000000000000000E+000                  3.0098443506419792E-020 
                                    1263                  2.1623598876472352E-001                 -1.6724149644553492E+000                  7.5336956614391113E+000                  3.9184919841824479E+000                  1.9343745038295307E+001                  0.0000000000000000E+000                  9.8052154339993991E-001                  1.9478456600060090E-002                  0.0000000000000000E+000                  0.0000000000000000E+000                  3.9185717153986373E-020 
                                    1264                  2.1536669054922550E-001                 -1.6746593542225734E+000                  7.5353742874316358E+000                  3.9294546852146395E+000                  1.9358171438952432E+001                  0.0000000000000000E+000                  9.8052122132885711E-001                  1.9478778671142893E-002                  0.0000000000000000E+000                  0.0000000000000000E+000                  5.0885981946938649E-020 
                                    1265                  2.1469056971495268E-001                 -1.6763849851623505E+000                  7.5374578813235127E+000                  3.9427570530962837E+000                  1.9375742156232995E+001                  0.0000000000000000E+000                  9.8052078718030011E-001                  1.9479212819699887E-002                  0.0000000000000000E+000                  0.0000000000000000E+000                  7.0217213415431554E-020 
                                    1266                  2.1343850414524074E-001                 -1.6795367836536905E+000                  7.5394206746600210E+000                  3.9551383660872235E+000                  1.9392144889020649E+001                  0.0000000000000000E+000                  9.8052044593682186E-001                  1.9479554063178139E-002                  0.0000000000000000E+000                  0.0000000000000000E+000                  9.4959364567462074E-020 
                                    1267                  2.1286166255774730E-001                 -1.6809705944190303E+000                  7.5410625659978701E+000                  3.9652703727354042E+000                  1.9405615323105799E+001                  0.0000000000000000E+000                  9.8052025639227625E-001                  1.9479743607723754E-002                  0.0000000000000000E+000                  0.0000000000000000E+000                  1.2202585417465220E-019 
                                    1268                  2.1190025991192227E-001                 -1.6833359930319574E+000                  7.5428976295314385E+000                  3.9764654298260576E+000                  1.9420537408924009E+001                  0.0000000000000000E+000                  9.8052004825926786E-001                  1.9479951740732138E-002                  0.0000000000000000E+000                  0.0000000000000000E+000                  1.6130145040306614E-019 
                                    1269                  2.1113113779526424E-001                 -1.6852073481342376E+000                  7.5449228026027848E+000                  3.9885901478941066E+000                  1.9436752551296319E+001                  0.0000000000000000E+000                  9.8051982431979534E-001                  1.9480175680204659E-002                  0.0000000000000000E+000                  0.0000000000000000E+000                  2.1905063483827573E-019 
                                    1270                  2.0997745462027359E-001                 -1.6879812236845835E+000                  7.5469306330847097E+000                  4.0004785821674540E+000                  1.9452695132084585E+001                  0.0000000000000000E+000                  9.8051963733019198E-001                  1.9480362669808016E-002                  0.0000000000000000E+000                  0.0000000000000000E+000                  2.9627449023160271E-019 
                                    1271                  2.0920833250361562E-001                 -1.6898093832109735E+000                  7.5489234165269377E+000                  4.0120565891506237E+000                  1.9468273367740363E+001                  0.0000000000000000E+000                  9.8051947597549549E-001                  1.9480524024504509E-002                  0.0000000000000000E+000                  0.0000000000000000E+000                  3.9905877826751852E-019 
                                    1272                  2.0805464932862475E-001                 -1.6925216632959745E+000                  7.5508938647939257E+000                  4.0233993921953175E+000                  1.9483572925823246E+001                  0.0000000000000000E+000                  9.8051931789576152E-001                  1.9480682104238478E-002                  0.0000000000000000E+000                  0.0000000000000000E+000                  5.3503538595806954E-019 
                                    1273                  2.0728928188701176E-001                 -1.6943020641464956E+000                  7.5532318564074252E+000                  4.0365827165288337E+000                  1.9501418239625917E+001                  0.0000000000000000E+000                  9.8051907945079630E-001                  1.9480920549203695E-002                  0.0000000000000000E+000                  0.0000000000000000E+000                  7.5586857267667170E-019 
                                    1274                  2.0575854700378263E-001                 -1.6978201320497661E+000                  7.5557324069256921E+000                  4.0505815682130084E+000                  1.9520416496004831E+001                  0.0000000000000000E+000                  9.8051877724531500E-001                  1.9481222754685001E-002                  0.0000000000000000E+000                  0.0000000000000000E+000                  1.0920400799764758E-018 
                                    1275                  2.0480183770176696E-001                 -1.6999914633762589E+000                  7.5572567739242293E+000                  4.0590053882873116E+000                  1.9531879880747308E+001                  0.0000000000000000E+000                  9.8051857916258767E-001                  1.9481420837412333E-002                  0.0000000000000000E+000                  0.0000000000000000E+000                  1.3650646266795936E-018 
                                    1276                  2.0422781212055865E-001                 -1.7012846252602061E+000                  7.5587712847268573E+000                  4.0672676862367156E+000                  1.9543149275326289E+001                  0.0000000000000000E+000                  9.8051839020197207E-001                  1.9481609798027932E-002                  0.0000000000000000E+000                  0.0000000000000000E+000                  1.7021992474029688E-018 
                                    1277                  2.0327110281854041E-001                 -1.7034244902699689E+000                  7.5608335840660867E+000                  4.0784245355117150E+000                  1.9558398626258580E+001                  0.0000000000000000E+000                  9.8051812204476785E-001                  1.9481877955232152E-002                  0.0000000000000000E+000                  0.0000000000000000E+000                  2.2963109871563063E-018 
                                    1278                  2.0212403352161443E-001                 -1.7059658101952733E+000                  7.5626861495780773E+000                  4.0883798707775689E+000                  1.9572033842016804E+001                  0.0000000000000000E+000                  9.8051786277304120E-001                  1.9482137226958796E-002                  0.0000000000000000E+000                  0.0000000000000000E+000                  3.0018467602616625E-018 
                                    1279                  2.0136062981098593E-001                 -1.7076430672623482E+000                  7.5643354812925443E+000                  4.0971389959122382E+000                  1.9584058602071639E+001                  0.0000000000000000E+000                  9.8051764731391444E-001                  1.9482352686085558E-002                  0.0000000000000000E+000                  0.0000000000000000E+000                  3.8063719291420181E-018 
                                    1280                  2.0040882983642339E-001                 -1.7097192269775268E+000                  7.5666910432098335E+000                  4.1095073674915810E+000                  1.9601079786964789E+001                  0.0000000000000000E+000                  9.8051739535807492E-001                  1.9482604641925083E-002                  0.0000000000000000E+000                  0.0000000000000000E+000                  5.3344490117841789E-018 
                                    1281                  1.9888594987712660E-001                 -1.7130081551169098E+000                  7.5688345523700216E+000                  4.1207366583405092E+000                  1.9616561674593562E+001                  0.0000000000000000E+000                  9.8051719740645926E-001                  1.9482802593540738E-002                  0.0000000000000000E+000                  0.0000000000000000E+000                  7.2449812554499363E-018 
                                    1282                  1.9812450989747846E-001                 -1.7146381284390151E+000                  7.5705152473596664E+000                  4.1294193959038719E+000                  1.9628563328051470E+001                  0.0000000000000000E+000                  9.8051706427605922E-001                  1.9482935723940775E-002                  0.0000000000000000E+000                  0.0000000000000000E+000                  9.1990185046227091E-018 
                                    1283                  1.9707855643757863E-001                 -1.7168622246535927E+000                  7.5725244551171480E+000                  4.1397354709879171E+000                  1.9642848674440096E+001                  9.0567458115224889E-051                  9.8051691835760491E-001                  1.9483081642395095E-002                  0.0000000000000000E+000                  2.3595128283983731E-041                  1.2225797365977659E-017 
                                    1284                  1.9594050251658532E-001                 -1.7192634072411681E+000                  7.5745936931149727E+000                  4.1502842328734504E+000                  1.9657485835589863E+001                  0.0000000000000000E+000                  9.8051675673550054E-001                  1.9483243264499461E-002                  0.0000000000000000E+000                  0.0000000000000000E+000                  1.6368078923398538E-017 
                                    1285                  1.9480244859558979E-001                 -1.7216460129755573E+000                  7.5766382433833126E+000                  4.1606310925857644E+000                  1.9671872048484708E+001                  0.0000000000000000E+000                  9.8051658412679288E-001                  1.9483415873207122E-002                  0.0000000000000000E+000                  0.0000000000000000E+000                  2.1812247817682948E-017 
                                    1286                  1.9366439467459598E-001                 -1.7240109891403808E+000                  7.5785740601816096E+000                  4.1703672491966062E+000                  1.9685434496895208E+001                  0.0000000000000000E+000                  9.8051639110541167E-001                  1.9483608894588333E-002                  0.0000000000000000E+000                  0.0000000000000000E+000                  2.8597622623705828E-017 
                                    1287                  1.9262152075105782E-001                 -1.7261634565006674E+000                  7.5806522412376793E+000                  4.1807310910946498E+000                  1.9699901036822762E+001                  0.0000000000000000E+000                  9.8051616197611202E-001                  1.9483838023887978E-002                  0.0000000000000000E+000                  0.0000000000000000E+000                  3.8201336642954121E-017 
                                    1288                  1.9129618637151283E-001                 -1.7288796898004641E+000                  7.5824559204340360E+000                  4.1897152918307015E+000                  1.9712459137070134E+001                  0.0000000000000000E+000                  9.8051603056524539E-001                  1.9483969434754611E-002                  0.0000000000000000E+000                  0.0000000000000000E+000                  4.9082001556964296E-017 
                                    1289                  1.9053885244034394E-001                 -1.7304225899994907E+000                  7.5844016243230241E+000                  4.1992854401893602E+000                  1.9725866870138049E+001                  0.0000000000000000E+000                  9.8051595594166352E-001                  1.9484044058336480E-002                  0.0000000000000000E+000                  0.0000000000000000E+000                  6.4234377292048030E-017 
                                    1290                  1.8902847531360384E-001                 -1.7334807573894875E+000                  7.5872678027898388E+000                  4.2133229105418746E+000                  1.9745570678553719E+001                  0.0000000000000000E+000                  9.8051581880592931E-001                  1.9484181194070693E-002                  0.0000000000000000E+000                  0.0000000000000000E+000                  9.5327410039586111E-017 
                                    1291                  1.8714586732467642E-001                 -1.7372595183377764E+000                  7.5897649711327633E+000                  4.2255452496569257E+000                  1.9762756886303105E+001                  0.0000000000000000E+000                  9.8051561172441892E-001                  1.9484388275581077E-002                  0.0000000000000000E+000                  0.0000000000000000E+000                  1.3429606152897371E-016 
                                    1292                  1.8601630253132406E-001                 -1.7395102855350788E+000                  7.5913067108921570E+000                  4.2330399383481101E+000                  1.9773314833248715E+001                  0.0000000000000000E+000                  9.8051547526217997E-001                  1.9484524737820030E-002                  0.0000000000000000E+000                  0.0000000000000000E+000                  1.6580595635113112E-016 
                                    1293                  1.8526325933575299E-001                 -1.7410043326655553E+000                  7.5934433480741044E+000                  4.2433028002439022E+000                  1.9787803218053995E+001                  0.0000000000000000E+000                  9.8051531286398719E-001                  1.9484687136012813E-002                  0.0000000000000000E+000                  0.0000000000000000E+000                  2.2175013685710839E-016 
                                    1294                  1.8338289227090412E-001                 -1.7447138687791446E+000                  7.5958368299102732E+000                  4.2548616972337570E+000                  1.9804136682060211E+001                  0.0000000000000000E+000                  9.8051510809740383E-001                  1.9484891902596169E-002                  0.0000000000000000E+000                  0.0000000000000000E+000                  3.0693236085046681E-016 
                                    1295                  1.8226005024976616E-001                 -1.7469153293939192E+000                  7.5981922506351660E+000                  4.2660964599871649E+000                  1.9820051288057257E+001                  0.0000000000000000E+000                  9.8051497287746581E-001                  1.9485027122534193E-002                  0.0000000000000000E+000                  0.0000000000000000E+000                  4.2190922451631129E-016 
                                    1296                  1.8038864688120634E-001                 -1.7505636438277916E+000                  7.6005056602186789E+000                  4.2771725673395631E+000                  1.9835758410502237E+001                  0.0000000000000000E+000                  9.8051486555776812E-001                  1.9485134442231877E-002                  0.0000000000000000E+000                  0.0000000000000000E+000                  5.7626617395336400E-016 
                                    1297                  1.7926580486006882E-001                 -1.7527409183340588E+000                  7.6022196632956529E+000                  4.2853203526706443E+000                  1.9847333515699113E+001                  0.0000000000000000E+000                  9.8051478806926751E-001                  1.9485211930732493E-002                  0.0000000000000000E+000                  0.0000000000000000E+000                  7.2534555259721996E-016 
                                    1298                  1.7814296283893113E-001                 -1.7549100456094502E+000                  7.6041905920548736E+000                  4.2946466559419472E+000                  1.9860602215428713E+001                  0.0000000000000000E+000                  9.8051470925609252E-001                  1.9485290743907480E-002                  0.0000000000000000E+000                  0.0000000000000000E+000                  9.4421418463854556E-016 
                                    1299                  1.7665285974994380E-001                 -1.7577769112868225E+000                  7.6066793858291675E+000                  4.3063885548680876E+000                  1.9877333428198476E+001                  9.5151501189259097E-051                  9.8051458002109981E-001                  1.9485419978900187E-002                  3.9879322784588612E-039                  1.1112495850446864E-040                  1.3157998214515207E-015 
                                    1300                  1.7479315572448570E-001                 -1.7613375704123200E+000                  7.6088510446419093E+000                  4.3166627033542504E+000                  1.9891989926256677E+001                  0.0000000000000000E+000                  9.8051442440722303E-001                  1.9485575592776971E-002                  0.0000000000000000E+000                  0.0000000000000000E+000                  1.7564504049825036E-015 
                                    1301                  1.7367733330921090E-001                 -1.7634654514717922E+000                  7.6109959067265320E+000                  4.3267108956389100E+000                  1.9906353133340669E+001                  0.0000000000000000E+000                  9.8051433606036642E-001                  1.9485663939633580E-002                  0.0000000000000000E+000                  0.0000000000000000E+000                  2.3332092666327070E-015 
                                    1302                  1.7181762928375291E-001                 -1.7669991821856181E+000                  7.6130988815713199E+000                  4.3366161121529716E+000                  1.9920523269441077E+001                  0.0000000000000000E+000                  9.8051429356889330E-001                  1.9485706431106697E-002                  0.0000000000000000E+000                  0.0000000000000000E+000                  3.0807780735946667E-015 
                                    1303                  1.7070913404337554E-001                 -1.7690984834200909E+000                  7.6156819008170737E+000                  4.3486263353286372E+000                  1.9937744930255541E+001                  0.0000000000000000E+000                  9.8051417435428712E-001                  1.9485825645712884E-002                  0.0000000000000000E+000                  0.0000000000000000E+000                  4.3261499085585069E-015 
                                    1304                  1.6812519384873217E-001                 -1.7739744342530908E+000                  7.6185802855287550E+000                  4.3622362097362997E+000                  1.9957275754663872E+001                  0.0000000000000000E+000                  9.8051401313759068E-001                  1.9485986862409321E-002                  0.0000000000000000E+000                  0.0000000000000000E+000                  6.3282052813637587E-015 
                                    1305                  1.6646818556220741E-001                 -1.7770896676590462E+000                  7.6203135553195498E+000                  4.3703558234413524E+000                  1.9968945209267943E+001                  0.0000000000000000E+000                  9.8051393650112095E-001                  1.9486063498879047E-002                  0.0000000000000000E+000                  0.0000000000000000E+000                  7.9381710349059843E-015 
                                    1306                  1.6554762540302645E-001                 -1.7788169688715680E+000                  7.6221519686727266E+000                  4.3788926546618399E+000                  1.9981234697559991E+001                  0.0000000000000000E+000                  9.8051386406381857E-001                  1.9486135936181426E-002                  0.0000000000000000E+000                  0.0000000000000000E+000                  1.0085849883287793E-014 
                                    1307                  1.6370650508466572E-001                 -1.7822653645812165E+000                  7.6243202598894246E+000                  4.3890161968009789E+000                  1.9995818636959850E+001                  0.0000000000000000E+000                  9.8051376397018175E-001                  1.9486236029818249E-002                  0.0000000000000000E+000                  0.0000000000000000E+000                  1.3371527411168190E-014 
                                    1308                  1.6223615752954715E-001                 -1.7850140865104736E+000                  7.6266896336158156E+000                  4.4000146991367934E+000                  2.0011689761819735E+001                  0.0000000000000000E+000                  9.8051369664283106E-001                  1.9486303357168944E-002                  0.0000000000000000E+000                  0.0000000000000000E+000                  1.8174623912054489E-014 
                                    1309                  1.6003445924623261E-001                 -1.7891232063952576E+000                  7.6290050358179977E+000                  4.4108334329335515E+000                  2.0027314073566949E+001                  0.0000000000000000E+000                  9.8051366847382171E-001                  1.9486331526178291E-002                  0.0000000000000000E+000                  0.0000000000000000E+000                  2.4518472225537791E-014 
                                    1310                  1.5857729645900068E-001                 -1.7918391841140444E+000                  7.6312771385944416E+000                  4.4213764962802360E+000                  2.0042567130311593E+001                  0.0000000000000000E+000                  9.8051362571968481E-001                  1.9486374280315188E-002                  0.0000000000000000E+000                  0.0000000000000000E+000                  3.2850362005388524E-014 
                                    1311                  1.5639155227814924E-001                 -1.7959096690825034E+000                  7.6339512916789181E+000                  4.4338295871815179E+000                  2.0060603077828741E+001                  0.0000000000000000E+000                  9.8051358116394072E-001                  1.9486418836059283E-002                  0.0000000000000000E+000                  0.0000000000000000E+000                  4.6312987366732864E-014 
                                    1312                  1.5420580809729834E-001                 -1.7999778578005243E+000                  7.6361307085940560E+000                  4.4440174173492339E+000                  2.0075373749097650E+001                  0.0000000000000000E+000                  9.8051355109825000E-001                  1.9486448901749998E-002                  3.1747878397844698E-039                  0.0000000000000000E+000                  6.1233147582774051E-014 
                                    1313                  1.5275973966649217E-001                 -1.8026690823246336E+000                  7.6376294346383835E+000                  4.4510147738208383E+000                  2.0085529790198816E+001                  0.0000000000000000E+000                  9.8051353669634678E-001                  1.9486463303653223E-002                  0.0000000000000000E+000                  0.0000000000000000E+000                  7.4160840876707506E-014 
                                    1314                  1.5167518834338692E-001                 -1.8046878276232081E+000                  7.6393246903355951E+000                  4.4588960486942364E+000                  2.0096982023505170E+001                  0.0000000000000000E+000                  9.8051353714277512E-001                  1.9486462857224884E-002                  0.0000000000000000E+000                  0.0000000000000000E+000                  9.2044821413090725E-014 
                                    1315                  1.4986760280488287E-001                 -1.8080538726733844E+000                  7.6416163656814540E+000                  4.4695775980361585E+000                  2.0112517113370842E+001                  0.0000000000000000E+000                  9.8051355379416949E-001                  1.9486446205830510E-002                  0.0000000000000000E+000                  0.0000000000000000E+000                  1.2319080593182378E-013 
                                    1316                  1.4770428552546447E-001                 -1.8120861741939647E+000                  7.6436556314672917E+000                  4.4791396095629867E+000                  2.0126434453289747E+001                  0.0000000000000000E+000                  9.8051356145919100E-001                  1.9486438540809004E-002                  0.0000000000000000E+000                  0.0000000000000000E+000                  1.5960390757860787E-013 
                                    1317                  1.4626978782824060E-001                 -1.8147631372201865E+000                  7.6454614495466187E+000                  4.4875769787857793E+000                  2.0138730529310514E+001                  0.0000000000000000E+000                  9.8051358274244471E-001                  1.9486417257555289E-002                  0.0000000000000000E+000                  0.0000000000000000E+000                  2.0059481123118724E-013 
                                    1318                  1.4447666570670953E-001                 -1.8181139734942446E+000                  7.6470434822498428E+000                  4.4950125485381953E+000                  2.0149572165101958E+001                  0.0000000000000000E+000                  9.8051361958124006E-001                  1.9486380418759941E-002                  0.0000000000000000E+000                  0.0000000000000000E+000                  2.4502614361771170E-013 
                                    1319                  1.4340079243378417E-001                 -1.8201273332236869E+000                  7.6487987056487965E+000                  4.5032098367009974E+000                  2.0161540140952464E+001                  0.0000000000000000E+000                  9.8051370039162078E-001                  1.9486299608379221E-002                  0.0000000000000000E+000                  0.0000000000000000E+000                  3.0569522472550894E-013 
                                    1320                  1.4126111226175539E-001                 -1.8241391323022678E+000                  7.6510918318253678E+000                  4.5139881357571774E+000                  2.0177286571837922E+001                  0.0000000000000000E+000                  9.8051371486903305E-001                  1.9486285130966952E-002                  0.0000000000000000E+000                  0.0000000000000000E+000                  4.0799403156077688E-013 
                                    1321                  1.3912746527663866E-001                 -1.8281512199081233E+000                  7.6529677078822722E+000                  4.5228496881677023E+000                  2.0190242907954186E+001                  0.0000000000000000E+000                  9.8051382695092992E-001                  1.9486173049070077E-002                  0.0000000000000000E+000                  0.0000000000000000E+000                  5.1647154828850334E-013 
                                    1322                  1.3770503395322600E-001                 -1.8308332675414098E+000                  7.6548139298858793E+000                  4.5315364722449543E+000                  2.0202959538282762E+001                  0.0000000000000000E+000                  9.8051404903516592E-001                  1.9485950964834076E-002                  0.0000000000000000E+000                  0.0000000000000000E+000                  6.5088065609714509E-013 
                                    1323                  1.3558396953583218E-001                 -1.8348450306858244E+000                  7.6566240811682373E+000                  4.5401221884904173E+000                  2.0215533947096798E+001                  0.0000000000000000E+000                  9.8051423880551158E-001                  1.9485761194488416E-002                  0.0000000000000000E+000                  0.0000000000000000E+000                  8.1645753153260347E-013 
                                    1324                  1.3417412078014615E-001                 -1.8375205424389611E+000                  7.6580529225956298E+000                  4.5468925280219965E+000                  2.0225458744164566E+001                  0.0000000000000000E+000                  9.8051428735701096E-001                  1.9485712642989039E-002                  0.0000000000000000E+000                  0.0000000000000000E+000                  9.7601624480141721E-013 
                                    1325                  1.3276427202446028E-001                 -1.8402038765790474E+000                  7.6601643821897047E+000                  4.5568628923795060E+000                  2.0240091279709276E+001                  0.0000000000000000E+000                  9.8051439001408391E-001                  1.9485609985916086E-002                  9.0528206523547355E-038                  0.0000000000000000E+000                  1.2696382349462099E-012 
                                    1326                  1.2995769525103096E-001                 -1.8455713052165164E+000                  7.6622272824229043E+000                  4.5667458595985213E+000                  2.0254598591979327E+001                  0.0000000000000000E+000                  9.8051450046347233E-001                  1.9485499536527673E-002                  0.0000000000000000E+000                  0.0000000000000000E+000                  1.6418311042283917E-012 
                                    1327                  1.2856096723329366E-001                 -1.8482561257167227E+000                  7.6635825632291921E+000                  4.5732173804494867E+000                  2.0264108736481713E+001                  0.0000000000000000E+000                  9.8051456871812948E-001                  1.9485431281870524E-002                  0.0000000000000000E+000                  0.0000000000000000E+000                  1.9429943663799941E-012 
                                    1328                  1.2716423921555631E-001                 -1.8509508416677418E+000                  7.6652549522236386E+000                  4.5811993921783634E+000                  2.0275848267959223E+001                  0.0000000000000000E+000                  9.8051465041060692E-001                  1.9485349589393075E-002                  0.0000000000000000E+000                  0.0000000000000000E+000                  2.3908358316232347E-012 
                                    1329                  1.2507598841773668E-001                 -1.8549994796008682E+000                  7.6670593636283870E+000                  4.5898725449897375E+000                  2.0288610584794448E+001                  0.0000000000000000E+000                  9.8051473103673825E-001                  1.9485268963261748E-002                  0.0000000000000000E+000                  0.0000000000000000E+000                  2.9900403021141911E-012 
                                    1330                  1.2334718146753837E-001                 -1.8583702807396851E+000                  7.6689931276736036E+000                  4.5991578333849512E+000                  2.0302287914598846E+001                  0.0000000000000000E+000                  9.8051485145318795E-001                  1.9485148546812048E-002                  0.0000000000000000E+000                  0.0000000000000000E+000                  3.7975459322130329E-012 
                                    1331                  1.2093041910518774E-001                 -1.8631137609949482E+000                  7.6707329722659185E+000                  4.6075974051624380E+000                  2.0314724155684125E+001                  0.0000000000000000E+000                  9.8051479722622015E-001                  1.9485202773779853E-002                  0.0000000000000000E+000                  0.0000000000000000E+000                  4.7088197720535669E-012 
                                    1332                  1.1955450828088990E-001                 -1.8658315694623984E+000                  7.6724457299630870E+000                  4.6158642499162017E+000                  2.0326920446569630E+001                  0.0000000000000000E+000                  9.8051482233369003E-001                  1.9485177666309972E-002                  0.0000000000000000E+000                  0.0000000000000000E+000                  5.8152875525913429E-012 
                                    1333                  1.1715558275818619E-001                 -1.8706024466087952E+000                  7.6745855859185017E+000                  4.6262732794310910E+000                  2.0342285874976199E+001                  0.0000000000000000E+000                  9.8051490855996726E-001                  1.9485091440032742E-002                  0.0000000000000000E+000                  0.0000000000000000E+000                  7.5685231539368659E-012 
                                    1334                  1.1476022460341398E-001                 -1.8754098438147464E+000                  7.6768252248439648E+000                  4.6372027966346545E+000                  2.0358435292786321E+001                  0.0000000000000000E+000                  9.8051499471551318E-001                  1.9485005284486823E-002                  0.0000000000000000E+000                  0.0000000000000000E+000                  9.9666917560790202E-012 
                                    1335                  1.1205243987268665E-001                 -1.8809010273110691E+000                  7.6785763768255766E+000                  4.6458407769604646E+000                  2.0371204654402298E+001                  0.0000000000000000E+000                  9.8051512038640143E-001                  1.9484879613598571E-002                  0.0000000000000000E+000                  0.0000000000000000E+000                  1.2359879508675814E-011 
                                    1336                  1.1069854750732601E-001                 -1.8836705726983032E+000                  7.6800176075258495E+000                  4.6529193983936921E+000                  2.0381680091184329E+001                  0.0000000000000000E+000                  9.8051487636633394E-001                  1.9485123633666057E-002                  0.0000000000000000E+000                  0.0000000000000000E+000                  1.4747272035962439E-011 
                                    1337                  1.0867547265048233E-001                 -1.8878407923752547E+000                  7.6817857247330794E+000                  4.6616527804407530E+000                  2.0394611352009171E+001                  0.0000000000000000E+000                  9.8051509284626959E-001                  1.9484907153730413E-002                  0.0000000000000000E+000                  0.0000000000000000E+000                  1.8312237024165110E-011 
                                    1338                  1.0650062955316350E-001                 -1.8923685779491881E+000                  7.6838658774571851E+000                  4.6719543088745743E+000                  2.0409877791721506E+001                  0.0000000000000000E+000                  9.8051511199745023E-001                  1.9484888002549772E-002                  8.0326904227153097E-039                  0.0000000000000000E+000                  2.3614126704667590E-011 
                                    1339                  1.0366470540677578E-001                 -1.8983471487447674E+000                  7.6858333350501411E+000                  4.6818029151982650E+000                  2.0424480413204915E+001                  0.0000000000000000E+000                  9.8051507283746797E-001                  1.9484927162532029E-002                  0.0000000000000000E+000                  0.0000000000000000E+000                  3.0034436046585294E-011 
                                    1340                  1.0167741153834939E-001                 -1.9025900584690920E+000                  7.6879598653209609E+000                  4.6924166965888467E+000                  2.0440236885141626E+001                  0.0000000000000000E+000                  9.8051513625792808E-001                  1.9484863742071923E-002                  0.0000000000000000E+000                  0.0000000000000000E+000                  3.8918618544400206E-011 
                                    1341                  9.8380462779856945E-002                 -1.9097342356957183E+000                  7.6899074808439085E+000                  4.7023004186300579E+000                  2.0454913038616702E+001                  0.0000000000000000E+000                  9.8051513817237235E-001                  1.9484861827627653E-002                  0.0000000000000000E+000                  0.0000000000000000E+000                  4.9359538141001701E-011 
                                    1342                  9.6744673130928049E-002                 -1.9133302964201540E+000                  7.6910564724011339E+000                  4.7081269193821660E+000                  2.0463572147352991E+001                  0.0000000000000000E+000                  9.8051515772274744E-001                  1.9484842277252556E-002                  0.0000000000000000E+000                  0.0000000000000000E+000                  5.6772519144335845E-011 
                                    1343                  9.5439424006537613E-002                 -1.9162256898153487E+000                  7.6926943492801438E+000                  4.7164049259472973E+000                  2.0475885596625528E+001                  0.0000000000000000E+000                  9.8051520437031114E-001                  1.9484795629688856E-002                  0.0000000000000000E+000                  0.0000000000000000E+000                  6.9270640253600940E-011 
                                    1344                  9.2515859042147874E-002                 -1.9227995848774797E+000                  7.6944224423187579E+000                  4.7252779035573651E+000                  2.0489085680859251E+001                  0.0000000000000000E+000                  9.8051522594503959E-001                  1.9484774054960408E-002                  0.0000000000000000E+000                  0.0000000000000000E+000                  8.5482194089074568E-011 
                                    1345                  9.0906373579155597E-002                 -1.9264734345115104E+000                  7.6956357659442549E+000                  4.7315047820923652E+000                  2.0498356688384902E+001                  0.0000000000000000E+000                  9.8051529718771624E-001                  1.9484702812283761E-002                  0.0000000000000000E+000                  0.0000000000000000E+000                  9.9055397938538643E-011 
                                    1346                  8.9301500555319505E-002                 -1.9301778122349109E+000                  7.6975470120840610E+000                  4.7412913652536908E+000                  2.0512941104118976E+001                  0.0000000000000000E+000                  9.8051514773115334E-001                  1.9484852268846664E-002                  0.0000000000000000E+000                  0.0000000000000000E+000                  1.2486893592030697E-010 
                                    1347                  8.5792919610827079E-002                 -1.9384287936561455E+000                  7.6997057990575835E+000                  4.7525406164333805E+000                  2.0529711273790458E+001                  0.0000000000000000E+000                  9.8051517826938484E-001                  1.9484821730615165E-002                  0.0000000000000000E+000                  0.0000000000000000E+000                  1.6227824984323096E-010 
                                    1348                  8.3420516217037707E-002                 -1.9441340937506879E+000                  7.7013045436420065E+000                  4.7608989685395837E+000                  2.0542181141608090E+001                  0.0000000000000000E+000                  9.8051523648337624E-001                  1.9484763516623760E-002                  0.0000000000000000E+000                  0.0000000000000000E+000                  1.9698032370835109E-010 
                                    1349                  8.1379860490745859E-002                 -1.9491293613455443E+000                  7.7029295496270560E+000                  4.7694162198525527E+000                  2.0554897470702478E+001                  0.0000000000000000E+000                  9.8051525781077709E-001                  1.9484742189222914E-002                  4.9285462630226154E-036                  0.0000000000000000E+000                  2.3980525091069365E-010 
                                    1350                  7.8885193346304977E-002                 -1.9553538268370956E+000                  7.7049049127960538E+000                  4.7798289759903820E+000                  2.0570454677474959E+001                  0.0000000000000000E+000                  9.8051522855332784E-001                  1.9484771446672156E-002                  4.8744303095108802E-036                  0.0000000000000000E+000                  3.0453733133471244E-010 
                                    1351                  7.5795851178098755E-002                 -1.9632553579117951E+000                  7.7066212863117238E+000                  4.7889981917323121E+000                  2.0584159506532803E+001                  0.0000000000000000E+000                  9.8051527270270733E-001                  1.9484727297292670E-002                  0.0000000000000000E+000                  0.0000000000000000E+000                  3.7490357677142452E-010 
                                    1352                  7.3961875368938057E-002                 -1.9680543994447888E+000                  7.7078880819936080E+000                  4.7957717601198011E+000                  2.0594291334894621E+001                  0.0000000000000000E+000                  9.8051527436595898E-001                  1.9484725634041022E-002                  0.0000000000000000E+000                  0.0000000000000000E+000                  4.3696931200550691E-010 
                                    1353                  7.2127899559777359E-002                 -1.9729398766977435E+000                  7.7093434149431674E+000                  4.8035766537855595E+000                  2.0605972774318104E+001                  0.0000000000000000E+000                  9.8051527629365565E-001                  1.9484723706344353E-002                  0.0000000000000000E+000                  0.0000000000000000E+000                  5.2097940977046281E-010 
                                    1354                  6.9710741973277521E-002                 -1.9795193963659916E+000                  7.7107725973384804E+000                  4.8113175757528994E+000                  2.0617562610136424E+001                  0.0000000000000000E+000                  9.8051527592365195E-001                  1.9484724076348048E-002                  0.0000000000000000E+000                  0.0000000000000000E+000                  6.1927014245808173E-010 
                                    1355                  6.7908928076620342E-002                 -1.9845343345559654E+000                  7.7118763787487170E+000                  4.8173194342765502E+000                  2.0626553337721987E+001                  0.0000000000000000E+000                  9.8051529595516596E-001                  1.9484704044834045E-002                  0.0000000000000000E+000                  0.0000000000000000E+000                  7.0765729407375423E-010 
                                    1356                  6.6425840318100809E-002                 -1.9887372817652185E+000                  7.7132621120803160E+000                  4.8248507410596631E+000                  2.0637842838358988E+001                  0.0000000000000000E+000                  9.8051529155597039E-001                  1.9484708444029608E-002                  0.0000000000000000E+000                  0.0000000000000000E+000                  8.3647673855492803E-010 
                                    1357                  6.3756282352764398E-002                 -1.9964851967483463E+000                  7.7148161242071271E+000                  4.8334039571251468E+000                  2.0650667788761222E+001                  0.0000000000000000E+000                  9.8051530510527529E-001                  1.9484694894724708E-002                  0.0000000000000000E+000                  0.0000000000000000E+000                  1.0093262560647182E-009 
                                    1358                  6.1720521739078493E-002                 -2.0025620118966740E+000                  7.7161496296540451E+000                  4.8407711928092043E+000                  2.0661721345199396E+001                  0.0000000000000000E+000                  9.8051530899413863E-001                  1.9484691005861365E-002                  0.0000000000000000E+000                  0.0000000000000000E+000                  1.1857326841451540E-009 
                                    1359                  5.9684761125392616E-002                 -2.0087961078831111E+000                  7.7173705466853688E+000                  4.8475613585703119E+000                  2.0671913433217146E+001                  0.0000000000000000E+000                  9.8051531258198121E-001                  1.9484687418018787E-002                  0.0000000000000000E+000                  0.0000000000000000E+000                  1.3742109487859886E-009 
                                    1360                  5.7964149288225499E-002                 -2.0141961747835992E+000                  7.7188452399467380E+000                  4.8557681127709902E+000                  2.0684240373734095E+001                  0.0000000000000000E+000                  9.8051532519948492E-001                  1.9484674800515078E-002                  0.0000000000000000E+000                  0.0000000000000000E+000                  1.6418427604547503E-009 
                                    1361                  5.5116734419369179E-002                 -2.0234186123874198E+000                  7.7203815907748892E+000                  4.8644397893320432E+000                  2.0697269245291537E+001                  0.0000000000000000E+000                  9.8051533700619453E-001                  1.9484662993805468E-002                  0.0000000000000000E+000                  0.0000000000000000E+000                  1.9769881900033040E-009 
                                    1362                  5.3161885770254540E-002                 -2.0299730910941283E+000                  7.7216240814130792E+000                  4.8714747890161760E+000                  2.0707845737060527E+001                  0.0000000000000000E+000                  9.8051534867642165E-001                  1.9484651323578350E-002                  7.6153735835420000E-036                  0.0000000000000000E+000                  2.2971999409179889E-009 
                                    1363                  5.1207037121139949E-002                 -2.0367255394805897E+000                  7.7229365819214228E+000                  4.8789441295762481E+000                  2.0719080824802273E+001                  0.0000000000000000E+000                  9.8051536336370315E-001                  1.9484636636296848E-002                  0.0000000000000000E+000                  0.0000000000000000E+000                  2.6919207763896549E-009 
                                    1364                  4.9007124531864892E-002                 -2.0445811955461135E+000                  7.7243096919963730E+000                  4.8868167881091900E+000                  2.0730927936635592E+001                  0.0000000000000000E+000                  9.8051536040678722E-001                  1.9484639593212782E-002                  0.0000000000000000E+000                  0.0000000000000000E+000                  3.1779141050582300E-009 
                                    1365                  4.6834108902953808E-002                 -2.0526317132960021E+000                  7.7259878978882623E+000                  4.8964728505023745E+000                  2.0745468825028304E+001                  0.0000000000000000E+000                  9.8051538694886686E-001                  1.9484613051133137E-002                  0.0000000000000000E+000                  0.0000000000000000E+000                  3.8920028275017977E-009 
                                    1366                  4.3631282358218955E-002                 -2.0650859611660595E+000                  7.7276380382547778E+000                  4.9061236722842496E+000                  2.0760006656791770E+001                  0.0000000000000000E+000                  9.8051539929648546E-001                  1.9484600703514543E-002                  0.0000000000000000E+000                  0.0000000000000000E+000                  4.7529045623469906E-009 
                                    1367                  4.1514963627937357E-002                 -2.0737446664377295E+000                  7.7292441673354713E+000                  4.9155236543194629E+000                  2.0774178674221016E+001                  1.2484617075702857E-048                  9.8051542686750992E-001                  1.9484573132490079E-002                  3.7033659077447561E-090                  2.6293949228799050E-036                  5.7715983402525215E-009 
                                    1368                  3.8430288961219840E-002                 -2.0870664863783719E+000                  7.7311225549974010E+000                  4.9266625305118712E+000                  2.0790980752951381E+001                  0.0000000000000000E+000                  9.8051544631501486E-001                  1.9484553684985140E-002                  0.0000000000000000E+000                  0.0000000000000000E+000                  7.2460594362708647E-009 
                                    1369                  3.5408971561691309E-002                 -2.1010411380248666E+000                  7.7329567904727128E+000                  4.9376512548856981E+000                  2.0807567441669665E+001                  0.0000000000000000E+000                  9.8051547658185245E-001                  1.9484523418147548E-002                  0.0000000000000000E+000                  0.0000000000000000E+000                  9.0504073929553469E-009 
                                    1370                  3.2452943746169978E-002                 -2.1157604292816856E+000                  7.7344544823307384E+000                  4.9467448255297173E+000                  2.0821298607810608E+001                  0.0000000000000000E+000                  9.8051549896128642E-001                  1.9484501038713575E-002                  0.0000000000000000E+000                  0.0000000000000000E+000                  1.0856142516016626E-008 
                                    1371                  3.0527073136381797E-002                 -2.1259991447398456E+000                  7.7356256949596460E+000                  4.9538827922593267E+000                  2.0832084548696724E+001                  0.0000000000000000E+000                  9.8051552419011534E-001                  1.9484475809884660E-002                  0.0000000000000000E+000                  0.0000000000000000E+000                  1.2515224646204916E-008 
                                    1372                  2.8636972911887670E-002                 -2.1366222387790823E+000                  7.7370618728527303E+000                  4.9626705007361434E+000                  2.0845371045767362E+001                  0.0000000000000000E+000                  9.8051556000758788E-001                  1.9484439992412117E-002                  0.0000000000000000E+000                  0.0000000000000000E+000                  1.4898976083921191E-008 
                                    1373                  2.5855478153077465E-002                 -2.1534606714120583E+000                  7.7384715849603261E+000                  4.9714385380222605E+000                  2.0858631533145807E+001                  0.0000000000000000E+000                  9.8051559435331714E-001                  1.9484405646682856E-002                  0.0000000000000000E+000                  0.0000000000000000E+000                  1.7689706594575403E-008 
                                    1374                  2.4077565465043638E-002                 -2.1651022982931871E+000                  7.7398388978980375E+000                  4.9799511569197739E+000                  2.0871515000427987E+001                  0.0000000000000000E+000                  9.8051562764881584E-001                  1.9484372351184165E-002                  0.0000000000000000E+000                  0.0000000000000000E+000                  2.0890932151892456E-008 
                                    1375                  2.1451692197004293E-002                 -2.1838184082263261E+000                  7.7413849266380046E+000                  4.9897137895213257E+000                  2.0886295916336067E+001                  0.0000000000000000E+000                  9.8051568737876338E-001                  1.9484312621236621E-002                  0.0000000000000000E+000                  0.0000000000000000E+000                  2.5226365145166675E-008 
                                    1376                  1.9150156686650707E-002                 -2.2020414702219977E+000                  7.7427956004929008E+000                  4.9987022610025207E+000                  2.0899912174138187E+001                  0.0000000000000000E+000                  9.8051572583185576E-001                  1.9484274168144244E-002                  0.0000000000000000E+000                  0.0000000000000000E+000                  2.9968711663295671E-008 
                                    1377                  1.7009806249819220E-002                 -2.2209090137318594E+000                  7.7443887148578021E+000                  5.0089178624126740E+000                  2.0915397175377759E+001                  0.0000000000000000E+000                  9.8051579842874537E-001                  1.9484201571254633E-002                  0.0000000000000000E+000                  0.0000000000000000E+000                  3.6407282974866366E-008 
                                    1378                  1.4207282913986442E-002                 -2.2492915504215629E+000                  7.7462818693631217E+000                  5.0212338335358195E+000                  2.0934076269242691E+001                  0.0000000000000000E+000                  9.8051590356733631E-001                  1.9484096432663689E-002                  0.0000000000000000E+000                  0.0000000000000000E+000                  4.5908044293551474E-008 
                                    1379                  1.1292719424281032E-002                 -2.2850672039108484E+000                  7.7477613336263875E+000                  5.0310568630560661E+000                  2.0948980194653291E+001                  0.0000000000000000E+000                  9.8051598030724907E-001                  1.9484019692750931E-002                  3.4531551820954646E-034                  0.0000000000000000E+000                  5.5073962432516631E-008 
                                    1380                  9.9167733430463728E-003                 -2.3051258254524813E+000                  7.7487124041167599E+000                  5.0373810704551687E+000                  2.0958581521037658E+001                  0.0000000000000000E+000                  9.8051605153329113E-001                  1.9483948466708867E-002                  0.0000000000000000E+000                  0.0000000000000000E+000                  6.1905741190491898E-008 
                                    1381                  8.6013503121075627E-003                 -2.3269642935344512E+000                  7.7498759665580392E+000                  5.0451529285591388E+000                  2.0970386039473961E+001                  0.0000000000000000E+000                  9.8051615175982332E-001                  1.9483848240176682E-002                  0.0000000000000000E+000                  0.0000000000000000E+000                  7.1430545447766369E-008 
                                    1382                  6.7190003411437852E-003                 -2.3645886987054050E+000                  7.7516421995862759E+000                  5.0570606043222845E+000                  2.0988482420840850E+001                  0.0000000000000000E+000                  9.8051630980071425E-001                  1.9483690199285753E-002                  0.0000000000000000E+000                  0.0000000000000000E+000                  8.8791247673192180E-008 
                                    1383                  4.0080594423840699E-003                 -2.4424234276748069E+000                  7.7537388431167944E+000                  5.0715426672100348E+000                  2.1010501424989300E+001                  0.0000000000000000E+000                  9.8051653487210821E-001                  1.9483465127891786E-002                  0.0000000000000000E+000                  0.0000000000000000E+000                  1.1513072060381272E-007 
                                    1384                  1.9279110608713789E-003                 -2.5512360513859900E+000                  7.7553821563011152E+000                  5.0831298899896264E+000                  2.1028128666659327E+001                  6.8676824145171194E-047                  9.8051674337955641E-001                  1.9483256620443590E-002                  2.3273105435723596E-086                  4.7891737802939942E-034                  1.4127160174873679E-007 
                                    1385                  9.4451608018295192E-004                 -2.6562193407304622E+000                  7.7563420047678315E+000                  5.0899478579586157E+000                  2.1038506261161732E+001                  0.0000000000000000E+000                  9.8051687420409062E-001                  1.9483125795909384E-002                  0.0000000000000000E+000                  0.0000000000000000E+000                  1.5922897361279748E-007 
                                    1386                  4.8225896050808448E-004                 -2.7545170143827020E+000                  7.7569097867162018E+000                  5.0939975519402285E+000                  2.1044672272221884E+001                  0.0000000000000000E+000                  9.8051695925620830E-001                  1.9483040743791702E-002                  0.0000000000000000E+000                  0.0000000000000000E+000                  1.7091594036571393E-007 
                                    1387                  2.5113040067065075E-004                 -2.8495890311936591E+000                  7.7572595384240559E+000                  5.0964992386591188E+000                  2.1048482015686375E+001                  0.0000000000000000E+000                  9.8051701440115402E-001                  1.9482985598845981E-002                  0.0000000000000000E+000                  0.0000000000000000E+000                  1.7854214410210292E-007 
                                    1388                  1.3556612075193392E-004                 -2.9392140975709729E+000                  7.7574731420696876E+000                  5.0980297479734498E+000                  2.1050813048381038E+001                  0.0000000000000000E+000                  9.8051704915146742E-001                  1.9482950848532576E-002                  0.0000000000000000E+000                  0.0000000000000000E+000                  1.8336766595972897E-007 
                                    1389                  7.7783980792464020E-005                 -3.0198614203091161E+000                  7.7576012454038450E+000                  5.0989485863694561E+000                  2.1052212576761598E+001                  0.0000000000000000E+000                  9.8051707039035652E-001                  1.9482929609643485E-002                  0.0000000000000000E+000                  0.0000000000000000E+000                  1.8632455201811273E-007 
                                    1390                  4.8892910812729070E-005                 -3.0872097166327612E+000                  7.7576758717942571E+000                  5.0994841763733838E+000                  2.1053028394376838E+001                  0.0000000000000000E+000                  9.8051708290228812E-001                  1.9482917097711883E-002                  0.0000000000000000E+000                  0.0000000000000000E+000                  1.8806919922297824E-007 
                                    1391                  3.4447375822972695E-005                 -3.1379821520490356E+000                  7.7577317190228658E+000                  5.0998850563486897E+000                  2.1053639039098861E+001                  0.0000000000000000E+000                  9.8051709233129369E-001                  1.9482907668706306E-002                  4.7236142289728999E-034                  0.0000000000000000E+000                  1.8938549309574152E-007 
                                    1392                  2.0001840833216327E-005                 -3.2167664010204238E+000                  7.7577882900891773E+000                  5.1002914020641379E+000                  2.1054258019482724E+001                  0.0000000000000000E+000                  9.8051710194487374E-001                  1.9482898055126263E-002                  0.0000000000000000E+000                  0.0000000000000000E+000                  1.9072846969396450E-007 
                                    1393                  1.0000920389424269E-005                 -3.3171861265917095E+000                  7.7578319798631075E+000                  5.1006053837873706E+000                  2.1054736310807176E+001                  0.0000000000000000E+000                  9.8051710941208692E-001                  1.9482890587913082E-002                  0.0000000000000000E+000                  0.0000000000000000E+000                  1.9177229470086737E-007 
                                    1394                  5.0004601719691127E-006                 -3.4175775608290522E+000                  7.7578594835576480E+000                  5.1008030872169412E+000                  2.1055037478602966E+001                  0.0000000000000000E+000                  9.8051711413139253E-001                  1.9482885868607469E-002                  0.0000000000000000E+000                  0.0000000000000000E+000                  1.9243236278371462E-007 
                                    1395                  2.5002300632415333E-006                 -3.5179511866325175E+000                  7.7578768022078357E+000                  5.1009275958317577E+000                  2.1055227148157911E+001                  0.0000000000000000E+000                  9.8051711711043121E-001                  1.9482882889568787E-002                  0.0000000000000000E+000                  0.0000000000000000E+000                  1.9284917405984532E-007 
                                    1396                  1.2501150088777440E-006                 -3.6183135996564952E+000                  7.7578877092582035E+000                  5.1010060167712261E+000                  2.1055346610964566E+001                  0.0000000000000000E+000                  9.8051711898951499E-001                  1.9482881010485009E-002                  0.0000000000000000E+000                  0.0000000000000000E+000                  1.9311214391986029E-007 
                                    1397                  6.2505748158482806E-007                 -3.7186689520123304E+000                  7.7578945790671296E+000                  5.1010554130865371E+000                  2.1055421859276464E+001                  0.0000000000000000E+000                  9.8051712017421777E-001                  1.9482879825782229E-002                  0.0000000000000000E+000                  0.0000000000000000E+000                  1.9327796145453607E-007 
                                    1398                  3.1252871804939231E-007                 -3.8190198587444475E+000                  7.7578989062908876E+000                  5.1010865285220186E+000                  2.1055469259352797E+001                  0.0000000000000000E+000                  9.8051712092091137E-001                  1.9482879079088633E-002                  0.0000000000000000E+000                  0.0000000000000000E+000                  1.9338248213962979E-007 
                                    1399                  1.5626433639269753E-007                 -3.9193679681673377E+000                  7.7579016320688270E+000                  5.1011061290998745E+000                  2.1055499118182606E+001                  0.0000000000000000E+000                  9.8051712154833393E-001                  1.9482878451666075E-002                  0.0000000000000000E+000                  0.0000000000000000E+000                  1.9344835065702490E-007 
                                    1400                  7.8132151972731280E-008                 -4.0197143096305012E+000                  7.7579033491081848E+000                  5.1011184763481143E+000                  2.1055517927525830E+001                  0.0000000000000000E+000                  9.8051712154829662E-001                  1.9482878451703378E-002                  0.0000000000000000E+000                  0.0000000000000000E+000                  1.9348985453851088E-007 
                                    1401                  3.9066080430330913E-008                 -4.1200594682932934E+000                  7.7579044307220792E+000                  5.1011262544818505E+000                  2.1055529776449571E+001                  0.0000000000000000E+000                  9.8051712154826798E-001                  1.9482878451732022E-002                  0.0000000000000000E+000                  0.0000000000000000E+000                  1.9351600386462813E-007 
                                    1402                  1.9533037222924264E-008                 -4.2204039161169975E+000                  7.7579053391657817E+000                  5.1011327876101733E+000                  2.1055539728773226E+001                  0.0000000000000000E+000                  9.8051712154826098E-001                  1.9482878451739016E-002                  0.0000000000000000E+000                  0.0000000000000000E+000                  1.9353796963970693E-007 
