DATE: 2026-06-16
TIME: 13:19:07
 reading user weak rate file /home/pauver/mesa/mesa-26.04.1/data/rates_data/rate_tables/S13_r_be7_wk_li7.h5
 version_number r26.4.1
 WARNING: Failed to find colors namelist in file: inlist
 read inlist_project


 The terminal output contains the following information

      'step' is the number of steps since the start of the run,
      'lg_dt' is log10 timestep in years,
      'age_yr' is the simulated years since the start run,
      'lg_Tcntr' is log10 center temperature (K),
      'lg_Dcntr' is log10 center density (g/cm^3),
      'lg_Tmax' is log10 max temperature (K),
      'Teff' is the surface temperature (K),
      'lg_R' is log10 surface radius (Rsun),
      'lg_L' is log10 surface luminosity (Lsun),
      'lg_LH' is log10 total PP and CNO hydrogen burning power (Lsun),
      'lg_L3a' is log10 total triple-alpha helium burning power (Lsun),
      'lg_gsurf' is log10 surface gravity,
      'lg_Lnuc' is log10 nuclear power (Lsun),
      'lg_Lneu' is log10 total neutrino power (Lsun),
      'lg_Lphoto' is log10 total photodisintegration (Lsun),
      'Mass' is the total stellar baryonic mass (Msun),
      'lg_Mdot' is log10 magnitude of rate of change of mass (Msun/year),
      'lg_Dsurf' is log10 surface density (g/cm^3),
      'H_env' is the amount of mass where H is dominant,
      'He_core' is the largest mass where He is dominant.
      'CO_core' is the largest mass where CO is dominant.
      'H_cntr' is the center H1 mass fraction,
      'He_cntr' is the center He4 mass fraction,
      'C_cntr' is the center C12 mass fraction,
      'N_cntr' is the center N14 mass fraction,
      'O_cntr' is the center O16 mass fraction,
      'Ne_cntr' is the center Ne20 mass fraction,
      'gam_cntr' is the center plasma interaction parameter,
      'eta_cntr' is the center electron degeneracy parameter,
      'zones' is the number of zones in the current model,
      'iters' is the number of solver iterations for the current step,
      'retry' is the number of step retries required during the run,
      'dt_limit' is an indication of what limited the timestep.

 All this and more are saved in the LOGS directory during the run.
                             set_initial_number_retries           0
 net name basic.net
 kap_option gs98
 kap_CO_option gs98_co
 kap_lowT_option lowT_fa05_gs98
                                        OMP_NUM_THREADS          16


__________________________________________________________________________________________________________________________________________________

       step    lg_Tmax     Teff     lg_LH      lg_Lnuc_tot Mass       H_rich     H_cntr     N_cntr     Y_surf   eta_cntr   zones  retry
  lg_dt_yrs    lg_Tcntr    lg_R     lg_L3a     lg_Lneu     lg_Mdot    He_core    He_cntr    O_cntr     Z_surf   gam_cntr   iters  
    age_yrs    lg_Dcntr    lg_L     lg_LZ      lg_Lphoto   lg_Dsurf   CO_core    C_cntr     Ne_cntr    Z_cntr   v_div_cs       dt_limit
__________________________________________________________________________________________________________________________________________________

          1   7.311976   8563.016   1.100793   1.100793   1.870000   1.870000   0.697143   0.005063   0.280000  -2.542539   2490      0
 4.3204E+00   7.311976   0.201490 -38.373356  -0.240199 -99.000000   0.000000   0.282298   0.009304   0.020000   0.053792      5
 2.0912E+04   1.833174   1.088180 -14.273349 -99.000000  -8.401030   0.000000   0.000031   0.002085   0.020560  0.000E+00    initial dt

save LOGS/profile1.data LOGS/profile1.data.GYRE for model 1
          2   7.312010   8562.753   1.082025   1.082025   1.870000   1.870000   0.697133   0.005064   0.280000  -2.542124   1534      0
 4.3996E+00   7.312010   0.201470 -38.372690  -0.250767 -99.000000   0.000000   0.282307   0.009304   0.020000   0.053797      3
 4.6006E+04   1.833402   1.088088 -99.000000 -99.000000  -8.386649   0.000000   0.000030   0.002085   0.020560  0.000E+00  max increase

          3   7.312035   8563.804   1.075744   1.075744   1.870000   1.870000   0.697123   0.005065   0.280000  -2.541117   1117      0
 4.4788E+00   7.312035   0.201475 -38.371054  -0.255109 -99.000000   0.000000   0.282318   0.009303   0.020000   0.053814      3
 7.6120E+04   1.833869   1.088310 -99.000000 -99.000000  -8.387352   0.000000   0.000029   0.002085   0.020560  0.000E+00  max increase

          4   7.312072   8565.623   1.073719   1.073719   1.870000   1.870000   0.697109   0.005066   0.280000  -2.539828    968      0
 4.5579E+00   7.312072   0.201487 -38.368344  -0.256971 -99.000000   0.000000   0.282331   0.009303   0.020000   0.053835      3
 1.1226E+05   1.834472   1.088703 -99.000000 -99.000000  -8.388576   0.000000   0.000029   0.002085   0.020560  0.000E+00  max increase

          5   7.312130   8567.908   1.074341   1.074341   1.870000   1.870000   0.697093   0.005067   0.280000  -2.538440    943      0
 4.6371E+00   7.312130   0.201505 -38.364554  -0.257033 -99.000000   0.000000   0.282347   0.009302   0.020000   0.053856      3
 1.5562E+05   1.835149   1.089203 -14.449440 -99.000000  -8.390119   0.000000   0.000029   0.002085   0.020560  0.000E+00  max increase

save LOGS/profile2.data LOGS/profile2.data.GYRE for model 5
          6   7.312210   8570.660   1.075495   1.075495   1.870000   1.870000   0.697073   0.005068   0.280000  -2.537030    943      0
 4.7163E+00   7.312210   0.201530 -38.359652  -0.256412 -99.000000   0.000000   0.282367   0.009301   0.020000   0.053876      3
 2.0765E+05   1.835870   1.089811 -99.000000 -99.000000  -8.391981   0.000000   0.000028   0.002085   0.020560  0.000E+00  max increase

          7   7.312322   8573.872   1.077453   1.077453   1.870000   1.870000   0.697050   0.005069   0.280000  -2.535735    941      0
 4.7955E+00   7.312322   0.201562 -38.353268  -0.254899 -99.000000   0.000000   0.282391   0.009300   0.020000   0.053893      3
 2.7010E+05   1.836591   1.090525 -99.000000 -99.000000  -8.394160   0.000000   0.000028   0.002085   0.020560  0.000E+00  max increase

          8   7.312468   8577.683   1.079237   1.079237   1.870000   1.870000   0.697020   0.005070   0.280000  -2.534568    940      0
 4.8747E+00   7.312468   0.201596 -38.345278  -0.253084 -99.000000   0.000000   0.282420   0.009299   0.020000   0.053905      3
 3.4503E+05   1.837311   1.091365 -99.000000 -99.000000  -8.396737   0.000000   0.000028   0.002085   0.020560  0.000E+00  max increase

          9   7.312651   8582.017   1.081546   1.081546   1.870000   1.870000   0.696985   0.005071   0.280000  -2.533683    939      0
 4.9538E+00   7.312651   0.201619 -38.335704  -0.250604 -99.000000   0.000000   0.282455   0.009298   0.020000   0.053911      3
 4.3495E+05   1.837968   1.092289 -99.000000 -99.000000  -8.399642   0.000000   0.000028   0.002085   0.020559  0.000E+00  max increase


__________________________________________________________________________________________________________________________________________________

       step    lg_Tmax     Teff     lg_LH      lg_Lnuc_tot Mass       H_rich     H_cntr     N_cntr     Y_surf   eta_cntr   zones  retry
  lg_dt_yrs    lg_Tcntr    lg_R     lg_L3a     lg_Lneu     lg_Mdot    He_core    He_cntr    O_cntr     Z_surf   gam_cntr   iters  
    age_yrs    lg_Dcntr    lg_L     lg_LZ      lg_Lphoto   lg_Dsurf   CO_core    C_cntr     Ne_cntr    Z_cntr   v_div_cs       dt_limit
__________________________________________________________________________________________________________________________________________________

         10   7.312866   8586.698   1.083853   1.083853   1.870000   1.870000   0.696943   0.005072   0.280000  -2.533134    939      0
 5.0330E+00   7.312866   0.201607 -38.324772  -0.247806 -99.000000   0.000000   0.282498   0.009296   0.020000   0.053909      3
 5.4285E+05   1.838533   1.093212 -14.750470 -99.000000  -8.402718   0.000000   0.000028   0.002085   0.020559  0.000E+00  max increase

save LOGS/profile3.data LOGS/profile3.data.GYRE for model 10
         11   7.313104   8591.311   1.086090   1.086090   1.870000   1.870000   0.696891   0.005074   0.280000  -2.532958    939      0
 5.1122E+00   7.313104   0.201527 -38.312963  -0.244876 -99.000000   0.000000   0.282550   0.009294   0.020000   0.053899      3
 6.7233E+05   1.838976   1.093985 -99.000000 -99.000000  -8.405635   0.000000   0.000028   0.002085   0.020559  0.000E+00  max increase

         12   7.313343   8595.101   1.088388   1.088388   1.870000   1.870000   0.696833   0.005076   0.280000  -2.533239    939      0
 5.1914E+00   7.313343   0.201352 -38.301354  -0.241809 -99.000000   0.000000   0.282608   0.009292   0.020000   0.053882      3
 8.2771E+05   1.839230   1.094402 -14.750470 -99.000000  -8.407852   0.000000   0.000028   0.002085   0.020559  0.000E+00  max increase

         13   7.313571   8597.751   1.089820   1.089820   1.870000   1.870000   0.696759   0.005078   0.280000  -2.533765    939      0
 5.2706E+00   7.313571   0.201081 -38.290409  -0.239523 -99.000000   0.000000   0.282683   0.009289   0.020000   0.053861      5
 1.0142E+06   1.839367   1.094395 -99.000000 -99.000000  -8.409155   0.000000   0.000028   0.002085   0.020558  0.000E+00  max increase

         14   7.313768   8598.909   1.090959   1.090959   1.870000   1.870000   0.696670   0.005081   0.280000  -2.534522    939      0
 5.3498E+00   7.313768   0.200746 -38.281061  -0.237797 -99.000000   0.000000   0.282772   0.009286   0.020000   0.053839      5
 1.2379E+06   1.839363   1.093960 -99.000000 -99.000000  -8.409368   0.000000   0.000028   0.002085   0.020558  0.000E+00  max increase

         15   7.313918   8598.644   1.091659   1.091659   1.870000   1.870000   0.696572   0.005084   0.280000  -2.535441    939      0
 5.4289E+00   7.313918   0.200407 -38.273996  -0.236639 -99.000000   0.000000   0.282871   0.009282   0.020000   0.053818      5
 1.5064E+06   1.839225   1.093227 -14.750470 -99.000000  -8.408630   0.000000   0.000028   0.002085   0.020557  0.000E+00  max increase

save LOGS/profile4.data LOGS/profile4.data.GYRE for model 15
         16   7.314038   8597.844   1.091610   1.091610   1.870000   1.870000   0.696445   0.005089   0.280000  -2.536236    939      0
 5.5081E+00   7.314038   0.200118 -38.268195  -0.236364 -99.000000   0.000000   0.282998   0.009277   0.020000   0.053802      5
 1.8286E+06   1.839099   1.092488 -99.000000 -99.000000  -8.407625   0.000000   0.000028   0.002085   0.020557  0.000E+00  max increase

         17   7.314140   8597.050   1.091455   1.091455   1.870000   1.870000   0.696292   0.005094   0.280000  -2.536938    939      0
 5.5873E+00   7.314140   0.199909 -38.263069  -0.236399 -99.000000   0.000000   0.283152   0.009272   0.020000   0.053789      5
 2.2152E+06   1.838994   1.091910 -99.000000 -99.000000  -8.406755   0.000000   0.000029   0.002085   0.020556  0.000E+00  max increase

         18   7.314227   8596.366   1.091364   1.091364   1.870000   1.870000   0.696139   0.005099   0.280000  -2.537643    939      0
 5.6665E+00   7.314227   0.199776 -38.258695  -0.236270 -99.000000   0.000000   0.283305   0.009266   0.020000   0.053778      5
 2.6792E+06   1.838864   1.091505 -13.905372 -99.000000  -8.406082   0.000000   0.000028   0.002085   0.020555  0.000E+00  max increase

         19   7.314333   8596.333   1.091084   1.091084   1.870000   1.870000   0.695925   0.005106   0.280000  -2.538183    939      0
 5.7457E+00   7.314333   0.199689 -38.253003  -0.236369 -99.000000   0.000000   0.283521   0.009258   0.020000   0.053770      5
 3.2359E+06   1.838849   1.091325 -14.273349 -99.000000  -8.405917   0.000000   0.000029   0.002085   0.020554  0.000E+00  max increase


__________________________________________________________________________________________________________________________________________________

       step    lg_Tmax     Teff     lg_LH      lg_Lnuc_tot Mass       H_rich     H_cntr     N_cntr     Y_surf   eta_cntr   zones  retry
  lg_dt_yrs    lg_Tcntr    lg_R     lg_L3a     lg_Lneu     lg_Mdot    He_core    He_cntr    O_cntr     Z_surf   gam_cntr   iters  
    age_yrs    lg_Dcntr    lg_L     lg_LZ      lg_Lphoto   lg_Dsurf   CO_core    C_cntr     Ne_cntr    Z_cntr   v_div_cs       dt_limit
__________________________________________________________________________________________________________________________________________________

         20   7.314450   8596.476   1.091048   1.091048   1.870000   1.870000   0.695666   0.005114   0.280000  -2.538775    939      0
 5.8248E+00   7.314450   0.199626 -38.246618  -0.236302 -99.000000   0.000000   0.283781   0.009248   0.020000   0.053763      5
 3.9040E+06   1.838838   1.091227 -13.972319 -99.000000  -8.405907   0.000000   0.000029   0.002085   0.020553  0.000E+00  max increase

save LOGS/profile5.data LOGS/profile5.data.GYRE for model 20
         21   7.314572   8596.551   1.091056   1.091056   1.870000   1.870000   0.695355   0.005124   0.280000  -2.539437    939      0
 5.9040E+00   7.314572   0.199579 -38.239781  -0.236164 -99.000000   0.000000   0.284094   0.009236   0.020000   0.053757      5
 4.7057E+06   1.838820   1.091148 -99.000000 -99.000000  -8.405879   0.000000   0.000029   0.002085   0.020552  0.000E+00  max increase

         22   7.314696   8596.441   1.091079   1.091079   1.870000   1.870000   0.694980   0.005137   0.280000  -2.540169    939      0
 5.9832E+00   7.314696   0.199555 -38.232647  -0.235979 -99.000000   0.000000   0.284470   0.009222   0.020000   0.053751      5
 5.6678E+06   1.838791   1.091079 -99.000000 -99.000000  -8.405767   0.000000   0.000029   0.002085   0.020550  0.000E+00  max increase

         23   7.314818   8596.096   1.091112   1.091112   1.870000   1.870000   0.694528   0.005152   0.280000  -2.540971    939      0
 6.0624E+00   7.314818   0.199564 -38.225263  -0.235744 -99.000000   0.000000   0.284924   0.009205   0.020000   0.053748      5
 6.8223E+06   1.838750   1.091027 -99.000000 -99.000000  -8.405554   0.000000   0.000029   0.002085   0.020548  0.000E+00  max increase

         24   7.314938   8595.497   1.091161   1.091161   1.870000   1.870000   0.693984   0.005170   0.280000  -2.541819    939      0
 6.1416E+00   7.314938   0.199616 -38.217639  -0.235442 -99.000000   0.000000   0.285471   0.009184   0.020000   0.053747      5
 8.2076E+06   1.838709   1.091009 -14.750470 -99.000000  -8.405243   0.000000   0.000029   0.002085   0.020545  0.000E+00  max increase

         25   7.315041   8594.574   1.091242   1.091242   1.870000   1.870000   0.693458   0.005186   0.280000  -2.542765    939      0
 6.2207E+00   7.315041   0.199718 -38.210986  -0.234820 -99.000000   0.000000   0.285999   0.009166   0.020000   0.053746      5
 9.8701E+06   1.838596   1.091027 -14.750470 -99.000000  -8.404803   0.000000   0.000029   0.002085   0.020543  0.000E+00  max increase

save LOGS/profile6.data LOGS/profile6.data.GYRE for model 25
         26   7.315161   8593.416   1.091345   1.091345   1.870000   1.870000   0.692695   0.005210   0.280000  -2.543754    939      0
 6.2999E+00   7.315161   0.199875 -38.202530  -0.234258 -99.000000   0.000000   0.286765   0.009138   0.020000   0.053752      5
 1.1865E+07   1.838550   1.091106 -14.449440 -99.000000  -8.404296   0.000000   0.000029   0.002085   0.020539  0.000E+00  max increase

         27   7.315276   8591.755   1.091509   1.091509   1.870000   1.870000   0.691777   0.005240   0.280000  -2.544876    939      0
 6.3791E+00   7.315276   0.200101 -38.193663  -0.233573 -99.000000   0.000000   0.287688   0.009103   0.020000   0.053762      5
 1.4259E+07   1.838482   1.091224 -13.972319 -99.000000  -8.403573   0.000000   0.000029   0.002085   0.020535  0.000E+00  max increase

         28   7.315391   8589.564   1.091716   1.091716   1.870000   1.870000   0.690672   0.005275   0.280000  -2.546136    939      0
 6.4583E+00   7.315391   0.200411 -38.184130  -0.232710 -99.000000   0.000000   0.288799   0.009063   0.020000   0.053778      5
 1.7132E+07   1.838402   1.091399 -99.000000 -99.000000  -8.402635   0.000000   0.000030   0.002085   0.020530  0.000E+00  max increase

         29   7.315506   8586.761   1.091984   1.091984   1.870000   1.870000   0.689340   0.005318   0.280000  -2.547559    939      0
 6.5375E+00   7.315506   0.200816 -38.173680  -0.231623 -99.000000   0.000000   0.290137   0.009014   0.020000   0.053800      5
 2.0579E+07   1.838312   1.091644 -99.000000 -99.000000  -8.401453   0.000000   0.000030   0.002085   0.020524  0.000E+00  max increase


__________________________________________________________________________________________________________________________________________________

       step    lg_Tmax     Teff     lg_LH      lg_Lnuc_tot Mass       H_rich     H_cntr     N_cntr     Y_surf   eta_cntr   zones  retry
  lg_dt_yrs    lg_Tcntr    lg_R     lg_L3a     lg_Lneu     lg_Mdot    He_core    He_cntr    O_cntr     Z_surf   gam_cntr   iters  
    age_yrs    lg_Dcntr    lg_L     lg_LZ      lg_Lphoto   lg_Dsurf   CO_core    C_cntr     Ne_cntr    Z_cntr   v_div_cs       dt_limit
__________________________________________________________________________________________________________________________________________________

         30   7.315626   8583.244   1.092326   1.092326   1.870000   1.870000   0.687735   0.005368   0.280000  -2.549182    939      0
 6.6167E+00   7.315626   0.201335 -38.162021  -0.230263 -99.000000   0.000000   0.291749   0.008956   0.020000   0.053829      5
 2.4716E+07   1.838213   1.091969 -14.449440 -99.000000  -8.399984   0.000000   0.000030   0.002085   0.020516  0.000E+00  max increase

save LOGS/profile7.data LOGS/profile7.data.GYRE for model 30
         31   7.315752   8578.889   1.092759   1.092759   1.870000   1.870000   0.685802   0.005429   0.280000  -2.551046    939      0
 6.6958E+00   7.315752   0.201986 -38.148790  -0.228578 -99.000000   0.000000   0.293691   0.008886   0.020000   0.053867      5
 2.9680E+07   1.838107   1.092390 -99.000000 -99.000000  -8.398180   0.000000   0.000031   0.002085   0.020508  0.000E+00  max increase

         32   7.315891   8573.549   1.093301   1.093301   1.870000   1.870000   0.683471   0.005500   0.280000  -2.553202    939      0
 6.7750E+00   7.315891   0.202794 -38.133542  -0.226506 -99.000000   0.000000   0.296032   0.008804   0.020000   0.053916      5
 3.5636E+07   1.837998   1.092924 -14.449440 -99.000000  -8.395983   0.000000   0.000031   0.002085   0.020497  0.000E+00  max increase

         33   7.316047   8567.051   1.093976   1.093976   1.870000   1.870000   0.680660   0.005585   0.280000  -2.555711    939      0
 6.8542E+00   7.316047   0.203787 -38.115729  -0.223976 -99.000000   0.000000   0.298855   0.008706   0.020000   0.053978      5
 4.2785E+07   1.837889   1.093593 -99.000000 -99.000000  -8.393324   0.000000   0.000031   0.002085   0.020485  0.000E+00  max increase

         34   7.316228   8559.188   1.094811   1.094811   1.870000   1.870000   0.677268   0.005686   0.280000  -2.558640    939      0
 6.9334E+00   7.316228   0.205001 -38.094678  -0.220904 -99.000000   0.000000   0.302262   0.008590   0.020000   0.054055      5
 5.1362E+07   1.837790   1.094425 -14.449440 -99.000000  -8.390126   0.000000   0.000032   0.002085   0.020470  0.000E+00  max increase

         35   7.316446   8550.612   1.095893   1.095893   1.870000   1.870000   0.673578   0.005789   0.280000  -2.561914    939      0
 7.0126E+00   7.316446   0.206426 -38.071050  -0.217138 -99.000000   0.000000   0.305966   0.008472   0.020000   0.054138      5
 6.1656E+07   1.837677   1.095534 -99.000000 -99.000000  -8.386803   0.000000   0.000033   0.002085   0.020456  0.000E+00  max increase

save LOGS/profile8.data LOGS/profile8.data.GYRE for model 35
         36   7.316710   8539.394   1.097187   1.097187   1.870000   1.870000   0.668712   0.005925   0.280000  -2.565935    939      0
 7.0917E+00   7.316710   0.208203 -38.041069  -0.212659 -99.000000   0.000000   0.310852   0.008315   0.020000   0.054254      5
 7.4008E+07   1.837623   1.096807 -99.000000 -99.000000  -8.382309   0.000000   0.000033   0.002085   0.020436  0.000E+00  max increase

         37   7.317034   8525.881   1.098755   1.098755   1.870000   1.870000   0.662824   0.006086   0.280000  -2.570685    935      0
 7.1709E+00   7.317034   0.210362 -38.004934  -0.207330 -99.000000   0.000000   0.316764   0.008130   0.020000   0.054399      5
 8.8830E+07   1.837618   1.098375 -14.273349 -99.000000  -8.376922   0.000000   0.000034   0.002085   0.020412  0.000E+00  max increase

         38   7.317440   8509.617   1.100674   1.100674   1.870000   1.870000   0.655687   0.006273   0.280000  -2.576313    935      0
 7.2501E+00   7.317440   0.212981 -37.961047  -0.200975 -99.000000   0.000000   0.323927   0.007915   0.020000   0.054578      5
 1.0662E+08   1.837692   1.100296 -99.000000 -99.000000  -8.370465   0.000000   0.000035   0.002085   0.020385  0.000E+00      XHe_cntr

         39   7.317793   8495.934   1.102306   1.102306   1.870000   1.870000   0.649662   0.006426   0.280000  -2.580987    935      0
 7.1731E+00   7.317793   0.215195 -37.923941  -0.195702 -99.000000   0.000000   0.329975   0.007739   0.020000   0.054734      5
 1.2151E+08   1.837809   1.101928 -99.000000 -99.000000  -8.365045   0.000000   0.000036   0.002085   0.020363  0.000E+00      XHe_cntr


__________________________________________________________________________________________________________________________________________________

       step    lg_Tmax     Teff     lg_LH      lg_Lnuc_tot Mass       H_rich     H_cntr     N_cntr     Y_surf   eta_cntr   zones  retry
  lg_dt_yrs    lg_Tcntr    lg_R     lg_L3a     lg_Lneu     lg_Mdot    He_core    He_cntr    O_cntr     Z_surf   gam_cntr   iters  
    age_yrs    lg_Dcntr    lg_L     lg_LZ      lg_Lphoto   lg_Dsurf   CO_core    C_cntr     Ne_cntr    Z_cntr   v_div_cs       dt_limit
__________________________________________________________________________________________________________________________________________________

         40   7.318130   8483.353   1.103802   1.103802   1.870000   1.870000   0.644082   0.006564   0.280000  -2.585246    937      0
 7.1327E+00   7.318130   0.217230 -37.889447  -0.191009 -99.000000   0.000000   0.335575   0.007580   0.020000   0.054880      5
 1.3509E+08   1.837967   1.103425 -14.148410 -99.000000  -8.360057   0.000000   0.000037   0.002085   0.020343  0.000E+00      XHe_cntr

save LOGS/profile9.data LOGS/profile9.data.GYRE for model 40
         41   7.318455   8471.340   1.105236   1.105236   1.870000   1.870000   0.638794   0.006691   0.280000  -2.589271    938      0
 7.1098E+00   7.318455   0.219178 -37.856875  -0.186493 -99.000000   0.000000   0.340881   0.007433   0.020000   0.055021      5
 1.4796E+08   1.838132   1.104858 -99.000000 -99.000000  -8.355298   0.000000   0.000038   0.002085   0.020325  0.000E+00      XHe_cntr

         42   7.318783   8459.617   1.106641   1.106641   1.870000   1.870000   0.633586   0.006814   0.280000  -2.593155    940      0
 7.0968E+00   7.318783   0.221084 -37.824610  -0.182208 -99.000000   0.000000   0.346107   0.007292   0.020000   0.055162      5
 1.6046E+08   1.838347   1.106264 -99.000000 -99.000000  -8.350658   0.000000   0.000039   0.002085   0.020307  0.000E+00      XHe_cntr

         43   7.319116   8447.997   1.108031   1.108031   1.870000   1.870000   0.628417   0.006932   0.280000  -2.596957    948      0
 7.0888E+00   7.319116   0.222972 -37.792570  -0.178032 -99.000000   0.000000   0.351294   0.007156   0.020000   0.055305      5
 1.7273E+08   1.838596   1.107653 -99.000000 -99.000000  -8.346055   0.000000   0.000039   0.002085   0.020290  0.000E+00      XHe_cntr

         44   7.319452   8436.438   1.109407   1.109407   1.870000   1.870000   0.623270   0.007048   0.280000  -2.600697    948      0
 7.0820E+00   7.319452   0.224849 -37.760664  -0.173951 -99.000000   0.000000   0.356456   0.007023   0.020000   0.055450      5
 1.8481E+08   1.838875   1.109028 -13.905372 -99.000000  -8.341471   0.000000   0.000040   0.002085   0.020273  0.000E+00      XHe_cntr

         45   7.319791   8424.915   1.110772   1.110772   1.870000   1.870000   0.618160   0.007160   0.280000  -2.604390    948      0
 7.0762E+00   7.319791   0.226718 -37.729025  -0.169918 -99.000000   0.000000   0.361583   0.006894   0.020000   0.055596      5
 1.9673E+08   1.839173   1.110392 -99.000000 -99.000000  -8.336895   0.000000   0.000041   0.002085   0.020257  0.000E+00      XHe_cntr

save LOGS/profile10.data LOGS/profile10.data.GYRE for model 45
         46   7.320134   8413.436   1.112132   1.112132   1.870000   1.870000   0.613074   0.007268   0.280000  -2.608037    952      0
 7.0715E+00   7.320134   0.228582 -37.697475  -0.165958 -99.000000   0.000000   0.366685   0.006769   0.020000   0.055743      5
 2.0851E+08   1.839495   1.111752 -99.000000 -99.000000  -8.332337   0.000000   0.000041   0.002085   0.020241  0.000E+00      XHe_cntr

         47   7.320483   8401.961   1.113489   1.113489   1.870000   1.870000   0.608000   0.007375   0.280000  -2.611647    953      0
 7.0678E+00   7.320483   0.230446 -37.665945  -0.162061 -99.000000   0.000000   0.371774   0.006647   0.020000   0.055891      5
 2.2020E+08   1.839842   1.113108 -14.449440 -99.000000  -8.327778   0.000000   0.000042   0.002085   0.020226  0.000E+00      XHe_cntr

         48   7.320838   8390.478   1.114844   1.114844   1.870000   1.870000   0.602933   0.007478   0.280000  -2.615231    960      0
 7.0646E+00   7.320838   0.232311 -37.634401  -0.158221 -99.000000   0.000000   0.376856   0.006528   0.020000   0.056042      5
 2.3181E+08   1.840211   1.114463 -99.000000 -99.000000  -8.323214   0.000000   0.000043   0.002085   0.020211  0.000E+00      XHe_cntr

         49   7.321198   8378.918   1.116199   1.116199   1.870000   1.870000   0.597869   0.007579   0.280000  -2.618791    963      0
 7.0617E+00   7.321198   0.234186 -37.602831  -0.154434 -99.000000   0.000000   0.381935   0.006411   0.020000   0.056195      5
 2.4333E+08   1.840602   1.115817 -99.000000 -99.000000  -8.323060   0.000000   0.000043   0.002085   0.020196  0.000E+00      XHe_cntr

save LOGS/profile11.data LOGS/profile11.data.GYRE for model 49

__________________________________________________________________________________________________________________________________________________

       step    lg_Tmax     Teff     lg_LH      lg_Lnuc_tot Mass       H_rich     H_cntr     N_cntr     Y_surf   eta_cntr   zones  retry
  lg_dt_yrs    lg_Tcntr    lg_R     lg_L3a     lg_Lneu     lg_Mdot    He_core    He_cntr    O_cntr     Z_surf   gam_cntr   iters  
    age_yrs    lg_Dcntr    lg_L     lg_LZ      lg_Lphoto   lg_Dsurf   CO_core    C_cntr     Ne_cntr    Z_cntr   v_div_cs       dt_limit
__________________________________________________________________________________________________________________________________________________

         50   7.321564   8367.392   1.117551   1.117551   1.870000   1.870000   0.592807   0.007678   0.280000  -2.622326    961      0
 7.0589E+00   7.321564   0.236057 -37.571240  -0.150701 -99.000000   0.000000   0.387011   0.006297   0.020000   0.056349      5
 2.5479E+08   1.841014   1.117169 -99.000000 -99.000000  -8.318353   0.000000   0.000044   0.002085   0.020182  0.000E+00      XHe_cntr

save LOGS/profile12.data LOGS/profile12.data.GYRE for model 50
save photos/x050 for model 50
         51   7.321935   8355.842   1.118901   1.118901   1.870000   1.870000   0.587747   0.007775   0.280000  -2.625838    965      0
 7.0563E+00   7.321935   0.237932 -37.539627  -0.147020 -99.000000   0.000000   0.392086   0.006185   0.020000   0.056506      5
 2.6617E+08   1.841447   1.118519 -99.000000 -99.000000  -8.313636   0.000000   0.000045   0.002085   0.020168  0.000E+00      XHe_cntr

         52   7.322316   8344.250   1.120250   1.120250   1.870000   1.870000   0.582637   0.007871   0.280000  -2.629316    968      0
 7.0537E+00   7.322316   0.239812 -37.507570  -0.143460 -99.000000   0.000000   0.397209   0.006075   0.020000   0.056667      5
 2.7748E+08   1.841927   1.119866 -99.000000 -99.000000  -8.308900   0.000000   0.000045   0.002085   0.020154  0.000E+00      XHe_cntr

         53   7.322697   8332.573   1.121587   1.121587   1.870000   1.870000   0.577541   0.007965   0.280000  -2.632787    971      0
 7.0501E+00   7.322697   0.241695 -37.475783  -0.139885 -99.000000   0.000000   0.402319   0.005967   0.020000   0.056830      5
 2.8871E+08   1.842410   1.121201 -99.000000 -99.000000  -8.304114   0.000000   0.000046   0.002085   0.020140  0.000E+00      XHe_cntr

         54   7.323077   8320.981   1.122921   1.122921   1.870000   1.870000   0.572526   0.008055   0.280000  -2.636213    970      0
 7.0460E+00   7.323077   0.243572 -37.444452  -0.136337 -99.000000   0.000000   0.407347   0.005863   0.020000   0.056992      5
 2.9982E+08   1.842893   1.122536 -99.000000 -99.000000  -8.299376   0.000000   0.000046   0.002085   0.020127  0.000E+00      XHe_cntr

         55   7.323496   8309.301   1.124254   1.124254   1.870000   1.870000   0.567442   0.008145   0.280000  -2.639618    971      0
 7.0440E+00   7.323496   0.245458 -37.412663  -0.132902 -99.000000   0.000000   0.412444   0.005760   0.020000   0.057158      5
 3.1089E+08   1.843463   1.123867 -99.000000 -99.000000  -8.294594   0.000000   0.000047   0.002085   0.020114  0.000E+00      XHe_cntr

save LOGS/profile13.data LOGS/profile13.data.GYRE for model 55
         56   7.323893   8297.501   1.125580   1.125580   1.870000   1.870000   0.562331   0.008233   0.280000  -2.643025    980      0
 7.0418E+00   7.323893   0.247354 -37.380643  -0.129511 -99.000000   0.000000   0.417568   0.005658   0.020000   0.057328      5
 3.2190E+08   1.844014   1.125191 -99.000000 -99.000000  -8.289750   0.000000   0.000048   0.002085   0.020101  0.000E+00      XHe_cntr

         57   7.324292   8285.653   1.126895   1.126895   1.870000   1.870000   0.557240   0.008319   0.280000  -2.646407    975      0
 7.0376E+00   7.324292   0.249251 -37.348831  -0.126142 -99.000000   0.000000   0.422671   0.005559   0.020000   0.057500      5
 3.3281E+08   1.844575   1.126503 -14.148410 -99.000000  -8.284879   0.000000   0.000048   0.002085   0.020089  0.000E+00      XHe_cntr

         58   7.324696   8273.783   1.128202   1.128202   1.870000   1.870000   0.552141   0.008404   0.280000  -2.649759    973      0
 7.0338E+00   7.324696   0.251149 -37.316875  -0.122864 -99.000000   0.000000   0.427782   0.005462   0.020000   0.057675      5
 3.4362E+08   1.845165   1.127809 -99.000000 -99.000000  -8.279995   0.000000   0.000049   0.002085   0.020076  0.000E+00      XHe_cntr

         59   7.325102   8261.846   1.129499   1.129499   1.870000   1.870000   0.547057   0.008487   0.280000  -2.653096    970      0
 7.0301E+00   7.325102   0.253051 -37.285091  -0.119602 -99.000000   0.000000   0.432878   0.005366   0.020000   0.057852      5
 3.5433E+08   1.845763   1.129103 -99.000000 -99.000000  -8.275076   0.000000   0.000049   0.002085   0.020064  0.000E+00      XHe_cntr


__________________________________________________________________________________________________________________________________________________

       step    lg_Tmax     Teff     lg_LH      lg_Lnuc_tot Mass       H_rich     H_cntr     N_cntr     Y_surf   eta_cntr   zones  retry
  lg_dt_yrs    lg_Tcntr    lg_R     lg_L3a     lg_Lneu     lg_Mdot    He_core    He_cntr    O_cntr     Z_surf   gam_cntr   iters  
    age_yrs    lg_Dcntr    lg_L     lg_LZ      lg_Lphoto   lg_Dsurf   CO_core    C_cntr     Ne_cntr    Z_cntr   v_div_cs       dt_limit
__________________________________________________________________________________________________________________________________________________

         60   7.325512   8249.875   1.130788   1.130788   1.870000   1.870000   0.541987   0.008567   0.280000  -2.656409    967      0
 7.0266E+00   7.325512   0.254954 -37.253363  -0.116391 -99.000000   0.000000   0.437960   0.005273   0.020000   0.058031      5
 3.6497E+08   1.846377   1.130391 -99.000000 -99.000000  -8.270140   0.000000   0.000050   0.002085   0.020053  0.000E+00      XHe_cntr

save LOGS/profile14.data LOGS/profile14.data.GYRE for model 60
         61   7.325925   8237.852   1.132072   1.132072   1.870000   1.870000   0.536924   0.008647   0.280000  -2.659706    968      0
 7.0236E+00   7.325925   0.256862 -37.221647  -0.113227 -99.000000   0.000000   0.443034   0.005182   0.020000   0.058212      5
 3.7552E+08   1.847006   1.131674 -99.000000 -99.000000  -8.265180   0.000000   0.000050   0.002085   0.020041  0.000E+00      XHe_cntr

         62   7.326342   8225.765   1.133353   1.133353   1.870000   1.870000   0.531865   0.008724   0.280000  -2.662984    969      0
 7.0210E+00   7.326342   0.258777 -37.189919  -0.110105 -99.000000   0.000000   0.448105   0.005093   0.020000   0.058395      5
 3.8602E+08   1.847652   1.132952 -14.449440 -99.000000  -8.260191   0.000000   0.000051   0.002085   0.020030  0.000E+00      XHe_cntr

         63   7.326770   8213.589   1.134629   1.134629   1.870000   1.870000   0.526756   0.008801   0.280000  -2.666237    966      0
 7.0186E+00   7.326770   0.260701 -37.157718  -0.107101 -99.000000   0.000000   0.453225   0.005004   0.020000   0.058584      5
 3.9646E+08   1.848344   1.134227 -99.000000 -99.000000  -8.255163   0.000000   0.000051   0.002085   0.020019  0.000E+00      XHe_cntr

         64   7.327197   8201.286   1.135893   1.135893   1.870000   1.870000   0.521661   0.008877   0.280000  -2.669488    964      0
 7.0151E+00   7.327197   0.262632 -37.125784  -0.104068 -99.000000   0.000000   0.458331   0.004917   0.020000   0.058774      5
 4.0681E+08   1.849035   1.135486 -99.000000 -99.000000  -8.250066   0.000000   0.000052   0.002085   0.020008  0.000E+00      XHe_cntr

         65   7.327626   8188.954   1.137147   1.137147   1.870000   1.870000   0.516587   0.008950   0.280000  -2.672715    965      0
 7.0111E+00   7.327626   0.264565 -37.093936  -0.101086 -99.000000   0.000000   0.463416   0.004832   0.020000   0.058966      5
 4.1707E+08   1.849740   1.136738 -99.000000 -99.000000  -8.244957   0.000000   0.000052   0.002085   0.019997  0.000E+00      XHe_cntr

save LOGS/profile15.data LOGS/profile15.data.GYRE for model 65
         66   7.328059   8176.559   1.138394   1.138394   1.870000   1.870000   0.511523   0.009022   0.280000  -2.675923    963      0
 7.0080E+00   7.328059   0.266504 -37.062111  -0.098148 -99.000000   0.000000   0.468491   0.004749   0.020000   0.059161      5
 4.2725E+08   1.850459   1.137984 -14.273349 -99.000000  -8.239820   0.000000   0.000053   0.002085   0.019987  0.000E+00      XHe_cntr

         67   7.328502   8164.070   1.139638   1.139638   1.870000   1.870000   0.506410   0.009094   0.280000  -2.679102    966      0
 7.0053E+00   7.328502   0.268452 -37.029816  -0.095328 -99.000000   0.000000   0.473613   0.004667   0.020000   0.059361      5
 4.3738E+08   1.851225   1.139225 -99.000000 -99.000000  -8.234642   0.000000   0.000053   0.002085   0.019976  0.000E+00      XHe_cntr

         68   7.328944   8151.453   1.140868   1.140868   1.870000   1.870000   0.501314   0.009163   0.280000  -2.682281    965      0
 7.0017E+00   7.328944   0.270408 -36.997786  -0.092476 -99.000000   0.000000   0.478720   0.004587   0.020000   0.059562      5
 4.4742E+08   1.851990   1.140450 -14.273349 -99.000000  -8.229397   0.000000   0.000054   0.002085   0.019966  0.000E+00      XHe_cntr

         69   7.329388   8138.799   1.142086   1.142086   1.870000   1.870000   0.496240   0.009232   0.280000  -2.685436    968      0
 6.9977E+00   7.329388   0.272366 -36.965849  -0.089674 -99.000000   0.000000   0.483804   0.004508   0.020000   0.059766      5
 4.5736E+08   1.852767   1.141667 -14.750470 -99.000000  -8.224136   0.000000   0.000054   0.002085   0.019956  0.000E+00      XHe_cntr

save LOGS/profile16.data LOGS/profile16.data.GYRE for model 69

__________________________________________________________________________________________________________________________________________________

       step    lg_Tmax     Teff     lg_LH      lg_Lnuc_tot Mass       H_rich     H_cntr     N_cntr     Y_surf   eta_cntr   zones  retry
  lg_dt_yrs    lg_Tcntr    lg_R     lg_L3a     lg_Lneu     lg_Mdot    He_core    He_cntr    O_cntr     Z_surf   gam_cntr   iters  
    age_yrs    lg_Dcntr    lg_L     lg_LZ      lg_Lphoto   lg_Dsurf   CO_core    C_cntr     Ne_cntr    Z_cntr   v_div_cs       dt_limit
__________________________________________________________________________________________________________________________________________________

         70   7.329835   8126.090   1.143296   1.143296   1.870000   1.870000   0.491177   0.009299   0.280000  -2.688570    968      0
 6.9946E+00   7.329835   0.274327 -36.933947  -0.086918 -99.000000   0.000000   0.488877   0.004431   0.020000   0.059972      5
 4.6724E+08   1.853558   1.142874 -14.449440 -99.000000  -8.218851   0.000000   0.000055   0.002085   0.019947  0.000E+00      XHe_cntr

save LOGS/profile17.data LOGS/profile17.data.GYRE for model 70
         71   7.330291   8113.316   1.144500   1.144500   1.870000   1.870000   0.486072   0.009365   0.280000  -2.691675    990      0
 6.9920E+00   7.330291   0.276295 -36.901640  -0.084272 -99.000000   0.000000   0.493991   0.004354   0.020000   0.060184      5
 4.7706E+08   1.854391   1.144077 -14.449440 -99.000000  -8.213540   0.000000   0.000055   0.002085   0.019937  0.000E+00      XHe_cntr

         72   7.330747   8100.419   1.145691   1.145691   1.870000   1.870000   0.480982   0.009430   0.280000  -2.694771    978      0
 6.9886E+00   7.330747   0.278270 -36.869547  -0.081600 -99.000000   0.000000   0.499091   0.004280   0.020000   0.060398      5
 4.8680E+08   1.855228   1.145264 -99.000000 -99.000000  -8.208167   0.000000   0.000056   0.002085   0.019928  0.000E+00      XHe_cntr

         73   7.331211   8087.473   1.146870   1.146870   1.870000   1.870000   0.475863   0.009494   0.280000  -2.697835    976      0
 6.9849E+00   7.331211   0.280248 -36.837132  -0.079047 -99.000000   0.000000   0.504219   0.004206   0.020000   0.060617      5
 4.9646E+08   1.856103   1.146440 -13.972319 -99.000000  -8.202772   0.000000   0.000056   0.002085   0.019918  0.000E+00      XHe_cntr

         74   7.331673   8074.435   1.148034   1.148034   1.870000   1.870000   0.470766   0.009556   0.280000  -2.700891    976      0
 6.9809E+00   7.331673   0.282229 -36.804982  -0.076472 -99.000000   0.000000   0.509325   0.004134   0.020000   0.060838      5
 5.0603E+08   1.856977   1.147600 -14.051500 -99.000000  -8.197329   0.000000   0.000057   0.002085   0.019909  0.000E+00      XHe_cntr

         75   7.332137   8061.365   1.149185   1.149185   1.870000   1.870000   0.465693   0.009618   0.280000  -2.703923    977      0
 6.9769E+00   7.332137   0.284211 -36.772930  -0.073945 -99.000000   0.000000   0.514407   0.004063   0.020000   0.061061      5
 5.1551E+08   1.857861   1.148749 -99.000000 -99.000000  -8.191873   0.000000   0.000057   0.002085   0.019900  0.000E+00      XHe_cntr

save LOGS/profile18.data LOGS/profile18.data.GYRE for model 75
         76   7.332604   8048.229   1.150327   1.150327   1.870000   1.870000   0.460632   0.009677   0.280000  -2.706938    978      0
 6.9738E+00   7.332604   0.286197 -36.740892  -0.071459 -99.000000   0.000000   0.519477   0.003994   0.020000   0.061286      5
 5.2492E+08   1.858759   1.149889 -99.000000 -99.000000  -8.186388   0.000000   0.000058   0.002085   0.019892  0.000E+00      XHe_cntr

         77   7.333074   8035.010   1.151463   1.151463   1.870000   1.870000   0.455577   0.009736   0.280000  -2.709932    978      0
 6.9713E+00   7.333074   0.288192 -36.708835  -0.069010 -99.000000   0.000000   0.524540   0.003926   0.020000   0.061515      5
 5.3428E+08   1.859674   1.151023 -99.000000 -99.000000  -8.180870   0.000000   0.000058   0.002085   0.019883  0.000E+00      XHe_cntr

         78   7.333561   8021.661   1.152594   1.152594   1.870000   1.870000   0.450425   0.009795   0.280000  -2.712882    976      0
 6.9691E+00   7.333561   0.290200 -36.675896  -0.066738 -99.000000   0.000000   0.529701   0.003858   0.020000   0.061753      5
 5.4359E+08   1.860666   1.152150 -99.000000 -99.000000  -8.175295   0.000000   0.000059   0.002085   0.019874  0.000E+00      XHe_cntr

         79   7.334042   8008.158   1.153704   1.153704   1.870000   1.870000   0.445300   0.009853   0.280000  -2.715845    981      0
 6.9648E+00   7.334042   0.292215 -36.643401  -0.064373 -99.000000   0.000000   0.534834   0.003792   0.020000   0.061993      5
 5.5282E+08   1.861641   1.153254 -99.000000 -99.000000  -8.169637   0.000000   0.000059   0.002085   0.019866  0.000E+00      XHe_cntr


__________________________________________________________________________________________________________________________________________________

       step    lg_Tmax     Teff     lg_LH      lg_Lnuc_tot Mass       H_rich     H_cntr     N_cntr     Y_surf   eta_cntr   zones  retry
  lg_dt_yrs    lg_Tcntr    lg_R     lg_L3a     lg_Lneu     lg_Mdot    He_core    He_cntr    O_cntr     Z_surf   gam_cntr   iters  
    age_yrs    lg_Dcntr    lg_L     lg_LZ      lg_Lphoto   lg_Dsurf   CO_core    C_cntr     Ne_cntr    Z_cntr   v_div_cs       dt_limit
__________________________________________________________________________________________________________________________________________________

         80   7.334539   7994.573   1.154793   1.154793   1.870000   1.870000   0.440095   0.009910   0.280000  -2.718767    984      0
 6.9596E+00   7.334539   0.294232 -36.610128  -0.062227 -99.000000   0.000000   0.540047   0.003725   0.020000   0.062241      5
 5.6193E+08   1.862685   1.154338 -14.051500 -99.000000  -8.163936   0.000000   0.000060   0.002085   0.019858  0.000E+00      XHe_cntr

save LOGS/profile19.data LOGS/profile19.data.GYRE for model 80
         81   7.335006   7981.152   1.155871   1.155871   1.870000   1.870000   0.435176   0.009963   0.280000  -2.721672    984      0
 6.9535E+00   7.335006   0.296231 -36.579004  -0.059801 -99.000000   0.000000   0.544974   0.003664   0.020000   0.062477      5
 5.7091E+08   1.863613   1.155417 -14.051500 -99.000000  -8.158320   0.000000   0.000060   0.002085   0.019850  0.000E+00      XHe_cntr

         82   7.335593   7964.729   1.157161   1.157161   1.870000   1.870000   0.429100   0.010028   0.280000  -2.725151    985      0
 7.0327E+00   7.335593   0.298662 -36.540167  -0.057116 -99.000000   0.000000   0.551060   0.003590   0.020000   0.062774      5
 5.8169E+08   1.864829   1.156702 -99.000000 -99.000000  -8.151435   0.000000   0.000061   0.002085   0.019841  0.000E+00  max increase

         83   7.336310   7944.674   1.158707   1.158707   1.870000   1.870000   0.421762   0.010104   0.280000  -2.729321    987      0
 7.1119E+00   7.336310   0.301623 -36.493130  -0.053938 -99.000000   0.000000   0.558408   0.003502   0.020000   0.063140      5
 5.9463E+08   1.866331   1.158244 -99.000000 -99.000000  -8.143028   0.000000   0.000061   0.002085   0.019829  0.000E+00      XHe_cntr

         84   7.336920   7927.782   1.159983   1.159983   1.870000   1.870000   0.415598   0.010166   0.280000  -2.732743    988      0
 7.0289E+00   7.336920   0.304107 -36.453368  -0.051427 -99.000000   0.000000   0.564581   0.003430   0.020000   0.063455      5
 6.0532E+08   1.867650   1.159514 -14.449440 -99.000000  -8.135941   0.000000   0.000062   0.002085   0.019820  0.000E+00      XHe_cntr

         85   7.337484   7912.165   1.161125   1.161125   1.870000   1.870000   0.409936   0.010222   0.280000  -2.735853    989      0
 6.9850E+00   7.337484   0.306387 -36.416839  -0.049198 -99.000000   0.000000   0.570252   0.003366   0.020000   0.063751      5
 6.1498E+08   1.868886   1.160649 -99.000000 -99.000000  -8.129373   0.000000   0.000062   0.002085   0.019812  0.000E+00      XHe_cntr

save LOGS/profile20.data LOGS/profile20.data.GYRE for model 85
         86   7.338028   7897.121   1.162190   1.162190   1.870000   1.870000   0.404509   0.010275   0.280000  -2.738800    985      0
 6.9594E+00   7.338028   0.308569 -36.381771  -0.047130 -99.000000   0.000000   0.575686   0.003304   0.020000   0.064038      5
 6.2409E+08   1.870099   1.161707 -14.750470 -99.000000  -8.123030   0.000000   0.000063   0.002085   0.019805  0.000E+00      XHe_cntr

         87   7.338556   7882.373   1.163207   1.163207   1.870000   1.870000   0.399261   0.010325   0.280000  -2.741658    984      0
 6.9431E+00   7.338556   0.310699 -36.347906  -0.045085 -99.000000   0.000000   0.580941   0.003246   0.020000   0.064321      5
 6.3286E+08   1.871277   1.162719 -99.000000 -99.000000  -8.116803   0.000000   0.000063   0.002085   0.019797  0.000E+00      XHe_cntr

save LOGS/profile21.data LOGS/profile21.data.GYRE for model 87
         88   7.339078   7867.791   1.164193   1.164193   1.870000   1.870000   0.394116   0.010374   0.280000  -2.744451    984      0
 6.9328E+00   7.339078   0.312799 -36.314621  -0.043113 -99.000000   0.000000   0.586094   0.003191   0.020000   0.064602      5
 6.4143E+08   1.872447   1.163702 -99.000000 -99.000000  -8.110644   0.000000   0.000063   0.002085   0.019790  0.000E+00      XHe_cntr

         89   7.339599   7853.252   1.165162   1.165162   1.870000   1.870000   0.389022   0.010421   0.280000  -2.747205    987      0
 6.9267E+00   7.339599   0.314888 -36.281552  -0.041193 -99.000000   0.000000   0.591194   0.003136   0.020000   0.064885      5
 6.4987E+08   1.873624   1.164668 -99.000000 -99.000000  -8.104503   0.000000   0.000064   0.002085   0.019783  0.000E+00      XHe_cntr


__________________________________________________________________________________________________________________________________________________

       step    lg_Tmax     Teff     lg_LH      lg_Lnuc_tot Mass       H_rich     H_cntr     N_cntr     Y_surf   eta_cntr   zones  retry
  lg_dt_yrs    lg_Tcntr    lg_R     lg_L3a     lg_Lneu     lg_Mdot    He_core    He_cntr    O_cntr     Z_surf   gam_cntr   iters  
    age_yrs    lg_Dcntr    lg_L     lg_LZ      lg_Lphoto   lg_Dsurf   CO_core    C_cntr     Ne_cntr    Z_cntr   v_div_cs       dt_limit
__________________________________________________________________________________________________________________________________________________

         90   7.340123   7838.684   1.166118   1.166118   1.870000   1.870000   0.383954   0.010467   0.280000  -2.749926    987      0
 6.9228E+00   7.340123   0.316977 -36.248542  -0.039313 -99.000000   0.000000   0.596269   0.003083   0.020000   0.065171      5
 6.5824E+08   1.874814   1.165621 -99.000000 -99.000000  -8.098349   0.000000   0.000064   0.002085   0.019777  0.000E+00      XHe_cntr

save LOGS/profile22.data LOGS/profile22.data.GYRE for model 90
         91   7.340664   7823.942   1.167060   1.167060   1.870000   1.870000   0.378775   0.010513   0.280000  -2.752598    988      0
 6.9200E+00   7.340664   0.319081 -36.214541  -0.037632 -99.000000   0.000000   0.601455   0.003030   0.020000   0.065470      5
 6.6656E+08   1.876092   1.166558 -99.000000 -99.000000  -8.092111   0.000000   0.000065   0.002085   0.019770  0.000E+00      XHe_cntr

         92   7.341200   7809.096   1.167980   1.167980   1.870000   1.870000   0.373633   0.010558   0.280000  -2.755270    983      0
 6.9151E+00   7.341200   0.321187 -36.180968  -0.035837 -99.000000   0.000000   0.606603   0.002978   0.020000   0.065770      5
 6.7479E+08   1.877356   1.167471 -99.000000 -99.000000  -8.085817   0.000000   0.000065   0.002085   0.019763  0.000E+00      XHe_cntr

         93   7.341736   7794.288   1.168881   1.168881   1.870000   1.870000   0.368542   0.010602   0.280000  -2.757892    983      0
 6.9092E+00   7.341736   0.323285 -36.147602  -0.034087 -99.000000   0.000000   0.611701   0.002927   0.020000   0.066073      5
 6.8290E+08   1.878631   1.168370 -99.000000 -99.000000  -8.079541   0.000000   0.000066   0.002085   0.019757  0.000E+00      XHe_cntr

         94   7.342281   7779.371   1.169766   1.169766   1.870000   1.870000   0.363414   0.010645   0.280000  -2.760490    985      0
 6.9054E+00   7.342281   0.325389 -36.113792  -0.032457 -99.000000   0.000000   0.616836   0.002877   0.020000   0.066384      5
 6.9094E+08   1.879948   1.169249 -99.000000 -99.000000  -8.073211   0.000000   0.000066   0.002085   0.019751  0.000E+00      XHe_cntr

         95   7.342826   7764.367   1.170633   1.170633   1.870000   1.870000   0.358314   0.010688   0.280000  -2.763074    984      0
 6.9013E+00   7.342826   0.327497 -36.080174  -0.030788 -99.000000   0.000000   0.621942   0.002828   0.020000   0.066697      5
 6.9891E+08   1.881267   1.170111 -14.750470 -99.000000  -8.066840   0.000000   0.000066   0.002085   0.019744  0.000E+00      XHe_cntr

save LOGS/profile23.data LOGS/profile23.data.GYRE for model 95
         96   7.343380   7749.272   1.171484   1.171484   1.870000   1.870000   0.353180   0.010729   0.280000  -2.765616    980      0
 6.8972E+00   7.343380   0.329610 -36.046131  -0.029237 -99.000000   0.000000   0.627082   0.002780   0.020000   0.067019      5
 7.0680E+08   1.882635   1.170957 -99.000000 -99.000000  -8.060426   0.000000   0.000067   0.002085   0.019738  0.000E+00      XHe_cntr

         97   7.343934   7734.085   1.172316   1.172316   1.870000   1.870000   0.348078   0.010770   0.280000  -2.768142    975      0
 6.8929E+00   7.343934   0.331727 -36.012279  -0.027647 -99.000000   0.000000   0.632190   0.002733   0.020000   0.067343      5
 7.1462E+08   1.884004   1.171784 -99.000000 -99.000000  -8.053970   0.000000   0.000067   0.002085   0.019732  0.000E+00      XHe_cntr

         98   7.344489   7718.881   1.173136   1.173136   1.870000   1.870000   0.343008   0.010810   0.280000  -2.770630    980      0
 6.8887E+00   7.344489   0.333844 -35.978481  -0.026092 -99.000000   0.000000   0.637266   0.002686   0.020000   0.067671      5
 7.2235E+08   1.885388   1.172600 -99.000000 -99.000000  -8.047511   0.000000   0.000067   0.002085   0.019726  0.000E+00      XHe_cntr

         99   7.345051   7703.513   1.173941   1.173941   1.870000   1.870000   0.337889   0.010850   0.280000  -2.773094    979      0
 6.8858E+00   7.345051   0.335975 -35.944120  -0.024647 -99.000000   0.000000   0.642390   0.002641   0.020000   0.068009      5
 7.3004E+08   1.886815   1.173399 -99.000000 -99.000000  -8.040979   0.000000   0.000068   0.002085   0.019721  0.000E+00      XHe_cntr


__________________________________________________________________________________________________________________________________________________

       step    lg_Tmax     Teff     lg_LH      lg_Lnuc_tot Mass       H_rich     H_cntr     N_cntr     Y_surf   eta_cntr   zones  retry
  lg_dt_yrs    lg_Tcntr    lg_R     lg_L3a     lg_Lneu     lg_Mdot    He_core    He_cntr    O_cntr     Z_surf   gam_cntr   iters  
    age_yrs    lg_Dcntr    lg_L     lg_LZ      lg_Lphoto   lg_Dsurf   CO_core    C_cntr     Ne_cntr    Z_cntr   v_div_cs       dt_limit
__________________________________________________________________________________________________________________________________________________

        100   7.345618   7688.052   1.174730   1.174730   1.870000   1.870000   0.332795   0.010889   0.280000  -2.775543    980      0
 6.8822E+00   7.345618   0.338112 -35.909894  -0.023161 -99.000000   0.000000   0.647490   0.002596   0.020000   0.068350      5
 7.3767E+08   1.888254   1.174182 -99.000000 -99.000000  -8.034406   0.000000   0.000068   0.002085   0.019715  0.000E+00      XHe_cntr

save LOGS/profile24.data LOGS/profile24.data.GYRE for model 100
save photos/x100 for model 100
        101   7.346187   7672.533   1.175504   1.175504   1.870000   1.870000   0.327730   0.010926   0.280000  -2.777969    976      0
 6.8783E+00   7.346187   0.340252 -35.875688  -0.021710 -99.000000   0.000000   0.652561   0.002552   0.020000   0.068694      5
 7.4522E+08   1.889704   1.174952 -99.000000 -99.000000  -8.027813   0.000000   0.000069   0.002085   0.019709  0.000E+00      XHe_cntr

        102   7.346761   7656.914   1.176266   1.176266   1.870000   1.870000   0.322679   0.010963   0.280000  -2.780380    978      0
 6.8756E+00   7.346761   0.342400 -35.841397  -0.020289 -99.000000   0.000000   0.657617   0.002509   0.020000   0.069043      5
 7.5273E+08   1.891169   1.175709 -99.000000 -99.000000  -8.021180   0.000000   0.000069   0.002085   0.019704  0.000E+00      XHe_cntr

        103   7.347356   7641.026   1.177011   1.177011   1.870000   1.870000   0.317502   0.011001   0.280000  -2.782753    977      0
 6.8735E+00   7.347356   0.344573 -35.805982  -0.019045 -99.000000   0.000000   0.662800   0.002466   0.020000   0.069408      5
 7.6021E+08   1.892729   1.176446 -14.449440 -99.000000  -8.014425   0.000000   0.000069   0.002085   0.019699  0.000E+00      XHe_cntr

        104   7.347949   7625.042   1.177737   1.177737   1.870000   1.870000   0.312362   0.011037   0.280000  -2.785103    975      0
 6.8689E+00   7.347949   0.346751 -35.770816  -0.017693 -99.000000   0.000000   0.667944   0.002424   0.020000   0.069777      5
 7.6760E+08   1.894291   1.177165 -14.449440 -99.000000  -8.007629   0.000000   0.000070   0.002085   0.019693  0.000E+00      XHe_cntr

        105   7.348541   7609.062   1.178444   1.178444   1.870000   1.870000   0.307276   0.011072   0.280000  -2.787418    978      0
 6.8631E+00   7.348541   0.348925 -35.735823  -0.016378 -99.000000   0.000000   0.673036   0.002383   0.020000   0.070149      5
 7.7490E+08   1.895856   1.177867 -99.000000 -99.000000  -8.000840   0.000000   0.000070   0.002085   0.019688  0.000E+00      XHe_cntr

save LOGS/profile25.data LOGS/profile25.data.GYRE for model 105
        106   7.349145   7592.938   1.179134   1.179134   1.870000   1.870000   0.302147   0.011107   0.280000  -2.789698    979      0
 6.8595E+00   7.349145   0.351108 -35.700278  -0.015167 -99.000000   0.000000   0.678170   0.002343   0.020000   0.070530      5
 7.8213E+08   1.897476   1.178550 -14.273349 -99.000000  -7.993988   0.000000   0.000071   0.002085   0.019683  0.000E+00      XHe_cntr

        107   7.349751   7576.732   1.179807   1.179807   1.870000   1.870000   0.297049   0.011142   0.280000  -2.791961    978      0
 6.8555E+00   7.349751   0.353298 -35.664808  -0.013920 -99.000000   0.000000   0.683273   0.002303   0.020000   0.070916      5
 7.8930E+08   1.899101   1.179217 -14.750470 -99.000000  -7.987103   0.000000   0.000071   0.002085   0.019678  0.000E+00      XHe_cntr

save LOGS/profile26.data LOGS/profile26.data.GYRE for model 107
        108   7.350360   7560.527   1.180466   1.180466   1.870000   1.870000   0.291984   0.011175   0.280000  -2.794170    978      0
 6.8514E+00   7.350360   0.355486 -35.629331  -0.012704 -99.000000   0.000000   0.688343   0.002265   0.020000   0.071306      5
 7.9640E+08   1.900750   1.179873 -14.750470 -99.000000  -7.980229   0.000000   0.000071   0.002085   0.019673  0.000E+00      XHe_cntr

        109   7.350981   7544.174   1.181109   1.181109   1.870000   1.870000   0.286866   0.011208   0.280000  -2.796351    982      0
 6.8487E+00   7.350981   0.357685 -35.593236  -0.011587 -99.000000   0.000000   0.693466   0.002226   0.020000   0.071708      5
 8.0346E+08   1.902453   1.180510 -99.000000 -99.000000  -7.973293   0.000000   0.000072   0.002085   0.019668  0.000E+00      XHe_cntr


__________________________________________________________________________________________________________________________________________________

       step    lg_Tmax     Teff     lg_LH      lg_Lnuc_tot Mass       H_rich     H_cntr     N_cntr     Y_surf   eta_cntr   zones  retry
  lg_dt_yrs    lg_Tcntr    lg_R     lg_L3a     lg_Lneu     lg_Mdot    He_core    He_cntr    O_cntr     Z_surf   gam_cntr   iters  
    age_yrs    lg_Dcntr    lg_L     lg_LZ      lg_Lphoto   lg_Dsurf   CO_core    C_cntr     Ne_cntr    Z_cntr   v_div_cs       dt_limit
__________________________________________________________________________________________________________________________________________________

        110   7.351605   7527.759   1.181734   1.181734   1.870000   1.870000   0.281774   0.011240   0.280000  -2.798512    981      0
 6.8453E+00   7.351605   0.359887 -35.557150  -0.010435 -99.000000   0.000000   0.698562   0.002189   0.020000   0.072115      5
 8.1047E+08   1.904167   1.181130 -99.000000 -99.000000  -7.966341   0.000000   0.000072   0.002085   0.019663  0.000E+00      XHe_cntr

save LOGS/profile27.data LOGS/profile27.data.GYRE for model 110
        111   7.352232   7511.322   1.182344   1.182344   1.870000   1.870000   0.276713   0.011272   0.280000  -2.800643    976      0
 6.8414E+00   7.352232   0.362089 -35.521016  -0.009313 -99.000000   0.000000   0.703628   0.002152   0.020000   0.072526      5
 8.1741E+08   1.905895   1.181736 -14.750470 -99.000000  -7.959394   0.000000   0.000072   0.002085   0.019659  0.000E+00      XHe_cntr

        112   7.352865   7494.807   1.182941   1.182941   1.870000   1.870000   0.271667   0.011303   0.280000  -2.802753    977      0
 6.8389E+00   7.352865   0.364297 -35.484721  -0.008219 -99.000000   0.000000   0.708678   0.002116   0.020000   0.072943      5
 8.2431E+08   1.907642   1.182329 -14.051500 -99.000000  -7.952431   0.000000   0.000073   0.002085   0.019654  0.000E+00      XHe_cntr

        113   7.353505   7478.210   1.183530   1.183530   1.870000   1.870000   0.266630   0.011333   0.280000  -2.804816    979      0
 6.8370E+00   7.353505   0.366515 -35.448188  -0.007146 -99.000000   0.000000   0.713721   0.002081   0.020000   0.073367      5
 8.3118E+08   1.909424   1.182915 -14.750470 -99.000000  -7.945459   0.000000   0.000073   0.002085   0.019650  0.000E+00      XHe_cntr

        114   7.354170   7461.308   1.184099   1.184099   1.870000   1.870000   0.261452   0.011364   0.280000  -2.806841    974      0
 6.8355E+00   7.354170   0.368760 -35.410343  -0.006222 -99.000000   0.000000   0.718902   0.002046   0.020000   0.073813      5
 8.3803E+08   1.911313   1.183473 -14.750470 -99.000000  -7.938367   0.000000   0.000074   0.002085   0.019645  0.000E+00      XHe_cntr

        115   7.354836   7444.364   1.184648   1.184648   1.870000   1.870000   0.256314   0.011393   0.280000  -2.808833    976      0
 6.8311E+00   7.354836   0.371006 -35.372572  -0.005212 -99.000000   0.000000   0.724045   0.002011   0.020000   0.074263      5
 8.4480E+08   1.913212   1.184017 -14.449440 -99.000000  -7.931286   0.000000   0.000074   0.002085   0.019641  0.000E+00      XHe_cntr

save LOGS/profile28.data LOGS/profile28.data.GYRE for model 115
        116   7.355512   7427.373   1.185175   1.185175   1.870000   1.870000   0.251157   0.011423   0.280000  -2.810775    974      0
 6.8252E+00   7.355512   0.373251 -35.334329  -0.004294 -99.000000   0.000000   0.729206   0.001977   0.020000   0.074724      5
 8.5149E+08   1.915163   1.184536 -99.000000 -99.000000  -7.924211   0.000000   0.000074   0.002085   0.019637  0.000E+00      XHe_cntr

        117   7.356191   7410.383   1.185682   1.185682   1.870000   1.870000   0.246048   0.011451   0.280000  -2.812687    976      0
 6.8202E+00   7.356191   0.375491 -35.296119  -0.003351 -99.000000   0.000000   0.734320   0.001944   0.020000   0.075189      5
 8.5810E+08   1.917122   1.185038 -99.000000 -99.000000  -7.917173   0.000000   0.000075   0.002085   0.019632  0.000E+00      XHe_cntr

        118   7.356883   7393.298   1.186172   1.186172   1.870000   1.870000   0.240905   0.011480   0.280000  -2.814537    969      0
 6.8156E+00   7.356883   0.377737 -35.257299  -0.002493 -99.000000   0.000000   0.739467   0.001911   0.020000   0.075667      5
 8.6464E+08   1.919146   1.185520 -99.000000 -99.000000  -7.910133   0.000000   0.000075   0.002085   0.019628  0.000E+00      XHe_cntr

        119   7.357580   7376.198   1.186644   1.186644   1.870000   1.870000   0.235802   0.011507   0.280000  -2.816357    973      0
 6.8111E+00   7.357580   0.379982 -35.218418  -0.001609 -99.000000   0.000000   0.744573   0.001880   0.020000   0.076150      5
 8.7111E+08   1.921183   1.185987 -14.273349 -99.000000  -7.903133   0.000000   0.000075   0.002085   0.019624  0.000E+00      XHe_cntr


__________________________________________________________________________________________________________________________________________________

       step    lg_Tmax     Teff     lg_LH      lg_Lnuc_tot Mass       H_rich     H_cntr     N_cntr     Y_surf   eta_cntr   zones  retry
  lg_dt_yrs    lg_Tcntr    lg_R     lg_L3a     lg_Lneu     lg_Mdot    He_core    He_cntr    O_cntr     Z_surf   gam_cntr   iters  
    age_yrs    lg_Dcntr    lg_L     lg_LZ      lg_Lphoto   lg_Dsurf   CO_core    C_cntr     Ne_cntr    Z_cntr   v_div_cs       dt_limit
__________________________________________________________________________________________________________________________________________________

        120   7.358281   7359.091   1.187104   1.187104   1.870000   1.870000   0.230739   0.011534   0.280000  -2.818125    974      0
 6.8068E+00   7.358281   0.382226 -35.179414  -0.000750 -99.000000   0.000000   0.749641   0.001848   0.020000   0.076639      5
 8.7752E+08   1.923244   1.186443 -14.750470 -99.000000  -7.896184   0.000000   0.000076   0.002085   0.019620  0.000E+00      XHe_cntr

save LOGS/profile29.data LOGS/profile29.data.GYRE for model 120
        121   7.359000   7341.809   1.187547   1.187547   1.870000   1.870000   0.225619   0.011560   0.280000  -2.819857    972      0
 6.8041E+00   7.359000   0.384485 -35.139566   0.000034 -99.000000   0.000000   0.754765   0.001818   0.020000   0.077143      5
 8.8389E+08   1.925375   1.186877 -99.000000 -99.000000  -7.889213   0.000000   0.000076   0.002085   0.019616  0.000E+00      XHe_cntr

        122   7.359726   7324.470   1.187973   1.187973   1.870000   1.870000   0.220528   0.011586   0.280000  -2.821551    970      0
 6.8007E+00   7.359726   0.386750 -35.099507   0.000841 -99.000000   0.000000   0.759859   0.001787   0.020000   0.077654      5
 8.9021E+08   1.927530   1.187298 -14.148410 -99.000000  -7.882281   0.000000   0.000077   0.002085   0.019613  0.000E+00      XHe_cntr

        123   7.360469   7307.014   1.188383   1.188383   1.870000   1.870000   0.215394   0.011612   0.280000  -2.823191    971      0
 6.7969E+00   7.360469   0.389023 -35.058643   0.001576 -99.000000   0.000000   0.764997   0.001758   0.020000   0.078180      5
 8.9648E+08   1.929757   1.187700 -14.273349 -99.000000  -7.875361   0.000000   0.000077   0.002085   0.019609  0.000E+00      XHe_cntr

        124   7.361219   7289.529   1.188777   1.188777   1.870000   1.870000   0.210297   0.011637   0.280000  -2.824797    969      0
 6.7928E+00   7.361219   0.391299 -35.017571   0.002333 -99.000000   0.000000   0.770098   0.001728   0.020000   0.078712      5
 9.0268E+08   1.932006   1.188089 -14.449440 -99.000000  -7.868499   0.000000   0.000077   0.002085   0.019605  0.000E+00      XHe_cntr

        125   7.361977   7272.045   1.189161   1.189161   1.870000   1.870000   0.205237   0.011661   0.280000  -2.826343    964      0
 6.7887E+00   7.361977   0.393574 -34.976256   0.003069 -99.000000   0.000000   0.775162   0.001700   0.020000   0.079250      5
 9.0883E+08   1.934285   1.188468 -99.000000 -99.000000  -7.861713   0.000000   0.000078   0.002085   0.019601  0.000E+00      XHe_cntr

save LOGS/profile30.data LOGS/profile30.data.GYRE for model 125
        126   7.362756   7254.380   1.189528   1.189528   1.870000   1.870000   0.200118   0.011686   0.280000  -2.827851    968      0
 6.7862E+00   7.362756   0.395866 -34.933921   0.003739 -99.000000   0.000000   0.780284   0.001672   0.020000   0.079807      5
 9.1494E+08   1.936643   1.188826 -99.000000 -99.000000  -7.854923   0.000000   0.000078   0.002085   0.019598  0.000E+00      XHe_cntr

        127   7.363544   7236.720   1.189882   1.189882   1.870000   1.870000   0.195028   0.011709   0.280000  -2.829298    963      0
 6.7828E+00   7.363544   0.398158 -34.891236   0.004430 -99.000000   0.000000   0.785377   0.001644   0.020000   0.080371      5
 9.2101E+08   1.939038   1.189177 -99.000000 -99.000000  -7.848218   0.000000   0.000078   0.002085   0.019594  0.000E+00      XHe_cntr

save LOGS/profile31.data LOGS/profile31.data.GYRE for model 127
        128   7.364354   7219.010   1.190220   1.190220   1.870000   1.870000   0.189894   0.011733   0.280000  -2.830680    963      0
 6.7790E+00   7.364354   0.400452 -34.847568   0.005056 -99.000000   0.000000   0.790515   0.001617   0.020000   0.080953      5
 9.2702E+08   1.941517   1.189509 -14.051500 -99.000000  -7.841568   0.000000   0.000079   0.002085   0.019591  0.000E+00      XHe_cntr

        129   7.365173   7201.370   1.190546   1.190546   1.870000   1.870000   0.184797   0.011755   0.280000  -2.831998    962      0
 6.7750E+00   7.365173   0.402739 -34.803538   0.005700 -99.000000   0.000000   0.795616   0.001591   0.020000   0.081543      5
 9.3298E+08   1.944033   1.189833 -14.750470 -99.000000  -7.835029   0.000000   0.000079   0.002085   0.019588  0.000E+00      XHe_cntr


__________________________________________________________________________________________________________________________________________________

       step    lg_Tmax     Teff     lg_LH      lg_Lnuc_tot Mass       H_rich     H_cntr     N_cntr     Y_surf   eta_cntr   zones  retry
  lg_dt_yrs    lg_Tcntr    lg_R     lg_L3a     lg_Lneu     lg_Mdot    He_core    He_cntr    O_cntr     Z_surf   gam_cntr   iters  
    age_yrs    lg_Dcntr    lg_L     lg_LZ      lg_Lphoto   lg_Dsurf   CO_core    C_cntr     Ne_cntr    Z_cntr   v_div_cs       dt_limit
__________________________________________________________________________________________________________________________________________________

        130   7.366014   7183.697   1.190856   1.190856   1.870000   1.870000   0.179658   0.011778   0.280000  -2.833239    960      0
 6.7709E+00   7.366014   0.405026 -34.758463   0.006286 -99.000000   0.000000   0.800758   0.001564   0.020000   0.082151      5
 9.3888E+08   1.946639   1.190138 -14.750470 -99.000000  -7.828552   0.000000   0.000080   0.002085   0.019584  0.000E+00      XHe_cntr

save LOGS/profile32.data LOGS/profile32.data.GYRE for model 130
        131   7.366867   7166.119   1.191158   1.191158   1.870000   1.870000   0.174559   0.011800   0.280000  -2.834415    957      0
 6.7667E+00   7.366867   0.407305 -34.712970   0.006889 -99.000000   0.000000   0.805860   0.001539   0.020000   0.082767      5
 9.4472E+08   1.949283   1.190439 -14.273349 -99.000000  -7.822195   0.000000   0.000080   0.002085   0.019581  0.000E+00      XHe_cntr

        132   7.367743   7148.532   1.191449   1.191449   1.870000   1.870000   0.169418   0.011822   0.280000  -2.835497    965      0
 6.7625E+00   7.367743   0.409582 -34.666323   0.007440 -99.000000   0.000000   0.811004   0.001513   0.020000   0.083402      5
 9.5051E+08   1.952028   1.190725 -14.273349 -99.000000  -7.815910   0.000000   0.000080   0.002085   0.019578  0.000E+00      XHe_cntr

        133   7.368611   7131.006   1.191728   1.191728   1.870000   1.870000   0.164318   0.011843   0.280000  -2.836535    957      0
 6.7583E+00   7.368611   0.411852 -34.619021   0.008006 -99.000000   0.000000   0.816107   0.001489   0.020000   0.084047      5
 9.5624E+08   1.954771   1.191001 -99.000000 -99.000000  -7.809724   0.000000   0.000081   0.002085   0.019575  0.000E+00      XHe_cntr

        134   7.369514   7113.617   1.192001   1.192001   1.870000   1.870000   0.159260   0.011863   0.280000  -2.837497    960      0
 6.7541E+00   7.369514   0.414110 -34.571308   0.008556 -99.000000   0.000000   0.821169   0.001465   0.020000   0.084698      5
 9.6192E+08   1.957594   1.191275 -99.000000 -99.000000  -7.803667   0.000000   0.000081   0.002085   0.019571  0.000E+00      XHe_cntr

        135   7.370438   7096.278   1.192272   1.192272   1.870000   1.870000   0.154221   0.011883   0.280000  -2.838393    954      0
 6.7516E+00   7.370438   0.416365 -34.522758   0.009097 -99.000000   0.000000   0.826210   0.001441   0.020000   0.085360      5
 9.6756E+08   1.960478   1.191546 -13.972319 -99.000000  -7.797703   0.000000   0.000082   0.002085   0.019568  0.000E+00      XHe_cntr

save LOGS/profile33.data LOGS/profile33.data.GYRE for model 135
        136   7.371383   7078.975   1.192545   1.192545   1.870000   1.870000   0.149194   0.011903   0.280000  -2.839188    951      0
 6.7500E+00   7.371383   0.418622 -34.473238   0.009633 -99.000000   0.000000   0.831241   0.001418   0.020000   0.086036      5
 9.7319E+08   1.963443   1.191819 -14.750470 -99.000000  -7.791829   0.000000   0.000082   0.002085   0.019565  0.000E+00      XHe_cntr

        137   7.372380   7061.491   1.192806   1.192806   1.870000   1.870000   0.144003   0.011923   0.280000  -2.839885    948      0
 6.7488E+00   7.372380   0.420897 -34.421045   0.010104 -99.000000   0.000000   0.836435   0.001395   0.020000   0.086750      5
 9.7879E+08   1.966597   1.192074 -14.750470 -99.000000  -7.785948   0.000000   0.000083   0.002085   0.019562  0.000E+00      XHe_cntr

        138   7.373400   7044.195   1.193066   1.193066   1.870000   1.870000   0.138858   0.011942   0.280000  -2.840466    955      0
 6.7443E+00   7.373400   0.423159 -34.367967   0.010615 -99.000000   0.000000   0.841583   0.001372   0.020000   0.087475      5
 9.8435E+08   1.969828   1.192337 -99.000000 -99.000000  -7.780206   0.000000   0.000083   0.002085   0.019560  0.000E+00      XHe_cntr

        139   7.374454   7027.058   1.193323   1.193323   1.870000   1.870000   0.133691   0.011962   0.280000  -2.840938    949      0
 6.7382E+00   7.374454   0.425402 -34.313333   0.011094 -99.000000   0.000000   0.846752   0.001349   0.020000   0.088219      5
 9.8982E+08   1.973174   1.192592 -99.000000 -99.000000  -7.774574   0.000000   0.000083   0.002085   0.019557  0.000E+00      XHe_cntr


__________________________________________________________________________________________________________________________________________________

       step    lg_Tmax     Teff     lg_LH      lg_Lnuc_tot Mass       H_rich     H_cntr     N_cntr     Y_surf   eta_cntr   zones  retry
  lg_dt_yrs    lg_Tcntr    lg_R     lg_L3a     lg_Lneu     lg_Mdot    He_core    He_cntr    O_cntr     Z_surf   gam_cntr   iters  
    age_yrs    lg_Dcntr    lg_L     lg_LZ      lg_Lphoto   lg_Dsurf   CO_core    C_cntr     Ne_cntr    Z_cntr   v_div_cs       dt_limit
__________________________________________________________________________________________________________________________________________________

        140   7.375530   7010.165   1.193581   1.193581   1.870000   1.870000   0.128579   0.011980   0.280000  -2.841306    948      0
 6.7329E+00   7.375530   0.427624 -34.257760   0.011587 -99.000000   0.000000   0.851867   0.001328   0.020000   0.088973      5
 9.9522E+08   1.976588   1.192854 -99.000000 -99.000000  -7.769085   0.000000   0.000084   0.002085   0.019554  0.000E+00      XHe_cntr

save LOGS/profile34.data LOGS/profile34.data.GYRE for model 140
        141   7.376649   6993.449   1.193843   1.193843   1.870000   1.870000   0.123428   0.011998   0.280000  -2.841554    953      0
 6.7281E+00   7.376649   0.429829 -34.200183   0.012057 -99.000000   0.000000   0.857021   0.001306   0.020000   0.089749      5
 1.0006E+09   1.980142   1.193118 -99.000000 -99.000000  -7.763706   0.000000   0.000084   0.002085   0.019551  0.000E+00      XHe_cntr

        142   7.377797   6977.009   1.194114   1.194114   1.870000   1.870000   0.118323   0.012016   0.280000  -2.841678    949      0
 6.7236E+00   7.377797   0.432013 -34.141329   0.012547 -99.000000   0.000000   0.862129   0.001285   0.020000   0.090537      5
 1.0059E+09   1.983784   1.193396 -99.000000 -99.000000  -7.758474   0.000000   0.000085   0.002085   0.019548  0.000E+00      XHe_cntr

        143   7.378995   6960.804   1.194396   1.194396   1.870000   1.870000   0.113174   0.012034   0.280000  -2.841656    955      0
 6.7191E+00   7.378995   0.434176 -34.080080   0.013024 -99.000000   0.000000   0.867280   0.001264   0.020000   0.091351      5
 1.0111E+09   1.987593   1.193684 -14.449440 -99.000000  -7.753366   0.000000   0.000085   0.002085   0.019546  0.000E+00      XHe_cntr

        144   7.380230   6944.927   1.194695   1.194695   1.870000   1.870000   0.108070   0.012051   0.280000  -2.841497    948      0
 6.7147E+00   7.380230   0.436315 -34.017214   0.013526 -99.000000   0.000000   0.872387   0.001244   0.020000   0.092176      5
 1.0163E+09   1.991507   1.193994 -99.000000 -99.000000  -7.748416   0.000000   0.000086   0.002085   0.019543  0.000E+00      XHe_cntr

        145   7.381526   6929.405   1.195015   1.195015   1.870000   1.870000   0.102921   0.012068   0.280000  -2.841162    952      0
 6.7102E+00   7.381526   0.438424 -33.951480   0.014025 -99.000000   0.000000   0.877539   0.001224   0.020000   0.093029      5
 1.0214E+09   1.995616   1.194325 -14.051500 -99.000000  -7.743627   0.000000   0.000086   0.002085   0.019540  0.000E+00      XHe_cntr

save LOGS/profile35.data LOGS/profile35.data.GYRE for model 145
        146   7.382867   6914.337   1.195363   1.195363   1.870000   1.721873   0.097816   0.012085   0.280000  -2.840662    948      0
 6.7058E+00   7.382867   0.440497 -33.883694   0.014558 -99.000000   0.148127   0.882646   0.001204   0.020000   0.093894      5
 1.0265E+09   1.999856   1.194691 -99.000000 -99.000000  -7.739035   0.000000   0.000087   0.002085   0.019538  0.000E+00      XHe_cntr

save LOGS/profile36.data LOGS/profile36.data.GYRE for model 146
        147   7.384281   6899.787   1.195747   1.195747   1.870000   1.721873   0.092664   0.012101   0.280000  -2.839942    951      0
 6.7013E+00   7.384281   0.442529 -33.812446   0.015103 -99.000000   0.148127   0.887801   0.001185   0.020000   0.094790      5
 1.0315E+09   2.004329   1.195095 -14.750470 -99.000000  -7.734657   0.000000   0.000088   0.002085   0.019535  0.000E+00      XHe_cntr

        148   7.385751   6885.887   1.196176   1.196176   1.870000   1.721873   0.087557   0.012117   0.280000  -2.839009    951      0
 6.6969E+00   7.385751   0.444509 -33.738583   0.015693 -99.000000   0.148127   0.892910   0.001166   0.020000   0.095699      5
 1.0365E+09   2.008971   1.195551 -99.000000 -99.000000  -7.730542   0.000000   0.000088   0.002085   0.019533  0.000E+00      XHe_cntr

        149   7.387313   6872.724   1.196659   1.196659   1.870000   1.721873   0.082403   0.012133   0.280000  -2.837810    950      0
 6.6923E+00   7.387313   0.446429 -33.660380   0.016315 -99.000000   0.148127   0.898067   0.001147   0.020000   0.096640      5
 1.0414E+09   2.013894   1.196068 -99.000000 -99.000000  -7.726718   0.000000   0.000089   0.002085   0.019530  0.000E+00      XHe_cntr


__________________________________________________________________________________________________________________________________________________

       step    lg_Tmax     Teff     lg_LH      lg_Lnuc_tot Mass       H_rich     H_cntr     N_cntr     Y_surf   eta_cntr   zones  retry
  lg_dt_yrs    lg_Tcntr    lg_R     lg_L3a     lg_Lneu     lg_Mdot    He_core    He_cntr    O_cntr     Z_surf   gam_cntr   iters  
    age_yrs    lg_Dcntr    lg_L     lg_LZ      lg_Lphoto   lg_Dsurf   CO_core    C_cntr     Ne_cntr    Z_cntr   v_div_cs       dt_limit
__________________________________________________________________________________________________________________________________________________

        150   7.388941   6860.502   1.197208   1.197208   1.870000   1.721873   0.077321   0.012148   0.280000  -2.836352    950      0
 6.6854E+00   7.388941   0.448269 -33.579148   0.016995 -99.000000   0.148127   0.903151   0.001128   0.020000   0.097591      5
 1.0463E+09   2.019007   1.196656 -99.000000 -99.000000  -7.723254   0.000000   0.000089   0.002085   0.019528  0.000E+00    lg_XH_cntr

save LOGS/profile37.data LOGS/profile37.data.GYRE for model 150
save photos/x150 for model 150
        151   7.390639   6849.572   1.197823   1.197823   1.870000   1.723911   0.072311   0.012163   0.280000  -2.834591    948      0
 6.6705E+00   7.390639   0.449987 -33.494603   0.017715 -99.000000   0.146089   0.908163   0.001111   0.020000   0.098552      5
 1.0510E+09   2.024339   1.197321 -99.000000 -99.000000  -7.720261   0.000000   0.000090   0.002085   0.019526  0.000E+00    lg_XH_cntr

        152   7.392369   6840.212   1.198502   1.198502   1.870000   1.723911   0.067514   0.012177   0.280000  -2.832567    955      0
 6.6469E+00   7.392369   0.451544 -33.408774   0.018481 -99.000000   0.146089   0.912963   0.001094   0.020000   0.099495      5
 1.0554E+09   2.029752   1.198059 -99.000000 -99.000000  -7.717821   0.000000   0.000091   0.002085   0.019524  0.000E+00    lg_XH_cntr

        153   7.394107   6832.513   1.199238   1.199238   1.870000   1.723911   0.062983   0.012190   0.280000  -2.830344    955      0
 6.6172E+00   7.394107   0.452923 -33.322721   0.019281 -99.000000   0.146089   0.917496   0.001078   0.020000   0.100406      5
 1.0595E+09   2.035165   1.198862 -99.000000 -99.000000  -7.715955   0.000000   0.000091   0.002085   0.019521  0.000E+00    lg_XH_cntr

        154   7.395862   6826.592   1.200036   1.200036   1.870000   1.723911   0.058687   0.012202   0.280000  -2.827845    954      0
 6.5851E+00   7.395862   0.454116 -33.235985   0.020116 -99.000000   0.146089   0.921794   0.001064   0.020000   0.101290      5
 1.0634E+09   2.040633   1.199742 -99.000000 -99.000000  -7.714706   0.000000   0.000092   0.002085   0.019520  0.000E+00    lg_XH_cntr

        155   7.397595   6822.290   1.200886   1.200886   1.870000   1.723911   0.054713   0.012213   0.280000  -2.825232    948      0
 6.5505E+00   7.397595   0.455131 -33.150522   0.020987 -99.000000   0.146089   0.925769   0.001050   0.020000   0.102123      5
 1.0669E+09   2.045991   1.200675 -99.000000 -99.000000  -7.714005   0.000000   0.000093   0.002085   0.019518  0.000E+00    lg_XH_cntr

save LOGS/profile38.data LOGS/profile38.data.GYRE for model 155
        156   7.399303   6819.505   1.201783   1.201783   1.870000   1.723911   0.051041   0.012223   0.280000  -2.822454    946      0
 6.5155E+00   7.399303   0.455980 -33.066407   0.021884 -99.000000   0.146089   0.929443   0.001038   0.020000   0.102909      5
 1.0702E+09   2.051263   1.201665 -99.000000 -99.000000  -7.713824   0.000000   0.000093   0.002085   0.019516  0.000E+00    lg_XH_cntr

        157   7.401026   6818.271   1.202734   1.202734   1.870000   1.723911   0.047566   0.012232   0.280000  -2.819490    935      0
 6.4824E+00   7.401026   0.456669 -32.981646   0.022809 -99.000000   0.146089   0.932920   0.001026   0.020000   0.103665      5
 1.0732E+09   2.056561   1.202728 -99.000000 -99.000000  -7.714184   0.000000   0.000094   0.002085   0.019515  0.000E+00    lg_XH_cntr

        158   7.402730   6818.418   1.203738   1.203738   1.870000   1.723911   0.044348   0.012240   0.280000  -2.816391    937      0
 6.4483E+00   7.402730   0.457210 -32.897868   0.023773 -99.000000   0.146089   0.936139   0.001016   0.020000   0.104377      5
 1.0760E+09   2.061786   1.203848 -14.273349 -99.000000  -7.715019   0.000000   0.000095   0.002085   0.019513  0.000E+00    lg_XH_cntr

        159   7.404443   6820.017   1.204791   1.204791   1.870000   1.723911   0.041315   0.012248   0.280000  -2.813108    935      0
 6.4135E+00   7.404443   0.457604 -32.813646   0.024761 -99.000000   0.146089   0.939174   0.001006   0.020000   0.105060      5
 1.0786E+09   2.067030   1.205043 -99.000000 -99.000000  -7.716366   0.000000   0.000095   0.002085   0.019512  0.000E+00    lg_XH_cntr


__________________________________________________________________________________________________________________________________________________

       step    lg_Tmax     Teff     lg_LH      lg_Lnuc_tot Mass       H_rich     H_cntr     N_cntr     Y_surf   eta_cntr   zones  retry
  lg_dt_yrs    lg_Tcntr    lg_R     lg_L3a     lg_Lneu     lg_Mdot    He_core    He_cntr    O_cntr     Z_surf   gam_cntr   iters  
    age_yrs    lg_Dcntr    lg_L     lg_LZ      lg_Lphoto   lg_Dsurf   CO_core    C_cntr     Ne_cntr    Z_cntr   v_div_cs       dt_limit
__________________________________________________________________________________________________________________________________________________

        160   7.406136   6822.836   1.205892   1.205892   1.870000   1.723911   0.038512   0.012256   0.280000  -2.809739    937      0
 6.3783E+00   7.406136   0.457865 -32.730471   0.025783 -99.000000   0.146089   0.941977   0.000997   0.020000   0.105699      5
 1.0810E+09   2.072187   1.206283 -14.148410 -99.000000  -7.718130   0.000000   0.000096   0.002085   0.019510  0.000E+00    lg_XH_cntr

save LOGS/profile39.data LOGS/profile39.data.GYRE for model 160
        161   7.407834   6826.976   1.207034   1.207034   1.870000   1.723911   0.035873   0.012262   0.280000  -2.806178    937      0
 6.3430E+00   7.407834   0.457995 -32.646920   0.026822 -99.000000   0.146089   0.944618   0.000988   0.020000   0.106311      5
 1.0832E+09   2.077367   1.207597 -14.449440 -99.000000  -7.720366   0.000000   0.000097   0.002085   0.019509  0.000E+00    lg_XH_cntr

        162   7.409513   6832.203   1.208221   1.208221   1.870000   1.723911   0.033438   0.012268   0.280000  -2.802534    941      0
 6.3074E+00   7.409513   0.458009 -32.564317   0.027895 -99.000000   0.146089   0.947054   0.000980   0.020000   0.106883      5
 1.0853E+09   2.082473   1.208955 -99.000000 -99.000000  -7.722977   0.000000   0.000097   0.002085   0.019508  0.000E+00    lg_XH_cntr

        163   7.411168   6838.387   1.209436   1.209436   1.870000   1.723911   0.031190   0.012274   0.280000  -2.798834    939      0
 6.2718E+00   7.411168   0.457919 -32.482838   0.028980 -99.000000   0.146089   0.949302   0.000973   0.020000   0.107416      5
 1.0871E+09   2.087488   1.210347 -14.449440 -99.000000  -7.725918   0.000000   0.000098   0.002085   0.019507  0.000E+00    lg_XH_cntr

        164   7.412838   6845.733   1.210681   1.210681   1.870000   1.723911   0.029064   0.012279   0.280000  -2.794934    941      0
 6.2385E+00   7.412838   0.457722 -32.400499   0.030073 -99.000000   0.146089   0.951429   0.000966   0.020000   0.107928      5
 1.0889E+09   2.092561   1.211818 -14.148410 -99.000000  -7.729286   0.000000   0.000099   0.002085   0.019506  0.000E+00    lg_XH_cntr

        165   7.414491   6853.974   1.211969   1.211969   1.870000   1.723911   0.027097   0.012284   0.280000  -2.790979    939      0
 6.2041E+00   7.414491   0.457430 -32.318858   0.031197 -99.000000   0.146089   0.953397   0.000960   0.020000   0.108406      5
 1.0905E+09   2.097568   1.213323 -99.000000 -99.000000  -7.732966   0.000000   0.000099   0.002085   0.019505  0.000E+00    lg_XH_cntr

save LOGS/profile40.data LOGS/profile40.data.GYRE for model 165
        166   7.416115   6862.964   1.213278   1.213278   1.870000   1.723911   0.025280   0.012289   0.280000  -2.786971    941      0
 6.1692E+00   7.416115   0.457057 -32.238192   0.032329 -99.000000   0.146089   0.955215   0.000954   0.020000   0.108853      5
 1.0919E+09   2.102492   1.214855 -99.000000 -99.000000  -7.736910   0.000000   0.000100   0.002085   0.019505  0.000E+00    lg_XH_cntr

        167   7.417762   6872.988   1.214600   1.214600   1.870000   1.723911   0.023559   0.012293   0.280000  -2.782750    939      0
 6.1363E+00   7.417762   0.456596 -32.156489   0.033451 -99.000000   0.146089   0.956937   0.000948   0.020000   0.109282      5
 1.0933E+09   2.107499   1.216469 -14.449440 -99.000000  -7.741247   0.000000   0.000100   0.002085   0.019504  0.000E+00    lg_XH_cntr

        168   7.419393   6883.749   1.215965   1.215965   1.870000   1.723911   0.021967   0.012296   0.280000  -2.778482    941      0
 6.1022E+00   7.419393   0.456058 -32.075344   0.034605 -99.000000   0.146089   0.958530   0.000943   0.020000   0.109683      5
 1.0946E+09   2.112451   1.218110 -99.000000 -99.000000  -7.745850   0.000000   0.000101   0.002085   0.019503  0.000E+00    lg_XH_cntr

        169   7.421001   6895.106   1.217342   1.217342   1.870000   1.719820   0.020495   0.012300   0.280000  -2.774163    941      0
 6.0674E+00   7.421001   0.455457 -31.995090   0.035758 -99.000000   0.150180   0.960002   0.000939   0.020000   0.110057      5
 1.0957E+09   2.117338   1.219772 -99.000000 -99.000000  -7.750669   0.000000   0.000102   0.002085   0.019502  0.000E+00    lg_XH_cntr


__________________________________________________________________________________________________________________________________________________

       step    lg_Tmax     Teff     lg_LH      lg_Lnuc_tot Mass       H_rich     H_cntr     N_cntr     Y_surf   eta_cntr   zones  retry
  lg_dt_yrs    lg_Tcntr    lg_R     lg_L3a     lg_Lneu     lg_Mdot    He_core    He_cntr    O_cntr     Z_surf   gam_cntr   iters  
    age_yrs    lg_Dcntr    lg_L     lg_LZ      lg_Lphoto   lg_Dsurf   CO_core    C_cntr     Ne_cntr    Z_cntr   v_div_cs       dt_limit
__________________________________________________________________________________________________________________________________________________

        170   7.422624   6907.348   1.218715   1.218715   1.870000   1.719820   0.019101   0.012303   0.280000  -2.769633    937      0
 6.0347E+00   7.422624   0.454786 -31.913763   0.036885 -99.000000   0.150180   0.961397   0.000934   0.020000   0.110417      5
 1.0968E+09   2.122306   1.221511 -99.000000 -99.000000  -7.755842   0.000000   0.000102   0.002085   0.019502  0.000E+00    lg_XH_cntr

save LOGS/profile41.data LOGS/profile41.data.GYRE for model 170
        171   7.424232   6920.184   1.220129   1.220129   1.870000   1.719820   0.017812   0.012306   0.280000  -2.765061    937      0
 6.0008E+00   7.424232   0.454054 -31.832908   0.038043 -99.000000   0.150180   0.962687   0.000930   0.020000   0.110754      5
 1.0978E+09   2.127225   1.223271 -99.000000 -99.000000  -7.761239   0.000000   0.000103   0.002085   0.019501  0.000E+00    lg_XH_cntr

        172   7.425817   6933.510   1.221546   1.221546   1.870000   1.719820   0.016620   0.012309   0.280000  -2.760440    942      0
 5.9663E+00   7.425817   0.453269 -31.752849   0.039192 -99.000000   0.150180   0.963880   0.000926   0.020000   0.111068      5
 1.0988E+09   2.132090   1.225044 -99.000000 -99.000000  -7.766826   0.000000   0.000103   0.002085   0.019500  0.000E+00    lg_XH_cntr

        173   7.427415   6947.550   1.222939   1.222939   1.870000   1.719820   0.015491   0.012311   0.280000  -2.755604    937      0
 5.9337E+00   7.427415   0.452436 -31.671755   0.040293 -99.000000   0.150180   0.965009   0.000922   0.020000   0.111373      5
 1.0996E+09   2.137039   1.226891 -99.000000 -99.000000  -7.772723   0.000000   0.000104   0.002085   0.019500  0.000E+00    lg_XH_cntr

        174   7.429012   6962.208   1.224356   1.224356   1.870000   1.719820   0.014435   0.012313   0.280000  -2.750640    938      0
 5.9000E+00   7.429012   0.451551 -31.590335   0.041403 -99.000000   0.150180   0.966066   0.000919   0.020000   0.111663      5
 1.1004E+09   2.142009   1.228783 -99.000000 -99.000000  -7.778886   0.000000   0.000105   0.002085   0.019499  0.000E+00    lg_XH_cntr

        175   7.430584   6977.198   1.225792   1.225792   1.870000   1.719820   0.013463   0.012315   0.280000  -2.745634    943      0
 5.8645E+00   7.430584   0.450630 -31.509771   0.042523 -99.000000   0.150180   0.967038   0.000916   0.020000   0.111934      5
 1.1011E+09   2.146924   1.230678 -99.000000 -99.000000  -7.785195   0.000000   0.000105   0.002085   0.019499  0.000E+00    lg_XH_cntr

save LOGS/profile42.data LOGS/profile42.data.GYRE for model 175
        176   7.432146   6992.612   1.227201   1.227201   1.870000   1.719820   0.012555   0.012317   0.280000  -2.740512    941      0
 5.8305E+00   7.432146   0.449676 -31.429246   0.043598 -99.000000   0.150180   0.967947   0.000913   0.020000   0.112193      5
 1.1018E+09   2.151846   1.232603 -99.000000 -99.000000  -7.791707   0.000000   0.000106   0.002085   0.019498  0.000E+00    lg_XH_cntr

        177   7.433689   7008.331   1.228624   1.228624   1.870000   1.719820   0.011715   0.012319   0.280000  -2.735334    943      0
 5.7972E+00   7.433689   0.448693 -31.349242   0.044678 -99.000000   0.150180   0.968787   0.000910   0.020000   0.112438      5
 1.1024E+09   2.156734   1.234538 -99.000000 -99.000000  -7.798374   0.000000   0.000106   0.002085   0.019498  0.000E+00    lg_XH_cntr

        178   7.435238   7024.575   1.229981   1.229981   1.870000   1.719820   0.010920   0.012321   0.280000  -2.729909    941      0
 5.7645E+00   7.435238   0.447682 -31.268420   0.045666 -99.000000   0.150180   0.969583   0.000907   0.020000   0.112678      5
 1.1030E+09   2.161716   1.236539 -99.000000 -99.000000  -7.805317   0.000000   0.000107   0.002085   0.019497  0.000E+00    lg_XH_cntr

        179   7.436769   7041.090   1.231388   1.231388   1.870000   1.719820   0.010185   0.012322   0.280000  -2.724450    947      0
 5.7309E+00   7.436769   0.446647 -31.188041   0.046697 -99.000000   0.150180   0.970318   0.000905   0.020000   0.112904      5
 1.1036E+09   2.166660   1.238548 -99.000000 -99.000000  -7.812417   0.000000   0.000108   0.002085   0.019497  0.000E+00    lg_XH_cntr


__________________________________________________________________________________________________________________________________________________

       step    lg_Tmax     Teff     lg_LH      lg_Lnuc_tot Mass       H_rich     H_cntr     N_cntr     Y_surf   eta_cntr   zones  retry
  lg_dt_yrs    lg_Tcntr    lg_R     lg_L3a     lg_Lneu     lg_Mdot    He_core    He_cntr    O_cntr     Z_surf   gam_cntr   iters  
    age_yrs    lg_Dcntr    lg_L     lg_LZ      lg_Lphoto   lg_Dsurf   CO_core    C_cntr     Ne_cntr    Z_cntr   v_div_cs       dt_limit
__________________________________________________________________________________________________________________________________________________

        180   7.438272   7057.748   1.232781   1.232781   1.870000   1.719820   0.009507   0.012323   0.280000  -2.718913    949      0
 5.6970E+00   7.438272   0.445596 -31.108556   0.047703 -99.000000   0.150180   0.970996   0.000903   0.020000   0.113121      5
 1.1041E+09   2.171572   1.240551 -14.449440 -99.000000  -7.819628   0.000000   0.000108   0.002085   0.019497  0.000E+00    lg_XH_cntr

save LOGS/profile43.data LOGS/profile43.data.GYRE for model 180
        181   7.439780   7074.800   1.234085   1.234085   1.870000   1.719820   0.008865   0.012325   0.280000  -2.713135    951      0
 5.6653E+00   7.439780   0.444531 -31.028268   0.048594 -99.000000   0.150180   0.971639   0.000901   0.020000   0.113336      5
 1.1045E+09   2.176578   1.242613 -14.449440 -99.000000  -7.827089   0.000000   0.000109   0.002085   0.019496  0.000E+00    lg_XH_cntr

        182   7.441269   7092.043   1.235433   1.235433   1.870000   1.719820   0.008271   0.012326   0.280000  -2.707265    949      0
 5.6326E+00   7.441269   0.443454 -30.948448   0.049522 -99.000000   0.150180   0.972233   0.000899   0.020000   0.113542      5
 1.1049E+09   2.181572   1.244687 -99.000000 -99.000000  -7.834705   0.000000   0.000109   0.002085   0.019496  0.000E+00    lg_XH_cntr

        183   7.442754   7109.592   1.236680   1.236680   1.870000   1.719820   0.007710   0.012327   0.280000  -2.701162    949      0
 5.5994E+00   7.442754   0.442368 -30.868241   0.050322 -99.000000   0.150180   0.972794   0.000897   0.020000   0.113748      5
 1.1053E+09   2.186644   1.246809 -13.972319 -99.000000  -7.842551   0.000000   0.000110   0.002085   0.019496  0.000E+00    lg_XH_cntr

        184   7.444215   7127.250   1.237986   1.237986   1.870000   1.719820   0.007193   0.012327   0.280000  -2.694981    957      0
 5.5659E+00   7.444215   0.441275 -30.788692   0.051175 -99.000000   0.150180   0.973311   0.000895   0.020000   0.113947      5
 1.1057E+09   2.191697   1.248932 -99.000000 -99.000000  -7.850527   0.000000   0.000111   0.002085   0.019495  0.000E+00    lg_XH_cntr

        185   7.445668   7145.082   1.239174   1.239174   1.870000   1.719820   0.006706   0.012328   0.280000  -2.688561    954      0
 5.5325E+00   7.445668   0.440183 -30.708994   0.051885 -99.000000   0.150180   0.973799   0.000893   0.020000   0.114148      5
 1.1061E+09   2.196824   1.251089 -99.000000 -99.000000  -7.858689   0.000000   0.000111   0.002085   0.019495  0.000E+00    lg_XH_cntr

save LOGS/profile44.data LOGS/profile44.data.GYRE for model 185
        186   7.447095   7162.940   1.240413   1.240413   1.870000   1.719820   0.006258   0.012329   0.280000  -2.682044    949      0
 5.4992E+00   7.447095   0.439093 -30.630145   0.052641 -99.000000   0.150180   0.974248   0.000892   0.020000   0.114344      5
 1.1064E+09   2.201935   1.253245 -13.972319 -99.000000  -7.866958   0.000000   0.000112   0.002085   0.019495  0.000E+00    lg_XH_cntr

        187   7.448457   7180.876   1.241542   1.241542   1.870000   1.719820   0.005835   0.012330   0.280000  -2.675329    958      0
 5.4660E+00   7.448457   0.438010 -30.550888   0.053262 -99.000000   0.150180   0.974671   0.000890   0.020000   0.114548      5
 1.1067E+09   2.207023   1.255423 -13.972319 -99.000000  -7.875375   0.000000   0.000112   0.002085   0.019494  0.000E+00    lg_XH_cntr

        188   7.449861   7199.005   1.242549   1.242549   1.870000   1.719820   0.005436   0.012330   0.280000  -2.668227    955      0
 5.4330E+00   7.449861   0.436936 -30.471941   0.053733 -99.000000   0.150180   0.975069   0.000889   0.020000   0.114754      5
 1.1069E+09   2.212326   1.257655 -99.000000 -99.000000  -7.884011   0.000000   0.000113   0.002085   0.019494  0.000E+00    lg_XH_cntr

        189   7.451232   7217.017   1.243669   1.243669   1.870000   1.719820   0.005072   0.012331   0.280000  -2.661100    959      0
 5.3978E+00   7.451232   0.435876 -30.394275   0.054320 -99.000000   0.150180   0.975434   0.000888   0.020000   0.114955      5
 1.1072E+09   2.217575   1.259876 -99.000000 -99.000000  -7.892699   0.000000   0.000114   0.002085   0.019494  0.000E+00    lg_XH_cntr


__________________________________________________________________________________________________________________________________________________

       step    lg_Tmax     Teff     lg_LH      lg_Lnuc_tot Mass       H_rich     H_cntr     N_cntr     Y_surf   eta_cntr   zones  retry
  lg_dt_yrs    lg_Tcntr    lg_R     lg_L3a     lg_Lneu     lg_Mdot    He_core    He_cntr    O_cntr     Z_surf   gam_cntr   iters  
    age_yrs    lg_Dcntr    lg_L     lg_LZ      lg_Lphoto   lg_Dsurf   CO_core    C_cntr     Ne_cntr    Z_cntr   v_div_cs       dt_limit
__________________________________________________________________________________________________________________________________________________

        190   7.452581   7235.001   1.244642   1.244642   1.870000   1.719820   0.004730   0.012331   0.280000  -2.653713    956      0
 5.3640E+00   7.452581   0.434830 -30.317201   0.054734 -99.000000   0.150180   0.975777   0.000886   0.020000   0.115162      5
 1.1074E+09   2.222892   1.262108 -14.449440 -99.000000  -7.901491   0.000000   0.000114   0.002085   0.019494  0.000E+00    lg_XH_cntr

save LOGS/profile45.data LOGS/profile45.data.GYRE for model 190
        191   7.453898   7252.856   1.245688   1.245688   1.870000   1.719820   0.004415   0.012331   0.280000  -2.646232    960      0
 5.3311E+00   7.453898   0.433796 -30.241411   0.055221 -99.000000   0.150180   0.976091   0.000885   0.020000   0.115369      5
 1.1076E+09   2.228186   1.264323 -99.000000 -99.000000  -7.910322   0.000000   0.000115   0.002085   0.019493  0.000E+00    lg_XH_cntr

        192   7.455197   7270.707   1.246473   1.246473   1.870000   1.719820   0.004116   0.012331   0.280000  -2.638307    959      0
 5.2989E+00   7.455197   0.432784 -30.165880   0.055406 -99.000000   0.150180   0.976391   0.000884   0.020000   0.115590      5
 1.1078E+09   2.233636   1.266567 -99.000000 -99.000000  -7.919275   0.000000   0.000115   0.002085   0.019493  0.000E+00    lg_XH_cntr

        193   7.456471   7288.462   1.247299   1.247299   1.870000   1.719820   0.003838   0.012332   0.280000  -2.630162    960      0
 5.2660E+00   7.456471   0.431793 -30.091165   0.055627 -99.000000   0.150180   0.976669   0.000883   0.020000   0.115816      5
 1.1080E+09   2.239132   1.268824 -99.000000 -99.000000  -7.928296   0.000000   0.000116   0.002085   0.019493  0.000E+00    lg_XH_cntr

        194   7.457701   7305.907   1.248214   1.248214   1.870000   1.719820   0.003584   0.012332   0.280000  -2.621946    960      0
 5.2315E+00   7.457701   0.430828 -30.018510   0.055941 -99.000000   0.150180   0.976923   0.000882   0.020000   0.116044      5
 1.1082E+09   2.244579   1.271047 -14.449440 -99.000000  -7.937256   0.000000   0.000116   0.002085   0.019493  0.000E+00    lg_XH_cntr

        195   7.458900   7323.183   1.248966   1.248966   1.870000   1.719820   0.003345   0.012332   0.280000  -2.613424    960      0
 5.2003E+00   7.458900   0.429885 -29.946963   0.056067 -99.000000   0.150180   0.977162   0.000882   0.020000   0.116283      5
 1.1083E+09   2.250104   1.273264 -99.000000 -99.000000  -7.946226   0.000000   0.000117   0.002085   0.019493  0.000E+00    lg_XH_cntr

save LOGS/profile46.data LOGS/profile46.data.GYRE for model 195
        196   7.460073   7340.332   1.249586   1.249586   1.870000   1.719820   0.003121   0.012332   0.280000  -2.604508    964      0
 5.1699E+00   7.460073   0.428966 -29.876335   0.056038 -99.000000   0.150180   0.977387   0.000881   0.020000   0.116537      5
 1.1085E+09   2.255748   1.275489 -99.000000 -99.000000  -7.955229   0.000000   0.000117   0.002085   0.019492  0.000E+00    lg_XH_cntr

        197   7.461212   7357.275   1.250116   1.250116   1.870000   1.719820   0.002910   0.012332   0.280000  -2.595219    969      0
 5.1374E+00   7.461212   0.428077 -29.807046   0.055901 -99.000000   0.150180   0.977598   0.000880   0.020000   0.116805      4
 1.1086E+09   2.261492   1.277715 -99.000000 -99.000000  -7.964221   0.000000   0.000118   0.002085   0.019492  0.000E+00    lg_XH_cntr

        198   7.462303   7373.836   1.250792   1.250792   1.870000   1.719820   0.002718   0.012332   0.280000  -2.585802    967      0
 5.1039E+00   7.462303   0.427221 -29.740114   0.055922 -99.000000   0.150180   0.977790   0.000879   0.020000   0.117079      4
 1.1088E+09   2.267209   1.279909 -99.000000 -99.000000  -7.973093   0.000000   0.000118   0.002085   0.019492  0.000E+00    lg_XH_cntr

        199   7.463353   7390.088   1.251365   1.251365   1.870000   1.719820   0.002539   0.012332   0.280000  -2.576081    971      0
 5.0730E+00   7.463353   0.426393 -29.674970   0.055825 -99.000000   0.150180   0.977970   0.000879   0.020000   0.117366      4
 1.1089E+09   2.272987   1.282079 -14.449440 -99.000000  -7.981874   0.000000   0.000119   0.002085   0.019492  0.000E+00    lg_XH_cntr


__________________________________________________________________________________________________________________________________________________

       step    lg_Tmax     Teff     lg_LH      lg_Lnuc_tot Mass       H_rich     H_cntr     N_cntr     Y_surf   eta_cntr   zones  retry
  lg_dt_yrs    lg_Tcntr    lg_R     lg_L3a     lg_Lneu     lg_Mdot    He_core    He_cntr    O_cntr     Z_surf   gam_cntr   iters  
    age_yrs    lg_Dcntr    lg_L     lg_LZ      lg_Lphoto   lg_Dsurf   CO_core    C_cntr     Ne_cntr    Z_cntr   v_div_cs       dt_limit
__________________________________________________________________________________________________________________________________________________

        200   7.464365   7406.080   1.251822   1.251822   1.870000   1.719820   0.002370   0.012332   0.280000  -2.565942    972      0
 5.0437E+00   7.464365   0.425592 -29.611526   0.055595 -99.000000   0.150180   0.978139   0.000878   0.020000   0.117672      4
 1.1090E+09   2.278878   1.284232 -14.148410 -99.000000  -7.990586   0.000000   0.000119   0.002085   0.019492  0.000E+00    lg_XH_cntr

save LOGS/profile47.data LOGS/profile47.data.GYRE for model 200
save photos/x200 for model 200
        201   7.465331   7421.725   1.252196   1.252196   1.870000   1.719820   0.002211   0.012332   0.280000  -2.555395    977      0
 5.0127E+00   7.465331   0.424823 -29.550177   0.055270 -99.000000   0.150180   0.978297   0.000877   0.020000   0.117997      4
 1.1091E+09   2.284867   1.286360 -99.000000 -99.000000  -7.999179   0.000000   0.000120   0.002085   0.019492  0.000E+00    lg_XH_cntr

        202   7.466247   7436.976   1.252522   1.252522   1.870000   1.719820   0.002064   0.012332   0.280000  -2.544457    975      0
 4.9812E+00   7.466247   0.424089 -29.491193   0.054890 -99.000000   0.150180   0.978445   0.000877   0.020000   0.118341      4
 1.1092E+09   2.290941   1.288456 -13.847380 -99.000000  -8.007618   0.000000   0.000120   0.002085   0.019491  0.000E+00    lg_XH_cntr

        203   7.467110   7451.808   1.252814   1.252814   1.870000   1.719820   0.001927   0.012332   0.280000  -2.533131    983      0
 4.9496E+00   7.467110   0.423388 -29.434811   0.054474 -99.000000   0.150180   0.978582   0.000876   0.020000   0.118705      4
 1.1093E+09   2.297093   1.290516 -99.000000 -99.000000  -8.015885   0.000000   0.000121   0.002085   0.019491  0.000E+00    lg_XH_cntr

        204   7.467917   7466.175   1.253095   1.253095   1.870000   1.719820   0.001799   0.012332   0.280000  -2.521420    982      0
 4.9183E+00   7.467917   0.422723 -29.381250   0.054047 -99.000000   0.150180   0.978710   0.000876   0.020000   0.119089      4
 1.1094E+09   2.303317   1.292532 -99.000000 -99.000000  -8.023945   0.000000   0.000121   0.002085   0.019491  0.000E+00    lg_XH_cntr

        205   7.468667   7480.063   1.253393   1.253393   1.870000   1.719820   0.001680   0.012332   0.280000  -2.509338    982      0
 4.8875E+00   7.468667   0.422092 -29.330597   0.053643 -99.000000   0.150180   0.978829   0.000875   0.020000   0.119494      4
 1.1094E+09   2.309606   1.294498 -99.000000 -99.000000  -8.031785   0.000000   0.000122   0.002085   0.019491  0.000E+00    lg_XH_cntr

save LOGS/profile48.data LOGS/profile48.data.GYRE for model 205
        206   7.469351   7493.458   1.253692   1.253692   1.870000   1.719820   0.001569   0.012332   0.280000  -2.496843    982      0
 4.8573E+00   7.469351   0.421493 -29.283293   0.053248 -99.000000   0.150180   0.978940   0.000875   0.020000   0.119922      4
 1.1095E+09   2.315966   1.296408 -14.449440 -99.000000  -8.039387   0.000000   0.000122   0.002085   0.019491  0.000E+00    lg_XH_cntr

        207   7.469969   7506.349   1.254032   1.254032   1.870000   1.719820   0.001466   0.012332   0.280000  -2.483943    982      0
 4.8278E+00   7.469969   0.420925 -29.239376   0.052907 -99.000000   0.150180   0.979043   0.000875   0.020000   0.120373      3
 1.1096E+09   2.322392   1.298259 -13.847380 -99.000000  -8.046739   0.000000   0.000122   0.002085   0.019491  0.000E+00    lg_XH_cntr

        208   7.470521   7518.712   1.254443   1.254443   1.870000   1.719820   0.001371   0.012332   0.280000  -2.470644    984      0
 4.7991E+00   7.470521   0.420388 -29.198945   0.052656 -99.000000   0.150180   0.979139   0.000874   0.020000   0.120849      3
 1.1096E+09   2.328882   1.300043 -99.000000 -99.000000  -8.053820   0.000000   0.000123   0.002085   0.019491  0.000E+00    lg_XH_cntr

        209   7.470999   7530.542   1.254914   1.254914   1.870000   1.719820   0.001282   0.012332   0.280000  -2.456910    984      0
 4.7712E+00   7.470999   0.419879 -29.162441   0.052484 -99.000000   0.150180   0.979228   0.000874   0.020000   0.121352      3
 1.1097E+09   2.335438   1.301756 -99.000000 -99.000000  -8.060621   0.000000   0.000123   0.002085   0.019491  0.000E+00    lg_XH_cntr


__________________________________________________________________________________________________________________________________________________

       step    lg_Tmax     Teff     lg_LH      lg_Lnuc_tot Mass       H_rich     H_cntr     N_cntr     Y_surf   eta_cntr   zones  retry
  lg_dt_yrs    lg_Tcntr    lg_R     lg_L3a     lg_Lneu     lg_Mdot    He_core    He_cntr    O_cntr     Z_surf   gam_cntr   iters  
    age_yrs    lg_Dcntr    lg_L     lg_LZ      lg_Lphoto   lg_Dsurf   CO_core    C_cntr     Ne_cntr    Z_cntr   v_div_cs       dt_limit
__________________________________________________________________________________________________________________________________________________

        210   7.471403   7541.828   1.255495   1.255495   1.870000   1.719820   0.001199   0.012331   0.280000  -2.442755    984      0
 4.7442E+00   7.471403   0.419397 -29.129844   0.052451 -99.000000   0.150180   0.979311   0.000873   0.020000   0.121881      3
 1.1097E+09   2.342055   1.303393 -99.000000 -99.000000  -8.067129   0.000000   0.000123   0.002085   0.019491  0.000E+00    lg_XH_cntr

save LOGS/profile49.data LOGS/profile49.data.GYRE for model 210
        211   7.471729   7552.560   1.256199   1.256199   1.870000   1.719820   0.001122   0.012331   0.280000  -2.428161    985      0
 4.7182E+00   7.471729   0.418940 -29.101412   0.052574 -99.000000   0.150180   0.979388   0.000873   0.020000   0.122438      3
 1.1098E+09   2.348735   1.304951 -14.449440 -99.000000  -8.073333   0.000000   0.000124   0.002085   0.019490  0.000E+00    lg_XH_cntr

        212   7.471973   7562.731   1.257051   1.257051   1.870000   1.719820   0.001050   0.012331   0.280000  -2.413126    988      0
 4.6931E+00   7.471973   0.418508 -29.077308   0.052883 -99.000000   0.150180   0.979460   0.000873   0.020000   0.123025      3
 1.1098E+09   2.355474   1.306424 -99.000000 -99.000000  -8.079223   0.000000   0.000124   0.002085   0.019490  0.000E+00    lg_XH_cntr


stop because have dropped below central lower limit for h1
    0.9834425740E-03    0.1000000000E-02

        213   7.472132   7572.334   1.258065   1.258065   1.870000   1.719820   0.000983   0.012331   0.280000  -2.397617    984      0
 4.6690E+00   7.472132   0.418098 -29.057827   0.053397 -99.000000   0.150180   0.979526   0.000873   0.020000   0.123644      3
 1.1099E+09   2.362277   1.307809 -99.000000 -99.000000  -8.084790   0.000000   0.000124   0.002085   0.019490  0.000E+00    lg_XH_cntr

save LOGS/profile50.data LOGS/profile50.data.GYRE for model 213

                                  max increase dt limit          37
                                    lg_XH_cntr dt limit          65
                                      XHe_cntr dt limit         111

save photos/x213 for model 213
termination code: xa_central_lower_limit
__________________________________________________________________________________________________________________________________________________

       step    lg_Tmax     Teff     lg_LH      lg_Lnuc_tot Mass       H_rich     H_cntr     N_cntr     Y_surf   eta_cntr   zones  retry
  lg_dt_yrs    lg_Tcntr    lg_R     lg_L3a     lg_Lneu     lg_Mdot    He_core    He_cntr    O_cntr     Z_surf   gam_cntr   iters  
    age_yrs    lg_Dcntr    lg_L     lg_LZ      lg_Lphoto   lg_Dsurf   CO_core    C_cntr     Ne_cntr    Z_cntr   v_div_cs       dt_limit
__________________________________________________________________________________________________________________________________________________

        213   7.472132   7572.334   1.258065   1.258065   1.870000   1.719820   0.000983   0.012331   0.280000  -2.397617    984      0
 4.6690E+00   7.472132   0.418098 -29.057827   0.053397 -99.000000   0.150180   0.979526   0.000873   0.020000   0.123644      3
 1.1099E+09   2.362277   1.307809 -99.000000 -99.000000  -8.084790   0.000000   0.000124   0.002085   0.019490  0.000E+00    lg_XH_cntr

DATE: 2026-06-16
TIME: 13:19:26
