                                       1                                        2                                        3                                        4                                        5                                        6                                        7                                        8                                        9                                       10                                       11                                       12                                       13                                       14                                       15                                       16                                       17                                       18                                       19                                       20                                       21                                       22                                       23                                       24                                       25                                       26                                       27                                       28                                       29                                       30                                       31                                       32                                       33                                       34                                       35                                       36                                       37                                       38                                       39                                       40                                       41                                       42                                       43                                       44                                       45                                       46                                       47                                       48                                       49 
                            model_number                                num_zones                             initial_mass                                initial_z                                 star_age                                time_step                                     Teff                            photosphere_L                            photosphere_r                               center_eta                                center_h1                               center_he3                               center_he4                               center_c12                               center_n14                               center_o16                              center_ne20                                star_mass                                star_mdot                             star_mass_h1                            star_mass_he3                            star_mass_he4                            star_mass_c12                            star_mass_n14                            star_mass_o16                           star_mass_ne20                             he_core_mass                             co_core_mass                             fe_core_mass                   neutron_rich_core_mass                             dynamic_time                             kh_timescale                            nuc_timescale                           power_nuc_burn                             power_h_burn                            power_he_burn                                power_neu                                burn_min1                                burn_min2                             time_seconds                           version_number                                 compiler                                    build                         MESA_SDK_version                             math_backend                                     date                                     msun                                     rsun                                     lsun 
                                    1400                                     1212                  2.0000000000000000E+000                  2.0000000000000000E-002                  9.9286422350351238E+008                  4.0493756802499607E+004                  4.4070697411855890E+003                  2.0335990897795376E+001                  7.7354571346377288E+000                  4.5723333613248096E+000                  0.0000000000000000E+000                  0.0000000000000000E+000                  9.8051708375597690E-001                  1.0940682558176895E-004                  1.2417374325285609E-002                  7.9388884003756802E-004                  2.0850244238772254E-003                  5.9431178860962364E-001                 -2.4725598643415597E-008                  2.3374187599194771E-001                  8.5378674925470663E-005                  3.4865949173795135E-001                  6.5925555380106509E-004                  4.2704374448216485E-003                  3.2330536136300362E-003                  1.2391545946454725E-003                  2.2904198406337231E-001                  0.0000000000000000E+000                  0.0000000000000000E+000                  0.0000000000000000E+000                  2.7930509608795936E+005                  5.2875961211004520E+004                  2.9224628964308441E+008                  1.9930360894442508E+001                  1.9930360894279460E+001                  4.4453761901947819E-011                  1.3589716757982273E+000                  5.0000000000000000E+001                  1.0000000000000000E+003                  3.1332412019634444E+016                                "r26.4.1"                               "gfortran"                                 "15.2.0"                    "x86_64-linux-26.3.2"                                 "CRMATH"                               "20260609"                  1.9884098706980504E+033                  6.9570000000000000E+010                  3.8280000000000003E+033 

                                       1                                        2                                        3                                        4                                        5                                        6                                        7                                        8                                        9                                       10                                       11                                       12 
                                    zone                                     mass                                     logR                                     logT                                   logRho                                     logP                        x_mass_fraction_H                       y_mass_fraction_He                   z_mass_fraction_metals                                       pp                                      cno                                tri_alpha 
                                       1                  5.9431178860962364E-001                  8.8848598386400179E-001                  3.6441501698753620E+000                 -7.6714364225496325E+000                  3.7663420704306909E+000                  6.7626734486684303E-001                  3.0352383259592847E-001                  2.0208822537228555E-002                  2.9171143744783777E-027                  0.0000000000000000E+000                  0.0000000000000000E+000 
                                       2                  5.9431178860926714E-001                  8.8848597648566541E-001                  3.6441508071048165E+000                 -7.6714319636978283E+000                  3.7663471677970168E+000                  6.7626734486684303E-001                  3.0352383259592847E-001                  2.0208822537228555E-002                  2.9171443284975051E-027                  0.0000000000000000E+000                  0.0000000000000000E+000 
                                       3                  5.9431178860870248E-001                  8.8848596480341979E-001                  3.6441520969908825E+000                 -7.6714229383112631E+000                  3.7663574856710320E+000                  6.7626734486684303E-001                  3.0352383259592847E-001                  2.0208822537228555E-002                  2.9172049608781196E-027                  0.0000000000000000E+000                  0.0000000000000000E+000 
                                       4                  5.9431178860740241E-001                  8.8848593790406671E-001                  3.6441550005735603E+000                 -7.6714026231482872E+000                  3.7663807102732112E+000                  6.7626734486684303E-001                  3.0352383259592847E-001                  2.0208822537228555E-002                  2.9173414423797710E-027                  0.0000000000000000E+000                  0.0000000000000000E+000 
                                       5                  5.9431178860450529E-001                  8.8848587795972322E-001                  3.6441607758646537E+000                 -7.6713622214619503E+000                  3.7664268989024263E+000                  6.7626734486684303E-001                  3.0352383259592847E-001                  2.0208822537228555E-002                  2.9176128883126941E-027                  0.0000000000000000E+000                  0.0000000000000000E+000 
                                       6                  5.9431178859905431E-001                  8.8848576519024169E-001                  3.6441677916008621E+000                 -7.6713131533653076E+000                  3.7664829968959244E+000                  6.7626734486684303E-001                  3.0352383259592847E-001                  2.0208822537228555E-002                  2.9179425950355599E-027                  0.0000000000000000E+000                  0.0000000000000000E+000 
                                       7                  5.9431178859436473E-001                  8.8848566818480179E-001                  3.6441779111096877E+000                 -7.6712423954295277E+000                  3.7665638947752891E+000                  6.7626734486684303E-001                  3.0352383259592847E-001                  2.0208822537228555E-002                  2.9184181094334498E-027                  0.0000000000000000E+000                  0.0000000000000000E+000 
                                       8                  5.9431178858442868E-001                  8.8848546268178785E-001                  3.6441925464522549E+000                 -7.6711401058707409E+000                  3.7666808492546457E+000                  6.7626734486684303E-001                  3.0352383259592847E-001                  2.0208822537228555E-002                  2.9191056627229936E-027                  0.0000000000000000E+000                  0.0000000000000000E+000 
                                       9                  5.9431178857321565E-001                  8.8848523082494157E-001                  3.6442148484363095E+000                 -7.6709843212252862E+000                  3.7668589810034709E+000                  6.7626734486684303E-001                  3.0352383259592847E-001                  2.0208822537228555E-002                  2.9201531018058965E-027                  0.0000000000000000E+000                  0.0000000000000000E+000 
                                      10                  5.9431178855220579E-001                  8.8848479654818435E-001                  3.6442492441396479E+000                 -7.6707442874556566E+000                  3.7671334801865610E+000                  6.7626734486684303E-001                  3.0352383259592847E-001                  2.0208822537228555E-002                  2.9217677370346179E-027                  0.0000000000000000E+000                  0.0000000000000000E+000 
                                      11                  5.9431178852353483E-001                  8.8848420424172037E-001                  3.6443151287183020E+000                 -7.6702851977368560E+000                  3.7676585883760505E+000                  6.7626734486684292E-001                  3.0352383259592847E-001                  2.0208822537228555E-002                  2.9248583832533836E-027                  0.0000000000000000E+000                  0.0000000000000000E+000 
                                      12                  5.9431178845708099E-001                  8.8848283282681750E-001                  3.6443969754109320E+000                 -7.6697164254492209E+000                  3.7683093745396259E+000                  6.7626734486684303E-001                  3.0352383259592847E-001                  2.0208822537228555E-002                  2.9286919603843323E-027                  0.0000000000000000E+000                  0.0000000000000000E+000 
                                      13                  5.9431178840548504E-001                  8.8848176941858426E-001                  3.6445133077915517E+000                 -7.6689103139324972E+000                  3.7692320572488707E+000                  6.7626734486684303E-001                  3.0352383259592847E-001                  2.0208822537228555E-002                  2.9341338348718239E-027                  0.0000000000000000E+000                  0.0000000000000000E+000 
                                      14                  5.9431178828940845E-001                  8.8847938145709249E-001                  3.6447772487069900E+000                 -7.6670919685136765E+000                  3.7713148909206833E+000                  6.7626734486684303E-001                  3.0352383259592847E-001                  2.0208822537228555E-002                  2.9464462299016221E-027                  0.0000000000000000E+000                  0.0000000000000000E+000 
                                      15                  5.9431178802568252E-001                  8.8847397853149468E-001                  3.6453045253914391E+000                 -7.6635043494957005E+000                  3.7754309032427171E+000                  6.7626734486684303E-001                  3.0352383259592847E-001                  2.0208822537228555E-002                  2.9708904925369392E-027                  0.0000000000000000E+000                  0.0000000000000000E+000 
                                      16                  5.9431178753351810E-001                  8.8846397802485133E-001                  3.6462827999311478E+000                 -7.6569999855406063E+000                  3.7829156889983242E+000                  6.7626734486684303E-001                  3.0352383259592847E-001                  2.0208822537228555E-002                  3.0157263358185099E-027                  0.0000000000000000E+000                  0.0000000000000000E+000 
                                      17                  5.9431178663276429E-001                  8.8844594554096934E-001                  3.6474254105790482E+000                 -7.6496685873880450E+000                  3.7913923362661404E+000                  6.7626734486684303E-001                  3.0352383259592847E-001                  2.0208822537228555E-002                  3.0670748364163135E-027                  0.0000000000000000E+000                  0.0000000000000000E+000 
                                      18                  5.9431178592701905E-001                  8.8843205196942987E-001                  3.6491430509863463E+000                 -7.6390469337942069E+000                  3.8037357569414394E+000                  6.7626734486684303E-001                  3.0352383259592847E-001                  2.0208822537228555E-002                  3.1430229899487490E-027                  0.0000000000000000E+000                  0.0000000000000000E+000 
                                      19                  5.9431178423694486E-001                  8.8839957918027823E-001                  3.6509651120434947E+000                 -7.6284090966154112E+000                  3.8162002964930251E+000                  6.7626734486684303E-001                  3.0352383259592847E-001                  2.0208822537228555E-002                  3.2209719837796741E-027                  0.0000000000000000E+000                  0.0000000000000000E+000 
                                      20                  5.9431178343833846E-001                  8.8838460372647532E-001                  3.6528871467759418E+000                 -7.6176448024047776E+000                  3.8288916400667596E+000                  6.7626734486684303E-001                  3.0352383259592847E-001                  2.0208822537228555E-002                  3.3018157270636590E-027                  0.0000000000000000E+000                  0.0000000000000000E+000 
                                      21                  5.9431178162887566E-001                  8.8835149788394618E-001                  3.6561332536332691E+000                 -7.6005928111834260E+000                  3.8491984897113887E+000                  6.7626734486684303E-001                  3.0352383259592847E-001                  2.0208822537228555E-002                  3.4340560773393586E-027                  0.0000000000000000E+000                  0.0000000000000000E+000 
                                      22                  5.9431177910477817E-001                  8.8830708331727815E-001                  3.6591820051130939E+000                 -7.5857382601728469E+000                  3.8671102207304644E+000                  6.7626734486684303E-001                  3.0352383259592847E-001                  2.0208822537228555E-002                  3.5535645187339597E-027                  0.0000000000000000E+000                  0.0000000000000000E+000 
                                      23                  5.9431177763621224E-001                  8.8828210505293326E-001                  3.6610443695713624E+000                 -7.5770922682727049E+000                  3.8776237428128444E+000                  6.7626734486684303E-001                  3.0352383259592847E-001                  2.0208822537228555E-002                  3.6250294290116220E-027                  0.0000000000000000E+000                  0.0000000000000000E+000 
                                      24                  5.9431177668393909E-001                  8.8826622522925947E-001                  3.6632396829008713E+000                 -7.5672516089705333E+000                  3.8896657779221040E+000                  6.7626734486684292E-001                  3.0352383259592847E-001                  2.0208822537228555E-002                  3.7081196335521883E-027                  0.0000000000000000E+000                  0.0000000000000000E+000 
                                      25                  5.9431177479086583E-001                  8.8823535918415475E-001                  3.6662801643367224E+000                 -7.5542651492100097E+000                  3.9057010611138514E+000                  6.7626734486684303E-001                  3.0352383259592847E-001                  2.0208822537228555E-002                  3.8206940113205411E-027                  0.0000000000000000E+000                  0.0000000000000000E+000 
                                      26                  5.9431177277158775E-001                  8.8820339839526419E-001                  3.6687908106753859E+000                 -7.5440408517593687E+000                  3.9184428002671146E+000                  6.7626734486684303E-001                  3.0352383259592847E-001                  2.0208822537228555E-002                  3.9117239517681232E-027                  0.0000000000000000E+000                  0.0000000000000000E+000 
                                      27                  5.9431177157837800E-001                  8.8818494868795084E-001                  3.6720172236122037E+000                 -7.5314217320850476E+000                  3.9342968617674114E+000                  6.7626734486684303E-001                  3.0352383259592847E-001                  2.0208822537228555E-002                  4.0270718199267826E-027                  0.0000000000000000E+000                  0.0000000000000000E+000 
                                      28                  5.9431176864124624E-001                  8.8814082509740777E-001                  3.6760502486969759E+000                 -7.5165035465688774E+000                  3.9532584341179366E+000                  6.7626734486684292E-001                  3.0352383259592847E-001                  2.0208822537228555E-002                  4.1678303215899989E-027                  0.0000000000000000E+000                  0.0000000000000000E+000 
                                      29                  5.9431176643839745E-001                  8.8810884144291202E-001                  3.6789314021443347E+000                 -7.5063336889518437E+000                  3.9663166097541325E+000                  6.7626734486684303E-001                  3.0352383259592847E-001                  2.0208822537228555E-002                  4.2665967214260621E-027                  0.0000000000000000E+000                  0.0000000000000000E+000 
                                      30                  5.9431176496983162E-001                  8.8808800871250504E-001                  3.6818076169985674E+000                 -7.4965374734655050E+000                  3.9789959890422026E+000                  6.7626734486684303E-001                  3.0352383259592847E-001                  2.0208822537228555E-002                  4.3639470736372047E-027                  0.0000000000000000E+000                  0.0000000000000000E+000 
                                      31                  5.9431176276698272E-001                  8.8805745117719426E-001                  3.6856873995381325E+000                 -7.4838714480084469E+000                  3.9955508673246709E+000                  6.7626734486684303E-001                  3.0352383259592847E-001                  2.0208822537228555E-002                  4.4931165026567368E-027                  0.0000000000000000E+000                  0.0000000000000000E+000 
                                      32                  5.9431176001342167E-001                  8.8802034349681092E-001                  3.6891359970084956E+000                 -7.4731193661784792E+000                  4.0097593320039451E+000                  6.7626734486684303E-001                  3.0352383259592847E-001                  2.0208822537228555E-002                  4.6057635295922579E-027                  0.0000000000000000E+000                  0.0000000000000000E+000 
                                      33                  5.9431175836128503E-001                  8.8799861892501675E-001                  3.6920037984373848E+000                 -7.4644958659122773E+000                  4.0212569126907658E+000                  6.7626734486684303E-001                  3.0352383259592841E-001                  2.0208822537228555E-002                  4.6981476080790214E-027                  0.0000000000000000E+000                  0.0000000000000000E+000 
                                      34                  5.9431175634200706E-001                  8.8797258440717897E-001                  3.6955864896392829E+000                 -7.4541261715228000E+000                  4.0352169251160550E+000                  6.7626734486684303E-001                  3.0352383259592847E-001                  2.0208822537228555E-002                  4.8116962152720322E-027                  0.0000000000000000E+000                  0.0000000000000000E+000 
                                      35                  5.9431175377201673E-001                  8.8794022483391377E-001                  3.7000317585646099E+000                 -7.4418661916696021E+000                  4.0519313561934878E+000                  6.7626734486684303E-001                  3.0352383259592847E-001                  2.0208822537228555E-002                  4.9494893551397323E-027                  0.0000000000000000E+000                  0.0000000000000000E+000 
                                      36                  5.9431175065131425E-001                  8.8790201549315273E-001                  3.7042072469394558E+000                 -7.4309705405731963E+000                  4.0670109182255567E+000                  6.7626734486684303E-001                  3.0352383259592847E-001                  2.0208822537228555E-002                  5.0752570102731265E-027                  0.0000000000000000E+000                  0.0000000000000000E+000 
                                      37                  5.9431174844846535E-001                  8.8787570657460901E-001                  3.7085349575544955E+000                 -7.4202358471596765E+000                  4.0820819145743563E+000                  6.7626734486684303E-001                  3.0352383259592847E-001                  2.0208822537228555E-002                  5.2022919668542979E-027                  0.0000000000000000E+000                  0.0000000000000000E+000 
                                      38                  5.9431174514419216E-001                  8.8783719805817785E-001                  3.7146459751059409E+000                 -7.4060943595226183E+000                  4.1023465415437119E+000                  6.7626734486684292E-001                  3.0352383259592847E-001                  2.0208822537228555E-002                  5.3745099112273373E-027                  0.0000000000000000E+000                  0.0000000000000000E+000 
                                      39                  5.9431174073849458E-001                  8.8778748318101908E-001                  3.7205682480627811E+000                 -7.3935619644868984E+000                  4.1208132371397328E+000                  6.7626734486684303E-001                  3.0352383259592847E-001                  2.0208822537228555E-002                  5.5318915213631681E-027                  0.0000000000000000E+000                  0.0000000000000000E+000 
                                      40                  5.9431173780136282E-001                  8.8775527356076900E-001                  3.7255043090705344E+000                 -7.3838486699674242E+000                  4.1354730152396399E+000                  6.7626734486684303E-001                  3.0352383259592847E-001                  2.0208822537228555E-002                  5.6570345007189451E-027                  0.0000000000000000E+000                  0.0000000000000000E+000 
                                      41                  5.9431173468475207E-001                  8.8772184405883525E-001                  3.7311564230383825E+000                 -7.3735543488657598E+000                  4.1514321090569313E+000                  6.7626734486684303E-001                  3.0352383259592847E-001                  2.0208822537228555E-002                  5.7927550102801593E-027                  0.0000000000000000E+000                  0.0000000000000000E+000 
                                      42                  5.9431173097665102E-001                  8.8768299209331336E-001                  3.7360537979643209E+000                 -7.3654132929309171E+000                  4.1644823884222575E+000                  6.7626734104865083E-001                  3.0352383641965630E-001                  2.0208822531692872E-002                  5.9023889036878772E-027                  0.0000000000000000E+000                  0.0000000000000000E+000 
                                      43                  5.9431172891659501E-001                  8.8766180411623496E-001                  3.7399542032336948E+000                 -7.3593363333503259E+000                  4.1744698951519803E+000                  6.7626734104865072E-001                  3.0352383641965630E-001                  2.0208822531692983E-002                  5.9855765830088159E-027                  0.0000000000000000E+000                  0.0000000000000000E+000 
                                      44                  5.9431172644452768E-001                  8.8763672783238645E-001                  3.7443109037728903E+000                 -7.3530631244995694E+000                  4.1851120560247468E+000                  6.7626734104865083E-001                  3.0352383641965630E-001                  2.0208822531692872E-002                  6.0726808788823233E-027                  0.0000000000000000E+000                  0.0000000000000000E+000 
                                      45                  5.9431172397246035E-001                  8.8761200691039643E-001                  3.7487941938832461E+000                 -7.3471702879428955E+000                  4.1955019988724329E+000                  6.7626734104865083E-001                  3.0352383641965630E-001                  2.0208822531692872E-002                  6.1556580523459116E-027                  0.0000000000000000E+000                  0.0000000000000000E+000 
                                      46                  5.9431172150039302E-001                  8.8758761501792693E-001                  3.7545993642807596E+000                 -7.3403453614900886E+000                  4.2081521494364651E+000                  6.7626734104865083E-001                  3.0352383641965636E-001                  2.0208822531692761E-002                  6.2531781591984664E-027                  0.0000000000000000E+000                  0.0000000000000000E+000 
                                      47                  5.9431171779229208E-001                  8.8755159014530061E-001                  3.7625042717237576E+000                 -7.3327653393238350E+000                  4.2236692565099334E+000                  6.7626734104865083E-001                  3.0352383641965630E-001                  2.0208822531692872E-002                  6.3632997286663381E-027                  0.0000000000000000E+000                  0.0000000000000000E+000 
                                      48                  5.9431171367217983E-001                  8.8751224483476088E-001                  3.7694163430329906E+000                 -7.3278366911795301E+000                  4.2355438706121031E+000                  6.7626734104865083E-001                  3.0352383641965630E-001                  2.0208822531692872E-002                  6.4359408956252668E-027                  0.0000000000000000E+000                  0.0000000000000000E+000 
                                      49                  5.9431171161212371E-001                  8.8749279022451888E-001                  3.7738035019686351E+000                 -7.3252754597701362E+000                  4.2425170930195550E+000                  6.7626734104865083E-001                  3.0352383641965630E-001                  2.0208822531692872E-002                  6.4740166236403057E-027                  0.0000000000000000E+000                  0.0000000000000000E+000 
                                      50                  5.9431170996407889E-001                  8.8747731618565850E-001                  3.7779121776172291E+000                 -7.3233034545596336E+000                  4.2486237571425152E+000                  6.7626734104865083E-001                  3.0352383641965630E-001                  2.0208822531692872E-002                  6.5034862427391705E-027                  0.0000000000000000E+000                  0.0000000000000000E+000 
                                      51                  5.9431170831603386E-001                  8.8746191060765300E-001                  3.7833489941475666E+000                 -7.3212636463977292E+000                  4.2561393406146264E+000                  6.7626734104865083E-001                  3.0352383641965630E-001                  2.0208822531692872E-002                  6.5341102732355652E-027                  0.0000000000000000E+000                  0.0000000000000000E+000 
                                      52                  5.9431170584396664E-001                  8.8743890747090981E-001                  3.7905389347937715E+000                 -7.3196624781826456E+000                  4.2649915154201086E+000                  6.7626734104865083E-001                  3.0352383641965630E-001                  2.0208822531692872E-002                  6.5582499187371800E-027                  0.0000000000000000E+000                  0.0000000000000000E+000 
                                      53                  5.9431170337189931E-001                  8.8741598535096466E-001                  3.7971769563807576E+000                 -7.3191255065908711E+000                  4.2722344630618769E+000                  6.7626734104865083E-001                  3.0352383641965630E-001                  2.0208822531692872E-002                  6.5663654027089721E-027                  0.0000000000000000E+000                  0.0000000000000000E+000 
                                      54                  5.9431170172385439E-001                  8.8740072080713017E-001                  3.8028466655001520E+000                 -7.3191541429891762E+000                  4.2779438846229052E+000                  6.7626734104865083E-001                  3.0352383641965630E-001                  2.0208822531692872E-002                  6.5659323550169746E-027                  0.0000000000000000E+000                  0.0000000000000000E+000 
                                      55                  5.9431170007580947E-001                  8.8738545364687460E-001                  3.8088744978922642E+000                 -7.3196307963931257E+000                  4.2835800079238640E+000                  6.7626734104865083E-001                  3.0352383641965630E-001                  2.0208822531692872E-002                  6.5587284607443778E-027                  0.0000000000000000E+000                  0.0000000000000000E+000 
                                      56                  5.9431169842776455E-001                  8.8737016810825031E-001                  3.8151929946065737E+000                 -7.3204895873980451E+000                  4.2891447020123508E+000                  6.7626734104865083E-001                  3.0352383641965630E-001                  2.0208822531692872E-002                  6.5457690804064313E-027                  0.0000000000000000E+000                  0.0000000000000000E+000 
                                      57                  5.9431169677971973E-001                  8.8735485069454823E-001                  3.8233019983400265E+000                 -7.3219034590227690E+000                  4.2960027365865283E+000                  6.7626734104865083E-001                  3.0352383641965630E-001                  2.0208822531692872E-002                  6.5244891520423899E-027                  0.0000000000000000E+000                  0.0000000000000000E+000 
                                      58                  5.9431169430765241E-001                  8.8733179659681705E-001                  3.8331009848546342E+000                 -7.3238599834053009E+000                  4.3040936377287675E+000                  6.7626734104865083E-001                  3.0352383641965630E-001                  2.0208822531692872E-002                  6.4951559213122313E-027                  0.0000000000000000E+000                  0.0000000000000000E+000 
                                      59                  5.9431169183558508E-001                  8.8730863470769550E-001                  3.8410273698630832E+000                 -7.3254074817129942E+000                  4.3107241888981482E+000                  6.7626734104865083E-001                  3.0352383641965630E-001                  2.0208822531692872E-002                  6.4720484660432039E-027                  0.0000000000000000E+000                  0.0000000000000000E+000 
                                      60                  5.9431169018754015E-001                  8.8729313625977679E-001                  3.8471352661687468E+000                 -7.3265129727123250E+000                  4.3159574367213924E+000                  6.7626734104865083E-001                  3.0352383641965630E-001                  2.0208822531692872E-002                  6.4555914865154645E-027                  0.0000000000000000E+000                  0.0000000000000000E+000 
                                      61                  5.9431168853949534E-001                  8.8727759664471861E-001                  3.8544268925704670E+000                 -7.3276748341751725E+000                  4.3224124622619513E+000                  6.7626734104865083E-001                  3.0352383641965630E-001                  2.0208822531692872E-002                  6.4383404478561255E-027                  0.0000000000000000E+000                  0.0000000000000000E+000 
                                      62                  5.9431168606742790E-001                  8.8725422163777667E-001                  3.8625370925524320E+000                 -7.3285975291303807E+000                  4.3300355701249851E+000                  6.7626734104865083E-001                  3.0352383641965630E-001                  2.0208822531692872E-002                  6.4246733470514316E-027                  0.0000000000000000E+000                  0.0000000000000000E+000 
                                      63                  5.9431168359536068E-001                  8.8723079312888542E-001                  3.8712791820944763E+000                 -7.3291172156803439E+000                  4.3388306239847410E+000                  6.7626734104865083E-001                  3.0352383641965630E-001                  2.0208822531692872E-002                  6.4169884463870066E-027                  0.0000000000000000E+000                  0.0000000000000000E+000 
                                      64                  5.9431168025558412E-001                  8.8719909715173251E-001                  3.8802184622532252E+000                 -7.3288776275378069E+000                  4.3487264340099081E+000                  6.7626734104865083E-001                  3.0352383641965630E-001                  2.0208822531692872E-002                  6.4205302297101886E-027                  0.0000000000000000E+000                  0.0000000000000000E+000 
                                      65                  5.9431167691580744E-001                  8.8716741171999403E-001                  3.8881853496923431E+000                 -7.3279366182801171E+000                  4.3584045656845358E+000                  6.7626734104865083E-001                  3.0352383641965630E-001                  2.0208822531692872E-002                  6.4344599092553584E-027                  0.0000000000000000E+000                  0.0000000000000000E+000 
                                      66                  5.9431167357603087E-001                  8.8713578795429715E-001                  3.8953288912230857E+000                 -7.3264229346149472E+000                  4.3678744439621253E+000                  6.7626734104865083E-001                  3.0352383641965630E-001                  2.0208822531692872E-002                  6.4569302788779231E-027                  0.0000000000000000E+000                  0.0000000000000000E+000 
                                      67                  5.9431167023625431E-001                  8.8710426734407777E-001                  3.9049624395722859E+000                 -7.3235318183491298E+000                  4.3817069475550259E+000                  6.7626734104865083E-001                  3.0352383641965630E-001                  2.0208822531692872E-002                  6.5000667205212758E-027                  0.0000000000000000E+000                  0.0000000000000000E+000 
                                      68                  5.9431166355670106E-001                  8.8704162402801323E-001                  3.9156772454772621E+000                 -7.3182328271104167E+000                  4.3995005958405802E+000                  6.7626734104865083E-001                  3.0352383641965630E-001                  2.0208822531692872E-002                  6.5798790868792830E-027                  0.0000000000000000E+000                  0.0000000000000000E+000 
                                      69                  5.9431165687714782E-001                  8.8697971377505491E-001                  3.9225381103759576E+000                 -7.3135475788066451E+000                  4.4123904085360692E+000                  6.7626734104865083E-001                  3.0352383641965630E-001                  2.0208822531692872E-002                  6.6512633854690350E-027                  0.0000000000000000E+000                  0.0000000000000000E+000 
                                      70                  5.9431165353737125E-001                  8.8694908101341785E-001                  3.9278308317005686E+000                 -7.3095411137913811E+000                  4.4228500930234160E+000                  6.7626734104865083E-001                  3.0352383641965630E-001                  2.0208822531692872E-002                  6.7129197765958566E-027                  0.0000000000000000E+000                  0.0000000000000000E+000 
                                      71                  5.9431164852770635E-001                  8.8690354183380637E-001                  3.9335698567466926E+000                 -7.3044329900001719E+000                  4.4350830598265487E+000                  6.7626734104865083E-001                  3.0352383641965630E-001                  2.0208822531692872E-002                  6.7923595257003537E-027                  0.0000000000000000E+000                  0.0000000000000000E+000 
                                      72                  5.9431164351804144E-001                  8.8685852106379137E-001                  3.9396554830813968E+000                 -7.2982895889467851E+000                  4.4489381883416543E+000                  6.7626734104865072E-001                  3.0352383641965630E-001                  2.0208822531692983E-002                  6.8891458494075895E-027                  0.0000000000000000E+000                  0.0000000000000000E+000 
                                      73                  5.9431163683848820E-001                  8.8679931521755562E-001                  3.9443165566712493E+000                 -7.2927663255528481E+000                  4.4604782632020097E+000                  6.7626734104865072E-001                  3.0352383641965630E-001                  2.0208822531692983E-002                  6.9773391084784200E-027                  0.0000000000000000E+000                  0.0000000000000000E+000 
                                      74                  5.9431163349871163E-001                  8.8677007746397241E-001                  3.9487185777352494E+000                 -7.2873033448244895E+000                  4.4717226043421601E+000                  6.7626734104865072E-001                  3.0352383641965630E-001                  2.0208822531692983E-002                  7.0656804805024738E-027                  0.0000000000000000E+000                  0.0000000000000000E+000 
                                      75                  5.9431162681915839E-001                  8.8671231555818686E-001                  3.9540348672271053E+000                 -7.2798483215741880E+000                  4.4862836606849568E+000                  6.7626734104865072E-001                  3.0352383641965630E-001                  2.0208822531692983E-002                  7.1880426163165378E-027                  0.0000000000000000E+000                  0.0000000000000000E+000 
                                      76                  5.9431162013960515E-001                  8.8665551425033529E-001                  3.9612833888467791E+000                 -7.2688016739520087E+000                  4.5072595790357619E+000                  6.7626734104865072E-001                  3.0352383641965636E-001                  2.0208822531692983E-002                  7.3732630094277921E-027                  0.0000000000000000E+000                  0.0000000000000000E+000 
                                      77                  5.9431160678049877E-001                  8.8654470064164437E-001                  3.9674567784313641E+000                 -7.2574282175277309E+000                  4.5272888597358190E+000                  6.7626734104865072E-001                  3.0352383641965636E-001                  2.0208822531692983E-002                  7.5689514848693889E-027                  0.0000000000000000E+000                  0.0000000000000000E+000 
                                      78                  5.9431160010094553E-001                  8.8649069527951607E-001                  3.9712677716230234E+000                 -7.2500132764832577E+000                  4.5401525693523954E+000                  6.7626734104865072E-001                  3.0352383641965636E-001                  2.0208822531692983E-002                  7.6993193939753261E-027                  0.0000000000000000E+000                  0.0000000000000000E+000 
                                      79                  5.9431159342139228E-001                  8.8643758450732724E-001                  3.9757051619656076E+000                 -7.2408889110732613E+000                  4.5557217181692158E+000                  6.7626734104865072E-001                  3.0352383641965636E-001                  2.0208822531692983E-002                  7.8628280859356589E-027                  0.0000000000000000E+000                  0.0000000000000000E+000 
                                      80                  5.9431158340206247E-001                  8.8635953929965727E-001                  3.9805513603241431E+000                 -7.2300163803252433E+000                  4.5737481348368876E+000                  6.7626734104865072E-001                  3.0352383641965636E-001                  2.0208822531692983E-002                  8.0622046264747731E-027                  0.0000000000000000E+000                  0.0000000000000000E+000 
                                      81                  5.9431157333853568E-001                  8.8628304711759898E-001                  3.9842666780806346E+000                 -7.2210188419077648E+000                  4.5883103862564640E+000                  6.7626734104865072E-001                  3.0352383641965636E-001                  2.0208822531692983E-002                  8.2310161260054840E-027                  0.0000000000000000E+000                  0.0000000000000000E+000 
                                      82                  5.9431156657058859E-001                  8.8623263712664857E-001                  3.9870876798823733E+000                 -7.2139218981764746E+000                  4.5996823585088062E+000                  6.7626734104865072E-001                  3.0352383641965636E-001                  2.0208822531692983E-002                  8.3666589448612578E-027                  0.0000000000000000E+000                  0.0000000000000000E+000 
                                      83                  5.9431155980264128E-001                  8.8618302707195185E-001                  3.9904264823599616E+000                 -7.2052218434410484E+000                  4.6134971694263225E+000                  6.7626734104865072E-001                  3.0352383641965636E-001                  2.0208822531692983E-002                  8.5359956700068632E-027                  0.0000000000000000E+000                  0.0000000000000000E+000 
                                      84                  5.9431154965072064E-001                  8.8611005699942424E-001                  3.9935251039247519E+000                 -7.1966146860969955E+000                  4.6268949120360956E+000                  6.7626734104865072E-001                  3.0352383641965636E-001                  2.0208822531692983E-002                  8.7068970060984036E-027                  0.0000000000000000E+000                  0.0000000000000000E+000 
                                      85                  5.9431154288277355E-001                  8.8606234502519232E-001                  3.9958862610095025E+000                 -7.1898656134172159E+000                  4.6373277852762342E+000                  6.7626734104865072E-001                  3.0352383641965636E-001                  2.0208822531692983E-002                  8.8432949945593254E-027                  0.0000000000000000E+000                  0.0000000000000000E+000 
                                      86                  5.9431153611482634E-001                  8.8601535341030657E-001                  3.9981414543591964E+000                 -7.1832163272208973E+000                  4.6475202611789790E+000                  6.7626734104865072E-001                  3.0352383641965630E-001                  2.0208822531692983E-002                  8.9797659946766380E-027                  0.0000000000000000E+000                  0.0000000000000000E+000 
                                      87                  5.9431152934687914E-001                  8.8596906087035188E-001                  4.0013887127771817E+000                 -7.1734415386129600E+000                  4.6624447804742228E+000                  6.7626734104865072E-001                  3.0352383641965630E-001                  2.0208822531692983E-002                  9.1842186246360237E-027                  0.0000000000000000E+000                  0.0000000000000000E+000 
                                      88                  5.9431151572129914E-001                  8.8587789328557431E-001                  4.0053981254784015E+000                 -7.1606049949508481E+000                  4.6816970541811918E+000                  6.7626734104865072E-001                  3.0352383641965630E-001                  2.0208822531692983E-002                  9.4598000473994282E-027                  0.0000000000000000E+000                  0.0000000000000000E+000 
                                      89                  5.9431150200603322E-001                  8.8578874282017384E-001                  4.0091188467884420E+000                 -7.1481102623160071E+000                  4.7002060541282775E+000                  6.7626734104865072E-001                  3.0352383641965630E-001                  2.0208822531692983E-002                  9.7359839570281613E-027                  0.0000000000000000E+000                  0.0000000000000000E+000 
                                      90                  5.9431148829076719E-001                  8.8570206806566110E-001                  4.0121477570978445E+000                 -7.1374589572235765E+000                  4.7157908233799075E+000                  6.7626734104865083E-001                  3.0352383641965636E-001                  2.0208822531692761E-002                  9.9777790957013235E-027                  0.0000000000000000E+000                  0.0000000000000000E+000 
                                      91                  5.9431147800431772E-001                  8.8563860401473293E-001                  4.0150221334438969E+000                 -7.1271248595555665E+000                  4.7308442949419636E+000                  6.7626734104865083E-001                  3.0352383641965636E-001                  2.0208822531692761E-002                  1.0218112100575767E-026                  0.0000000000000000E+000                  0.0000000000000000E+000 
                                      92                  5.9431146428905179E-001                  8.8555593331216409E-001                  4.0181023439003294E+000                 -7.1156108900581296E+000                  4.7474450362123264E+000                  6.7626734104865083E-001                  3.0352383641965636E-001                  2.0208822531692761E-002                  1.0492709682916642E-026                  0.0000000000000000E+000                  0.0000000000000000E+000 
                                      93                  5.9431145057378587E-001                  8.8547538016828364E-001                  4.0206389163194798E+000                 -7.1057883194277025E+000                  4.7614779690347273E+000                  6.7626734104865083E-001                  3.0352383641965636E-001                  2.0208822531692761E-002                  1.0732795122324108E-026                  0.0000000000000000E+000                  0.0000000000000000E+000 
                                      94                  5.9431144028733640E-001                  8.8541628790032856E-001                  4.0230653847294988E+000                 -7.0962389883504828E+000                  4.7750789118674248E+000                  6.7626734104865083E-001                  3.0352383641965636E-001                  2.0208822531692761E-002                  1.0971467925351922E-026                  0.0000000000000000E+000                  0.0000000000000000E+000 
                                      95                  5.9431142657207048E-001                  8.8533917547389263E-001                  4.0253629055443216E+000                 -7.0868894328097634E+000                  4.7882760407262959E+000                  6.7626734104865083E-001                  3.0352383641965636E-001                  2.0208822531692761E-002                  1.1210289663735020E-026                  0.0000000000000000E+000                  0.0000000000000000E+000 
                                      96                  5.9431141628562090E-001                  8.8528254676098217E-001                  4.0279059693772732E+000                 -7.0764310539069619E+000                  4.8030178009718476E+000                  6.7626734104865083E-001                  3.0352383641965636E-001                  2.0208822531692761E-002                  1.1483600840765771E-026                  0.0000000000000000E+000                  0.0000000000000000E+000 
                                      97                  5.9431139889887907E-001                  8.8518905869135189E-001                  4.0300104890430664E+000                 -7.0673884153583835E+000                  4.8156065736249865E+000                  6.7626734104865083E-001                  3.0352383641965636E-001                  2.0208822531692761E-002                  1.1725280492271084E-026                  0.0000000000000000E+000                  0.0000000000000000E+000 
                                      98                  5.9431139191991644E-001                  8.8515228970849835E-001                  4.0314789336091597E+000                 -7.0610765650401905E+000                  4.8244048304604181E+000                  6.7626734104865083E-001                  3.0352383641965636E-001                  2.0208822531692761E-002                  1.1896983551652675E-026                  0.0000000000000000E+000                  0.0000000000000000E+000 
                                      99                  5.9431138145147233E-001                  8.8509791490016343E-001                  4.0337453061964021E+000                 -7.0512020929944130E+000                  4.8381282589992338E+000                  6.7626734104865072E-001                  3.0352383641965636E-001                  2.0208822531692983E-002                  1.2170659947108958E-026                  0.0000000000000000E+000                  0.0000000000000000E+000 
                                     100                  5.9431136400406559E-001                  8.8500928372218912E-001                  4.0366902592278242E+000                 -7.0380127910723775E+000                  4.8563312561707699E+000                  6.7626734104865072E-001                  3.0352383641965636E-001                  2.0208822531692983E-002                  1.2546055753794212E-026                  0.0000000000000000E+000                  0.0000000000000000E+000 
                                     101                  5.9431134306717748E-001                  8.8490603937646550E-001                  4.0394533815969123E+000                 -7.0252387153384213E+000                  4.8738181775031775E+000                  6.7626734104865072E-001                  3.0352383641965636E-001                  2.0208822531692983E-002                  1.2920669202903558E-026                  0.0000000000000000E+000                  0.0000000000000000E+000 
                                     102                  5.9431132561977085E-001                  8.8482244227491536E-001                  4.0423164106764018E+000                 -7.0118231414049053E+000                  4.8921383634230144E+000                  6.7626734104865072E-001                  3.0352383641965636E-001                  2.0208822531692983E-002                  1.3326145363877483E-026                  0.0000000000000000E+000                  0.0000000000000000E+000 
                                     103                  5.9431130119340148E-001                  8.8470888906846323E-001                  4.0447860194033742E+000                 -6.9998174630258774E+000                  4.9083717764145041E+000                  6.7626734104865072E-001                  3.0352383641965636E-001                  2.0208822531692983E-002                  1.3699787308648898E-026                  0.0000000000000000E+000                  0.0000000000000000E+000 
                                     104                  5.9431128705082448E-001                  8.8464489647980760E-001                  4.0465303835217865E+000                 -6.9912751862070834E+000                  4.9199093264686908E+000                  6.7626734104865072E-001                  3.0352383641965636E-001                  2.0208822531692983E-002                  1.3972003744172255E-026                  0.0000000000000000E+000                  0.0000000000000000E+000 
                                     105                  5.9431127290824748E-001                  8.8458212280525572E-001                  4.0486337844704181E+000                 -6.9808829630486278E+000                  4.9339211272920860E+000                  6.7626734104865072E-001                  3.0352383641965636E-001                  2.0208822531692983E-002                  1.4310476802247560E-026                  0.0000000000000000E+000                  0.0000000000000000E+000 
                                     106                  5.9431125169438215E-001                  8.8449013956189759E-001                  4.0514427624406242E+000                 -6.9667497107457095E+000                  4.9528933451874133E+000                  6.7626734104865072E-001                  3.0352383641965636E-001                  2.0208822531692983E-002                  1.4783993148250200E-026                  0.0000000000000000E+000                  0.0000000000000000E+000 
                                     107                  5.9431122322242358E-001                  8.8437055080457461E-001                  4.0537109193350824E+000                 -6.9549488588804875E+000                  4.9685920724742951E+000                  6.7626734104865072E-001                  3.0352383641965641E-001                  2.0208822531692872E-002                  1.5191348615587796E-026                  0.0000000000000000E+000                  0.0000000000000000E+000 
                                     108                  5.9431120895531020E-001                  8.8431219619124823E-001                  4.0555439382519172E+000                 -6.9454234531043664E+000                  4.9812792246474258E+000                  6.7626734104865072E-001                  3.0352383641965641E-001                  2.0208822531692872E-002                  1.5528331013109939E-026                  0.0000000000000000E+000                  0.0000000000000000E+000 
                                     109                  5.9431118755464019E-001                  8.8422652060381357E-001                  4.0576609766970417E+000                 -6.9342247432089152E+000                  4.9961270325311045E+000                  6.7626734104865072E-001                  3.0352383641965636E-001                  2.0208822531692983E-002                  1.5934084351705857E-026                  0.0000000000000000E+000                  0.0000000000000000E+000 
                                     110                  5.9431116590217203E-001                  8.8414199394151594E-001                  4.0597005682251712E+000                 -6.9232904000664082E+000                  5.0105776015530159E+000                  6.7626734104865072E-001                  3.0352383641965636E-001                  2.0208822531692983E-002                  1.6340488529867720E-026                  0.0000000000000000E+000                  0.0000000000000000E+000 
                                     111                  5.9431114424970388E-001                  8.8405952130538401E-001                  4.0614134705423925E+000                 -6.9139707613016217E+000                  5.0228482595391801E+000                  6.7626734104865072E-001                  3.0352383641965636E-001                  2.0208822531692983E-002                  1.6695051510393840E-026                  0.0000000000000000E+000                  0.0000000000000000E+000 
                                     112                  5.9431112801035280E-001                  8.8399895012047891E-001                  4.0630750215053029E+000                 -6.9048974484613259E+000                  5.0347882930720180E+000                  6.7626734104865083E-001                  3.0352383641965636E-001                  2.0208822531692761E-002                  1.7047634067455153E-026                  0.0000000000000000E+000                  0.0000000000000000E+000 
                                     113                  5.9431110635788464E-001                  8.8391982014288006E-001                  4.0659141464827533E+000                 -6.8893485433180528E+000                  5.0552463991267045E+000                  6.7626734104865072E-001                  3.0352383641965636E-001                  2.0208822531692983E-002                  1.7669257523844189E-026                  0.0000000000000000E+000                  0.0000000000000000E+000 
                                     114                  5.9431106066395401E-001                  8.8375856862802304E-001                  4.0689907952248969E+000                 -6.8718728758928407E+000                  5.0780119749229975E+000                  6.7626734104865072E-001                  3.0352383641965641E-001                  2.0208822531692872E-002                  1.8395009499049516E-026                  0.0000000000000000E+000                  0.0000000000000000E+000 
                                     115                  5.9431102770692479E-001                  8.8364674661711051E-001                  4.0713022595994399E+000                 -6.8586216889986389E+000                  5.0952386503653679E+000                  6.7626734104865072E-001                  3.0352383641965641E-001                  2.0208822531692872E-002                  1.8965132056025492E-026                  0.0000000000000000E+000                  0.0000000000000000E+000 
                                     116                  5.9431099841178758E-001                  8.8355026689497695E-001                  4.0728647024837530E+000                 -6.8495315367923153E+000                  5.1070102566771283E+000                  6.7626734104865072E-001                  3.0352383641965641E-001                  2.0208822531692872E-002                  1.9366416448061350E-026                  0.0000000000000000E+000                  0.0000000000000000E+000 
                                     117                  5.9431098376421898E-001                  8.8350300278132132E-001                  4.0744105954581666E+000                 -6.8405932592086183E+000                  5.1186095020782458E+000                  6.7626734104865072E-001                  3.0352383641965636E-001                  2.0208822531692983E-002                  1.9769276071774486E-026                  0.0000000000000000E+000                  0.0000000000000000E+000 
                                     118                  5.9431095395103639E-001                  8.8340871653194686E-001                  4.0771441515463902E+000                 -6.8246704109562142E+000                  5.1392362235411415E+000                  6.7626734104865072E-001                  3.0352383641965636E-001                  2.0208822531692983E-002                  2.0507817161723251E-026                  0.0000000000000000E+000                  0.0000000000000000E+000 
                                     119                  5.9431090177796686E-001                  8.8324951627065351E-001                  4.0801660846321388E+000                 -6.8066100510043146E+000                  5.1624699014558413E+000                  6.7626734104865072E-001                  3.0352383641965641E-001                  2.0208822531692872E-002                  2.1378957821430665E-026                  0.0000000000000000E+000                  0.0000000000000000E+000 
                                     120                  5.9431085695964248E-001                  8.8311819700997796E-001                  4.0821558428206046E+000                 -6.7945275919414527E+000                  5.1779480311138943E+000                  6.7626734104865072E-001                  3.0352383641965641E-001                  2.0208822531692872E-002                  2.1982322383441180E-026                  0.0000000000000000E+000                  0.0000000000000000E+000 
                                     121                  5.9431083430410425E-001                  8.8305359312489307E-001                  4.0836718807526209E+000                 -6.7853610825021109E+000                  5.1897073848124649E+000                  6.7626734104865072E-001                  3.0352383641965641E-001                  2.0208822531692872E-002                  2.2451409016811941E-026                  0.0000000000000000E+000                  0.0000000000000000E+000 
                                     122                  5.9431080409671988E-001                  8.8296921024549790E-001                  4.0851433782893460E+000                 -6.7763630541560955E+000                  5.2012152841969836E+000                  6.7626734104865072E-001                  3.0352383641965641E-001                  2.0208822531692872E-002                  2.2921610124171443E-026                  0.0000000000000000E+000                  0.0000000000000000E+000 
                                     123                  5.9431078120840686E-001                  8.8290655209980506E-001                  4.0869967451437406E+000                 -6.7650781326661455E+000                  5.2156675180772272E+000                  6.7626734104865061E-001                  3.0352383641965636E-001                  2.0208822531692983E-002                  2.3525262186763100E-026                  0.0000000000000000E+000                  0.0000000000000000E+000 
                                     124                  5.9431073543178092E-001                  8.8278437217317762E-001                  4.0887182649375031E+000                 -6.7543560521180419E+000                  5.2293127477545900E+000                  6.7626734104865061E-001                  3.0352383641965641E-001                  2.0208822531692983E-002                  2.4113531277206420E-026                  0.0000000000000000E+000                  0.0000000000000000E+000 
                                     125                  5.9431071432185967E-001                  8.8272936917067435E-001                  4.0903876699390898E+000                 -6.7440625876583189E+000                  5.2424509736620992E+000                  6.7626734104865072E-001                  3.0352383641965641E-001                  2.0208822531692872E-002                  2.4692122353092575E-026                  0.0000000000000000E+000                  0.0000000000000000E+000 
                                     126                  5.9431066904752672E-001                  8.8261409983738870E-001                  4.0920590669144001E+000                 -6.7335494686943029E+000                  5.2557951818897726E+000                  6.7626734104865072E-001                  3.0352383641965641E-001                  2.0208822531692872E-002                  2.5297396011369749E-026                  0.0000000000000000E+000                  0.0000000000000000E+000 
                                     127                  5.9431064488311491E-001                  8.8255401182009707E-001                  4.0934675045388413E+000                 -6.7247350064860951E+000                  5.2669996706787332E+000                  6.7626734104865072E-001                  3.0352383641965641E-001                  2.0208822531692872E-002                  2.5816294699728639E-026                  0.0000000000000000E+000                  0.0000000000000000E+000 
                                     128                  5.9431060910568634E-001                  8.8246678957352997E-001                  4.0950941732941448E+000                 -6.7144706317943958E+000                  5.2800173821507252E+000                  6.7626734104865072E-001                  3.0352383641965641E-001                  2.0208822531692872E-002                  2.6433979958397777E-026                  0.0000000000000000E+000                  0.0000000000000000E+000 
                                     129                  5.9431057332825776E-001                  8.8238155386393025E-001                  4.0967897127108523E+000                 -6.7037348356076132E+000                  5.2936200200614305E+000                  6.7626734104865072E-001                  3.0352383641965647E-001                  2.0208822531692761E-002                  2.7095855929880597E-026                  0.0000000000000000E+000                  0.0000000000000000E+000 
                                     130                  5.9431053206886297E-001                  8.8228559804814155E-001                  4.0985422234061595E+000                 -6.6925663369260953E+000                  5.3077452680465917E+000                  6.7626734104865072E-001                  3.0352383641965641E-001                  2.0208822531692872E-002                  2.7802006250694713E-026                  0.0000000000000000E+000                  0.0000000000000000E+000 
                                     131                  5.9431049080946796E-001                  8.8219201717159423E-001                  4.1000793606876584E+000                 -6.6827071604025843E+000                  5.3201919648220999E+000                  6.7626734104865072E-001                  3.0352383641965641E-001                  2.0208822531692872E-002                  2.8440653359725805E-026                  0.0000000000000000E+000                  0.0000000000000000E+000 
                                     132                  5.9431045716257447E-001                  8.8211737188439365E-001                  4.1020492151226655E+000                 -6.6701387142182416E+000                  5.3360817693453271E+000                  6.7626734104865072E-001                  3.0352383641965641E-001                  2.0208822531692872E-002                  2.9276119475150086E-026                  0.0000000000000000E+000                  0.0000000000000000E+000 
                                     133                  5.9431039207659420E-001                  8.8197699391808615E-001                  4.1042414605302620E+000                 -6.6559175138562150E+000                  5.3539769603395886E+000                  6.7626734104865061E-001                  3.0352383641965647E-001                  2.0208822531692983E-002                  3.0251089846657731E-026                  0.0000000000000000E+000                  0.0000000000000000E+000 
                                     134                  5.9431034170641817E-001                  8.8187176570859882E-001                  4.1064964789394018E+000                 -6.6413404564816361E+000                  5.3723358962464678E+000                  6.7626734104865061E-001                  3.0352383641965647E-001                  2.0208822531692983E-002                  3.1284171831132042E-026                  0.0000000000000000E+000                  0.0000000000000000E+000 
                                     135                  5.9431026869906656E-001                  8.8172415172392604E-001                  4.1092686848887130E+000                 -6.6232806980755097E+000                  5.3950285279710650E+000                  6.7626734104865061E-001                  3.0352383641965641E-001                  2.0208822531692983E-002                  3.2613148390040800E-026                  0.0000000000000000E+000                  0.0000000000000000E+000 
                                     136                  5.9431018203548203E-001                  8.8155587981486072E-001                  4.1122600713437691E+000                 -6.6036592374231935E+000                  5.4196311473681194E+000                  6.7626734104865072E-001                  3.0352383641965647E-001                  2.0208822531692761E-002                  3.4121130163918055E-026                  0.0000000000000000E+000                  0.0000000000000000E+000 
                                     137                  5.9431008618109971E-001                  8.8137777114766169E-001                  4.1143904307691992E+000                 -6.5894518552962600E+000                  5.4373598533475338E+000                  6.7626734104865072E-001                  3.0352383641965647E-001                  2.0208822531692761E-002                  3.5256370074129314E-026                  0.0000000000000000E+000                  0.0000000000000000E+000 
                                     138                  5.9431004417915800E-001                  8.8130217221725371E-001                  4.1156552064561085E+000                 -6.5810806487437485E+000                  5.4478257017897915E+000                  6.7626734104865072E-001                  3.0352383641965647E-001                  2.0208822531692761E-002                  3.5942879371102025E-026                  0.0000000000000000E+000                  0.0000000000000000E+000 
                                     139                  5.9431000217721630E-001                  8.8122797815772158E-001                  4.1171480380878451E+000                 -6.5712096759460863E+000                  5.4601680313743950E+000                  6.7626734104865061E-001                  3.0352383641965641E-001                  2.0208822531692983E-002                  3.6769580819519128E-026                  0.0000000000000000E+000                  0.0000000000000000E+000 
                                     140                  5.9430994254644676E-001                  8.8112494783992146E-001                  4.1188424323466268E+000                 -6.5599434961656335E+000                  5.4742307482711814E+000                  6.7626734104865061E-001                  3.0352383641965647E-001                  2.0208822531692983E-002                  3.7736398613055219E-026                  0.0000000000000000E+000                  0.0000000000000000E+000 
                                     141                  5.9430988291567721E-001                  8.8102448531261779E-001                  4.1206099660658797E+000                 -6.5481810801138804E+000                  5.4889063579603841E+000                  6.7626734104865061E-001                  3.0352383641965647E-001                  2.0208822531692983E-002                  3.8772944421971318E-026                  0.0000000000000000E+000                  0.0000000000000000E+000 
                                     142                  5.9430981401885352E-001                  8.8091143006017802E-001                  4.1222638626452328E+000                 -6.5371104427429358E+000                  5.5026937061350303E+000                  6.7626734104865061E-001                  3.0352383641965647E-001                  2.0208822531692983E-002                  3.9774530422173092E-026                  0.0000000000000000E+000                  0.0000000000000000E+000 
                                     143                  5.9430975827556021E-001                  8.8082219881289903E-001                  4.1241800663081705E+000                 -6.5243577529713725E+000                  5.5185970971750651E+000                  6.7626734104865061E-001                  3.0352383641965652E-001                  2.0208822531692872E-002                  4.0960414055809648E-026                  0.0000000000000000E+000                  0.0000000000000000E+000 
                                     144                  5.9430966537007124E-001                  8.8067766693117122E-001                  4.1264831681262084E+000                 -6.5089076187370205E+000                  5.5378163656302322E+000                  6.7626734104865061E-001                  3.0352383641965647E-001                  2.0208822531692983E-002                  4.2444613451371933E-026                  0.0000000000000000E+000                  0.0000000000000000E+000 
                                     145                  5.9430957146435837E-001                  8.8053654560648953E-001                  4.1287001445262081E+000                 -6.4940012411718255E+000                  5.5563410536244371E+000                  6.7626734104865072E-001                  3.0352383641965647E-001                  2.0208822531692761E-002                  4.3927543981498175E-026                  0.0000000000000000E+000                  0.0000000000000000E+000 
                                     146                  5.9430947755864538E-001                  8.8040005502440855E-001                  4.1303811654918858E+000                 -6.4826203265804709E+000                  5.5704533998874322E+000                  6.7626734104865061E-001                  3.0352383641965652E-001                  2.0208822531692872E-002                  4.5094544836419453E-026                  0.0000000000000000E+000                  0.0000000000000000E+000 
                                     147                  5.9430942310015145E-001                  8.8032289082100135E-001                  4.1323282779045787E+000                 -6.4696052186009405E+000                  5.5866434336895452E+000                  6.7626734104865061E-001                  3.0352383641965652E-001                  2.0208822531692872E-002                  4.6467175179409947E-026                  0.0000000000000000E+000                  0.0000000000000000E+000 
                                     148                  5.9430930143150484E-001                  8.8015544253023315E-001                  4.1347596332637524E+000                 -6.4531594388758897E+000                  5.6070267705534098E+000                  6.7626734104865061E-001                  3.0352383641965647E-001                  2.0208822531692983E-002                  4.8261547949233288E-026                  0.0000000000000000E+000                  0.0000000000000000E+000 
                                     149                  5.9430919216741318E-001                  8.8001049783766205E-001                  4.1370745584955815E+000                 -6.4375265491647236E+000                  5.6264024295385511E+000                  6.7626734104865061E-001                  3.0352383641965652E-001                  2.0208822531692872E-002                  5.0031444306791667E-026                  0.0000000000000000E+000                  0.0000000000000000E+000 
                                     150                  5.9430907194208893E-001                  8.7985649229608009E-001                  4.1389897066208237E+000                 -6.4245041820105522E+000                  5.6425057657903288E+000                  6.7626734104865061E-001                  3.0352383641965652E-001                  2.0208822531692872E-002                  5.1555255825631656E-026                  0.0000000000000000E+000                  0.0000000000000000E+000 
                                     151                  5.9430899377070368E-001                  8.7975923039697590E-001                  4.1411702857307064E+000                 -6.4098595220316303E+000                  5.6606688646019876E+000                  6.7626734104865049E-001                  3.0352383641965652E-001                  2.0208822531692983E-002                  5.3324429688961726E-026                  0.0000000000000000E+000                  0.0000000000000000E+000 
                                     152                  5.9430883936895362E-001                  8.7957330991016358E-001                  4.1431107986942495E+000                 -6.3965881410776468E+000                  5.6770407153401621E+000                  6.7626734104865061E-001                  3.0352383641965652E-001                  2.0208822531692872E-002                  5.4980100727854456E-026                  0.0000000000000000E+000                  0.0000000000000000E+000 
                                     153                  5.9430877600707266E-001                  8.7949924342854613E-001                  4.1445459910440849E+000                 -6.3869003263260362E+000                  5.6890299277705827E+000                  6.7626734104865061E-001                  3.0352383641965652E-001                  2.0208822531692872E-002                  5.6221083575877941E-026                  0.0000000000000000E+000                  0.0000000000000000E+000 
                                     154                  5.9430867472316928E-001                  8.7938338406158056E-001                  4.1463300830281220E+000                 -6.3748197142727703E+000                  5.7039624118823289E+000                  6.7626734104865061E-001                  3.0352383641965658E-001                  2.0208822531692761E-002                  5.7807904920185795E-026                  0.0000000000000000E+000                  0.0000000000000000E+000 
                                     155                  5.9430856470823501E-001                  8.7926088880171371E-001                  4.1484009585079020E+000                 -6.3608290799810803E+000                  5.7212590258108724E+000                  6.7626734104865061E-001                  3.0352383641965652E-001                  2.0208822531692872E-002                  5.9701682436495859E-026                  0.0000000000000000E+000                  0.0000000000000000E+000 
                                     156                  5.9430842100118642E-001                  8.7910580321449250E-001                  4.1508158807020843E+000                 -6.3444960132317672E+000                  5.7414350627228581E+000                  6.7626734104865049E-001                  3.0352383641965658E-001                  2.0208822531692983E-002                  6.1991190650728504E-026                  0.0000000000000000E+000                  0.0000000000000000E+000 
                                     157                  5.9430825613425042E-001                  8.7893425594353713E-001                  4.1532192034047322E+000                 -6.3282068562378573E+000                  5.7615337712871160E+000                  6.7626734104865049E-001                  3.0352383641965658E-001                  2.0208822531692983E-002                  6.4362016452777225E-026                  0.0000000000000000E+000                  0.0000000000000000E+000 
                                     158                  5.9430809952959285E-001                  8.7877712606182967E-001                  4.1551021122696516E+000                 -6.3154102940658747E+000                  5.7773032523102446E+000                  6.7626734104865049E-001                  3.0352383641965652E-001                  2.0208822531692983E-002                  6.6287951276661543E-026                  0.0000000000000000E+000                  0.0000000000000000E+000 
                                     159                  5.9430799366245413E-001                  8.7867389526592998E-001                  4.1568135784403850E+000                 -6.3038646785597807E+000                  5.7915533198720093E+000                  6.7626734104865061E-001                  3.0352383641965658E-001                  2.0208822531692761E-002                  6.8075037670842328E-026                  0.0000000000000000E+000                  0.0000000000000000E+000 
                                     160                  5.9430785424248744E-001                  8.7854140589616336E-001                  4.1588557983034082E+000                 -6.2900869780632949E+000                  5.8085499330398100E+000                  6.7626734104865061E-001                  3.0352383641965658E-001                  2.0208822531692761E-002                  7.0270798219155286E-026                  0.0000000000000000E+000                  0.0000000000000000E+000 
                                     161                  5.9430769074667034E-001                  8.7839074181392929E-001                  4.1612866097550478E+000                 -6.2737317908639145E+000                  5.8287292565790807E+000                  6.7626734104865049E-001                  3.0352383641965658E-001                  2.0208822531692983E-002                  7.2969488266008986E-026                  0.0000000000000000E+000                  0.0000000000000000E+000 
                                     162                  5.9430747938783990E-001                  8.7820295029837825E-001                  4.1632901487289935E+000                 -6.2601316532251658E+000                  5.8454595011688282E+000                  6.7626734104865049E-001                  3.0352383641965658E-001                  2.0208822531692983E-002                  7.5292364253216307E-026                  0.0000000000000000E+000                  0.0000000000000000E+000 
                                     163                  5.9430736704112030E-001                  8.7810611297127572E-001                  4.1647932969619470E+000                 -6.2500258392838894E+000                  5.8579176926796377E+000                  6.7626734104865049E-001                  3.0352383641965663E-001                  2.0208822531692872E-002                  7.7066192181983549E-026                  0.0000000000000000E+000                  0.0000000000000000E+000 
                                     164                  5.9430723033135990E-001                  8.7799090191050588E-001                  4.1668229733032227E+000                 -6.2364379572549211E+000                  5.8746797637492438E+000                  6.7626734104865049E-001                  3.0352383641965658E-001                  2.0208822531692983E-002                  7.9517282797301563E-026                  0.0000000000000000E+000                  0.0000000000000000E+000 
                                     165                  5.9430702083720677E-001                  8.7781962122142299E-001                  4.1687978676202242E+000                 -6.2231206654214457E+000                  5.8910668226318501E+000                  6.7626734104865049E-001                  3.0352383641965663E-001                  2.0208822531692872E-002                  8.1995218009755047E-026                  0.0000000000000000E+000                  0.0000000000000000E+000 
                                     166                  5.9430687926136572E-001                  8.7770725550181838E-001                  4.1703559418505334E+000                 -6.2126749960480439E+000                  5.9039341865045287E+000                  6.7626734104865049E-001                  3.0352383641965663E-001                  2.0208822531692872E-002                  8.3992770746334839E-026                  0.0000000000000000E+000                  0.0000000000000000E+000 
                                     167                  5.9430673603047257E-001                  8.7759619212818940E-001                  4.1722821310654314E+000                 -6.1998354137108995E+000                  5.9197673038074612E+000                  6.7626734104865049E-001                  3.0352383641965658E-001                  2.0208822531692983E-002                  8.6514937554323531E-026                  0.0000000000000000E+000                  0.0000000000000000E+000 
                                     168                  5.9430651740071583E-001                  8.7743144511356319E-001                  4.1745445884323633E+000                 -6.1847226557153103E+000                  5.9383817616908336E+000                  6.7626734104865049E-001                  3.0352383641965663E-001                  2.0208822531692872E-002                  8.9580884855203473E-026                  0.0000000000000000E+000                  0.0000000000000000E+000 
                                     169                  5.9430629405367263E-001                  8.7726871536732198E-001                  4.1767639840678505E+000                 -6.1699310684440380E+000                  5.9565998528042687E+000                  6.7626734104865038E-001                  3.0352383641965663E-001                  2.0208822531692983E-002                  9.2686904031883063E-026                  0.0000000000000000E+000                  0.0000000000000000E+000 
                                     170                  5.9430606677489994E-001                  8.7710848734756397E-001                  4.1783295540046161E+000                 -6.1594518151221633E+000                  5.9694843462984908E+000                  6.7626734104865049E-001                  3.0352383641965663E-001                  2.0208822531692872E-002                  9.4952379401267233E-026                  0.0000000000000000E+000                  0.0000000000000000E+000 
                                     171                  5.9430596423504489E-001                  8.7703786545884721E-001                  4.1794127785024502E+000                 -6.1522673418672804E+000                  5.9783362134030895E+000                  6.7626734104865049E-001                  3.0352383641965663E-001                  2.0208822531692872E-002                  9.6537493817205644E-026                  0.0000000000000000E+000                  0.0000000000000000E+000 
                                     172                  5.9430583459743069E-001                  8.7694999742302382E-001                  4.1813279447989773E+000                 -6.1396662946621827E+000                  5.9938884201954545E+000                  6.7626734104865049E-001                  3.0352383641965663E-001                  2.0208822531692872E-002                  9.9381870990529354E-026                  0.0000000000000000E+000                  0.0000000000000000E+000 
                                     173                  5.9430554501353550E-001                  8.7675914780349551E-001                  4.1837746202781601E+000                 -6.1234715831952835E+000                  6.0138301426155536E+000                  6.7626734104865038E-001                  3.0352383641965663E-001                  2.0208822531692983E-002                  1.0316088930929160E-025                  0.0000000000000000E+000                  0.0000000000000000E+000 
                                     174                  5.9430527559599033E-001                  8.7658787387961101E-001                  4.1856030260028216E+000                 -6.1113597134533979E+000                  6.0287313771320470E+000                  6.7626734104865038E-001                  3.0352383641965669E-001                  2.0208822531692983E-002                  1.0608084678079812E-025                  0.0000000000000000E+000                  0.0000000000000000E+000 
                                     175                  5.9430511091108218E-001                  8.7648596381014643E-001                  4.1871968780107478E+000                 -6.1009002309921687E+000                  6.0416255556345462E+000                  6.7626734104865038E-001                  3.0352383641965663E-001                  2.0208822531692983E-002                  1.0866889092876950E-025                  0.0000000000000000E+000                  0.0000000000000000E+000 
                                     176                  5.9430488811669335E-001                  8.7635126524549267E-001                  4.1892194026755769E+000                 -6.0876609094867264E+000                  6.0579484905975161E+000                  6.7626734104865049E-001                  3.0352383641965669E-001                  2.0208822531692761E-002                  1.1203554052313387E-025                  0.0000000000000000E+000                  0.0000000000000000E+000 
                                     177                  5.9430460423242426E-001                  8.7618461239581713E-001                  4.1908708157520236E+000                 -6.0767938702059014E+000                  6.0713197718918650E+000                  6.7626734104865049E-001                  3.0352383641965669E-001                  2.0208822531692761E-002                  1.1487677141639179E-025                  0.0000000000000000E+000                  0.0000000000000000E+000 
                                     178                  5.9430445929210252E-001                  8.7610155693756253E-001                  4.1919663600433834E+000                 -6.0696390435150471E+000                  6.0801375635417356E+000                  6.7626734104865038E-001                  3.0352383641965669E-001                  2.0208822531692983E-002                  1.1678667118195954E-025                  0.0000000000000000E+000                  0.0000000000000000E+000 
                                     179                  5.9430431435178077E-001                  8.7601981205904322E-001                  4.1938292246835980E+000                 -6.0575955767291232E+000                  6.0950140561445689E+000                  6.7626734104865038E-001                  3.0352383641965669E-001                  2.0208822531692983E-002                  1.2007355022926485E-025                  0.0000000000000000E+000                  0.0000000000000000E+000 
                                     180                  5.9430395707213501E-001                  8.7582363284109521E-001                  4.1964019345237027E+000                 -6.0408915903025306E+000                  6.1156083835251032E+000                  6.7626734104865038E-001                  3.0352383641965669E-001                  2.0208822531692983E-002                  1.2478612257765811E-025                  0.0000000000000000E+000                  0.0000000000000000E+000 
                                     181                  5.9430359139647504E-001                  8.7563015943791589E-001                  4.1985036659507591E+000                 -6.0272403107890780E+000                  6.1324242633766630E+000                  6.7626734104865038E-001                  3.0352383641965675E-001                  2.0208822531692872E-002                  1.2877453865302767E-025                  0.0000000000000000E+000                  0.0000000000000000E+000 
                                     182                  5.9430334189335154E-001                  8.7550209390795386E-001                  4.2001768110653135E+000                 -6.0164520849661249E+000                  6.1457313457025551E+000                  6.7626734104865038E-001                  3.0352383641965675E-001                  2.0208822531692872E-002                  1.3201649299940593E-025                  0.0000000000000000E+000                  0.0000000000000000E+000 
                                     183                  5.9430308800731657E-001                  8.7537486382947549E-001                  4.2018345871722032E+000                 -6.0057934390300804E+000                  6.1588813424630020E+000                  6.7626734104865038E-001                  3.0352383641965675E-001                  2.0208822531692872E-002                  1.3529969015184161E-025                  0.0000000000000000E+000                  0.0000000000000000E+000 
                                     184                  5.9430282966210657E-001                  8.7524842710093265E-001                  4.2034777443136369E+000                 -5.9952593563265388E+000                  6.1718805819720250E+000                  6.7626734104865038E-001                  3.0352383641965675E-001                  2.0208822531692872E-002                  1.3862477441523044E-025                  0.0000000000000000E+000                  0.0000000000000000E+000 
                                     185                  5.9430256678014470E-001                  8.7512274375875909E-001                  4.2051069910523120E+000                 -5.9848450978146195E+000                  6.1847350394045906E+000                  6.7626734104865027E-001                  3.0352383641965675E-001                  2.0208822531692983E-002                  1.4199239468919587E-025                  0.0000000000000000E+000                  0.0000000000000000E+000 
                                     186                  5.9430229928251987E-001                  8.7499777582681348E-001                  4.2067229976223874E+000                 -5.9745461712539045E+000                  6.1974503624939015E+000                  6.7626734104865038E-001                  3.0352383641965675E-001                  2.0208822531692872E-002                  1.4540320835403572E-025                  0.0000000000000000E+000                  0.0000000000000000E+000 
                                     187                  5.9430202708896229E-001                  8.7487348718195657E-001                  4.2083263987756006E+000                 -5.9643583146426868E+000                  6.2100318949311042E+000                  6.7626734104865038E-001                  3.0352383641965680E-001                  2.0208822531692761E-002                  1.4885788137863733E-025                  0.0000000000000000E+000                  0.0000000000000000E+000 
                                     188                  5.9430175011782171E-001                  8.7474984343075957E-001                  4.2099177963809966E+000                 -5.9542774809035608E+000                  6.2224846977096551E+000                  6.7626734104865038E-001                  3.0352383641965675E-001                  2.0208822531692872E-002                  1.5235708847165166E-025                  0.0000000000000000E+000                  0.0000000000000000E+000 
                                     189                  5.9430146828604336E-001                  8.7462681179629986E-001                  4.2114977617768838E+000                 -5.9442998236686106E+000                  6.2348135686273656E+000                  6.7626734104865027E-001                  3.0352383641965680E-001                  2.0208822531692983E-002                  1.5590151328797117E-025                  0.0000000000000000E+000                  0.0000000000000000E+000 
                                     190                  5.9430118150914424E-001                  8.7450436101411033E-001                  4.2138698960358631E+000                 -5.9294896481805219E+000                  6.2531581056284136E+000                  6.7626734104865027E-001                  3.0352383641965675E-001                  2.0208822531692983E-002                  1.6131530514382018E-025                  0.0000000000000000E+000                  0.0000000000000000E+000 
                                     191                  5.9430059277476355E-001                  8.7426109852083378E-001                  4.2161751884541498E+000                 -5.9149522806908363E+000                  6.2711008487589064E+000                  6.7626734104865038E-001                  3.0352383641965680E-001                  2.0208822531692761E-002                  1.6681226561913712E-025                  0.0000000000000000E+000                  0.0000000000000000E+000 
                                     192                  5.9430029064095391E-001                  8.7414021587121549E-001                  4.2177146035468835E+000                 -5.9053524579681973E+000                  6.2829773028545715E+000                  6.7626734104865027E-001                  3.0352383641965680E-001                  2.0208822531692983E-002                  1.7054456058448549E-025                  0.0000000000000000E+000                  0.0000000000000000E+000 
                                     193                  5.9429998320931676E-001                  8.7401980233143473E-001                  4.2192450544139346E+000                 -5.8958391773503420E+000                  6.2947504416374143E+000                  6.7626734104865027E-001                  3.0352383641965680E-001                  2.0208822531692983E-002                  1.7432562871854294E-025                  0.0000000000000000E+000                  0.0000000000000000E+000 
                                     194                  5.9429967038785525E-001                  8.7389983290007378E-001                  4.2207669685002074E+000                 -5.8864095621299848E+000                  6.3064238112123263E+000                  6.7626734104865027E-001                  3.0352383641965686E-001                  2.0208822531692872E-002                  1.7815620881880810E-025                  0.0000000000000000E+000                  0.0000000000000000E+000 
                                     195                  5.9429935208299245E-001                  8.7378028361148452E-001                  4.2230555692770579E+000                 -5.8723866092755310E+000                  6.3238241756564744E+000                  6.7626734104865038E-001                  3.0352383641965680E-001                  2.0208822531692761E-002                  1.8400903484251842E-025                  0.0000000000000000E+000                  0.0000000000000000E+000 
                                     196                  5.9429869864069329E-001                  8.7354236732321677E-001                  4.2252861922426277E+000                 -5.8585981896520911E+000                  6.3408782313881984E+000                  6.7626734104865027E-001                  3.0352383641965686E-001                  2.0208822531692872E-002                  1.8995152452501184E-025                  0.0000000000000000E+000                  0.0000000000000000E+000 
                                     197                  5.9429836330795871E-001                  8.7342394351869190E-001                  4.2267778769043396E+000                 -5.8494776014369307E+000                  6.3521848337157598E+000                  6.7626734104865027E-001                  3.0352383641965686E-001                  2.0208822531692872E-002                  1.9398742085924699E-025                  0.0000000000000000E+000                  0.0000000000000000E+000 
                                     198                  5.9429802210117100E-001                  8.7330585303423824E-001                  4.2282629010708526E+000                 -5.8404284277653877E+000                  6.3634071123625384E+000                  6.7626734104865027E-001                  3.0352383641965686E-001                  2.0208822531692872E-002                  1.9807650536030800E-025                  0.0000000000000000E+000                  0.0000000000000000E+000 
                                     199                  5.9429767491844143E-001                  8.7318807617115901E-001                  4.2297415949807684E+000                 -5.8314485193525103E+000                  6.3745477597434723E+000                  6.7626734104865016E-001                  3.0352383641965686E-001                  2.0208822531692983E-002                  2.0221954205829992E-025                  0.0000000000000000E+000                  0.0000000000000000E+000 
                                     200                  5.9429732165613325E-001                  8.7307059394915676E-001                  4.2319680859600446E+000                 -5.8180744032090503E+000                  6.3911782669004467E+000                  6.7626734104865027E-001                  3.0352383641965686E-001                  2.0208822531692872E-002                  2.0855120250689767E-025                  0.0000000000000000E+000                  0.0000000000000000E+000 
                                     201                  5.9429659646931865E-001                  8.7283645264519993E-001                  4.2348915743634947E+000                 -5.8005071556914887E+000                  6.4129994121223532E+000                  6.7626734104865027E-001                  3.0352383641965686E-001                  2.0208822531692872E-002                  2.1717039100688596E-025                  0.0000000000000000E+000                  0.0000000000000000E+000 
                                     202                  5.9429584567554217E-001                  8.7260327735535526E-001                  4.2370520444148854E+000                 -5.7875214620368567E+000                  6.4291128534922430E+000                  6.7626734104865016E-001                  3.0352383641965686E-001                  2.0208822531692983E-002                  2.2376999492885141E-025                  0.0000000000000000E+000                  0.0000000000000000E+000 
                                     203                  5.9429546039752168E-001                  8.7248700549866753E-001                  4.2384990270298424E+000                 -5.7789164820723862E+000                  6.4398142431678309E+000                  6.7626734104865027E-001                  3.0352383641965691E-001                  2.0208822531692761E-002                  2.2825340253175631E-025                  0.0000000000000000E+000                  0.0000000000000000E+000 
                                     204                  5.9429506837970736E-001                  8.7237092755085688E-001                  4.2406801229186266E+000                 -5.7660846253106133E+000                  6.4558082416850633E+000                  6.7626734104865016E-001                  3.0352383641965686E-001                  2.0208822531692983E-002                  2.3510662030974802E-025                  0.0000000000000000E+000                  0.0000000000000000E+000 
                                     205                  5.9429426365578542E-001                  8.7213930518717919E-001                  4.2435498680433898E+000                 -5.7492048046284712E+000                  6.4768279971977432E+000                  6.7626734104865016E-001                  3.0352383641965697E-001                  2.0208822531692872E-002                  2.4443632156871092E-025                  0.0000000000000000E+000                  0.0000000000000000E+000 
                                     206                  5.9429343054576023E-001                  8.7190828492014827E-001                  4.2456810169896411E+000                 -5.7366737885597727E+000                  6.4924186285113015E+000                  6.7626734104865027E-001                  3.0352383641965691E-001                  2.0208822531692761E-002                  2.5160116848426503E-025                  0.0000000000000000E+000                  0.0000000000000000E+000 
                                     207                  5.9429299930214918E-001                  8.7179196330440389E-001                  4.2471052694857185E+000                 -5.7283858266125813E+000                  6.5027525128684482E+000                  6.7626734104865016E-001                  3.0352383641965697E-001                  2.0208822531692872E-002                  2.5645505020121416E-025                  0.0000000000000000E+000                  0.0000000000000000E+000 
                                     208                  5.9429256805853825E-001                  8.7167774958688649E-001                  4.2492483319833330E+000                 -5.7160489521291709E+000                  6.5181699073780504E+000                  6.7626734104865016E-001                  3.0352383641965697E-001                  2.0208822531692872E-002                  2.6385428723873438E-025                  0.0000000000000000E+000                  0.0000000000000000E+000 
                                     209                  5.9429167516882109E-001                  8.7144761970131102E-001                  4.2520809379606375E+000                 -5.6997541368291937E+000                  6.5385174816821818E+000                  6.7626734104865005E-001                  3.0352383641965697E-001                  2.0208822531692983E-002                  2.7395579030372648E-025                  0.0000000000000000E+000                  0.0000000000000000E+000 
                                     210                  5.9429075081594129E-001                  8.7121778895655733E-001                  4.2541879871475006E+000                 -5.6876436158633608E+000                  6.5536289060041666E+000                  6.7626734104865016E-001                  3.0352383641965702E-001                  2.0208822531692761E-002                  2.8171323730230992E-025                  0.0000000000000000E+000                  0.0000000000000000E+000 
                                     211                  5.9429027235929988E-001                  8.7110195899366427E-001                  4.2563249466100750E+000                 -5.6755694544073449E+000                  6.5687534864879771E+000                  6.7626734104865016E-001                  3.0352383641965697E-001                  2.0208822531692872E-002                  2.8966621230926681E-025                  0.0000000000000000E+000                  0.0000000000000000E+000 
                                     212                  5.9428929859828739E-001                  8.7087241042735886E-001                  4.2591371752349581E+000                 -5.6596992604750493E+000                  6.5886198573509418E+000                  6.7626734104865005E-001                  3.0352383641965702E-001                  2.0208822531692983E-002                  3.0046228703001233E-025                  0.0000000000000000E+000                  0.0000000000000000E+000 
                                     213                  5.9428829055473553E-001                  8.7064294364422479E-001                  4.2619436618428761E+000                 -5.6439844983833787E+000                  6.6083114835251955E+000                  6.7626734104865005E-001                  3.0352383641965702E-001                  2.0208822531692983E-002                  3.1154934560371815E-025                  0.0000000000000000E+000                  0.0000000000000000E+000 
                                     214                  5.9428724703427072E-001                  8.7041347933953117E-001                  4.2647456686287182E+000                 -5.6284181778891691E+000                  6.6278373165701563E+000                  6.7626734104865005E-001                  3.0352383641965702E-001                  2.0208822531692983E-002                  3.2293525543129705E-025                  0.0000000000000000E+000                  0.0000000000000000E+000 
                                     215                  5.9428616680140289E-001                  8.7018394179286573E-001                  4.2675443928426438E+000                 -5.6129938979805987E+000                  6.6472057335787289E+000                  6.7626734104865005E-001                  3.0352383641965708E-001                  2.0208822531692872E-002                  3.3462795979148977E-025                  0.0000000000000000E+000                  0.0000000000000000E+000 
                                     216                  5.9428504857813069E-001                  8.6995425848930563E-001                  4.2703409723239529E+000                 -5.5977055849943271E+000                  6.6664245840485075E+000                  6.7626734104865005E-001                  3.0352383641965708E-001                  2.0208822531692872E-002                  3.4663564342199325E-025                  0.0000000000000000E+000                  0.0000000000000000E+000 
                                     217                  5.9428389104249957E-001                  8.6972435988871322E-001                  4.2724149711824300E+000                 -5.5863870147189205E+000                  6.6806457330785980E+000                  6.7626734104864994E-001                  3.0352383641965708E-001                  2.0208822531692983E-002                  3.5580236779825658E-025                  0.0000000000000000E+000                  0.0000000000000000E+000 
                                     218                  5.9428330227855686E-001                  8.6961029799727296E-001                  4.2745218844967647E+000                 -5.5750798574163367E+000                  6.6949067002352809E+000                  6.7626734104865005E-001                  3.0352383641965708E-001                  2.0208822531692872E-002                  3.6520207802044377E-025                  0.0000000000000000E+000                  0.0000000000000000E+000 
                                     219                  5.9428208337566646E-001                  8.6937995347503649E-001                  4.2773177470433783E+000                 -5.5601062706205111E+000                  6.7137834670110204E+000                  6.7626734104864994E-001                  3.0352383641965713E-001                  2.0208822531692983E-002                  3.7803326058112997E-025                  0.0000000000000000E+000                  0.0000000000000000E+000 
                                     220                  5.9428082165950880E-001                  8.6914923176649850E-001                  4.2801150670847008E+000                 -5.5452496444223218E+000                  6.7325345320105798E+000                  6.7626734104865005E-001                  3.0352383641965713E-001                  2.0208822531692761E-002                  3.9121007906738353E-025                  0.0000000000000000E+000                  0.0000000000000000E+000 
                                     221                  5.9427951564244108E-001                  8.6891807221538109E-001                  4.2829147877524161E+000                 -5.5305052018034369E+000                  6.7511658385893920E+000                  6.7626734104864994E-001                  3.0352383641965713E-001                  2.0208822531692983E-002                  4.0474183062709674E-025                  0.0000000000000000E+000                  0.0000000000000000E+000 
                                     222                  5.9427816378576959E-001                  8.6868641628696219E-001                  4.2850066688426098E+000                 -5.5195150364142034E+000                  6.7650482274104382E+000                  6.7626734104864994E-001                  3.0352383641965713E-001                  2.0208822531692983E-002                  4.1513190932323676E-025                  0.0000000000000000E+000                  0.0000000000000000E+000 
                                     223                  5.9427746414189686E-001                  8.6856937941290624E-001                  4.2864088184888658E+000                 -5.5122230932470089E+000                  6.7742786407420592E+000                  6.7626734104864994E-001                  3.0352383641965719E-001                  2.0208822531692872E-002                  4.2217259070315847E-025                  0.0000000000000000E+000                  0.0000000000000000E+000 
                                     224                  5.9427676449802413E-001                  8.6845419887643505E-001                  4.2885246021573105E+000                 -5.5013354362107671E+000                  6.7880913439681656E+000                  6.7626734104864994E-001                  3.0352383641965719E-001                  2.0208822531692872E-002                  4.3290814175563250E-025                  0.0000000000000000E+000                  0.0000000000000000E+000 
                                     225                  5.9427531613317497E-001                  8.6822138206244426E-001                  4.2913367871809012E+000                 -5.4869032531751802E+000                  6.8063957494921654E+000                  6.7626734104864994E-001                  3.0352383641965719E-001                  2.0208822531692872E-002                  4.4756099104011358E-025                  0.0000000000000000E+000                  0.0000000000000000E+000 
                                     226                  5.9427381698879145E-001                  8.6798790345871180E-001                  4.2941547628879366E+000                 -5.4725676419441038E+000                  6.8246010001926516E+000                  6.7626734104864994E-001                  3.0352383641965719E-001                  2.0208822531692872E-002                  4.6260717300451199E-025                  0.0000000000000000E+000                  0.0000000000000000E+000 
                                     227                  5.9427226530413824E-001                  8.6775371095729359E-001                  4.2962627275288598E+000                 -5.4618747891856838E+000                  6.8381770949102147E+000                  6.7626734104864983E-001                  3.0352383641965719E-001                  2.0208822531692983E-002                  4.7415874990605642E-025                  0.0000000000000000E+000                  0.0000000000000000E+000 
                                     228                  5.9427146228117422E-001                  8.6763531590619181E-001                  4.2976764279074082E+000                 -5.4547761561504311E+000                  6.8472089035910235E+000                  6.7626734104864994E-001                  3.0352383641965724E-001                  2.0208822531692761E-002                  4.8198646701097650E-025                  0.0000000000000000E+000                  0.0000000000000000E+000 
                                     229                  5.9427065925821021E-001                  8.6751874575374155E-001                  4.2998107510096588E+000                 -5.4441712904483381E+000                  6.8607317331578335E+000                  6.7626734104864983E-001                  3.0352383641965724E-001                  2.0208822531692983E-002                  4.9392213063897825E-025                  0.0000000000000000E+000                  0.0000000000000000E+000 
                                     230                  5.9426899696770130E-001                  8.6728297499881146E-001                  4.3026506015291899E+000                 -5.4301047123005590E+000                  6.8786653810236471E+000                  6.7626734104864983E-001                  3.0352383641965724E-001                  2.0208822531692983E-002                  5.1021158865554199E-025                  0.0000000000000000E+000                  0.0000000000000000E+000 
                                     231                  5.9426727648490685E-001                  8.6704634196598473E-001                  4.3054991659896062E+000                 -5.4161217113047408E+000                  6.8965163767024835E+000                  6.7626734104864983E-001                  3.0352383641965724E-001                  2.0208822531692983E-002                  5.2693716060479751E-025                  0.0000000000000000E+000                  0.0000000000000000E+000 
                                     232                  5.9426549579555610E-001                  8.6680879939122391E-001                  4.3083571029655046E+000                 -5.4022196544234466E+000                  6.9142883268794124E+000                  6.7626734104864972E-001                  3.0352383641965730E-001                  2.0208822531692983E-002                  5.4410992425698243E-025                  0.0000000000000000E+000                  0.0000000000000000E+000 
                                     233                  5.9426365281657467E-001                  8.6657030087321907E-001                  4.3112250387785833E+000                 -5.3883959678490081E+000                  6.9319846568361188E+000                  6.7626734104864983E-001                  3.0352383641965730E-001                  2.0208822531692872E-002                  5.6174130346362689E-025                  0.0000000000000000E+000                  0.0000000000000000E+000 
                                     234                  5.9426174539377319E-001                  8.6633080083709946E-001                  4.3141035711130638E+000                 -5.3746481344685479E+000                  6.9496086217757425E+000                  6.7626734104864972E-001                  3.0352383641965736E-001                  2.0208822531692983E-002                  5.7984308122264991E-025                  0.0000000000000000E+000                  0.0000000000000000E+000 
                                     235                  5.9425977129946062E-001                  8.6609025450095911E-001                  4.3169932724512723E+000                 -5.3609736885726544E+000                  6.9671633172842586E+000                  6.7626734104864972E-001                  3.0352383641965736E-001                  2.0208822531692983E-002                  5.9842741724749902E-025                  0.0000000000000000E+000                  0.0000000000000000E+000 
                                     236                  5.9425772822997869E-001                  8.6584861784667089E-001                  4.3198946930330857E+000                 -5.3473702115515254E+000                  6.9846516890069017E+000                  6.7626734104864972E-001                  3.0352383641965736E-001                  2.0208822531692983E-002                  6.1750686560784361E-025                  0.0000000000000000E+000                  0.0000000000000000E+000 
                                     237                  5.9425561380315539E-001                  8.6560584759440684E-001                  4.3228083618993223E+000                 -5.3338353923897861E+000                  7.0020765416088926E+000                  6.7626734104864972E-001                  3.0352383641965741E-001                  2.0208822531692872E-002                  6.3709429845400055E-025                  0.0000000000000000E+000                  0.0000000000000000E+000 
                                     238                  5.9425342555567517E-001                  8.6536190114439149E-001                  4.3257347797910954E+000                 -5.3203672427967454E+000                  7.0194405470886805E+000                  6.7626734104864972E-001                  3.0352383641965741E-001                  2.0208822531692872E-002                  6.5720257863961515E-025                  0.0000000000000000E+000                  0.0000000000000000E+000 
                                     239                  5.9425116094036190E-001                  8.6511673639736797E-001                  4.3286744115043501E+000                 -5.3069638731929540E+000                  7.0367462525188582E+000                  6.7626734104864961E-001                  3.0352383641965747E-001                  2.0208822531692983E-002                  6.7784485675983511E-025                  0.0000000000000000E+000                  0.0000000000000000E+000 
                                     240                  5.9424881732337342E-001                  8.6487031169899387E-001                  4.3316276861693606E+000                 -5.2936234057295746E+000                  7.0539960872449798E+000                  6.7626734104864972E-001                  3.0352383641965747E-001                  2.0208822531692761E-002                  6.9903470790136753E-025                  0.0000000000000000E+000                  0.0000000000000000E+000 
                                     241                  5.9424639198130425E-001                  8.6462258583374818E-001                  4.3345949994766277E+000                 -5.2803439730391171E+000                  7.0711923695802668E+000                  6.7626734104864961E-001                  3.0352383641965752E-001                  2.0208822531692872E-002                  7.2078615103319967E-025                  0.0000000000000000E+000                  0.0000000000000000E+000 
                                     242                  5.9424388209819290E-001                  8.6437351802063112E-001                  4.3375767158478684E+000                 -5.2671237163930833E+000                  7.0883373130377691E+000                  6.7626734104864961E-001                  3.0352383641965752E-001                  2.0208822531692872E-002                  7.4311367047795969E-025                  0.0000000000000000E+000                  0.0000000000000000E+000 
                                     243                  5.9424128476243154E-001                  8.6412306791106142E-001                  4.3405731703948618E+000                 -5.2539607825491501E+000                  7.1054330321373058E+000                  6.7626734104864950E-001                  3.0352383641965752E-001                  2.0208822531692983E-002                  7.6603224101538214E-025                  0.0000000000000000E+000                  0.0000000000000000E+000 
                                     244                  5.9423859696357550E-001                  8.6387119558968906E-001                  4.3435846688946844E+000                 -5.2408534115286187E+000                  7.1224815478175829E+000                  6.7626734104864961E-001                  3.0352383641965752E-001                  2.0208822531692872E-002                  7.8955718912966224E-025                  0.0000000000000000E+000                  0.0000000000000000E+000 
                                     245                  5.9423581558904826E-001                  8.6361786152524112E-001                  4.3466114829419382E+000                 -5.2278000569472569E+000                  7.1394847924854048E+000                  6.7626734104864950E-001                  3.0352383641965758E-001                  2.0208822531692983E-002                  8.1370396464603652E-025                  0.0000000000000000E+000                  0.0000000000000000E+000 
                                     246                  5.9423293742074290E-001                  8.6336302645044505E-001                  4.3496538452988176E+000                 -5.2147992042350868E+000                  7.1564446147436094E+000                  6.7626734104864950E-001                  3.0352383641965758E-001                  2.0208822531692983E-002                  8.3848845465083634E-025                  0.0000000000000000E+000                  0.0000000000000000E+000 
                                     247                  5.9422995913151277E-001                  8.6310665134654740E-001                  4.3527119489598602E+000                 -5.2018493346325707E+000                  7.1733627838152811E+000                  6.7626734104864950E-001                  3.0352383641965763E-001                  2.0208822531692872E-002                  8.6392706703893843E-025                  0.0000000000000000E+000                  0.0000000000000000E+000 
                                     248                  5.9422687728154922E-001                  8.6284869744954629E-001                  4.3557859470766731E+000                 -5.1889489208354131E+000                  7.1902409936864400E+000                  6.7626734104864950E-001                  3.0352383641965758E-001                  2.0208822531692983E-002                  8.9003676225727151E-025                  0.0000000000000000E+000                  0.0000000000000000E+000 
                                     249                  5.9422368831464034E-001                  8.6258912626000861E-001                  4.3588759528479510E+000                 -5.1760964233490707E+000                  7.2070808669877655E+000                  6.7626734104864950E-001                  3.0352383641965763E-001                  2.0208822531692872E-002                  9.1683508619918389E-025                  0.0000000000000000E+000                  0.0000000000000000E+000 
                                     250                  5.9422038855430914E-001                  8.6232789955615630E-001                  4.3619820400173959E+000                 -5.1632902969151777E+000                  7.2238839586342261E+000                  6.7626734104864950E-001                  3.0352383641965769E-001                  2.0208822531692761E-002                  9.4434018372446125E-025                  0.0000000000000000E+000                  0.0000000000000000E+000 
                                     251                  5.9421697419982589E-001                  8.6206497940424132E-001                  4.3651042469131065E+000                 -5.1505290939224881E+000                  7.2406517592409134E+000                  6.7626734104864938E-001                  3.0352383641965769E-001                  2.0208822531692983E-002                  9.7257059327349983E-025                  0.0000000000000000E+000                  0.0000000000000000E+000 
                                     252                  5.9421344132209231E-001                  8.6180032810688711E-001                  4.3682425815129724E+000                 -5.1378114574667704E+000                  7.2573856983404283E+000                  6.7626734104864938E-001                  3.0352383641965769E-001                  2.0208822531692983E-002                  1.0015452562966900E-024                  0.0000000000000000E+000                  0.0000000000000000E+000 
                                     253                  5.9420978585939099E-001                  8.6153390815454323E-001                  4.3713970210419930E+000                 -5.1251360527581777E+000                  7.2740871474158055E+000                  6.7626734104864927E-001                  3.0352383641965774E-001                  2.0208822531692983E-002                  1.0312836748741920E-024                  0.0000000000000000E+000                  0.0000000000000000E+000 
                                     254                  5.9420600361299780E-001                  8.6126568221819522E-001                  4.3745675084903972E+000                 -5.1125015566466461E+000                  7.2907574227559895E+000                  6.7626734104864927E-001                  3.0352383641965780E-001                  2.0208822531692983E-002                  1.0618059545442594E-024                  0.0000000000000000E+000                  0.0000000000000000E+000 
                                     255                  5.9420209024265336E-001                  8.6099561314890194E-001                  4.3777539493630577E+000                 -5.0999066489806522E+000                  7.3073977881443977E+000                  6.7626734104864938E-001                  3.0352383641965774E-001                  2.0208822531692872E-002                  1.0931328475050988E-024                  0.0000000000000000E+000                  0.0000000000000000E+000 
                                     256                  5.9419804126188713E-001                  8.6072366398323075E-001                  4.3809562091734398E+000                 -5.0873500042666411E+000                  7.3240094573843715E+000                  6.7626734104864927E-001                  3.0352383641965780E-001                  2.0208822531692983E-002                  1.1252857996487938E-024                  0.0000000000000000E+000                  0.0000000000000000E+000 
                                     257                  5.9419385203319475E-001                  8.6044979795492882E-001                  4.3841741197948627E+000                 -5.0748302978432651E+000                  7.3405935966625657E+000                  6.7626734104864927E-001                  3.0352383641965786E-001                  2.0208822531692872E-002                  1.1582869636392194E-024                  0.0000000000000000E+000                  0.0000000000000000E+000 
                                     258                  5.9418951776306561E-001                  8.6017397850384381E-001                  4.3874075001991946E+000                 -5.0623462513141284E+000                  7.3571513267671822E+000                  6.7626734104864927E-001                  3.0352383641965786E-001                  2.0208822531692872E-002                  1.1921591023674917E-024                  0.0000000000000000E+000                  0.0000000000000000E+000 
                                     259                  5.9418503349685203E-001                  8.5989616925661772E-001                  4.3906561679839688E+000                 -5.0498966645743266E+000                  7.3736837251850451E+000                  6.7626734104864927E-001                  3.0352383641965791E-001                  2.0208822531692761E-002                  1.2269255096872416E-024                  0.0000000000000000E+000                  0.0000000000000000E+000 
                                     260                  5.9418039411347356E-001                  8.5961633398631876E-001                  4.3939199350239697E+000                 -5.0374804049953719E+000                  7.3901918280907886E+000                  6.7626734104864916E-001                  3.0352383641965791E-001                  2.0208822531692983E-002                  1.2626100400150188E-024                  0.0000000000000000E+000                  0.0000000000000000E+000 
                                     261                  5.9417559431995248E-001                  8.5933443657790531E-001                  4.3971986017209304E+000                 -5.0250963930456045E+000                  7.4066766322343991E+000                  6.7626734104864916E-001                  3.0352383641965797E-001                  2.0208822531692872E-002                  1.2992371528533996E-024                  0.0000000000000000E+000                  0.0000000000000000E+000 
                                     262                  5.9417062864577452E-001                  8.5905044100203398E-001                  4.4004919518472985E+000                 -5.0127435898521435E+000                  7.4231390967327160E+000                  6.7626734104864916E-001                  3.0352383641965802E-001                  2.0208822531692761E-002                  1.3368319578152116E-024                  0.0000000000000000E+000                  0.0000000000000000E+000 
                                     263                  5.9416549143706832E-001                  8.5876431129632913E-001                  4.4037997566957676E+000                 -5.0004209455047661E+000                  7.4395801447700576E+000                  6.7626734104864905E-001                  3.0352383641965802E-001                  2.0208822531692983E-002                  1.3754203904092053E-024                  0.0000000000000000E+000                  0.0000000000000000E+000 
                                     264                  5.9416017685060074E-001                  8.5847601158048015E-001                  4.4071218023410976E+000                 -4.9881273638520627E+000                  7.4560006652087294E+000                  6.7626734104864905E-001                  3.0352383641965802E-001                  2.0208822531692983E-002                  1.4150293621290722E-024                  0.0000000000000000E+000                  0.0000000000000000E+000 
                                     265                  5.9415467884757867E-001                  8.5818550609576016E-001                  4.4104579121326912E+000                 -4.9758618664372429E+000                  7.4724015141113922E+000                  6.7626734104864905E-001                  3.0352383641965808E-001                  2.0208822531692872E-002                  1.4556862625337852E-024                  0.0000000000000000E+000                  0.0000000000000000E+000 
                                     266                  5.9414899118725462E-001                  8.5789275913574026E-001                  4.4138079449213992E+000                 -4.9636236075330880E+000                  7.4887835161966443E+000                  6.7626734104864905E-001                  3.0352383641965808E-001                  2.0208822531692872E-002                  1.4974188843837888E-024                  0.0000000000000000E+000                  0.0000000000000000E+000 
                                     267                  5.9414310742032683E-001                  8.5759773496413838E-001                  4.4171717894395126E+000                 -4.9514118602656625E+000                  7.5051474662280455E+000                  6.7626734104864905E-001                  3.0352383641965813E-001                  2.0208822531692761E-002                  1.5402554395873860E-024                  0.0000000000000000E+000                  0.0000000000000000E+000 
                                     268                  5.9413702088213549E-001                  8.5730039773916145E-001                  4.4205493589756735E+000                 -4.9392260034472315E+000                  7.5214941303264746E+000                  6.7626734104864894E-001                  3.0352383641965813E-001                  2.0208822531692983E-002                  1.5842245771021878E-024                  0.0000000000000000E+000                  0.0000000000000000E+000 
                                     269                  5.9413072468565153E-001                  8.5700071144445777E-001                  4.4239405932680684E+000                 -4.9270654193635677E+000                  7.5378242472101871E+000                  6.7626734104864894E-001                  3.0352383641965819E-001                  2.0208822531692872E-002                  1.6293557406036820E-024                  0.0000000000000000E+000                  0.0000000000000000E+000 
                                     270                  5.9412421171424978E-001                  8.5669863988868478E-001                  4.4273454794904987E+000                 -4.9149293794699052E+000                  7.5541385293701371E+000                  6.7626734104864894E-001                  3.0352383641965824E-001                  2.0208822531692761E-002                  1.6756796353624725E-024                  0.0000000000000000E+000                  0.0000000000000000E+000 
                                     271                  5.9411747461425446E-001                  8.5639414678540804E-001                  4.4307640710696914E+000                 -4.9028172905802583E+000                  7.5704376641778417E+000                  6.7626734104864883E-001                  3.0352383641965824E-001                  2.0208822531692983E-002                  1.7232273362838567E-024                  0.0000000000000000E+000                  0.0000000000000000E+000 
                                     272                  5.9411050578725089E-001                  8.5608719566234481E-001                  4.4341964879558908E+000                 -4.8907287297536488E+000                  7.5867223149551961E+000                  6.7626734104864883E-001                  3.0352383641965824E-001                  2.0208822531692983E-002                  1.7720301000033321E-024                  0.0000000000000000E+000                  0.0000000000000000E+000 
                                     273                  5.9410329738215495E-001                  8.5577774974192167E-001                  4.4376429144527103E+000                 -4.8786634366672059E+000                  7.6029931220129514E+000                  6.7626734104864883E-001                  3.0352383641965830E-001                  2.0208822531692872E-002                  1.8221193268103275E-024                  0.0000000000000000E+000                  0.0000000000000000E+000 
                                     274                  5.9409584128703408E-001                  8.5546577182229511E-001                  4.4411035966936216E+000                 -4.8666213032879124E+000                  7.6192507036599881E+000                  6.7626734104864872E-001                  3.0352383641965835E-001                  2.0208822531692983E-002                  1.8735265329117983E-024                  0.0000000000000000E+000                  0.0000000000000000E+000 
                                     275                  5.9408812912067144E-001                  8.5515122416077283E-001                  4.4445788425638062E+000                 -4.8546022087082035E+000                  7.6354956571853076E+000                  6.7626734104864872E-001                  3.0352383641965835E-001                  2.0208822531692983E-002                  1.9262840125488099E-024                  0.0000000000000000E+000                  0.0000000000000000E+000 
                                     276                  5.9408015222386545E-001                  8.5483406847304055E-001                  4.4480690274203516E+000                 -4.8426059239730419E+000                  7.6517285597976317E+000                  6.7626734104864872E-001                  3.0352383641965841E-001                  2.0208822531692872E-002                  1.9804252972292676E-024                  0.0000000000000000E+000                  0.0000000000000000E+000 
                                     277                  5.9407190165045654E-001                  8.5451426600262625E-001                  4.4515745998759311E+000                 -4.8306323576100878E+000                  7.6679499695136881E+000                  6.7626734104864861E-001                  3.0352383641965841E-001                  2.0208822531692983E-002                  2.0359840864536959E-024                  0.0000000000000000E+000                  0.0000000000000000E+000 
                                     278                  5.9406336815807326E-001                  8.5419177741112851E-001                  4.4550960844983631E+000                 -4.8186815804740881E+000                  7.6841604260133947E+000                  6.7626734104864861E-001                  3.0352383641965852E-001                  2.0208822531692872E-002                  2.0929940572365525E-024                  0.0000000000000000E+000                  0.0000000000000000E+000 
                                     279                  5.9405454219860065E-001                  8.5386656264548244E-001                  4.4586340847713473E+000                 -4.8067538269978094E+000                  7.7003604514536308E+000                  6.7626734104864861E-001                  3.0352383641965852E-001                  2.0208822531692872E-002                  2.1514887641812406E-024                  0.0000000000000000E+000                  0.0000000000000000E+000 
                                     280                  5.9404541390836907E-001                  8.5353858079909550E-001                  4.4621892844039674E+000                 -4.7948494795517531E+000                  7.7165505512508332E+000                  6.7626734104864850E-001                  3.0352383641965858E-001                  2.0208822531692983E-002                  2.2115016165805977E-024                  0.0000000000000000E+000                  0.0000000000000000E+000 
                                     281                  5.9403597309804379E-001                  8.5320778997897539E-001                  4.4657624416422328E+000                 -4.7829688649815081E+000                  7.7327312148475515E+000                  6.7626734104864850E-001                  3.0352383641965858E-001                  2.0208822531692983E-002                  2.2730668468481895E-024                  0.0000000000000000E+000                  0.0000000000000000E+000 
                                     282                  5.9402620924220417E-001                  8.5287414732354949E-001                  4.4693543786270258E+000                 -4.7711122786940265E+000                  7.7489029164453136E+000                  6.7626734104864850E-001                  3.0352383641965863E-001                  2.0208822531692872E-002                  2.3362194203478353E-024                  0.0000000000000000E+000                  0.0000000000000000E+000 
                                     283                  5.9401611146860300E-001                  8.5253760900287390E-001                  4.4729659809858395E+000                 -4.7592801249343530E+000                  7.7650661157083780E+000                  6.7626734104864838E-001                  3.0352383641965869E-001                  2.0208822531692983E-002                  2.4009942813762649E-024                  0.0000000000000000E+000                  0.0000000000000000E+000 
                                     284                  5.9400566854709547E-001                  8.5219813010931700E-001                  4.4765982042102426E+000                 -4.7474729271044289E+000                  7.7812212584563181E+000                  6.7626734104864838E-001                  3.0352383641965874E-001                  2.0208822531692872E-002                  2.4674262123112921E-024                  0.0000000000000000E+000                  0.0000000000000000E+000 
                                     285                  5.9399486887822905E-001                  8.5185566453531536E-001                  4.4802520810547533E+000                 -4.7356913357194026E+000                  7.7973687773484617E+000                  6.7626734104864838E-001                  3.0352383641965874E-001                  2.0208822531692872E-002                  2.5355496900530702E-024                  0.0000000000000000E+000                  0.0000000000000000E+000 
                                     286                  5.9398370048148363E-001                  8.5151016483933817E-001                  4.4839287221370938E+000                 -4.7239360895069007E+000                  7.8135090925628523E+000                  6.7626734104864827E-001                  3.0352383641965874E-001                  2.0208822531692983E-002                  2.6053990092304749E-024                  0.0000000000000000E+000                  0.0000000000000000E+000 
                                     287                  5.9397215098314982E-001                  8.5116158213712034E-001                  4.4876292982476960E+000                 -4.7122078948337247E+000                  7.8296426124659231E+000                  6.7626734104864827E-001                  3.0352383641965880E-001                  2.0208822531692983E-002                  2.6770089410069309E-024                  0.0000000000000000E+000                  0.0000000000000000E+000 
                                     288                  5.9396020760383750E-001                  8.5080986608589104E-001                  4.4913550238897830E+000                 -4.7005074809184153E+000                  7.8457697342483890E+000                  6.7626734104864816E-001                  3.0352383641965885E-001                  2.0208822531692983E-002                  2.7504143905018137E-024                  0.0000000000000000E+000                  0.0000000000000000E+000 
                                     289                  5.9394785714562093E-001                  8.5045496482353899E-001                  4.4951071617858336E+000                 -4.6888356265132787E+000                  7.8618908445198299E+000                  6.7626734104864827E-001                  3.0352383641965891E-001                  2.0208822531692761E-002                  2.8256501837272463E-024                  0.0000000000000000E+000                  0.0000000000000000E+000 
                                     290                  5.9393508597881739E-001                  8.5009682488396920E-001                  4.4988870316944896E+000                 -4.6771931696440641E+000                  7.8780063198752810E+000                  6.7626734104864816E-001                  3.0352383641965897E-001                  2.0208822531692872E-002                  2.9027509369688621E-024                  0.0000000000000000E+000                  0.0000000000000000E+000 
                                     291                  5.9392188002837665E-001                  8.4973539110081242E-001                  4.5026960172125978E+000                 -4.6655810167671010E+000                  7.8941165274523000E+000                  6.7626734104864816E-001                  3.0352383641965897E-001                  2.0208822531692872E-002                  2.9817509149441225E-024                  0.0000000000000000E+000                  0.0000000000000000E+000 
                                     292                  5.9390822475986171E-001                  8.4937060649920260E-001                  4.5065355519806127E+000                 -4.6540001414973551E+000                  7.9102218254837666E+000                  6.7626734104864805E-001                  3.0352383641965902E-001                  2.0208822531692983E-002                  3.0626839471501105E-024                  0.0000000000000000E+000                  0.0000000000000000E+000 
                                     293                  5.9389410516501351E-001                  8.4900241218378869E-001                  4.5104070949706072E+000                 -4.6424515245937314E+000                  7.9263225638477337E+000                  6.7626734104864805E-001                  3.0352383641965908E-001                  2.0208822531692872E-002                  3.1455837668212468E-024                  0.0000000000000000E+000                  0.0000000000000000E+000 
                                     294                  5.9387950574688242E-001                  8.4863074727313237E-001                  4.5143121250897380E+000                 -4.6309361250866869E+000                  7.9424190846084324E+000                  6.7626734104864794E-001                  3.0352383641965908E-001                  2.0208822531692983E-002                  3.2304841817280016E-024                  0.0000000000000000E+000                  0.0000000000000000E+000 
                                     295                  5.9386441050451988E-001                  8.4825554885632259E-001                  4.5182521482754892E+000                 -4.6194548874403489E+000                  7.9585117225460271E+000                  6.7626734104864805E-001                  3.0352383641965919E-001                  2.0208822531692761E-002                  3.3174190010986420E-024                  0.0000000000000000E+000                  0.0000000000000000E+000 
                                     296                  5.9384880291721198E-001                  8.4787675194169043E-001                  4.5222287035678450E+000                 -4.6080087534719816E+000                  7.9746008056773086E+000                  6.7626734104864794E-001                  3.0352383641965919E-001                  2.0208822531692872E-002                  3.4064219159376585E-024                  0.0000000000000000E+000                  0.0000000000000000E+000 
                                     297                  5.9383266592824546E-001                  8.4749428939301241E-001                  4.5262433526690957E+000                 -4.5965987516550246E+000                  7.9906866557627003E+000                  6.7626734104864783E-001                  3.0352383641965924E-001                  2.0208822531692983E-002                  3.4975257374145220E-024                  0.0000000000000000E+000                  0.0000000000000000E+000 
                                     298                  5.9381598192820495E-001                  8.4710809178381485E-001                  4.5302976535603250E+000                 -4.5852259426259439E+000                  8.0067695887913146E+000                  6.7626734104864783E-001                  3.0352383641965930E-001                  2.0208822531692872E-002                  3.5907627122947895E-024                  0.0000000000000000E+000                  0.0000000000000000E+000 
                                     299                  5.9379873273782247E-001                  8.4671808729481446E-001                  4.5343931481267772E+000                 -4.5738913076999594E+000                  8.0228499154415385E+000                  6.7626734104864783E-001                  3.0352383641965935E-001                  2.0208822531692761E-002                  3.6861653883366278E-024                  0.0000000000000000E+000                  0.0000000000000000E+000 
                                     300                  5.9378089959033820E-001                  8.4632420170814315E-001                  4.5385313632362960E+000                 -4.5625957466377560E+000                  8.0389279415242054E+000                  6.7626734104864772E-001                  3.0352383641965941E-001                  2.0208822531692872E-002                  3.7837666702111475E-024                  0.0000000000000000E+000                  0.0000000000000000E+000 
                                     301                  5.9376246311334901E-001                  8.4592635840406472E-001                  4.5424524320698936E+000                 -4.5520307286157724E+000                  8.0540121279631105E+000                  6.7626734104864761E-001                  3.0352383641965947E-001                  2.0208822531692983E-002                  3.8773987378076568E-024                  0.0000000000000000E+000                  0.0000000000000000E+000 
                                     302                  5.9374575710532462E-001                  8.4557360784962665E-001                  4.5473587060580121E+000                 -4.5390644452982247E+000                  8.0726188115683435E+000                  6.7626734104864761E-001                  3.0352383641965947E-001                  2.0208822531692983E-002                  3.9954922374056962E-024                  0.0000000000000000E+000                  0.0000000000000000E+000 
                                     303                  5.9371754333678950E-001                  8.4499352650359405E-001                  4.5532912087988446E+000                 -4.5236211114343003E+000                  8.0948551511638307E+000                  6.7626734104864761E-001                  3.0352383641965958E-001                  2.0208822531692761E-002                  4.1408597212336012E-024                  0.0000000000000000E+000                  0.0000000000000000E+000 
                                     304                  5.9368978547481555E-001                  8.4444059667125426E-001                  4.5571224909418815E+000                 -4.5137699259802844E+000                  8.1090770244651686E+000                  6.7626734104864750E-001                  3.0352383641965958E-001                  2.0208822531692983E-002                  4.2363462637411603E-024                  0.0000000000000000E+000                  0.0000000000000000E+000 
                                     305                  5.9368040083735740E-001                  8.4425738430958341E-001                  4.5597805329221917E+000                 -4.5070612167202704E+000                  8.1188133312650717E+000                  6.7626734104864750E-001                  3.0352383641965969E-001                  2.0208822531692761E-002                  4.3026334791821290E-024                  0.0000000000000000E+000                  0.0000000000000000E+000 
                                     306                  5.9366369083143811E-001                  8.4393560167758808E-001                  4.5625602275668138E+000                 -4.5000883960946432E+000                  8.1289454674261581E+000                  6.7626734104864739E-001                  3.0352383641965969E-001                  2.0208822531692983E-002                  4.3726325532022632E-024                  0.0000000000000000E+000                  0.0000000000000000E+000 
                                     307                  5.9365269838590684E-001                  8.4372691089891649E-001                  4.5654101282989581E+000                 -4.4930329444977959E+000                  8.1392347380905061E+000                  6.7626734104864739E-001                  3.0352383641965969E-001                  2.0208822531692983E-002                  4.4446232655746330E-024                  0.0000000000000000E+000                  0.0000000000000000E+000 
                                     308                  5.9363494425920482E-001                  8.4339466153896980E-001                  4.5690747715477045E+000                 -4.4840530318064236E+000                  8.1523633244921552E+000                  6.7626734104864727E-001                  3.0352383641965974E-001                  2.0208822531692983E-002                  4.5379715309972211E-024                  0.0000000000000000E+000                  0.0000000000000000E+000 
                                     309                  5.9361513032839375E-001                  8.4303057883621213E-001                  4.5727646312734072E+000                 -4.4751207841349636E+000                  8.1654621336248834E+000                  6.7626734104864739E-001                  3.0352383641965980E-001                  2.0208822531692761E-002                  4.6327741987225090E-024                  0.0000000000000000E+000                  0.0000000000000000E+000 
                                     310                  5.9359644038984127E-001                  8.4269332488115267E-001                  4.5754060591439183E+000                 -4.4687854130770637E+000                  8.1747733700912519E+000                  6.7626734104864727E-001                  3.0352383641965980E-001                  2.0208822531692983E-002                  4.7012160451761929E-024                  0.0000000000000000E+000                  0.0000000000000000E+000 
                                     311                  5.9358713139709696E-001                  8.4252749178710717E-001                  4.5780142158336119E+000                 -4.4626133974419355E+000                  8.1838795872883114E+000                  6.7626734104864727E-001                  3.0352383641965985E-001                  2.0208822531692872E-002                  4.7688678900399893E-024                  0.0000000000000000E+000                  0.0000000000000000E+000 
                                     312                  5.9356851341160832E-001                  8.4219994814039101E-001                  4.5805864679770325E+000                 -4.4565556273561908E+000                  8.1928251761154751E+000                  6.7626734104864727E-001                  3.0352383641965985E-001                  2.0208822531692872E-002                  4.8362165369600035E-024                  0.0000000000000000E+000                  0.0000000000000000E+000 
                                     313                  5.9355920441886401E-001                  8.4203817162952999E-001                  4.5831337842295818E+000                 -4.4506336120026013E+000                  8.2016030188735023E+000                  6.7626734104864727E-001                  3.0352383641965991E-001                  2.0208822531692761E-002                  4.9029776212367998E-024                  0.0000000000000000E+000                  0.0000000000000000E+000 
                                     314                  5.9354058643337537E-001                  8.4171846944990203E-001                  4.5866475712306878E+000                 -4.4425355245833380E+000                  8.2136320050651062E+000                  6.7626734104864727E-001                  3.0352383641965996E-001                  2.0208822531692761E-002                  4.9957686450121493E-024                  0.0000000000000000E+000                  0.0000000000000000E+000 
                                     315                  5.9352011943883887E-001                  8.4137271556780602E-001                  4.5902684321747476E+000                 -4.4342876969753586E+000                  8.2259208682698244E+000                  6.7626734104864716E-001                  3.0352383641966002E-001                  2.0208822531692761E-002                  5.0920856217346647E-024                  0.0000000000000000E+000                  0.0000000000000000E+000 
                                     316                  5.9349965244430236E-001                  8.4103266151695133E-001                  4.5946337346412607E+000                 -4.4244940193768967E+000                  8.2405743595345786E+000                  6.7626734104864716E-001                  3.0352383641966002E-001                  2.0208822531692761E-002                  5.2088759082854901E-024                  0.0000000000000000E+000                  0.0000000000000000E+000 
                                     317                  5.9346992616550598E-001                  8.4054840317128032E-001                  4.5988540843075585E+000                 -4.4151226880881236E+000                  8.2546298920044805E+000                  6.7626734104864705E-001                  3.0352383641966008E-001                  2.0208822531692872E-002                  5.3231436190237589E-024                  0.0000000000000000E+000                  0.0000000000000000E+000 
                                     318                  5.9345010864630843E-001                  8.4023158049294522E-001                  4.6013492498574582E+000                 -4.4096426659761239E+000                  8.2628734412093721E+000                  6.7626734104864705E-001                  3.0352383641966013E-001                  2.0208822531692761E-002                  5.3911245065669891E-024                  0.0000000000000000E+000                  0.0000000000000000E+000 
                                     319                  5.9344019988670971E-001                  8.4007489941008318E-001                  4.6038216353032215E+000                 -4.4042759594769239E+000                  8.2709748667158358E+000                  6.7626734104864694E-001                  3.0352383641966008E-001                  2.0208822531692983E-002                  5.4585433671386610E-024                  0.0000000000000000E+000                  0.0000000000000000E+000 
                                     320                  5.9342038236751204E-001                  8.3976488646217817E-001                  4.6078836150600910E+000                 -4.3955477695937040E+000                  8.2841868671126893E+000                  6.7626734104864694E-001                  3.0352383641966013E-001                  2.0208822531692983E-002                  5.5700009874634213E-024                  0.0000000000000000E+000                  0.0000000000000000E+000 
                                     321                  5.9339065608871577E-001                  8.3930791057156706E-001                  4.6126332338957106E+000                 -4.3854592621946074E+000                  8.2995034535075831E+000                  6.7626734104864683E-001                  3.0352383641966019E-001                  2.0208822531692983E-002                  5.7016762179532103E-024                  0.0000000000000000E+000                  0.0000000000000000E+000 
                                     322                  5.9336127432065300E-001                  8.3886522878127512E-001                  4.6161078635052668E+000                 -4.3781508406806742E+000                  8.3106265215469399E+000                  6.7626734104864683E-001                  3.0352383641966024E-001                  2.0208822531692983E-002                  5.7990114060030372E-024                  0.0000000000000000E+000                  0.0000000000000000E+000 
                                     323                  5.9334658343662161E-001                  8.3864708411022337E-001                  4.6183981435391059E+000                 -4.3733868987673548E+000                  8.3179010219032179E+000                  6.7626734104864683E-001                  3.0352383641966024E-001                  2.0208822531692983E-002                  5.8633540132406465E-024                  0.0000000000000000E+000                  0.0000000000000000E+000 
                                     324                  5.9333189255259022E-001                  8.3843099542992705E-001                  4.6217951868066747E+000                 -4.3663960738718872E+000                  8.3286100568757711E+000                  6.7626734104864683E-001                  3.0352383641966030E-001                  2.0208822531692872E-002                  5.9590717154260380E-024                  0.0000000000000000E+000                  0.0000000000000000E+000 
                                     325                  5.9330251078452734E-001                  8.3800477473241852E-001                  4.6262425384762649E+000                 -4.3573193205906948E+000                  8.3425430307630712E+000                  6.7626734104864683E-001                  3.0352383641966035E-001                  2.0208822531692761E-002                  6.0856918147638499E-024                  0.0000000000000000E+000                  0.0000000000000000E+000 
                                     326                  5.9327312901646456E-001                  8.3758614983308044E-001                  4.6295186950707601E+000                 -4.3506861788460496E+000                  8.3527453537489045E+000                  6.7626734104864683E-001                  3.0352383641966035E-001                  2.0208822531692761E-002                  6.1799269395144622E-024                  0.0000000000000000E+000                  0.0000000000000000E+000 
                                     327                  5.9325843813243317E-001                  8.3737956432681537E-001                  4.6316794598091935E+000                 -4.3463538343448356E+000                  8.3594285824362338E+000                  6.7626734104864672E-001                  3.0352383641966035E-001                  2.0208822531692983E-002                  6.2422639779648088E-024                  0.0000000000000000E+000                  0.0000000000000000E+000 
                                     328                  5.9324374724840190E-001                  8.3717473854470903E-001                  4.6338199703340504E+000                 -4.3420858852168216E+000                  8.3660226943538056E+000                  6.7626734104864672E-001                  3.0352383641966041E-001                  2.0208822531692872E-002                  6.3042910738593177E-024                  0.0000000000000000E+000                  0.0000000000000000E+000 
                                     329                  5.9322905636437040E-001                  8.3697162982197182E-001                  4.6370035288277034E+000                 -4.3357963495522407E+000                  8.3757675093849127E+000                  6.7626734104864672E-001                  3.0352383641966041E-001                  2.0208822531692872E-002                  6.3968268534594564E-024                  0.0000000000000000E+000                  0.0000000000000000E+000 
                                     330                  5.9319958329584133E-001                  8.3656916797635716E-001                  4.6421224569959785E+000                 -4.3257817276068469E+000                  8.3913259902789452E+000                  6.7626734104864661E-001                  3.0352383641966046E-001                  2.0208822531692983E-002                  6.5469883072209475E-024                  0.0000000000000000E+000                  0.0000000000000000E+000 
                                     331                  5.9315672294151478E-001                  8.3599530945931044E-001                  4.6480364442849691E+000                 -4.3143333073817036E+000                  8.4091610238111905E+000                  6.7626734104864650E-001                  3.0352383641966052E-001                  2.0208822531692983E-002                  6.7229845743726268E-024                  0.0000000000000000E+000                  0.0000000000000000E+000 
                                     332                  5.9311386258718823E-001                  8.3543418539032011E-001                  4.6523653604843176E+000                 -4.3060194690376425E+000                  8.4221375041346356E+000                  6.7626734104864650E-001                  3.0352383641966058E-001                  2.0208822531692983E-002                  6.8537602971352930E-024                  0.0000000000000000E+000                  0.0000000000000000E+000 
                                     333                  5.9309243241002485E-001                  8.3515814602826610E-001                  4.6558867562065220E+000                 -4.2993472073677896E+000                  8.4325967328269780E+000                  6.7626734104864650E-001                  3.0352383641966058E-001                  2.0208822531692983E-002                  6.9605575692017356E-024                  0.0000000000000000E+000                  0.0000000000000000E+000 
                                     334                  5.9306076026763577E-001                  8.3475545824915043E-001                  4.6600124223216923E+000                 -4.2915764206604932E+000                  8.4447963985722918E+000                  6.7626734104864650E-001                  3.0352383641966063E-001                  2.0208822531692872E-002                  7.0870440323097908E-024                  0.0000000000000000E+000                  0.0000000000000000E+000 
                                     335                  5.9302908812524668E-001                  8.3435881811249035E-001                  4.6640622914544894E+000                 -4.2840077603961655E+000                  8.4567049209664003E+000                  6.7626734104864639E-001                  3.0352383641966069E-001                  2.0208822531692983E-002                  7.2124566565337028E-024                  0.0000000000000000E+000                  0.0000000000000000E+000 
                                     336                  5.9299741598285760E-001                  8.3396796890405245E-001                  4.6680385977977865E+000                 -4.2766303659046354E+000                  8.4683362351536609E+000                  6.7626734104864639E-001                  3.0352383641966069E-001                  2.0208822531692983E-002                  7.3368423613473249E-024                  0.0000000000000000E+000                  0.0000000000000000E+000 
                                     337                  5.9296574384046852E-001                  8.3358267151515841E-001                  4.6719434629549328E+000                 -4.2694341856956708E+000                  8.4797032957704719E+000                  6.7626734104864639E-001                  3.0352383641966074E-001                  2.0208822531692872E-002                  7.4602458011397855E-024                  0.0000000000000000E+000                  0.0000000000000000E+000 
                                     338                  5.9293407169807943E-001                  8.3320270284553499E-001                  4.6776838158585496E+000                 -4.2589880826588713E+000                  8.4962707177366230E+000                  6.7626734104864639E-001                  3.0352383641966074E-001                  2.0208822531692872E-002                  7.6430951125380597E-024                  0.0000000000000000E+000                  0.0000000000000000E+000 
                                     339                  5.9287072741330127E-001                  8.3245793927564249E-001                  4.6850878440690229E+000                 -4.2455727232071956E+000                  8.5175609474145517E+000                  6.7626734104864616E-001                  3.0352383641966085E-001                  2.0208822531692983E-002                  7.8845289127310510E-024                  0.0000000000000000E+000                  0.0000000000000000E+000 
                                     340                  5.9280738312852310E-001                  8.3173215272724443E-001                  4.6904630036648243E+000                 -4.2358674304455874E+000                  8.5329697727466804E+000                  6.7626734104864628E-001                  3.0352383641966091E-001                  2.0208822531692761E-002                  8.0639498508254713E-024                  0.0000000000000000E+000                  0.0000000000000000E+000 
                                     341                  5.9277571098613402E-001                  8.3137595023380262E-001                  4.6939785190301668E+000                 -4.2295843518551886E+000                  8.5429786234111535E+000                  6.7626734104864616E-001                  3.0352383641966091E-001                  2.0208822531692983E-002                  8.1822832777235145E-024                  0.0000000000000000E+000                  0.0000000000000000E+000 
                                     342                  5.9274403884374482E-001                  8.3102400417835909E-001                  4.6974349547257699E+000                 -4.2234293883056715E+000                  8.5527928843991123E+000                  6.7626734104864605E-001                  3.0352383641966102E-001                  2.0208822531692983E-002                  8.2998930275393253E-024                  0.0000000000000000E+000                  0.0000000000000000E+000 
                                     343                  5.9271236670135585E-001                  8.3067617115663561E-001                  4.7016399567810296E+000                 -4.2159857987522011E+000                  8.5646837549460244E+000                  6.7626734104864605E-001                  3.0352383641966102E-001                  2.0208822531692983E-002                  8.4443943301391688E-024                  0.0000000000000000E+000                  0.0000000000000000E+000 
                                     344                  5.9266559619509385E-001                  8.3016976019380317E-001                  4.7065371534977958E+000                 -4.2073293113214669E+000                  8.5785127344663366E+000                  6.7626734104864605E-001                  3.0352383641966107E-001                  2.0208822531692872E-002                  8.6156193251654474E-024                  0.0000000000000000E+000                  0.0000000000000000E+000 
                                     345                  5.9261882568883195E-001                  8.2967161786305066E-001                  4.7113169113825126E+000                 -4.1989097480705331E+000                  8.5919745609120604E+000                  6.7626734104864605E-001                  3.0352383641966113E-001                  2.0208822531692761E-002                  8.7854995087394334E-024                  0.0000000000000000E+000                  0.0000000000000000E+000 
                                     346                  5.9257205518257006E-001                  8.2918136913166662E-001                  4.7159833326570064E+000                 -4.1907127427548021E+000                  8.6050888137382948E+000                  6.7626734104864594E-001                  3.0352383641966113E-001                  2.0208822531692983E-002                  8.9541178275119845E-024                  0.0000000000000000E+000                  0.0000000000000000E+000 
                                     347                  5.9252528467630816E-001                  8.2869866734610642E-001                  4.7205403075321932E+000                 -4.1827251547570965E+000                  8.6178735392888353E+000                  6.7626734104864594E-001                  3.0352383641966119E-001                  2.0208822531692872E-002                  9.1215519978806775E-024                  0.0000000000000000E+000                  0.0000000000000000E+000 
                                     348                  5.9247851417004627E-001                  8.2822319135763744E-001                  4.7271998527936399E+000                 -4.1711536907050526E+000                  8.6364495518915199E+000                  6.7626734104864583E-001                  3.0352383641966130E-001                  2.0208822531692872E-002                  9.3696991415490236E-024                  0.0000000000000000E+000                  0.0000000000000000E+000 
                                     349                  5.9238497315752248E-001                  8.2729273616050103E-001                  4.7345396791916867E+000                 -4.1582719456319088E+000                  8.6570392839202448E+000                  6.7626734104864583E-001                  3.0352383641966135E-001                  2.0208822531692761E-002                  9.6539224493661038E-024                  0.0000000000000000E+000                  0.0000000000000000E+000 
                                     350                  5.9231717912554449E-001                  8.2663449272054279E-001                  4.7405004823671755E+000                 -4.1478501278222799E+000                  8.6737158847610321E+000                  6.7626734104864583E-001                  3.0352383641966135E-001                  2.0208822531692761E-002                  9.8901900778674219E-024                  0.0000000000000000E+000                  0.0000000000000000E+000 
                                     351                  5.9224938509356639E-001                  8.2598895681224616E-001                  4.7448356324070744E+000                 -4.1402256285738384E+000                  8.6858858799007503E+000                  6.7626734104864572E-001                  3.0352383641966141E-001                  2.0208822531692872E-002                  1.0066709206171999E-023                  0.0000000000000000E+000                  0.0000000000000000E+000 
                                     352                  5.9221548807757740E-001                  8.2567074829546672E-001                  4.7476750004564323E+000                 -4.1352517279418262E+000                  8.6938363903892615E+000                  6.7626734104864561E-001                  3.0352383641966146E-001                  2.0208822531692983E-002                  1.0183563568170765E-023                  0.0000000000000000E+000                  0.0000000000000000E+000 
                                     353                  5.9218159106158841E-001                  8.2535547431932998E-001                  4.7504694413912176E+000                 -4.1303509277696140E+000                  8.7016660226307998E+000                  6.7626734104864561E-001                  3.0352383641966146E-001                  2.0208822531692983E-002                  1.0300032062502908E-023                  0.0000000000000000E+000                  0.0000000000000000E+000 
                                     354                  5.9214769404559942E-001                  8.2504306149320328E-001                  4.7532199720508856E+000                 -4.1255206782726583E+000                  8.7093785241510080E+000                  6.7626734104864561E-001                  3.0352383641966146E-001                  2.0208822531692983E-002                  1.0416132091739537E-023                  0.0000000000000000E+000                  0.0000000000000000E+000 
                                     355                  5.9211379702961031E-001                  8.2473343960156653E-001                  4.7572750157197081E+000                 -4.1184206518352919E+000                  8.7207276570051899E+000                  6.7626734104864550E-001                  3.0352383641966152E-001                  2.0208822531692983E-002                  1.0589177233134245E-023                  0.0000000000000000E+000                  0.0000000000000000E+000 
                                     356                  5.9204600299763233E-001                  8.2412229703204354E-001                  4.7625240725646822E+000                 -4.1091541498717481E+000                  8.7354925628668774E+000                  6.7626734104864550E-001                  3.0352383641966157E-001                  2.0208822531692983E-002                  1.0819372951669230E-023                  0.0000000000000000E+000                  0.0000000000000000E+000 
                                     357                  5.9197820896565423E-001                  8.2352154688771984E-001                  4.7676144683932025E+000                 -4.1001302251768896E+000                  8.7498482763970831E+000                  6.7626734104864539E-001                  3.0352383641966163E-001                  2.0208822531692983E-002                  1.1048369571929938E-023                  0.0000000000000000E+000                  0.0000000000000000E+000 
                                     358                  5.9191041493367613E-001                  8.2293072397559397E-001                  4.7725531365298357E+000                 -4.0913339486431450E+000                  8.7638176471540383E+000                  6.7626734104864550E-001                  3.0352383641966169E-001                  2.0208822531692761E-002                  1.1276271434407546E-023                  0.0000000000000000E+000                  0.0000000000000000E+000 
                                     359                  5.9184262090169815E-001                  8.2234939859524092E-001                  4.7773466828852609E+000                 -4.0827518153347038E+000                  8.7774216489721937E+000                  6.7626734104864539E-001                  3.0352383641966180E-001                  2.0208822531692761E-002                  1.1503172825322099E-023                  0.0000000000000000E+000                  0.0000000000000000E+000 
                                     360                  5.9177482686972016E-001                  8.2177717272662754E-001                  4.7820013983734615E+000                 -4.0743715706460879E+000                  8.7906795801421165E+000                  6.7626734104864528E-001                  3.0352383641966185E-001                  2.0208822531692872E-002                  1.1729159057164318E-023                  0.0000000000000000E+000                  0.0000000000000000E+000 
                                     361                  5.9170703283774206E-001                  8.2121367673156564E-001                  4.7865232809608873E+000                 -4.0661820718384059E+000                  8.8036092375764117E+000                  6.7626734104864528E-001                  3.0352383641966185E-001                  2.0208822531692872E-002                  1.1954307133004128E-023                  0.0000000000000000E+000                  0.0000000000000000E+000 
                                     362                  5.9163923880576397E-001                  8.2065856647410906E-001                  4.7919830813052338E+000                 -4.0562687970742894E+000                  8.8192495210956388E+000                  6.7626734104864517E-001                  3.0352383641966196E-001                  2.0208822531692872E-002                  1.2232658915770814E-023                  0.0000000000000000E+000                  0.0000000000000000E+000 
                                     363                  5.9153837723105374E-001                  8.1984751353775320E-001                  4.7982550302559783E+000                 -4.0447265233028356E+000                  8.8373745636060956E+000                  6.7626734104864505E-001                  3.0352383641966202E-001                  2.0208822531692983E-002                  1.2564960965928781E-023                  0.0000000000000000E+000                  0.0000000000000000E+000 
                                     364                  5.9143751565634328E-001                  8.1905334114011852E-001                  4.8042776018445217E+000                 -4.0335324206558649E+000                  8.8548956356335573E+000                  6.7626734104864494E-001                  3.0352383641966213E-001                  2.0208822531692983E-002                  1.2895895112555607E-023                  0.0000000000000000E+000                  0.0000000000000000E+000 
                                     365                  5.9133665408163294E-001                  8.1827516262874522E-001                  4.8129321295424390E+000                 -4.0174460772040295E+000                  8.8800898878153376E+000                  6.7626734104864483E-001                  3.0352383641966219E-001                  2.0208822531692983E-002                  1.3386845148071985E-023                  0.0000000000000000E+000                  0.0000000000000000E+000 
                                     366                  5.9113493093221225E-001                  8.1676349537751991E-001                  4.8236625100132073E+000                 -3.9968742798071082E+000                  8.9119731901119881E+000                  6.7626734104864483E-001                  3.0352383641966235E-001                  2.0208822531692761E-002                  1.4042138544268799E-023                  0.0000000000000000E+000                  0.0000000000000000E+000 
                                     367                  5.9093320778279146E-001                  8.1530690669142603E-001                  4.8336492748781374E+000                 -3.9773500249988567E+000                  8.9420526990001008E+000                  6.7626734104864461E-001                  3.0352383641966246E-001                  2.0208822531692983E-002                  1.4693838908906480E-023                  0.0000000000000000E+000                  0.0000000000000000E+000 
                                     368                  5.9073148463337066E-001                  8.1390051181064615E-001                  4.8429823597291737E+000                 -3.9587652464947545E+000                  8.9705287187986951E+000                  6.7626734104864450E-001                  3.0352383641966263E-001                  2.0208822531692872E-002                  1.5342383995282049E-023                  0.0000000000000000E+000                  0.0000000000000000E+000 
                                     369                  5.9052976148394998E-001                  8.1254009236911462E-001                  4.8495667300168908E+000                 -3.9453205634080000E+000                  8.9909656253651242E+000                  6.7626734104864439E-001                  3.0352383641966274E-001                  2.0208822531692872E-002                  1.5829410977854934E-023                  0.0000000000000000E+000                  0.0000000000000000E+000 
                                     370                  5.9042889990923964E-001                  8.1187598828126983E-001                  4.8538141793865455E+000                 -3.9366541770955572E+000                  9.0041517748446598E+000                  6.7626734104864428E-001                  3.0352383641966285E-001                  2.0208822531692872E-002                  1.6151547933637905E-023                  0.0000000000000000E+000                  0.0000000000000000E+000 
                                     371                  5.9032803833452918E-001                  8.1122203478632715E-001                  4.8579385180793109E+000                 -3.9281770719290958E+000                  9.0170233453296174E+000                  6.7626734104864428E-001                  3.0352383641966291E-001                  2.0208822531692761E-002                  1.6473019796577800E-023                  0.0000000000000000E+000                  0.0000000000000000E+000 
                                     372                  5.9022717675981884E-001                  8.1057784031559532E-001                  4.8619470365145236E+000                 -3.9198813401639745E+000                  9.0295955930646219E+000                  6.7626734104864417E-001                  3.0352383641966296E-001                  2.0208822531692872E-002                  1.6793835893300364E-023                  0.0000000000000000E+000                  0.0000000000000000E+000 
                                     373                  5.9012631518510850E-001                  8.0994303614784235E-001                  4.8677833404147339E+000                 -3.9078168913574900E+000                  9.0478982755404047E+000                  6.7626734104864406E-001                  3.0352383641966307E-001                  2.0208822531692872E-002                  1.7271633217321108E-023                  0.0000000000000000E+000                  0.0000000000000000E+000 
                                     374                  5.8992459203568770E-001                  8.0870018012646938E-001                  4.8751836155314008E+000                 -3.8922247599739941E+000                  9.0714133646215505E+000                  6.7626734104864394E-001                  3.0352383641966324E-001                  2.0208822531692761E-002                  1.7909429653492713E-023                  0.0000000000000000E+000                  0.0000000000000000E+000 
                                     375                  5.8972286888626702E-001                  8.0749095578436869E-001                  4.8822279405329052E+000                 -3.8772396449562265E+000                  9.0939562904761129E+000                  6.7626734104864383E-001                  3.0352383641966335E-001                  2.0208822531692761E-002                  1.8544688574178316E-023                  0.0000000000000000E+000                  0.0000000000000000E+000 
                                     376                  5.8952114573684622E-001                  8.0631307186421586E-001                  4.8889539017300327E+000                 -3.8628185558501418E+000                  9.1156073923532919E+000                  6.7626734104864350E-001                  3.0352383641966352E-001                  2.0208822531692983E-002                  1.9177409769266162E-023                  0.0000000000000000E+000                  0.0000000000000000E+000 
                                     377                  5.8931942258742542E-001                  8.0516446555336219E-001                  4.8953940307856065E+000                 -3.8489228670404589E+000                  9.1364373605747442E+000                  6.7626734104864339E-001                  3.0352383641966368E-001                  2.0208822531692983E-002                  1.9807595578962885E-023                  0.0000000000000000E+000                  0.0000000000000000E+000 
                                     378                  5.8911769943800474E-001                  8.0404327285306543E-001                  4.9015765544501191E+000                 -3.8355180708368493E+000                  9.1565087299020931E+000                  6.7626734104864328E-001                  3.0352383641966385E-001                  2.0208822531692872E-002                  2.0435235187273771E-023                  0.0000000000000000E+000                  0.0000000000000000E+000 
                                     379                  5.8891597628858394E-001                  8.0294780280255207E-001                  4.9104713393094528E+000                 -3.8163909779276795E+000                  9.1852467042699253E+000                  6.7626734104864306E-001                  3.0352383641966402E-001                  2.0208822531692983E-002                  2.1365574058388377E-023                  0.0000000000000000E+000                  0.0000000000000000E+000 
                                     380                  5.8851252998974235E-001                  8.0082786224788394E-001                  4.9188165750582966E+000                 -3.7979606465186895E+000                  9.2126972493774701E+000                  6.7626734104864294E-001                  3.0352383641966424E-001                  2.0208822531692761E-002                  2.2302282597436733E-023                  0.0000000000000000E+000                  0.0000000000000000E+000 
                                     381                  5.8831080684032155E-001                  7.9980082358116578E-001                  4.9241855308837819E+000                 -3.7862342801186384E+000                  9.2302347517133967E+000                  6.7626734104864272E-001                  3.0352383641966435E-001                  2.0208822531692983E-002                  2.2919645810038095E-023                  0.0000000000000000E+000                  0.0000000000000000E+000 
                                     382                  5.8810908369090076E-001                  7.9879409798627177E-001                  4.9319737383578310E+000                 -3.7694083442881885E+000                  9.2554988858647089E+000                  6.7626734104864250E-001                  3.0352383641966457E-001                  2.0208822531692983E-002                  2.3835624897695475E-023                  0.0000000000000000E+000                  0.0000000000000000E+000 
                                     383                  5.8770563739205917E-001                  7.9683724542090228E-001                  4.9393768678024630E+000                 -3.7531443929318939E+000                  9.2797798497139663E+000                  6.7626734104864228E-001                  3.0352383641966479E-001                  2.0208822531692983E-002                  2.4755981910888638E-023                  0.0000000000000000E+000                  0.0000000000000000E+000 
                                     384                  5.8750391424263837E-001                  7.9588526078654775E-001                  4.9441707330907931E+000                 -3.7427453700093865E+000                  9.2953728526730330E+000                  6.7626734104864217E-001                  3.0352383641966496E-001                  2.0208822531692872E-002                  2.5363093595318417E-023                  0.0000000000000000E+000                  0.0000000000000000E+000 
                                     385                  5.8730219109321757E-001                  7.9494972107067918E-001                  4.9488464464193580E+000                 -3.7326355482809603E+000                  9.3105482410266891E+000                  6.7626734104864206E-001                  3.0352383641966507E-001                  2.0208822531692872E-002                  2.5967671834556632E-023                  0.0000000000000000E+000                  0.0000000000000000E+000 
                                     386                  5.8710046794379678E-001                  7.9402983175224184E-001                  4.9534121234052941E+000                 -3.7228003342556097E+000                  9.3253288829531993E+000                  6.7626734104864183E-001                  3.0352383641966518E-001                  2.0208822531692983E-002                  2.6569733402270862E-023                  0.0000000000000000E+000                  0.0000000000000000E+000 
                                     387                  5.8689874479437598E-001                  7.9312485445300629E-001                  4.9600896723102990E+000                 -3.7085978772855732E+000                  9.3467639209618945E+000                  6.7626734104864172E-001                  3.0352383641966540E-001                  2.0208822531692872E-002                  2.7463995227823520E-023                  0.0000000000000000E+000                  0.0000000000000000E+000 
                                     388                  5.8649529849553439E-001                  7.9135689362019401E-001                  4.9686435677169793E+000                 -3.6904132468152260E+000                  9.3742030888638936E+000                  6.7626734104864150E-001                  3.0352383641966568E-001                  2.0208822531692761E-002                  2.8653335020163171E-023                  0.0000000000000000E+000                  0.0000000000000000E+000 
                                     389                  5.8609185219669280E-001                  7.8964090624769501E-001                  4.9768672476440914E+000                 -3.6731108909900532E+000                  9.4003926429267288E+000                  6.7626734104864128E-001                  3.0352383641966590E-001                  2.0208822531692761E-002                  2.9833043975032471E-023                  0.0000000000000000E+000                  0.0000000000000000E+000 
                                     390                  5.8568840589785121E-001                  7.8797255156704915E-001                  4.9847960878733675E+000                 -3.6566131382818550E+000                  9.4254471585263335E+000                  6.7626734104864095E-001                  3.0352383641966618E-001                  2.0208822531692872E-002                  3.1003377981371761E-023                  0.0000000000000000E+000                  0.0000000000000000E+000 
                                     391                  5.8528495959900961E-001                  7.8634801273753596E-001                  4.9924594751692872E+000                 -3.6408516969092179E+000                  9.4494660561931951E+000                  6.7626734104864072E-001                  3.0352383641966646E-001                  2.0208822531692761E-002                  3.2164605068459087E-023                  0.0000000000000000E+000                  0.0000000000000000E+000 
                                     392                  5.8488151330016802E-001                  7.8476391592392303E-001                  4.9998820175572174E+000                 -3.6257661125171281E+000                  9.4725361717186978E+000                  6.7626734104864050E-001                  3.0352383641966663E-001                  2.0208822531692872E-002                  3.3317010401647912E-023                  0.0000000000000000E+000                  0.0000000000000000E+000 
                                     393                  5.8447806700132632E-001                  7.8321726480849285E-001                  5.0070844770232332E+000                 -3.6113024127156015E+000                  9.4947338020144993E+000                  6.7626734104864017E-001                  3.0352383641966690E-001                  2.0208822531692983E-002                  3.4460909785052402E-023                  0.0000000000000000E+000                  0.0000000000000000E+000 
                                     394                  5.8407462070248473E-001                  7.8170538751764362E-001                  5.0175427842551130E+000                 -3.5908044239047436E+000                  9.5264400173674133E+000                  6.7626734104863984E-001                  3.0352383641966729E-001                  2.0208822531692872E-002                  3.6150081821603042E-023                  0.0000000000000000E+000                  0.0000000000000000E+000 
                                     395                  5.8326772810480154E-001                  7.7877648929570564E-001                  5.0275390138182585E+000                 -3.5711914666753177E+000                  9.5567280402979939E+000                  6.7626734104863961E-001                  3.0352383641966763E-001                  2.0208822531692761E-002                  3.7844301599755883E-023                  0.0000000000000000E+000                  0.0000000000000000E+000 
                                     396                  5.8286428180595995E-001                  7.7735549665921699E-001                  5.0340146086701942E+000                 -3.5587814955800878E+000                  9.5760395225439190E+000                  6.7626734104863928E-001                  3.0352383641966785E-001                  2.0208822531692872E-002                  3.8957367868304041E-023                  0.0000000000000000E+000                  0.0000000000000000E+000 
                                     397                  5.8246083550711825E-001                  7.7596103976062447E-001                  5.0434822743929804E+000                 -3.5410272922120818E+000                  9.6038634994472876E+000                  6.7626734104863895E-001                  3.0352383641966818E-001                  2.0208822531692872E-002                  4.0607318733375729E-023                  0.0000000000000000E+000                  0.0000000000000000E+000 
                                     398                  5.8165159560648461E-001                  7.7323762031918242E-001                  5.0526019795944315E+000                 -3.5239137373025566E+000                  9.6306448208554496E+000                  6.7626734104863861E-001                  3.0352383641966851E-001                  2.0208822531692872E-002                  4.2264307014483754E-023                  0.0000000000000000E+000                  0.0000000000000000E+000 
                                     399                  5.8124697565616767E-001                  7.7191006592013767E-001                  5.0585302610444458E+000                 -3.5130146075966366E+000                  9.6478164999325777E+000                  6.7626734104863839E-001                  3.0352383641966874E-001                  2.0208822531692872E-002                  4.3354914175707724E-023                  0.0000000000000000E+000                  0.0000000000000000E+000 
                                     400                  5.8084235570585085E-001                  7.7060358129609297E-001                  5.0672075786980848E+000                 -3.4973586520385407E+000                  9.6726364501812938E+000                  6.7626734104863806E-001                  3.0352383641966907E-001                  2.0208822531692872E-002                  4.4971293310091356E-023                  0.0000000000000000E+000                  0.0000000000000000E+000 
                                     401                  5.8003311580521721E-001                  7.6804932012124461E-001                  5.0783526170191600E+000                 -3.4773933786690119E+000                  9.7043360740762985E+000                  6.7626734104863762E-001                  3.0352383641966951E-001                  2.0208822531692872E-002                  4.7120953660403100E-023                  0.0000000000000000E+000                  0.0000000000000000E+000 
                                     402                  5.7922387590458346E-001                  7.6556701483962764E-001                  5.0890726372706796E+000                 -3.4584851081535501E+000                  9.7344977502947181E+000                  6.7626734104863717E-001                  3.0352383641966996E-001                  2.0208822531692872E-002                  4.9252179690190262E-023                  0.0000000000000000E+000                  0.0000000000000000E+000 
                                     403                  5.7841463600394982E-001                  7.6314990537600846E-001                  5.0968415689041082E+000                 -3.4448595346683479E+000                  9.7562577558481625E+000                  6.7626734104863695E-001                  3.0352383641967023E-001                  2.0208822531692761E-002                  5.0847934564939857E-023                  0.0000000000000000E+000                  0.0000000000000000E+000 
                                     404                  5.7801001605363289E-001                  7.6196400256528440E-001                  5.1019127721557131E+000                 -3.4360974684619134E+000                  9.7703221711922286E+000                  6.7626734104863662E-001                  3.0352383641967046E-001                  2.0208822531692983E-002                  5.1901517962064857E-023                  0.0000000000000000E+000                  0.0000000000000000E+000 
                                     405                  5.7760539610331607E-001                  7.6079228350705108E-001                  5.1093639839306633E+000                 -3.4233992023832274E+000                  9.7908008941152929E+000                  6.7626734104863639E-001                  3.0352383641967079E-001                  2.0208822531692761E-002                  5.3467568223921553E-023                  0.0000000000000000E+000                  0.0000000000000000E+000 
                                     406                  5.7679615620268232E-001                  7.5848890946933778E-001                  5.1189877854079677E+000                 -3.4070399439293739E+000                  9.8171877040417961E+000                  6.7626734104863606E-001                  3.0352383641967118E-001                  2.0208822531692761E-002                  5.5555524634245703E-023                  0.0000000000000000E+000                  0.0000000000000000E+000 
                                     407                  5.7598691630204857E-001                  7.5623549756407837E-001                  5.1282945149869343E+000                 -3.3913701659951316E+000                  9.8425348450985837E+000                  6.7626734104863551E-001                  3.0352383641967157E-001                  2.0208822531692983E-002                  5.7632506796155202E-023                  0.0000000000000000E+000                  0.0000000000000000E+000 
                                     408                  5.7517767640141493E-001                  7.5402819403693300E-001                  5.1373043403581642E+000                 -3.3763275120122027E+000                  9.8669287663204468E+000                  6.7626734104863517E-001                  3.0352383641967196E-001                  2.0208822531692872E-002                  5.9699973059465898E-023                  0.0000000000000000E+000                  0.0000000000000000E+000 
                                     409                  5.7436843650078129E-001                  7.5186359521365231E-001                  5.1460356586000344E+000                 -3.3618577564430061E+000                  9.8904455136869824E+000                  6.7626734104863484E-001                  3.0352383641967234E-001                  2.0208822531692761E-002                  6.1759228282618004E-023                  0.0000000000000000E+000                  0.0000000000000000E+000 
                                     410                  5.7355919660014765E-001                  7.4973867766093949E-001                  5.1524035234234136E+000                 -3.3513056705732391E+000                  9.9075859606652621E+000                  6.7626734104863440E-001                  3.0352383641967262E-001                  2.0208822531692983E-002                  6.3305961772173351E-023                  0.0000000000000000E+000                  0.0000000000000000E+000 
                                     411                  5.7315457664983083E-001                  7.4869028755502620E-001                  5.1565759719232158E+000                 -3.3444588147584584E+000                  9.9187464625053146E+000                  6.7626734104863429E-001                  3.0352383641967284E-001                  2.0208822531692872E-002                  6.4330413160904013E-023                  0.0000000000000000E+000                  0.0000000000000000E+000 
                                     412                  5.7274995669951401E-001                  7.4765082739302025E-001                  5.1627292026617342E+000                 -3.3344531505540038E+000                  9.9351090078727111E+000                  6.7626734104863395E-001                  3.0352383641967318E-001                  2.0208822531692872E-002                  6.5857637048947112E-023                  0.0000000000000000E+000                  0.0000000000000000E+000 
                                     413                  5.7194071679888048E-001                  7.4559745022310930E-001                  5.1707212694832458E+000                 -3.3214397413620742E+000                  9.9563688573558498E+000                  6.7626734104863362E-001                  3.0352383641967351E-001                  2.0208822531692872E-002                  6.7898787092755877E-023                  0.0000000000000000E+000                  0.0000000000000000E+000 
                                     414                  5.7113147689824684E-001                  7.4357644700819203E-001                  5.1784951247344635E+000                 -3.3088408109496421E+000                  9.9769797367327264E+000                  6.7626734104863317E-001                  3.0352383641967390E-001                  2.0208822531692983E-002                  6.9935699931517850E-023                  0.0000000000000000E+000                  0.0000000000000000E+000 
                                     415                  5.7032223699761320E-001                  7.4158583969606184E-001                  5.1860631981162051E+000                 -3.2966273810340261E+000                  9.9969846928537489E+000                  6.7626734104863284E-001                  3.0352383641967423E-001                  2.0208822531692983E-002                  7.1969110279865334E-023                  0.0000000000000000E+000                  0.0000000000000000E+000 
                                     416                  5.6951299709697956E-001                  7.3962382982285524E-001                  5.1934469061965842E+000                 -3.2847579623914696E+000                  1.0016448303469737E+001                  6.7626734104863251E-001                  3.0352383641967462E-001                  2.0208822531692872E-002                  7.4002380109915240E-023                  0.0000000000000000E+000                  0.0000000000000000E+000 
                                     417                  5.6870156940576067E-001                  7.3768357947481089E-001                  5.2006561271044616E+000                 -3.2732100088345679E+000                  1.0035404151179764E+001                  6.7626734104863218E-001                  3.0352383641967495E-001                  2.0208822531692872E-002                  7.6036192509748042E-023                  0.0000000000000000E+000                  0.0000000000000000E+000 
                                     418                  5.6789014171454166E-001                  7.3576891679955581E-001                  5.2076907911714585E+000                 -3.2619788303084767E+000                  1.0053857657187473E+001                  6.7626734104863184E-001                  3.0352383641967534E-001                  2.0208822531692761E-002                  7.8068302740733069E-023                  0.0000000000000000E+000                  0.0000000000000000E+000 
                                     419                  5.6707871402332266E-001                  7.3387845082514636E-001                  5.2145601331124150E+000                 -3.2510451583297182E+000                  1.0071838264930950E+001                  6.7626734104863140E-001                  3.0352383641967573E-001                  2.0208822531692872E-002                  8.0099218432116288E-023                  0.0000000000000000E+000                  0.0000000000000000E+000 
                                     420                  5.6626728633210366E-001                  7.3201090059391760E-001                  5.2245903318063611E+000                 -3.2352833775967937E+000                  1.0097881677456781E+001                  6.7626734104863095E-001                  3.0352383641967623E-001                  2.0208822531692761E-002                  8.3121153605554372E-023                  0.0000000000000000E+000                  0.0000000000000000E+000 
                                     421                  5.6464443094966565E-001                  7.2833942695073728E-001                  5.2342593299969007E+000                 -3.2198615832447604E+000                  1.0123201423625373E+001                  6.7626734104863040E-001                  3.0352383641967678E-001                  2.0208822531692761E-002                  8.6189267888444939E-023                  0.0000000000000000E+000                  0.0000000000000000E+000 
                                     422                  5.6383300325844676E-001                  7.2653386245476115E-001                  5.2405465961134290E+000                 -3.2099567028836717E+000                  1.0139538460815663E+001                  6.7626734104862996E-001                  3.0352383641967712E-001                  2.0208822531692983E-002                  8.8219842312032408E-023                  0.0000000000000000E+000                  0.0000000000000000E+000 
                                     423                  5.6302157556722787E-001                  7.2474697639910690E-001                  5.2497521385332089E+000                 -3.1956161839156265E+000                  1.0163291175290439E+001                  6.7626734104862951E-001                  3.0352383641967762E-001                  2.0208822531692872E-002                  9.1245646696971098E-023                  0.0000000000000000E+000                  0.0000000000000000E+000 
                                     424                  5.6139872018478976E-001                  7.2122536746099486E-001                  5.2586607313044347E+000                 -3.1815365041314707E+000                  1.0186469556560048E+001                  6.7626734104862907E-001                  3.0352383641967812E-001                  2.0208822531692761E-002                  9.4318350857550552E-023                  0.0000000000000000E+000                  0.0000000000000000E+000 
                                     425                  5.6058729249357075E-001                  7.1948946296209848E-001                  5.2644673170201699E+000                 -3.1724588772764246E+000                  1.0201474880632279E+001                  6.7626734104862862E-001                  3.0352383641967845E-001                  2.0208822531692983E-002                  9.6354607460407971E-023                  0.0000000000000000E+000                  0.0000000000000000E+000 
                                     426                  5.5977586480235164E-001                  7.1776904992715584E-001                  5.2729882026656121E+000                 -3.1592699317217239E+000                  1.0223358561161929E+001                  6.7626734104862818E-001                  3.0352383641967901E-001                  2.0208822531692761E-002                  9.9392473789704977E-023                  0.0000000000000000E+000                  0.0000000000000000E+000 
                                     427                  5.5815300941991342E-001                  7.1437167841499105E-001                  5.2839834054551318E+000                 -3.1421496138775113E+000                  1.0251688764590650E+001                  6.7626734104862762E-001                  3.0352383641967962E-001                  2.0208822531692761E-002                  1.0348063619858022E-022                  0.0000000000000000E+000                  0.0000000000000000E+000 
                                     428                  5.5653015403747530E-001                  7.1102870006252739E-001                  5.2946200162817387E+000                 -3.1256293369026800E+000                  1.0279045189940653E+001                  6.7626734104862685E-001                  3.0352383641968034E-001                  2.0208822531692761E-002                  1.0758651029534392E-022                  0.0000000000000000E+000                  0.0000000000000000E+000 
                                     429                  5.5490325727001710E-001                  7.0772759129369689E-001                  5.3023715969411764E+000                 -3.1135244560012736E+000                  1.0299041526010743E+001                  6.7626734104862629E-001                  3.0352383641968078E-001                  2.0208822531692983E-002                  1.1721902953602289E-022                  0.0000000000000000E+000                  0.0000000000000000E+000 
                                     430                  5.5408980888628789E-001                  7.0609479153372590E-001                  5.3074425206540354E+000                 -3.1056755729351027E+000                  1.0312051375902346E+001                  6.7626734104862607E-001                  3.0352383641968111E-001                  2.0208822531692761E-002                  1.4816068237058533E-022                  0.0000000000000000E+000                  0.0000000000000000E+000 
                                     431                  5.5327636050255879E-001                  7.0447310914907624E-001                  5.3149099165669460E+000                 -3.0942119678072788E+000                  1.0331112912744953E+001                  6.7626734104862551E-001                  3.0352383641968161E-001                  2.0208822531692872E-002                  2.0881605970228951E-022                  0.0000000000000000E+000                  0.0000000000000000E+000 
                                     432                  5.5164946373510038E-001                  7.0126110511640460E-001                  5.3245984258643411E+000                 -3.0792496936607128E+000                  1.0355927300995699E+001                  6.7626734104862496E-001                  3.0352383641968222E-001                  2.0208822531692761E-002                  3.2508926351144859E-022                  0.0000000000000000E+000                  0.0000000000000000E+000 
                                     433                  5.5002256696764207E-001                  6.9808868524321488E-001                  5.3340107871768057E+000                 -3.0647356029071680E+000                  1.0380007858111462E+001                  6.7626734104862429E-001                  3.0352383641968284E-001                  2.0208822531692872E-002                  4.9824009152562486E-022                  0.0000000000000000E+000                  0.0000000000000000E+000 
                                     434                  5.4839567020018376E-001                  6.9495295280011082E-001                  5.3431656095242142E+000                 -3.0506375760978011E+000                  1.0403406280995407E+001                  6.7626734104862363E-001                  3.0352383641968345E-001                  2.0208822531692983E-002                  7.5259295160696997E-022                  0.0000000000000000E+000                  0.0000000000000000E+000 
                                     435                  5.4676877343272523E-001                  6.9185127074324726E-001                  5.3520797399444691E+000                 -3.0369268118656230E+000                  1.0426169056548549E+001                  6.7626734104862307E-001                  3.0352383641968411E-001                  2.0208822531692761E-002                  1.1215175834173859E-021                  0.0000000000000000E+000                  0.0000000000000000E+000 
                                     436                  5.4514187666526681E-001                  6.8878122909181028E-001                  5.3586125490416858E+000                 -3.0268258395439358E+000                  1.0442901060125269E+001                  6.7626734104862252E-001                  3.0352383641968456E-001                  2.0208822531692983E-002                  1.5000634481289351E-021                  0.0000000000000000E+000                  0.0000000000000000E+000 
                                     437                  5.4432842828153760E-001                  6.8725749178234441E-001                  5.3629031224699437E+000                 -3.0202386381183559E+000                  1.0453842681230048E+001                  6.7626734104862229E-001                  3.0352383641968489E-001                  2.0208822531692761E-002                  1.8142074138281242E-021                  0.0000000000000000E+000                  0.0000000000000000E+000 
                                     438                  5.4351497989780839E-001                  6.8574084834606563E-001                  5.3692550175671263E+000                 -3.0105518066282313E+000                  1.0469974970308282E+001                  6.7626734104862185E-001                  3.0352383641968533E-001                  2.0208822531692761E-002                  2.4010193297438517E-021                  0.0000000000000000E+000                  0.0000000000000000E+000 
                                     439                  5.4188439181017589E-001                  6.8272082687001745E-001                  5.3775517675970494E+000                 -2.9978286306598370E+000                  1.0491113960701004E+001                  6.7626734104862118E-001                  3.0352383641968589E-001                  2.0208822531692983E-002                  3.4561462668404625E-021                  0.0000000000000000E+000                  0.0000000000000000E+000 
                                     440                  5.4025380372254350E-001                  6.7972643518450293E-001                  5.3856604835024182E+000                 -2.9854038792079978E+000                  1.0511761193718064E+001                  6.7626734104862063E-001                  3.0352383641968655E-001                  2.0208822531692761E-002                  4.9234387059884153E-021                  0.0000000000000000E+000                  0.0000000000000000E+000 
                                     441                  5.3862321563491100E-001                  6.7675592301769805E-001                  5.3916225706036895E+000                 -2.9762220363635308E+000                  1.0526986801734049E+001                  6.7626734104862019E-001                  3.0352383641968694E-001                  2.0208822531692872E-002                  6.3786623708679418E-021                  0.0000000000000000E+000                  0.0000000000000000E+000 
                                     442                  5.3780792159109481E-001                  6.7527921011045855E-001                  5.3955457263479838E+000                 -2.9702182513168816E+000                  1.0536967067613723E+001                  6.7626734104861985E-001                  3.0352383641968728E-001                  2.0208822531692872E-002                  7.5583220540935290E-021                  0.0000000000000000E+000                  0.0000000000000000E+000 
                                     443                  5.3699262754727850E-001                  6.7380786555795025E-001                  5.4013595085931598E+000                 -2.9613742501178666E+000                  1.0551703265053632E+001                  6.7626734104861941E-001                  3.0352383641968772E-001                  2.0208822531692872E-002                  9.7094424881477511E-021                  0.0000000000000000E+000                  0.0000000000000000E+000 
                                     444                  5.3536037713779228E-001                  6.7087737649008694E-001                  5.4089725107067279E+000                 -2.9497319365251737E+000                  1.0571059032329206E+001                  6.7626734104861885E-001                  3.0352383641968833E-001                  2.0208822531692761E-002                  1.3458288677173541E-020                  0.0000000000000000E+000                  0.0000000000000000E+000 
                                     445                  5.3372812672830605E-001                  6.6796625516750774E-001                  5.4201188466528247E+000                 -2.9328765575127593E+000                  1.0599205808954933E+001                  6.7626734104861796E-001                  3.0352383641968922E-001                  2.0208822531692761E-002                  2.1626391772379842E-020                  0.0000000000000000E+000                  0.0000000000000000E+000 
                                     446                  5.3046362590933349E-001                  6.6219545051291728E-001                  5.4309408397779526E+000                 -2.9161674229232375E+000                  1.0626871637253881E+001                  6.7626734104861708E-001                  3.0352383641969011E-001                  2.0208822531692761E-002                  3.4177150499874180E-020                  0.0000000000000000E+000                  0.0000000000000000E+000 
                                     447                  5.2883137549984738E-001                  6.5933479127303918E-001                  5.4379968101156351E+000                 -2.9053956335110755E+000                  1.0644786316870148E+001                  6.7626734104861652E-001                  3.0352383641969072E-001                  2.0208822531692761E-002                  4.5957385555966566E-020                  0.0000000000000000E+000                  0.0000000000000000E+000 
                                     448                  5.2719912509036115E-001                  6.5648866219329938E-001                  5.4449303952298429E+000                 -2.8948140535568401E+000                  1.0662385605724342E+001                  6.7626734104861597E-001                  3.0352383641969122E-001                  2.0208822531692761E-002                  6.1389894505385371E-020                  0.0000000000000000E+000                  0.0000000000000000E+000 
                                     449                  5.2556687468087504E-001                  6.5365602318873328E-001                  5.4517474826822063E+000                 -2.8844132679424015E+000                  1.0679684990038336E+001                  6.7626734104861541E-001                  3.0352383641969183E-001                  2.0208822531692761E-002                  8.1489950111195301E-020                  0.0000000000000000E+000                  0.0000000000000000E+000 
                                     450                  5.2393462427138882E-001                  6.5083588970433737E-001                  5.4584599877578128E+000                 -2.8741749727603514E+000                  1.0696714928147225E+001                  6.7626734104861475E-001                  3.0352383641969238E-001                  2.0208822531692872E-002                  1.0755359115372728E-019                  0.0000000000000000E+000                  0.0000000000000000E+000 
                                     451                  5.2229924125830418E-001                  6.4802194726100204E-001                  5.4650728116609617E+000                 -2.8640910983181977E+000                  1.0713488530539125E+001                  6.7626734104861419E-001                  3.0352383641969294E-001                  2.0208822531692872E-002                  1.4118158814118033E-019                  0.0000000000000000E+000                  0.0000000000000000E+000 
                                     452                  5.2066385824521955E-001                  6.4521872759811483E-001                  5.4748039446190360E+000                 -2.8493940984565569E+000                  1.0738028880903762E+001                  6.7626734104861341E-001                  3.0352383641969372E-001                  2.0208822531692872E-002                  2.1012110563889803E-019                  0.0000000000000000E+000                  0.0000000000000000E+000 
                                     453                  5.1739309221905028E-001                  6.3963989779590136E-001                  5.4843230082885492E+000                 -2.8347497973545162E+000                  1.0762298097521981E+001                  6.7626734104861252E-001                  3.0352383641969460E-001                  2.0208822531692872E-002                  3.0937711495985267E-019                  0.0000000000000000E+000                  0.0000000000000000E+000 
                                     454                  5.1575770920596564E-001                  6.3686388606251443E-001                  5.4905577230522420E+000                 -2.8252521012719565E+000                  1.0778099330496165E+001                  6.7626734104861197E-001                  3.0352383641969516E-001                  2.0208822531692872E-002                  3.9793347531563938E-019                  0.0000000000000000E+000                  0.0000000000000000E+000 
                                     455                  5.1412232619288101E-001                  6.3409541259788793E-001                  5.4997511509437169E+000                 -2.8113742450732047E+000                  1.0801271287335632E+001                  6.7626734104861108E-001                  3.0352383641969599E-001                  2.0208822531692983E-002                  5.7541312551653709E-019                  0.0000000000000000E+000                  0.0000000000000000E+000 
                                     456                  5.1085156016671163E-001                  6.2857714261805420E-001                  5.5117429131459899E+000                 -2.7931136202418458E+000                  1.0831651097452324E+001                  6.7626734104860997E-001                  3.0352383641969716E-001                  2.0208822531692872E-002                  9.2780539768133131E-019                  0.0000000000000000E+000                  0.0000000000000000E+000 
                                     457                  5.0757785357705409E-001                  6.2307588416829784E-001                  5.5205530498103430E+000                 -2.7795917140785340E+000                  1.0854074075856220E+001                  6.7626734104860919E-001                  3.0352383641969793E-001                  2.0208822531692872E-002                  1.3147541013995422E-018                  0.0000000000000000E+000                  0.0000000000000000E+000 
                                     458                  5.0594100028222544E-001                  6.2033243549040884E-001                  5.5263386146732500E+000                 -2.7707923353897161E+000                  1.0868718324473122E+001                  6.7626734104860864E-001                  3.0352383641969849E-001                  2.0208822531692872E-002                  1.6506380591487844E-018                  0.0000000000000000E+000                  0.0000000000000000E+000 
                                     459                  5.0430414698739656E-001                  6.1759261326061454E-001                  5.5348998868027151E+000                 -2.7578815069675944E+000                  1.0890277556344889E+001                  6.7626734104860786E-001                  3.0352383641969938E-001                  2.0208822531692761E-002                  2.3066961584604925E-018                  0.0000000000000000E+000                  0.0000000000000000E+000 
                                     460                  5.0102536392870178E-001                  6.1211204470524749E-001                  5.5461125718381821E+000                 -2.7408333817070556E+000                  1.0918649395684753E+001                  6.7626734104860675E-001                  3.0352383641970043E-001                  2.0208822531692761E-002                  3.5654661253020380E-018                  0.0000000000000000E+000                  0.0000000000000000E+000 
                                     461                  4.9774658087000684E-001                  6.0663926989954287E-001                  5.5543793093587190E+000                 -2.7281698910319663E+000                  1.0939659385352005E+001                  6.7626734104860597E-001                  3.0352383641970127E-001                  2.0208822531692761E-002                  4.9052855280152863E-018                  0.0000000000000000E+000                  0.0000000000000000E+000 
                                     462                  4.9610613096366046E-001                  6.0390320092506145E-001                  5.5598216987251305E+000                 -2.7199028805905754E+000                  1.0953421030789231E+001                  6.7626734104860531E-001                  3.0352383641970182E-001                  2.0208822531692872E-002                  6.0443954294516822E-018                  0.0000000000000000E+000                  0.0000000000000000E+000 
                                     463                  4.9446568105731414E-001                  6.0116750591186363E-001                  5.5678830061451512E+000                 -2.7077540703379723E+000                  1.0973708144702714E+001                  6.7626734104860453E-001                  3.0352383641970260E-001                  2.0208822531692872E-002                  8.2210294706489246E-018                  0.0000000000000000E+000                  0.0000000000000000E+000 
                                     464                  4.9118478124462167E-001                  5.9569428683998760E-001                  5.5758475487975119E+000                 -2.6955640384392288E+000                  1.0993936673516254E+001                  6.7626734104860375E-001                  3.0352383641970343E-001                  2.0208822531692761E-002                  1.1125498037911234E-017                  0.0000000000000000E+000                  0.0000000000000000E+000 
                                     465                  4.8954433133827530E-001                  5.9295676043231871E-001                  5.5810950439956253E+000                 -2.6875969370378319E+000                  1.1007199827390423E+001                  6.7626734104860320E-001                  3.0352383641970393E-001                  2.0208822531692872E-002                  1.3564672051122599E-017                  0.0000000000000000E+000                  0.0000000000000000E+000 
                                     466                  4.8790388143192892E-001                  5.9021767150993720E-001                  5.5888767616745616E+000                 -2.6758711886809681E+000                  1.1026779056017521E+001                  6.7626734104860242E-001                  3.0352383641970476E-001                  2.0208822531692761E-002                  1.8171156624304555E-017                  0.0000000000000000E+000                  0.0000000000000000E+000 
                                     467                  4.8462298161923612E-001                  5.8473202296458371E-001                  5.5991199208150650E+000                 -2.6603173161333533E+000                  1.1052668623292030E+001                  6.7626734104860131E-001                  3.0352383641970582E-001                  2.0208822531692872E-002                  2.6640921529220335E-017                  0.0000000000000000E+000                  0.0000000000000000E+000 
                                     468                  4.8133996505254700E-001                  5.7923112114641639E-001                  5.6067105934112877E+000                 -2.6487076546491721E+000                  1.1071936227276439E+001                  6.7626734104860042E-001                  3.0352383641970671E-001                  2.0208822531692872E-002                  3.5316450508573336E-017                  0.0000000000000000E+000                  0.0000000000000000E+000 
                                     469                  4.7969845676920231E-001                  5.7647563398373658E-001                  5.6117197619956665E+000                 -2.6411041070512118E+000                  1.1084593283723624E+001                  6.7626734104859998E-001                  3.0352383641970720E-001                  2.0208822531692761E-002                  4.2495374158487758E-017                  0.0000000000000000E+000                  0.0000000000000000E+000 
                                     470                  4.7805694848585767E-001                  5.7371589721316485E-001                  5.6191646475130526E+000                 -2.6298839726400991E+000                  1.1103324128294139E+001                  6.7626734104859920E-001                  3.0352383641970798E-001                  2.0208822531692761E-002                  5.5868080150267510E-017                  0.0000000000000000E+000                  0.0000000000000000E+000 
                                     471                  4.7477058160758984E-001                  5.6817537174295141E-001                  5.6289904989040034E+000                 -2.6149637186411847E+000                  1.1128155647623101E+001                  6.7626734104859820E-001                  3.0352383641970909E-001                  2.0208822531692761E-002                  8.0005639421930544E-017                  0.0000000000000000E+000                  0.0000000000000000E+000 
                                     472                  4.7148421472932195E-001                  5.6261267581009977E-001                  5.6362882888699382E+000                 -2.6038036090563534E+000                  1.1146675990126097E+001                  6.7626734104859731E-001                  3.0352383641970992E-001                  2.0208822531692761E-002                  1.0430733448957016E-016                  0.0000000000000000E+000                  0.0000000000000000E+000 
                                     473                  4.6984103129018812E-001                  5.5982241598797644E-001                  5.6411110442089774E+000                 -2.5964814657448332E+000                  1.1158862180870646E+001                  6.7626734104859676E-001                  3.0352383641971042E-001                  2.0208822531692761E-002                  1.2418066918080619E-016                  0.0000000000000000E+000                  0.0000000000000000E+000 
                                     474                  4.6819784785105434E-001                  5.5702534514964275E-001                  5.6459061872664620E+000                 -2.5892007982745970E+000                  1.1170978855788100E+001                  6.7626734104859620E-001                  3.0352383641971098E-001                  2.0208822531692761E-002                  1.4760398089929221E-016                  0.0000000000000000E+000                  0.0000000000000000E+000 
                                     475                  4.6655466441192051E-001                  5.5422104288554186E-001                  5.6506748670419240E+000                 -2.5819598374835029E+000                  1.1183028953154970E+001                  6.7626734104859565E-001                  3.0352383641971148E-001                  2.0208822531692872E-002                  1.7517432237512143E-016                  0.0000000000000000E+000                  0.0000000000000000E+000 
                                     476                  4.6491148097278673E-001                  5.5140908890374007E-001                  5.6577740502950835E+000                 -2.5712529465508038E+000                  1.1200895310640446E+001                  6.7626734104859487E-001                  3.0352383641971226E-001                  2.0208822531692872E-002                  2.2575686182480485E-016                  0.0000000000000000E+000                  0.0000000000000000E+000 
                                     477                  4.6162268928343642E-001                  5.4575543425462936E-001                  5.6671730575891806E+000                 -2.5569744181159848E+000                  1.1224651575961040E+001                  6.7626734104859387E-001                  3.0352383641971337E-001                  2.0208822531692761E-002                  3.1530981242712352E-016                  0.0000000000000000E+000                  0.0000000000000000E+000 
                                     478                  4.5833389759408633E-001                  5.4006605414534126E-001                  5.6764855637354561E+000                 -2.5428255429520781E+000                  1.1248190357706694E+001                  6.7626734104859276E-001                  3.0352383641971448E-001                  2.0208822531692761E-002                  4.3805687120280820E-016                  0.0000000000000000E+000                  0.0000000000000000E+000 
                                     479                  4.5504510590473585E-001                  5.3433753272540330E-001                  5.6857197058461084E+000                 -2.5287942250886974E+000                  1.1271531989681378E+001                  6.7626734104859176E-001                  3.0352383641971553E-001                  2.0208822531692761E-002                  6.0558752215774816E-016                  0.0000000000000000E+000                  0.0000000000000000E+000 
                                     480                  4.5175631421538520E-001                  5.2856641058537046E-001                  5.6948853426629151E+000                 -2.5148659213761126E+000                  1.1294700973986746E+001                  6.7626734104859065E-001                  3.0352383641971659E-001                  2.0208822531692761E-002                  8.3340391636703242E-016                  0.0000000000000000E+000                  0.0000000000000000E+000 
                                     481                  4.4846606774102016E-001                  5.2274658509695549E-001                  5.7039900515381774E+000                 -2.5010293368845051E+000                  1.1317716252077840E+001                  6.7626734104858954E-001                  3.0352383641971764E-001                  2.0208822531692761E-002                  1.1421067736631063E-015                  0.0000000000000000E+000                  0.0000000000000000E+000 
                                     482                  4.4517582126665511E-001                  5.1687700568283412E-001                  5.7107944755071829E+000                 -2.4906205013286087E+000                  1.1334984108633721E+001                  6.7626734104858865E-001                  3.0352383641971847E-001                  2.0208822531692872E-002                  1.4436617777829101E-015                  0.0000000000000000E+000                  0.0000000000000000E+000 
                                     483                  4.4353069802947254E-001                  5.1392290093598447E-001                  5.7153063282113941E+000                 -2.4837651615401835E+000                  1.1346387556636616E+001                  6.7626734104858821E-001                  3.0352383641971897E-001                  2.0208822531692761E-002                  1.6850670406863699E-015                  0.0000000000000000E+000                  0.0000000000000000E+000 
                                     484                  4.4188557479229013E-001                  5.1095497177530547E-001                  5.7220392149869310E+000                 -2.4736012997287520E+000                  1.1363338467209958E+001                  6.7626734104858743E-001                  3.0352383641971981E-001                  2.0208822531692761E-002                  2.1200817850047276E-015                  0.0000000000000000E+000                  0.0000000000000000E+000 
                                     485                  4.3859532831792497E-001                  5.0497473134184090E-001                  5.7309988085961781E+000                 -2.4599848191337554E+000                  1.1385985697335881E+001                  6.7626734104858632E-001                  3.0352383641972086E-001                  2.0208822531692761E-002                  2.8735253081823533E-015                  0.0000000000000000E+000                  0.0000000000000000E+000 
                                     486                  4.3530464400214441E-001                  4.9893256154414622E-001                  5.7399241535107572E+000                 -2.4464205366947374E+000                  1.1408545678739056E+001                  6.7626734104858521E-001                  3.0352383641972192E-001                  2.0208822531692872E-002                  3.8826331827327766E-015                  0.0000000000000000E+000                  0.0000000000000000E+000 
                                     487                  4.3201395968636380E-001                  4.9282521973235133E-001                  5.7488212394110878E+000                 -2.4328993425966154E+000                  1.1431033581464916E+001                  6.7626734104858410E-001                  3.0352383641972308E-001                  2.0208822531692761E-002                  5.2310510003390267E-015                  0.0000000000000000E+000                  0.0000000000000000E+000 
                                     488                  4.2872327537058375E-001                  4.8664852188821622E-001                  5.7576965434730640E+000                 -2.4194112551736877E+000                  1.1453465949969642E+001                  6.7626734104858310E-001                  3.0352383641972414E-001                  2.0208822531692761E-002                  7.0292643137856955E-015                  0.0000000000000000E+000                  0.0000000000000000E+000 
                                     489                  4.2543259105480347E-001                  4.8039811727073584E-001                  5.7665556251941146E+000                 -2.4059475507563683E+000                  1.1475857149233414E+001                  6.7626734104858199E-001                  3.0352383641972525E-001                  2.0208822531692761E-002                  9.4228145612878838E-015                  0.0000000000000000E+000                  0.0000000000000000E+000 
                                     490                  4.2214253533749146E-001                  4.7407068689222637E-001                  5.7754048237533082E+000                 -2.3924983368096826E+000                  1.1498223507410820E+001                  6.7626734104858088E-001                  3.0352383641972636E-001                  2.0208822531692761E-002                  1.2603806059866746E-014                  0.0000000000000000E+000                  0.0000000000000000E+000 
                                     491                  4.1885247962017941E-001                  4.6766030402758052E-001                  5.7820565559471904E+000                 -2.3823234729571330E+000                  1.1515100651659040E+001                  6.7626734104858011E-001                  3.0352383641972719E-001                  2.0208822531692761E-002                  1.5667217155441842E-014                  0.0000000000000000E+000                  0.0000000000000000E+000 
                                     492                  4.1720745176152352E-001                  4.6442304835811954E-001                  5.7864802317124511E+000                 -2.3756010631853703E+000                  1.1526280464907634E+001                  6.7626734104857955E-001                  3.0352383641972769E-001                  2.0208822531692761E-002                  1.8094103308905108E-014                  0.0000000000000000E+000                  0.0000000000000000E+000 
                                     493                  4.1556242390286757E-001                  4.6116317933918888E-001                  5.7931009335546948E+000                 -2.3656033799131038E+000                  1.1542949498003251E+001                  6.7626734104857866E-001                  3.0352383641972852E-001                  2.0208822531692761E-002                  2.2423847460284939E-014                  0.0000000000000000E+000                  0.0000000000000000E+000 
                                     494                  4.1227236818555518E-001                  4.5457172715686534E-001                  5.8019589599068757E+000                 -2.3521364307002184E+000                  1.1565341634824016E+001                  6.7626734104857755E-001                  3.0352383641972963E-001                  2.0208822531692761E-002                  2.9837898749124892E-014                  0.0000000000000000E+000                  0.0000000000000000E+000 
                                     495                  4.0898405978863345E-001                  4.4788522030377881E-001                  5.8108313072545803E+000                 -2.3386454852479970E+000                  1.1587772029682075E+001                  6.7626734104857644E-001                  3.0352383641973080E-001                  2.0208822531692761E-002                  3.9649664566486700E-014                  0.0000000000000000E+000                  0.0000000000000000E+000 
                                     496                  4.0569575139171171E-001                  4.4109438580025118E-001                  5.8197270856111123E+000                 -2.3251161865357712E+000                  1.1610264271798407E+001                  6.7626734104857544E-001                  3.0352383641973191E-001                  2.0208822531692650E-002                  5.2632209468614142E-014                  0.0000000000000000E+000                  0.0000000000000000E+000 
                                     497                  4.0240744299478931E-001                  4.3419308845233096E-001                  5.8264388553866819E+000                 -2.3148402228541891E+000                  1.1627302337115276E+001                  6.7626734104857444E-001                  3.0352383641973274E-001                  2.0208822531692761E-002                  6.5104775910197936E-014                  0.0000000000000000E+000                  0.0000000000000000E+000 
                                     498                  4.0076328879632817E-001                  4.3069969580129935E-001                  5.8309107685977448E+000                 -2.3080383468786971E+000                  1.1638609855678698E+001                  6.7626734104857400E-001                  3.0352383641973329E-001                  2.0208822531692761E-002                  7.4965160568683410E-014                  0.0000000000000000E+000                  0.0000000000000000E+000 
                                     499                  3.9911913459786713E-001                  4.2717622530899058E-001                  5.8376122731896940E+000                 -2.2979095972048498E+000                  1.1655490942252449E+001                  6.7626734104857311E-001                  3.0352383641973413E-001                  2.0208822531692761E-002                  9.2514502807559432E-014                  0.0000000000000000E+000                  0.0000000000000000E+000 
                                     500                  3.9583374754079775E-001                  4.2004044426011788E-001                  5.8466132170012255E+000                 -2.2842108065123483E+000                  1.1678258533819132E+001                  6.7626734104857200E-001                  3.0352383641973529E-001                  2.0208822531692761E-002                  1.2254912790162758E-013                  0.0000000000000000E+000                  0.0000000000000000E+000 
                                     501                  3.9254836048372843E-001                  4.1277361406056923E-001                  5.8556671860286080E+000                 -2.2704281596567797E+000                  1.1701163408904268E+001                  6.7626734104857078E-001                  3.0352383641973646E-001                  2.0208822531692761E-002                  1.6230810647109000E-013                  0.0000000000000000E+000                  0.0000000000000000E+000 
                                     502                  3.8926297342665905E-001                  4.0536785656133978E-001                  5.8647824964456872E+000                 -2.2565491686099457E+000                  1.1724226432263629E+001                  6.7626734104856956E-001                  3.0352383641973762E-001                  2.0208822531692761E-002                  2.1498204108188870E-013                  0.0000000000000000E+000                  0.0000000000000000E+000 
                                     503                  3.8597758636959001E-001                  3.9781472720083644E-001                  5.8739621471785775E+000                 -2.2425692384474338E+000                  1.1747455215784386E+001                  6.7626734104856845E-001                  3.0352383641973879E-001                  2.0208822531692761E-002                  2.8479044044515622E-013                  0.0000000000000000E+000                  0.0000000000000000E+000 
                                     504                  3.8269635324405538E-001                  3.9011500812620059E-001                  5.8809202067389128E+000                 -2.2318998633157281E+000                  1.1765134783146307E+001                  6.7626734104856756E-001                  3.0352383641973968E-001                  2.0208822531692761E-002                  3.5207327744664440E-013                  0.0000000000000000E+000                  0.0000000000000000E+000 
                                     505                  3.8105573668128817E-001                  3.8620453976187752E-001                  5.8855680699314101E+000                 -2.2248215397284219E+000                  1.1776896013219064E+001                  6.7626734104856701E-001                  3.0352383641974029E-001                  2.0208822531692761E-002                  4.0537343711402587E-013                  0.0000000000000000E+000                  0.0000000000000000E+000 
                                     506                  3.7941512011852091E-001                  3.8225136856313019E-001                  5.8925553678002052E+000                 -2.2142509958594068E+000                  1.1794506862325886E+001                  6.7626734104856612E-001                  3.0352383641974118E-001                  2.0208822531692761E-002                  5.0054040598910463E-013                  0.0000000000000000E+000                  0.0000000000000000E+000 
                                     507                  3.7613388699298578E-001                  3.7420953205288709E-001                  5.9019958913488857E+000                 -2.1998661511359279E+000                  1.1818403426854054E+001                  6.7626734104856490E-001                  3.0352383641974234E-001                  2.0208822531692761E-002                  6.6459352411750352E-013                  0.0000000000000000E+000                  0.0000000000000000E+000 
                                     508                  3.7285265386745070E-001                  3.6598000643884282E-001                  5.9115383106072041E+000                 -2.1853227059825979E+000                  1.1842561326747342E+001                  6.7626734104856367E-001                  3.0352383641974362E-001                  2.0208822531692761E-002                  8.8341187811465998E-013                  0.0000000000000000E+000                  0.0000000000000000E+000 
                                     509                  3.6957686940185130E-001                  3.5756461558906982E-001                  5.9187998258253911E+000                 -2.1741758166826921E+000                  1.1861024288460307E+001                  6.7626734104856279E-001                  3.0352383641974451E-001                  2.0208822531692761E-002                  1.0958265360135118E-012                  0.0000000000000000E+000                  0.0000000000000000E+000 
                                     510                  3.6793897716905227E-001                  3.5327919036708871E-001                  5.9236598282998942E+000                 -2.1667683223163241E+000                  1.1873328601366591E+001                  6.7626734104856212E-001                  3.0352383641974512E-001                  2.0208822531692761E-002                  1.2648772658888653E-012                  0.0000000000000000E+000                  0.0000000000000000E+000 
                                     511                  3.6630108493625330E-001                  3.4893884108869194E-001                  5.9309804522739249E+000                 -2.1556873529057818E+000                  1.1891786121681493E+001                  6.7626734104856123E-001                  3.0352383641974606E-001                  2.0208822531692761E-002                  1.5682517567063195E-012                  0.0000000000000000E+000                  0.0000000000000000E+000 
                                     512                  3.6302530047065612E-001                  3.4008327910410524E-001                  5.9384529620691540E+000                 -2.1442073878510337E+000                  1.1910795112194636E+001                  6.7626734104856023E-001                  3.0352383641974695E-001                  2.0208822531692761E-002                  1.9515888381996372E-012                  0.0000000000000000E+000                  0.0000000000000000E+000 
                                     513                  3.6138740823785731E-001                  3.3556664871232783E-001                  5.9434596424718507E+000                 -2.1365715671855434E+000                  1.1923475858399883E+001                  6.7626734104855957E-001                  3.0352383641974762E-001                  2.0208822531692761E-002                  2.2577829798584904E-012                  0.0000000000000000E+000                  0.0000000000000000E+000 
                                     514                  3.5974951600505856E-001                  3.3098710189205677E-001                  5.9509992659038673E+000                 -2.1251536993587510E+000                  1.1942491532220954E+001                  6.7626734104855868E-001                  3.0352383641974851E-001                  2.0208822531692761E-002                  2.8085998822843030E-012                  0.0000000000000000E+000                  0.0000000000000000E+000 
                                     515                  3.5648054094480014E-001                  3.2164696527666353E-001                  5.9612505422860362E+000                 -2.1095052794732170E+000                  1.1968470261694195E+001                  6.7626734104855746E-001                  3.0352383641974984E-001                  2.0208822531692761E-002                  3.7731549963488926E-012                  0.0000000000000000E+000                  0.0000000000000000E+000 
                                     516                  3.5321156588454133E-001                  3.1202775861524557E-001                  5.9691076205123155E+000                 -2.0974156236412860E+000                  1.1988477558579341E+001                  6.7626734104855646E-001                  3.0352383641975084E-001                  2.0208822531692761E-002                  4.7254050839482360E-012                  0.0000000000000000E+000                  0.0000000000000000E+000 
                                     517                  3.5157707835441182E-001                  3.0710865386922559E-001                  5.9743817828615375E+000                 -2.0893621452404063E+000                  1.2001846358441108E+001                  6.7626734104855579E-001                  3.0352383641975145E-001                  2.0208822531692761E-002                  5.4913123911893892E-012                  0.0000000000000000E+000                  0.0000000000000000E+000 
                                     518                  3.4994259082428225E-001                  3.0211169211868633E-001                  5.9823437759759521E+000                 -2.0772947078306947E+000                  1.2021938699786091E+001                  6.7626734104855468E-001                  3.0352383641975245E-001                  2.0208822531692872E-002                  6.8802697892263841E-012                  0.0000000000000000E+000                  0.0000000000000000E+000 
                                     519                  3.4667773596807450E-001                  2.9188128051422563E-001                  5.9932216210872236E+000                 -2.0606679517374067E+000                  1.2049529331185447E+001                  6.7626734104855346E-001                  3.0352383641975383E-001                  2.0208822531692761E-002                  9.3464066779161441E-012                  0.0000000000000000E+000                  0.0000000000000000E+000 
                                     520                  3.4341288111186702E-001                  2.8130153275317493E-001                  6.0015962751537693E+000                 -2.0477583781047994E+000                  1.2070879854036168E+001                  6.7626734104855235E-001                  3.0352383641975483E-001                  2.0208822531692761E-002                  1.1816249459055753E-011                  9.6885330442150935E-038                  0.0000000000000000E+000 
                                     521                  3.4178251378578861E-001                  2.7588078320200926E-001                  6.0072258101095821E+000                 -2.0391515158045923E+000                  1.2085161423648568E+001                  6.7626734104855168E-001                  3.0352383641975550E-001                  2.0208822531692761E-002                  1.3820471910780619E-011                  1.7650929126794854E-037                  0.0000000000000000E+000 
                                     522                  3.4015214645971026E-001                  2.7036177306710263E-001                  6.0129280195823274E+000                 -2.0304319716610242E+000                  1.2099629147071681E+001                  6.7626734104855102E-001                  3.0352383641975622E-001                  2.0208822531692761E-002                  1.6187099535331120E-011                  3.2323690671059041E-037                  0.0000000000000000E+000 
                                     523                  3.3852177913363185E-001                  2.6474028347059991E-001                  6.0187066653488888E+000                 -2.0215940589454440E+000                  1.2114292506060320E+001                  6.7626734104855035E-001                  3.0352383641975694E-001                  2.0208822531692761E-002                  1.8986882835770977E-011                  5.9518524589776336E-037                  0.0000000000000000E+000 
                                     524                  3.3689141180755339E-001                  2.5901183033617570E-001                  6.0274659161126394E+000                 -2.0083082312395204E+000                  1.2136409464615429E+001                  6.7626734104854924E-001                  3.0352383641975794E-001                  2.0208822531692761E-002                  2.4144756755729584E-011                  1.4935938255807733E-036                  0.0000000000000000E+000 
                                     525                  3.3363067715539624E-001                  2.4720899016496867E-001                  6.0365380921973992E+000                 -1.9942994498202160E+000                  1.2159564184866371E+001                  6.7626734104854813E-001                  3.0352383641975905E-001                  2.0208822531692761E-002                  3.0937689833573092E-011                  3.8511180915877469E-036                  0.0000000000000000E+000 
                                     526                  3.3200518298742449E-001                  2.4114816491162794E-001                  6.0426464642784312E+000                 -1.9849521154638441E+000                  1.2175070239788605E+001                  6.7626734104854747E-001                  3.0352383641975977E-001                  2.0208822531692761E-002                  3.6517843497466416E-011                  7.2592483255122653E-036                  0.0000000000000000E+000 
                                     527                  3.3037968881945196E-001                  2.3496007733395735E-001                  6.0488534049534266E+000                 -1.9754528548902128E+000                  1.2190827821635407E+001                  6.7626734104854680E-001                  3.0352383641976050E-001                  2.0208822531692761E-002                  4.3188353510053932E-011                  1.3783187798111199E-035                  0.0000000000000000E+000 
                                     528                  3.2875419465147943E-001                  2.2863857749811348E-001                  6.0551643618856783E+000                 -1.9657933329953374E+000                  1.2206850770963362E+001                  6.7626734104854591E-001                  3.0352383641976122E-001                  2.0208822531692872E-002                  5.1182586353695940E-011                  2.6372295253744724E-035                  0.0000000000000000E+000 
                                     529                  3.2712870048350767E-001                  2.2217707422745012E-001                  6.0639604091704022E+000                 -1.9524215486474299E+000                  1.2229092586655758E+001                  6.7626734104854491E-001                  3.0352383641976233E-001                  2.0208822531692761E-002                  6.4756001471962312E-011                  6.4802900494550152E-035                  0.0000000000000000E+000 
                                     530                  3.2428833527942358E-001                  2.1052398021783497E-001                  6.0726757873854948E+000                 -1.9389606709322929E+000                  1.2251341574546819E+001                  6.7626734104854391E-001                  3.0352383641976333E-001                  2.0208822531692761E-002                  8.1674721366327732E-011                  1.5708978326137619E-034                  0.0000000000000000E+000 
                                     531                  3.2286815267738250E-001                  2.0451883031526102E-001                  6.0785640359473767E+000                 -1.9299447087064348E+000                  1.2266295596501465E+001                  6.7626734104854325E-001                  3.0352383641976394E-001                  2.0208822531692761E-002                  9.5447620163098601E-011                  2.8474516021037683E-034                  0.0000000000000000E+000 
                                     532                  3.2144797007534182E-001                  1.9838524158305187E-001                  6.0875194712246143E+000                 -1.9163487443125706E+000                  1.2288923812611344E+001                  6.7626734104854236E-001                  3.0352383641976494E-001                  2.0208822531692761E-002                  1.2079234796498424E-010                  6.9986445232921731E-034                  0.0000000000000000E+000 
                                     533                  3.1860760487125750E-001                  1.8570086283773235E-001                  6.0968716321573435E+000                 -1.9018876271365455E+000                  1.2312816617070078E+001                  6.7626734104854125E-001                  3.0352383641976599E-001                  2.0208822531692761E-002                  1.5431886419253547E-010                  1.7797407668343830E-033                  0.0000000000000000E+000 
                                     534                  3.1718742226921687E-001                  1.7914329493964712E-001                  6.1032039410329633E+000                 -1.8921865204162709E+000                  1.2328904742090106E+001                  6.7626734104854058E-001                  3.0352383641976671E-001                  2.0208822531692761E-002                  1.8195306329671891E-010                  3.3350945491063979E-033                  0.0000000000000000E+000 
                                     535                  3.1576723966717613E-001                  1.7242983431965084E-001                  6.1119356979642845E+000                 -1.8788957287411316E+000                  1.2351003753552511E+001                  6.7626734104853958E-001                  3.0352383641976766E-001                  2.0208822531692761E-002                  2.2803293464914024E-010                  7.8886398274756870E-033                  0.0000000000000000E+000 
                                     536                  3.1333749759495805E-001                  1.6055375504097058E-001                  6.1205520035073340E+000                 -1.8655747442832500E+000                  1.2373016100647261E+001                  6.7626734104853869E-001                  3.0352383641976860E-001                  2.0208822531692761E-002                  2.8467901032993239E-010                  1.8355888763760343E-032                  0.0000000000000000E+000 
                                     537                  3.1212262655884832E-001                  1.5442433051598575E-001                  6.1263848087987283E+000                 -1.8566335761917430E+000                  1.2387841694624266E+001                  6.7626734104853803E-001                  3.0352383641976921E-001                  2.0208822531692761E-002                  3.3050383895080198E-010                  3.2407177900167020E-032                  0.0000000000000000E+000 
                                     538                  3.1090775552273858E-001                  1.4815715350055098E-001                  6.1352657131057153E+000                 -1.8431338066635616E+000                  1.2410302246789678E+001                  6.7626734104853714E-001                  3.0352383641977015E-001                  2.0208822531692761E-002                  4.1423456240539797E-010                  7.6617445985701234E-032                  0.0000000000000000E+000 
                                     539                  3.0848126440444301E-001                  1.3519261424711670E-001                  6.1445722161915288E+000                 -1.8287251569861938E+000                  1.2434100579611291E+001                  6.7626734104853614E-001                  3.0352383641977115E-001                  2.0208822531692761E-002                  5.2435079441525256E-010                  1.8773068416793445E-031                  0.0000000000000000E+000 
                                     540                  3.0726801884529531E-001                  1.2847922955867253E-001                  6.1508865538646909E+000                 -1.8190386920668731E+000                  1.2450158846720207E+001                  6.7626734104853548E-001                  3.0352383641977182E-001                  2.0208822531692761E-002                  6.1462676045854966E-010                  3.4353632642458729E-031                  0.0000000000000000E+000 
                                     541                  3.0605477328614772E-001                  1.2159834118868476E-001                  6.1573319961203605E+000                 -1.8091488856386619E+000                  1.2466553204990102E+001                  6.7626734104853481E-001                  3.0352383641977243E-001                  2.0208822531692761E-002                  7.2230391079539281E-010                  6.3472228786402000E-031                  0.0000000000000000E+000 
                                     542                  3.0484477868092064E-001                  1.1456006533472307E-001                  6.1655461554097233E+000                 -1.7966029925551830E+000                  1.2487389613479658E+001                  6.7626734104853403E-001                  3.0352383641977326E-001                  2.0208822531692761E-002                  8.8623581431432425E-010                  1.3817693072299404E-030                  0.0000000000000000E+000 
                                     543                  3.0302978677308506E-001                  1.0364877854372993E-001                  6.1745116558335438E+000                 -1.7827853252735353E+000                  1.2510256329264989E+001                  6.7626734104853303E-001                  3.0352383641977421E-001                  2.0208822531692761E-002                  1.1067363942468084E-009                  3.2133232440463513E-030                  0.0000000000000000E+000 
                                     544                  3.0166854284220601E-001                  9.5171767210706776E-002                  6.1802785657172681E+000                 -1.7738741909932363E+000                  1.2524988490587509E+001                  6.7626734104853248E-001                  3.0352383641977471E-001                  2.0208822531692761E-002                  1.2758972245252519E-009                  5.5136413432084411E-030                  0.0000000000000000E+000 
                                     545                  3.0104463937388609E-001                  9.1197673160254927E-002                  6.1855974487001024E+000                 -1.7657469728652211E+000                  1.2538485403849352E+001                  6.7626734104853203E-001                  3.0352383641977526E-001                  2.0208822531692761E-002                  1.4536999348164669E-009                  9.0513731410364962E-030                  0.0000000000000000E+000 
                                     546                  2.9985355093436722E-001                  8.3444304078709938E-002                  6.1932824685754735E+000                 -1.7539602158521548E+000                  1.2558030974304984E+001                  6.7626734104853126E-001                  3.0352383641977598E-001                  2.0208822531692761E-002                  1.7539211308569390E-009                  1.8462583476080883E-029                  0.0000000000000000E+000 
                                     547                  2.9849230700348772E-001                  7.4302798888424587E-002                  6.2003414811439717E+000                 -1.7430691784409711E+000                  1.2576049093465436E+001                  6.7626734104853070E-001                  3.0352383641977659E-001                  2.0208822531692761E-002                  2.0824839331164778E-009                  3.5412340830096462E-029                  0.0000000000000000E+000 
                                     548                  2.9758481104956974E-001                  6.8033929843940383E-002                  6.2076861092940661E+000                 -1.7318362341975904E+000                  1.2594698788650307E+001                  6.7626734104852992E-001                  3.0352383641977726E-001                  2.0208822531692761E-002                  2.4870260503123093E-009                  6.9466713880306308E-029                  0.0000000000000000E+000 
                                     549                  2.9617315067680478E-001                  5.7981515374636070E-002                  6.2146563575654490E+000                 -1.7210480640849632E+000                  1.2612525549206580E+001                  6.7626734104852937E-001                  3.0352383641977793E-001                  2.0208822531692761E-002                  2.9417847573190694E-009                  1.3125988819262597E-028                  0.0000000000000000E+000 
                                     550                  2.9546732049042651E-001                  5.2813218227934507E-002                  6.2193733958922746E+000                 -1.7137973139115603E+000                  1.2624540279419850E+001                  6.7626734104852892E-001                  3.0352383641977837E-001                  2.0208822531692761E-002                  3.2939269028868834E-009                  2.0150431134347025E-028                  0.0000000000000000E+000 
                                     551                  2.9476149030404819E-001                  4.7543927060982628E-002                  6.2272183054696626E+000                 -1.7018440148625407E+000                  1.2644417935200979E+001                  6.7626734104852815E-001                  3.0352383641977909E-001                  2.0208822531692761E-002                  3.9711177738252873E-009                  4.0955610921731890E-028                  0.0000000000000000E+000 
                                     552                  2.9315358790639706E-001                  3.5134031204173619E-002                  6.2358126456445619E+000                 -1.6885102498909190E+000                  1.2666432608518146E+001                  6.7626734104852748E-001                  3.0352383641977981E-001                  2.0208822531692761E-002                  4.8707645507775089E-009                  8.8704870327654938E-028                  0.0000000000000000E+000 
                                     553                  2.9234963670757219E-001                  2.8710832382482371E-002                  6.2401998299810613E+000                 -1.6817322668038190E+000                  1.2677642579987351E+001                  6.7626734104852704E-001                  3.0352383641978020E-001                  2.0208822531692761E-002                  5.4029939676258881E-009                  1.3134705366296227E-027                  0.0000000000000000E+000 
                                     554                  2.9194766110815984E-001                  2.5441123091732732E-002                  6.2431532400796694E+000                 -1.6771889508081397E+000                  1.2685169764630700E+001                  6.7626734104852682E-001                  3.0352383641978042E-001                  2.0208822531692761E-002                  5.7923636609040892E-009                  1.7094095305570143E-027                  0.0000000000000000E+000 
                                     555                  2.9154568550874749E-001                  2.2131067841433046E-002                  6.2476273275082042E+000                 -1.6703357737919764E+000                  1.2696543632179475E+001                  6.7626734104852648E-001                  3.0352383641978081E-001                  2.0208822531692761E-002                  6.4341241498485017E-009                  2.5449375701060035E-027                  0.0000000000000000E+000 
                                     556                  2.9074173430992212E-001                  1.5384750236078892E-002                  6.2537463601793091E+000                 -1.6609184157582808E+000                  1.2712144001336483E+001                  6.7626734104852604E-001                  3.0352383641978131E-001                  2.0208822531692650E-002                  7.4253113348912916E-009                  4.3768649192263548E-027                  0.0000000000000000E+000 
                                     557                  2.8993778311109680E-001                  8.4640850031874899E-003                  6.2600165930056839E+000                 -1.6512659299453414E+000                  1.2728132922124136E+001                  6.7626734104852559E-001                  3.0352383641978181E-001                  2.0208822531692539E-002                  8.5941804818430501E-009                  7.6094883922580807E-027                  0.0000000000000000E+000 
                                     558                  2.8913383191227188E-001                  1.3596292799243578E-003                  6.2664465855599341E+000                 -1.6413648258852620E+000                  1.2744532606615659E+001                  6.7626734104852493E-001                  3.0352383641978237E-001                  2.0208822531692761E-002                  9.9776089579774393E-009                  1.3381473271343295E-026                  0.0000000000000000E+000 
                                     559                  2.8832988071344695E-001                 -5.9388382470595396E-003                  6.2730376315082435E+000                 -1.6312125130690205E+000                  1.2761347032142295E+001                  6.7626734104852448E-001                  3.0352383641978287E-001                  2.0208822531692650E-002                  1.1619140468328541E-008                  2.3799956001436782E-026                  0.0000000000000000E+000 
                                     560                  2.8752788941740043E-001                 -1.3423844449427604E-002                  6.2797987987326511E+000                 -1.6207951072710129E+000                  1.2778599341804609E+001                  6.7626734104852393E-001                  3.0352383641978337E-001                  2.0208822531692761E-002                  1.3574272690035751E-008                  4.2838026629908982E-026                  0.0000000000000000E+000 
                                     561                  2.8672589812135385E-001                 -2.1124913885088727E-002                  6.2867490766628862E+000                 -1.6100826179328973E+000                  1.2796338823899614E+001                  6.7626734104852337E-001                  3.0352383641978387E-001                  2.0208822531692761E-002                  1.5915521624746767E-008                  7.8142152127156371E-026                  0.0000000000000000E+000 
                                     562                  2.8592390682530655E-001                 -2.9055080497234743E-002                  6.2939003392287738E+000                 -1.5990561783267760E+000                  1.2814596470504805E+001                  6.7626734104852293E-001                  3.0352383641978437E-001                  2.0208822531692761E-002                  1.8731784380495904E-008                  1.4457178421835543E-025                  0.0000000000000000E+000 
                                     563                  2.8512191552925920E-001                 -3.7228578984609802E-002                  6.3011484383461509E+000                 -1.5878719199697124E+000                  1.2833110918719134E+001                  6.7626734104852237E-001                  3.0352383641978492E-001                  2.0208822531692761E-002                  2.2077270089829005E-008                  2.6881668575570147E-025                  0.0000000000000000E+000 
                                     564                  2.8434564716604926E-001                 -4.5386187211715744E-002                  6.3066669863574418E+000                 -1.5793095984158942E+000                  1.2847254729736221E+001                  6.7626734104852204E-001                  3.0352383641978531E-001                  2.0208822531692650E-002                  2.5008534244601476E-008                  4.3015391245316617E-025                  0.0000000000000000E+000 
                                     565                  2.8395751298444449E-001                 -4.9559776823080832E-002                  6.3122459226494847E+000                 -1.5707469239270249E+000                  1.2861461395833013E+001                  6.7626734104852160E-001                  3.0352383641978570E-001                  2.0208822531692761E-002                  2.8347781728715080E-008                  6.9036029918993921E-025                  0.0000000000000000E+000 
                                     566                  2.8318124462123495E-001                 -5.8110755479646496E-002                  6.3199358716685623E+000                 -1.5588711541668798E+000                  1.2881117474020908E+001                  6.7626734104852115E-001                  3.0352383641978620E-001                  2.0208822531692650E-002                  3.3672378006776509E-008                  1.3211281173239427E-024                  0.0000000000000000E+000 
                                     567                  2.8240497625802530E-001                 -6.6945927560721222E-002                  6.3268600504089259E+000                 -1.5481397546002273E+000                  1.2898855390579616E+001                  6.7626734104852071E-001                  3.0352383641978664E-001                  2.0208822531692650E-002                  3.9289979580940531E-008                  2.3626765749778792E-024                  0.0000000000000000E+000 
                                     568                  2.8182920571882747E-001                 -7.3693115346607857E-002                  6.3328305139636010E+000                 -1.5389095646215034E+000                  1.2914128230362742E+001                  6.7626734104852027E-001                  3.0352383641978703E-001                  2.0208822531692761E-002                  4.4851719528784660E-008                  3.8906474076471073E-024                  0.0000000000000000E+000 
                                     569                  2.8126629664604957E-001                 -8.0459418154684881E-002                  6.3388811551056206E+000                 -1.5295530910928876E+000                  1.2929609470599791E+001                  6.7626734104851993E-001                  3.0352383641978742E-001                  2.0208822531692650E-002                  5.1263501810419966E-008                  6.4352954459012097E-024                  0.0000000000000000E+000 
                                     570                  2.8070338757327135E-001                 -8.7402576245233093E-002                  6.3449470740482816E+000                 -1.5201645256795171E+000                  1.2945139230010307E+001                  6.7626734104851949E-001                  3.0352383641978775E-001                  2.0208822531692761E-002                  5.8579878844710846E-008                  1.0633778915688962E-023                  0.0000000000000000E+000 
                                     571                  2.8016620143333160E-001                 -9.4201976098287440E-002                  6.3509478744725598E+000                 -1.5108742489893872E+000                  1.2960505798040181E+001                  6.7626734104851927E-001                  3.0352383641978808E-001                  2.0208822531692650E-002                  6.6808222492429231E-008                  1.7438088932979375E-023                  0.0000000000000000E+000 
                                     572                  2.7964187675981200E-001                 -1.0101073457006610E-001                  6.3570259481537255E+000                 -1.5014617265338748E+000                  1.2976073922919676E+001                  6.7626734104851882E-001                  3.0352383641978847E-001                  2.0208822531692761E-002                  7.6279454860395762E-008                  2.8714495914842788E-023                  0.0000000000000000E+000 
                                     573                  2.7911755208629246E-001                 -1.0799866059098936E-001                  6.3632627083462303E+000                 -1.4917984101437944E+000                  1.2992054676759503E+001                  6.7626734104851849E-001                  3.0352383641978881E-001                  2.0208822531692761E-002                  8.7345824650782326E-008                  4.7790947393399705E-023                  0.0000000000000000E+000 
                                     574                  2.7859322741277326E-001                 -1.1517544225290975E-001                  6.3691369472815484E+000                 -1.4826774126117204E+000                  1.3007126836375768E+001                  6.7626734104851827E-001                  3.0352383641978914E-001                  2.0208822531692539E-002                  9.9184667987729005E-008                  7.7056846697475796E-023                  0.0000000000000000E+000 
                                     575                  2.7815629018484039E-001                 -1.2130744979042050E-001                  6.3764910548529770E+000                 -1.4713361097459321E+000                  1.3025920774299427E+001                  6.7626734104851782E-001                  3.0352383641978953E-001                  2.0208822531692650E-002                  1.1618782737559396E-007                  1.3969647174936211E-022                  0.0000000000000000E+000 
                                     576                  2.7741349689735095E-001                 -1.3207178551430460E-001                  6.3849191207633806E+000                 -1.4582028513292613E+000                  1.3047595952791539E+001                  6.7626734104851738E-001                  3.0352383641978997E-001                  2.0208822531692650E-002                  1.3919357804960924E-007                  2.7522943273623973E-022                  0.0000000000000000E+000 
                                     577                  2.7686186364708493E-001                 -1.4035597490375057E-001                  6.3908615472422960E+000                 -1.4489322027560911E+000                  1.3062890597009693E+001                  6.7626734104851716E-001                  3.0352383641979019E-001                  2.0208822531692650E-002                  1.5800668365345078E-007                  4.4284191193597574E-022                  0.0000000000000000E+000 
                                     578                  2.7652869901078553E-001                 -1.4548631499615436E-001                  6.3966388001934558E+000                 -1.4399889622871684E+000                  1.3077692167968758E+001                  6.7626734104851682E-001                  3.0352383641979047E-001                  2.0208822531692761E-002                  1.7861399338691225E-007                  7.0164079966062462E-022                  0.0000000000000000E+000 
                                     579                  2.7601529776796369E-001                 -1.5359259981853637E-001                  6.4031838351432171E+000                 -1.4297913909890030E+000                  1.3094527378556025E+001                  6.7626734104851660E-001                  3.0352383641979075E-001                  2.0208822531692650E-002                  2.0513561195068822E-007                  1.1791626366802614E-021                  0.0000000000000000E+000 
                                     580                  2.7560020740142732E-001                 -1.6033160018360335E-001                  6.4094932808644671E+000                 -1.4199858350200281E+000                  1.3110733289103919E+001                  6.7626734104851627E-001                  3.0352383641979103E-001                  2.0208822531692761E-002                  2.3427243634220201E-007                  1.9402325677972752E-021                  0.0000000000000000E+000 
                                     581                  2.7514142331209729E-001                 -1.6798461008341223E-001                  6.4165944539472193E+000                 -1.4089416554498750E+000                  1.3128982564910100E+001                  6.7626734104851605E-001                  3.0352383641979130E-001                  2.0208822531692650E-002                  2.7186179784235834E-007                  3.3889847640465931E-021                  0.0000000000000000E+000 
                                     582                  2.7464440721532341E-001                 -1.7653209680693349E-001                  6.4233068515411196E+000                 -1.3984568395880967E+000                  1.3146279237711717E+001                  6.7626734104851582E-001                  3.0352383641979158E-001                  2.0208822531692539E-002                  3.1274659547156021E-007                  5.7266036131603344E-021                  0.0000000000000000E+000 
                                     583                  2.7426754885623106E-001                 -1.8320031125977418E-001                  6.4306420045155486E+000                 -1.3870735088788240E+000                  1.3165109078611321E+001                  6.7626734104851549E-001                  3.0352383641979180E-001                  2.0208822531692761E-002                  3.6415568841831858E-007                  1.0127158351154866E-020                  0.0000000000000000E+000 
                                     584                  2.7371045389061766E-001                 -1.9337668791439841E-001                  6.4386855902905022E+000                 -1.3744844195846526E+000                  1.3185865153928077E+001                  6.7626734104851516E-001                  3.0352383641979214E-001                  2.0208822531692761E-002                  4.3002077183216739E-007                  1.8860401833338973E-020                  0.0000000000000000E+000 
                                     585                  2.7328444009338482E-001                 -2.0142813022515127E-001                  6.4450389980957326E+000                 -1.3645417566202229E+000                  1.3202260513061500E+001                  6.7626734104851494E-001                  3.0352383641979230E-001                  2.0208822531692761E-002                  4.9004708126615053E-007                  3.0741591288789428E-020                  0.0000000000000000E+000 
                                     586                  2.7295673717243646E-001                 -2.0779065730443963E-001                  6.4514294771002358E+000                 -1.3545828004440055E+000                  1.3218711933731180E+001                  6.7626734104851494E-001                  3.0352383641979253E-001                  2.0208822531692539E-002                  5.5850420405868332E-007                  5.0128889542915183E-020                  0.0000000000000000E+000 
                                     587                  2.7254281371733774E-001                 -2.1605144412088703E-001                  6.4589975766338146E+000                 -1.3427589696619315E+000                  1.3238226566909336E+001                  6.7626734104851460E-001                  3.0352383641979269E-001                  2.0208822531692761E-002                  6.5161107434179460E-007                  8.9189173794469944E-020                  0.0000000000000000E+000 
                                     588                  2.7210569381968036E-001                 -2.2506247893148557E-001                  6.4670402666624662E+000                 -1.3301738052051524E+000                  1.3258987352766324E+001                  6.7626734104851438E-001                  3.0352383641979286E-001                  2.0208822531692761E-002                  7.6699035546407895E-007                  1.6394935947173864E-019                  0.0000000000000000E+000 
                                     589                  2.7166857392202248E-001                 -2.3438836042972419E-001                  6.4751256016810856E+000                 -1.3174998550746886E+000                  1.3279882977821771E+001                  6.7626734104851427E-001                  3.0352383641979302E-001                  2.0208822531692761E-002                  9.0281134032803300E-007                  3.0126170721236932E-019                  0.0000000000000000E+000 
                                     590                  2.7125716695952140E-001                 -2.4347297665555351E-001                  6.4832344009899190E+000                 -1.3047859603494070E+000                  1.3300845443992568E+001                  6.7626734104851416E-001                  3.0352383641979319E-001                  2.0208822531692650E-002                  1.0622350041962960E-006                  5.5253407538050620E-019                  0.0000000000000000E+000 
                                     591                  2.7084575999702026E-001                 -2.5287715331506255E-001                  6.4903315671564572E+000                 -1.2936022249730210E+000                  1.3319250601298929E+001                  6.7626734104851394E-001                  3.0352383641979330E-001                  2.0208822531692761E-002                  1.2239656499841585E-006                  9.3685096965681064E-019                  0.0000000000000000E+000 
                                     592                  2.7056291771030072E-001                 -2.5953824950093274E-001                  6.4953148387504829E+000                 -1.2857533891845998E+000                  1.3332171466222752E+001                  6.7626734104851394E-001                  3.0352383641979336E-001                  2.0208822531692761E-002                  1.3514623957942687E-006                  1.3550554747961633E-018                  0.0000000000000000E+000 
                                     593                  2.7037007069662783E-001                 -2.6417628298020962E-001                  6.4992852481088992E+000                 -1.2795122111796280E+000                  1.3342454804094748E+001                  6.7626734104851394E-001                  3.0352383641979341E-001                  2.0208822531692650E-002                  1.4620924823475658E-006                  1.8164716947285888E-018                  0.0000000000000000E+000 
                                     594                  2.7019008015053309E-001                 -2.6857870837858133E-001                  6.5024884926255471E+000                 -1.2744658605475869E+000                  1.3350762724458699E+001                  6.7626734104851394E-001                  3.0352383641979341E-001                  2.0208822531692650E-002                  1.5577113382269605E-006                  2.2995724999822584E-018                  0.0000000000000000E+000 
                                     595                  2.7007437194232947E-001                 -2.7144735042134005E-001                  6.5043185518433280E+000                 -1.2715818733200364E+000                  1.3355510313175547E+001                  6.7626734104851394E-001                  3.0352383641979347E-001                  2.0208822531692539E-002                  1.6150242854795103E-006                  2.6305830451496288E-018                  0.0000000000000000E+000 
                                     596                  2.7002294607201671E-001                 -2.7273218063960775E-001                  6.5054492469328880E+000                 -1.2698036157742676E+000                  1.3358440119972824E+001                  6.7626734104851383E-001                  3.0352383641979347E-001                  2.0208822531692761E-002                  1.6514329936998232E-006                  2.8582088112596287E-018                  0.0000000000000000E+000 
                                     597                  2.6997152020170395E-001                 -2.7402319549212478E-001                  6.5063016492784538E+000                 -1.2684616649162115E+000                  1.3360650220291218E+001                  6.7626734104851383E-001                  3.0352383641979341E-001                  2.0208822531692761E-002                  1.6794084623165508E-006                  3.0426112971452649E-018                  0.0000000000000000E+000 
                                     598                  2.6994580726654760E-001                 -2.7467103682533195E-001                  6.5071555590874430E+000                 -1.2671195890185458E+000                  1.3362862046617138E+001                  6.7626734104851383E-001                  3.0352383641979341E-001                  2.0208822531692761E-002                  1.7078830037899663E-006                  3.2391233978682394E-018                  0.0000000000000000E+000 
                                     599                  2.6989438139623484E-001                 -2.7597143946118546E-001                  6.5080141940433824E+000                 -1.2657675137944793E+000                  1.3365088689912831E+001                  6.7626734104851383E-001                  3.0352383641979347E-001                  2.0208822531692761E-002                  1.7369951234663650E-006                  3.4494051059516518E-018                  0.0000000000000000E+000 
                                     600                  2.6986866846107843E-001                 -2.7662400828223166E-001                  6.5085878263052166E+000                 -1.2648649549436477E+000                  1.3366575555798608E+001                  6.7626734104851383E-001                  3.0352383641979347E-001                  2.0208822531692761E-002                  1.7567075473185579E-006                  3.5973555203507162E-018                  0.0000000000000000E+000 
                                     601                  2.6984295552592202E-001                 -2.7727816808253181E-001                  6.5094500960612312E+000                 -1.2635093400883626E+000                  1.3368809527301249E+001                  6.7626732674386991E-001                  3.0352385074517513E-001                  2.0208822510954905E-002                  1.7867410558584312E-006                  3.8316360978009334E-018                  0.0000000000000000E+000 
                                     602                  2.6979152965560926E-001                 -2.7859129906927804E-001                  6.5106052946309392E+000                 -1.2616899157834973E+000                  1.3371805726249338E+001                  6.7626732670292267E-001                  3.0352385078618171E-001                  2.0208822510895619E-002                  1.8277692450031017E-006                  4.1693628457097184E-018                  0.0000000000000000E+000 
                                     603                  2.6974010378529645E-001                 -2.7991088502949019E-001                  6.5123439540553525E+000                 -1.1764222727686968E+000                  1.3376314969348796E+001                  4.5518678795037487E-001                  5.2492525102094489E-001                  1.9887961028680179E-002                  1.0363083771826645E-006                  8.2020811014523121E-020                  0.0000000000000000E+000 
                                     604                  2.6963725204467093E-001                 -2.8210606193911253E-001                  6.5146716689392781E+000                 -1.1725678383808387E+000                  1.3382373565093642E+001                  4.5477738943340962E-001                  5.2533550736238988E-001                  1.9887103204200507E-002                  1.0832183272941309E-006                  9.7194946292346676E-020                  0.0000000000000000E+000 
                                     605                  2.6953440030404541E-001                 -2.8431519309413072E-001                  6.5185888018183045E+000                 -1.1659102816702933E+000                  1.3392739820537200E+001                  4.5409162847732859E-001                  5.2602265864260500E-001                  1.9885712880066464E-002                  1.1672855955290970E-006                  1.2949488252142725E-019                  0.0000000000000000E+000 
                                     606                  2.6928565926114290E-001                 -2.8971644391701418E-001                  6.5239744719616697E+000                 -1.1560110300117430E+000                  1.3407698383070821E+001                  4.5307334304662744E-001                  5.2704297534462474E-001                  1.9883681608747761E-002                  1.2949819663392654E-006                  1.9210129111561461E-019                  0.0000000000000000E+000 
                                     607                  2.6903691821824050E-001                 -2.9519818894294308E-001                  6.5292157139176901E+000                 -1.1457155785396473E+000                  1.3422880918338793E+001                  4.5201289328392158E-001                  5.2810549490892478E-001                  1.9881611807153643E-002                  1.4338613030751927E-006                  2.8198566726665598E-019                  0.0000000000000000E+000 
                                     608                  2.6878817717533793E-001                 -3.0075963078621271E-001                  6.5343325533078911E+000                 -1.1350439869378397E+000                  1.3438294013387527E+001                  4.5092486668534676E-001                  5.2919561665869164E-001                  1.9879516655961549E-002                  1.5851300824352097E-006                  4.1018220630137303E-019                  0.0000000000000000E+000 
                                     609                  2.6853943613243536E-001                 -3.0640013546184686E-001                  6.5393424402554858E+000                 -1.1240035679989273E+000                  1.3453944126311479E+001                  4.4979898914176325E-001                  5.3032362602454297E-001                  1.9877384833693723E-002                  1.7500051486393966E-006                  5.9200971526557763E-019                  0.0000000000000000E+000 
                                     610                  2.6829069508953285E-001                 -3.1211908086326817E-001                  6.5442607580105774E+000                 -1.1126148277844887E+000                  1.3469837579807827E+001                  4.4866176959316306E-001                  5.3146298196125419E-001                  1.9875248445582749E-002                  1.9300753173665655E-006                  8.4872035632716445E-019                  0.0000000000000000E+000 
                                     611                  2.6804195404663039E-001                 -3.1791604071149210E-001                  6.5515013140817056E+000                 -1.0952233486058085E+000                  1.3493832502116371E+001                  4.4694081759683391E-001                  5.3318714462754080E-001                  1.9872037775625295E-002                  2.2308464919006794E-006                  1.4410912455393134E-018                  0.0000000000000000E+000 
                                     612                  2.6754447196082543E-001                 -3.2975179509225183E-001                  6.5590699330800897E+000                 -1.0751910151902335E+000                  1.3520700710629004E+001                  4.4504482761650987E-001                  5.3508659167134520E-001                  1.9868580712144923E-002                  2.6034833701844047E-006                  2.5097180897261382E-018                  0.0000000000000000E+000 
                                     613                  2.6724598270934274E-001                 -3.3699633720384137E-001                  6.5646705823954417E+000                 -1.0598348915451208E+000                  1.3541080457182749E+001                  4.4357731084818125E-001                  5.3655677452740613E-001                  1.9865914624412673E-002                  2.9200330090764619E-006                  3.7810401341384166E-018                  0.0000000000000000E+000 
                                     614                  2.6694749345786001E-001                 -3.4435081709473658E-001                  6.5702224012255321E+000                 -1.0440153979000411E+000                  1.3561855989394857E+001                  4.4208743829590846E-001                  5.3804935835885159E-001                  1.9863203345239944E-002                  3.2744195460554547E-006                  5.6749527463560433E-018                  0.0000000000000000E+000 
                                     615                  2.6664900420637877E-001                 -3.5181459061797093E-001                  6.5757383515787238E+000                 -1.0277186479523879E+000                  1.3583036751988228E+001                  4.4053219881342243E-001                  5.3960738675381759E-001                  1.9860414432759987E-002                  3.6712475007717415E-006                  8.4928495904116932E-018                  0.0000000000000000E+000 
                                     616                  2.6635051495489748E-001                 -3.5938665063335734E-001                  6.5812299206604941E+000                 -1.0109569401403014E+000                  1.3604631781940668E+001                  4.3893431505669150E-001                  5.4120811012527692E-001                  1.9857574818031631E-002                  4.1165772876128808E-006                  1.2683249106247818E-017                  0.0000000000000000E+000 
                                     617                  2.6605202570341635E-001                 -3.6706606564665351E-001                  6.5867073508180471E+000                 -9.9373070507911343E-001                  1.3626649700268990E+001                  4.3729005230232587E-001                  5.4285526740977763E-001                  1.9854680287896498E-002                  4.6170335554178607E-006                  1.8914455192257440E-017                  0.0000000000000000E+000 
                                     618                  2.6575353645193528E-001                 -3.7485177469620806E-001                  6.5921798250722965E+000                 -9.7604129198232858E-001                  1.3649098663850229E+001                  4.3559941054982315E-001                  5.4454885860782243E-001                  1.9851730842354476E-002                  5.1802779089548044E-006                  2.8184516501915313E-017                  0.0000000000000000E+000 
                                     619                  2.6545504720045071E-001                 -3.8274259453313991E-001                  6.5976556135213080E+000                 -9.5787893569594829E-001                  1.3671986318521446E+001                  4.3383691584780021E-001                  5.4631440766005102E-001                  1.9848676492148831E-002                  5.8145827214514250E-006                  4.1987752192433724E-017                  0.0000000000000000E+000 
                                     620                  2.6515655794896575E-001                 -3.9073700032591058E-001                  6.6040441897690121E+000                 -9.3622286573360658E-001                  1.3699066745431352E+001                  4.3158678278151869E-001                  5.4856838302829714E-001                  1.9844834190184235E-002                  6.6511973599353999E-006                  6.6781242195879547E-017                  0.0000000000000000E+000 
                                     621                  2.6475917732201465E-001                 -4.0154036868144405E-001                  6.6095589704279583E+000                 -9.1682269890380108E-001                  1.3723188072648675E+001                  4.2976612934587044E-001                  5.5039214726578523E-001                  1.9841723388344334E-002                  7.4826275534171744E-006                  9.9698645293378401E-017                  0.0000000000000000E+000 
                                     622                  2.6456048700853929E-001                 -4.0700557891109979E-001                  6.6132387363789409E+000                 -9.0385008809673251E-001                  1.3739322286762825E+001                  4.2858142359617790E-001                  5.5157887468226019E-001                  1.9839701721561909E-002                  8.0942438086445608E-006                  1.3016497098375821E-016                  0.0000000000000000E+000 
                                     623                  2.6436179669506399E-001                 -4.1251486840530621E-001                  6.6169309548306714E+000                 -8.9069579153559997E-001                  1.3755661137952428E+001                  4.2742820998106362E-001                  5.5273405651386520E-001                  1.9837733505071231E-002                  8.7608171131963606E-006                  1.7004345360386097E-016                  0.0000000000000000E+000 
                                     624                  2.6416310638158869E-001                 -4.1806795496066274E-001                  6.6206371653375005E+000                 -8.7734366084881943E-001                  1.3772206062604068E+001                  4.2626770958179727E-001                  5.5389652887716534E-001                  1.9835761541037389E-002                  9.4864995750654625E-006                  2.2228971838010831E-016                  0.0000000000000000E+000 
                                     625                  2.6396441606811344E-001                 -4.2366432049945424E-001                  6.6262074024166857E+000                 -8.5724605202364568E-001                  1.3797098246438047E+001                  4.2451724326929219E-001                  5.5564995813244522E-001                  1.9832798598262591E-002                  1.0688512897738251E-005                  3.3210607368021914E-016                  0.0000000000000000E+000 
                                     626                  2.6356703544116228E-001                 -4.3499199529489896E-001                  6.6327837426160992E+000                 -8.3270446654964381E-001                  1.3827284923245490E+001                  4.2244436599754820E-001                  5.5772633098633895E-001                  1.9829303016112854E-002                  1.2321382862725855E-005                  5.3346801607997467E-016                  0.0000000000000000E+000 
                                     627                  2.6326945375221761E-001                 -4.4358055121545115E-001                  6.6370433708221244E+000                 -8.1659389868064070E-001                  1.3847076296700994E+001                  4.2116889619824444E-001                  5.5900394580851509E-001                  1.9827157993240530E-002                  1.3516733410956360E-005                  7.2478014253941789E-016                  0.0000000000000000E+000 
                                     628                  2.6312066290774461E-001                 -4.4790768822552979E-001                  6.6398901175243017E+000                 -8.0585413481933821E-001                  1.3860288245332884E+001                  4.2034555249971983E-001                  5.5982866860095848E-001                  1.9825778899321689E-002                  1.4378751704691257E-005                  8.8906585441677169E-016                  0.0000000000000000E+000 
                                     629                  2.6297187206327166E-001                 -4.5225755766593168E-001                  6.6441709167655576E+000                 -7.8973961080892408E-001                  1.3880133751984966E+001                  4.1913923835915956E-001                  5.6103699754632264E-001                  1.9823764094517804E-002                  1.5777567412941561E-005                  1.2078768814997214E-015                  0.0000000000000000E+000 
                                     630                  2.6267429037432671E-001                 -4.6102801218280309E-001                  6.6499377143272707E+000                 -7.6763404619271791E-001                  1.3907277116637696E+001                  4.1755651088214313E-001                  5.6262236173734381E-001                  1.9821127380513115E-002                  1.7892805442968791E-005                  1.8245229171322395E-015                  0.0000000000000000E+000 
                                     631                  2.6237670868538177E-001                 -4.6988647933060163E-001                  6.6557573264612762E+000                 -7.4511557590896593E-001                  1.3934896956513908E+001                  4.1600904191651883E-001                  5.6417239977921430E-001                  1.9818558304266931E-002                  2.0320948013470485E-005                  2.7635943245757348E-015                  0.0000000000000000E+000 
                                     632                  2.6207912699643704E-001                 -4.7883070672907740E-001                  6.6601712157221451E+000                 -7.2775876095995096E-001                  1.3956137527164383E+001                  4.1487973389595806E-001                  5.6530357723896296E-001                  1.9816688865079035E-002                  2.2392700483655684E-005                  3.7851818317993398E-015                  0.0000000000000000E+000 
                                     633                  2.6193033615196454E-001                 -4.8333240609142425E-001                  6.6631230718708885E+000                 -7.1620125042046445E-001                  1.3970300594047508E+001                  4.1414271810003528E-001                  5.6604180914843638E-001                  1.9815472751528285E-002                  2.3890840878751452E-005                  4.6685872182090618E-015                  0.0000000000000000E+000 
                                     634                  2.6178154530749204E-001                 -4.8785465793211652E-001                  6.6675646155365058E+000                 -6.9888395846950369E-001                  1.3991550653916727E+001                  4.1306097873206782E-001                  5.6712532741786825E-001                  1.9813693850063929E-002                  2.6329603649700153E-005                  6.3953678428778127E-015                  0.0000000000000000E+000 
                                     635                  2.6148396361854614E-001                 -4.9696343363862872E-001                  6.6735553661303015E+000                 -6.7516072482593592E-001                  1.4020594587035717E+001                  4.1165224273658552E-001                  5.6853637960606596E-001                  1.9811377657348528E-002                  3.0038912767793497E-005                  9.7722753482491322E-015                  0.0000000000000000E+000 
                                     636                  2.6118638192960031E-001                 -5.0615055345173288E-001                  6.6788554216464746E+000                 -6.5395023261157736E-001                  1.4046527158751342E+001                  4.1044811188394292E-001                  5.6974249532681098E-001                  1.9809392789246094E-002                  3.3765691785974092E-005                  1.4208694214021626E-014                  0.0000000000000000E+000 
                                     637                  2.6096319566289006E-001                 -5.1308879646163985E-001                  6.6822906558751436E+000                 -6.4011301457797720E-001                  1.4063430055524140E+001                  4.0968239325335487E-001                  5.7050946336621156E-001                  1.9808143380433574E-002                  3.6428133288496326E-005                  1.8101632709867460E-014                  0.0000000000000000E+000 
                                     638                  2.6085160252953504E-001                 -5.1657254148791087E-001                  6.6845866791545898E+000                 -6.3090635502035997E-001                  1.4074690427031801E+001                  4.0918039314031218E-001                  5.7101227591368664E-001                  1.9807330946001178E-002                  3.8318731839255261E-005                  2.1273430783918217E-014                  0.0000000000000000E+000 
                                     639                  2.6074000939618003E-001                 -5.2006640596671472E-001                  6.6880393899217125E+000                 -6.1712110864337055E-001                  1.4091569504662695E+001                  4.0843666877016582E-001                  5.7175719622883958E-001                  1.9806135000994596E-002                  4.1339645764960614E-005                  2.7103812985602759E-014                  0.0000000000000000E+000 
                                     640                  2.6051682312947116E-001                 -5.2708561893636408E-001                  6.6926849896181526E+000                 -5.9837569568828486E-001                  1.4114482061005113E+001                  4.0745227230469266E-001                  5.7274317070496938E-001                  1.9804556990338007E-002                  4.5797479129074220E-005                  3.7532963704581715E-014                  0.0000000000000000E+000 
                                     641                  2.6029363686276230E-001                 -5.3414323091041649E-001                  6.6973672807374749E+000                 -5.7941455847876744E-001                  1.4137650155540610E+001                  4.0647820379936533E-001                  5.7371879306938633E-001                  1.9803003131248387E-002                  5.0776078002345193E-005                  5.2067665205668309E-014                  0.0000000000000000E+000 
                                     642                  2.6007045059605383E-001                 -5.4123777384227501E-001                  6.7009118964620065E+000                 -5.6492208711697867E-001                  1.4155333044347008E+001                  4.0575796948866438E-001                  5.7444016669428655E-001                  1.9801863817049070E-002                  5.4914414941594610E-005                  6.6688304171782547E-014                  0.0000000000000000E+000 
                                     643                  2.5995885746269914E-001                 -5.4479749407564926E-001                  6.7032811853772820E+000                 -5.5528804031939138E-001                  1.4167103799651562E+001                  4.0528469278452972E-001                  5.7491418581161524E-001                  1.9801121403855038E-002                  5.7857342302201617E-005                  7.8651211877845906E-014                  0.0000000000000000E+000 
                                     644                  2.5984726432934446E-001                 -5.4836589754071263E-001                  6.7068442587058810E+000                 -5.4087564785608444E-001                  1.4184734337379348E+001                  4.0458196749772452E-001                  5.7561800939421537E-001                  1.9800023108060172E-002                  6.2566574521364399E-005                  1.0073703315475884E-013                  0.0000000000000000E+000 
                                     645                  2.5962407806263565E-001                 -5.5552991891119319E-001                  6.7116392355908072E+000                 -5.2129497337680997E-001                  1.4208650355183620E+001                  4.0365199226990517E-001                  5.7654942301319212E-001                  1.9798584716902656E-002                  6.9533139267117288E-005                  1.4049037476390557E-013                  0.0000000000000000E+000 
                                     646                  2.5940089179592685E-001                 -5.6272633817534845E-001                  6.7167392551993723E+000                 -5.0045184879765303E-001                  1.4234111973226018E+001                  4.0268008787808202E-001                  5.7752281344328982E-001                  1.9797098678628222E-002                  7.7782504574425206E-005                  1.9991100211498233E-013                  0.0000000000000000E+000 
                                     647                  2.5915290705513899E-001                 -5.7075907542040649E-001                  6.7208087989903254E+000                 -4.8364313347425686E-001                  1.4254622415833898E+001                  4.0194743938906308E-001                  5.7825658159719029E-001                  1.9795979013746634E-002                  8.5095882994921671E-005                  2.6480780562643300E-013                  0.0000000000000000E+000 
                                     648                  2.5902891468474504E-001                 -5.7478771688262043E-001                  6.7235294196966437E+000                 -4.7248554294255146E-001                  1.4268260048197522E+001                  4.0146758000556437E-001                  5.7873717126590185E-001                  1.9795248728533776E-002                  9.0342821073971397E-005                  3.1937771380419194E-013                  0.0000000000000000E+000 
                                     649                  2.5890492231435108E-001                 -5.7882510038574231E-001                  6.7276212883850928E+000                 -4.5581880264656238E-001                  1.4288664672565847E+001                  4.0076065034325609E-001                  5.7944517211896673E-001                  1.9794177537777236E-002                  9.8814827830488315E-005                  4.2298210857660823E-013                  0.0000000000000000E+000 
                                     650                  2.5865693757356323E-001                 -5.8692781979613662E-001                  6.7331318705047849E+000                 -4.3320087728231871E-001                  1.4316370623158328E+001                  3.9993857847912023E-001                  5.8026845122729165E-001                  1.9792970293588175E-002                  1.1157567802540665E-004                  6.1715188802493852E-013                  0.0000000000000000E+000 
                                     651                  2.5840895283277532E-001                 -5.9506304029756907E-001                  6.7381290244301937E+000                 -4.1266571242927341E-001                  1.4341597123223432E+001                  3.9937240547571878E-001                  5.8083540888147001E-001                  1.9792185642811155E-002                  1.2464823880588944E-004                  8.6857513084043779E-013                  0.0000000000000000E+000 
                                     652                  2.5821121130806940E-001                 -6.0157172920358726E-001                  6.7425889690357828E+000                 -3.9433875008503050E-001                  1.4364076212991431E+001                  3.9878499594977068E-001                  5.8142365310330246E-001                  1.9791350946926856E-002                  1.3751392406925660E-004                  1.1771666303478162E-012                  0.0000000000000000E+000 
                                     653                  2.5801346978336348E-001                 -6.0809882553728178E-001                  6.7470772509230024E+000                 -3.7584600547433727E-001                  1.4386722193720505E+001                  3.9813554921343963E-001                  5.8207403677954694E-001                  1.9790414007013424E-002                  1.5174048440549001E-004                  1.5972116755064247E-012                  0.0000000000000000E+000 
                                     654                  2.5781572825865773E-001                 -6.1464267819715290E-001                  6.7515932803426510E+000                 -3.5719623586936727E-001                  1.4409531149037685E+001                  3.9743654080841417E-001                  5.8277405912440972E-001                  1.9789400067176111E-002                  1.6748021485226588E-004                  2.1694828320653165E-012                  0.0000000000000000E+000 
                                     655                  2.5761798673395192E-001                 -6.2120168158681144E-001                  6.7561363885596757E+000                 -3.3839384310427428E-001                  1.4432498934027654E+001                  3.9669010812602162E-001                  5.8352158020645517E-001                  1.9788311667523262E-002                  1.8489589348346012E-004                  2.9498251710176413E-012                  0.0000000000000000E+000 
                                     656                  2.5742024520924628E-001                 -6.2777421208526363E-001                  6.7607058835259215E+000                 -3.1946762186638000E-001                  1.4455621181986928E+001                  3.9595378370115286E-001                  5.8425897498466162E-001                  1.9787241314185522E-002                  2.0421339546879426E-004                  4.0147129398175101E-012                  0.0000000000000000E+000 
                                     657                  2.5722250368454058E-001                 -6.3435900675647150E-001                  6.7653011020177525E+000                 -3.0042145079103799E-001                  1.4478893390458939E+001                  3.9522756752635552E-001                  5.8498624346648209E-001                  1.9786189007162447E-002                  2.2564491110092360E-004                  5.4689751979574863E-012                  0.0000000000000000E+000 
                                     658                  2.5702476215983333E-001                 -6.4095479672716504E-001                  6.7699214062237072E+000                 -2.8124454558619671E-001                  1.4502310928748086E+001                  3.9447757154791702E-001                  5.8573732740269846E-001                  1.9785101049384579E-002                  2.4939206760101856E-004                  7.4562935826785346E-012                  0.0000000000000000E+000 
                                     659                  2.5682702063512619E-001                 -6.4756007948677285E-001                  6.7735531222129390E+000                 -2.6607873595173115E-001                  1.4520816645760835E+001                  3.9390502932132826E-001                  5.8631070375087813E-001                  1.9784266927793670E-002                  2.6983496398028811E-004                  9.5098703375656538E-012                  0.0000000000000000E+000 
                                     660                  2.5671591220271434E-001                 -6.5127440462401676E-001                  6.7761706901001979E+000                 -2.5520370958910171E-001                  1.4534094530763861E+001                  3.9348050030331294E-001                  5.8673584952904345E-001                  1.9783650167643607E-002                  2.8552049262816796E-004                  1.1326966914968008E-011                  0.0000000000000000E+000 
                                     661                  2.5660480377030243E-001                 -6.5499105179588646E-001                  6.7801021662255199E+000                 -2.3897633319762332E-001                  1.4553924587717276E+001                  3.9282519432014273E-001                  5.8739210508562589E-001                  1.9782700594231373E-002                  3.1066011067344543E-004                  1.4717129807964556E-011                  0.0000000000000000E+000 
                                     662                  2.5638258690547866E-001                 -6.6243246039612580E-001                  6.7853811467904386E+000                 -2.1699673152066606E-001                  1.4580734827266054E+001                  3.9193320314450153E-001                  5.8828538667416952E-001                  1.9781410181328951E-002                  3.4796962249364658E-004                  2.0905956566476096E-011                  0.0000000000000000E+000 
                                     663                  2.5616037004065484E-001                 -6.6987993088366249E-001                  6.7906888892451889E+000                 -1.9487932075143777E-001                  1.4607701341375931E+001                  3.9101762210309698E-001                  5.8920228857729406E-001                  1.9780089319608951E-002                  3.8985794146300377E-004                  2.9721096412500413E-011                  0.0000000000000000E+000 
                                     664                  2.5593815317583113E-001                 -6.7733136183345266E-001                  6.7946971810662387E+000                 -1.7804246875300864E-001                  1.4628194759165066E+001                  3.9031631226375951E-001                  5.8990460705864955E-001                  1.9779080677590932E-002                  4.2482364857289885E-004                  3.8749073155951951E-011                  0.0000000000000000E+000 
                                     665                  2.5582704474341944E-001                 -6.8105677163717049E-001                  6.7973722392282978E+000                 -1.6689053988918623E-001                  1.4641784685355725E+001                  3.8984059007025507E-001                  5.9038101458919212E-001                  1.9778395340552812E-002                  4.4973683940838926E-004                  4.6226785705094128E-011                  0.0000000000000000E+000 
                                     666                  2.5571593631100775E-001                 -6.8478239260415130E-001                  6.8013887748309996E+000                 -1.5026764036980284E-001                  1.4662064572599684E+001                  3.8911473332609520E-001                  5.9110791870244839E-001                  1.9777347971456471E-002                  4.8967444293141415E-004                  6.0199098788936918E-011                  0.0000000000000000E+000 
                                     667                  2.5549371944618471E-001                 -6.9223550880443052E-001                  6.8067793103005441E+000                 -1.2778290001260359E-001                  1.4689453330640548E+001                  3.8813471578293962E-001                  5.9208935163596399E-001                  1.9775932581096445E-002                  5.4895632647164352E-004                  8.5756087818109161E-011                  0.0000000000000000E+000 
                                     668                  2.5527150258136166E-001                 -6.9968641708031720E-001                  6.8121965662791215E+000                 -1.0517908790019495E-001                  1.4716966858373537E+001                  3.8710636521703740E-001                  5.9311918814663522E-001                  1.9774446636327436E-002                  6.1543856235047809E-004                  1.2223001859410854E-010                  0.0000000000000000E+000 
                                     669                  2.5504928571653868E-001                 -7.0713290617552815E-001                  6.8176399037327133E+000                 -8.2456454229779902E-002                  1.4744596904398652E+001                  3.8601296692671050E-001                  5.9421417597439208E-001                  1.9772857098897423E-002                  6.8992948413105245E-004                  1.7430203088983846E-010                  0.0000000000000000E+000 
                                     670                  2.5482706885171569E-001                 -7.1457265665669178E-001                  6.8217480828177841E+000                 -6.5213067281019957E-002                  1.4765564826645031E+001                  3.8523710398813638E-001                  5.9499114932973285E-001                  1.9771746682130775E-002                  7.5225707563687414E-004                  2.2772781384269934E-010                  0.0000000000000000E+000 
                                     671                  2.5471596041930400E-001                 -7.1828847271400087E-001                  6.8244887703885730E+000                 -5.3814553536346593E-002                  1.4779455785640804E+001                  3.8473453818070535E-001                  5.9549442810986253E-001                  1.9771033709432118E-002                  7.9672591087486899E-004                  2.7203161603400441E-010                  0.0000000000000000E+000 
                                     672                  2.5460485198689226E-001                 -7.2200211349757326E-001                  6.8286022255656835E+000                 -3.6857531170796730E-002                  1.4800165103628625E+001                  3.8400270369046002E-001                  5.9622729110143668E-001                  1.9770005208103347E-002                  8.6811711725293496E-004                  3.5490410260207673E-010                  0.0000000000000000E+000 
                                     673                  2.5438263512206855E-001                 -7.2942445932460764E-001                  6.8327463943990683E+000                 -1.9522464079423974E-002                  1.4821278731883474E+001                  3.8326638106367317E-001                  5.9696464086617917E-001                  1.9768978070147658E-002                  9.4689323736576309E-004                  4.6392151430473796E-010                  0.0000000000000000E+000 
                                     674                  2.5427152668965664E-001                 -7.3313045012591371E-001                  6.8355105058412713E+000                 -8.0617413891648053E-003                  1.4835261135646629E+001                  3.8277604085963307E-001                  5.9745565964069469E-001                  1.9768299499672182E-002                  1.0030374326318310E-003                  5.5433953635101338E-010                  0.0000000000000000E+000 
                                     675                  2.5416041825724467E-001                 -7.3683347955572842E-001                  6.8396581842286306E+000                  8.9906543110725226E-003                  1.4856099429110330E+001                  3.8204134287321562E-001                  5.9819136620058211E-001                  1.9767290926202330E-002                  1.0930644652100191E-003                  7.2348707808020579E-010                  0.0000000000000000E+000 
                                     676                  2.5393820139242157E-001                 -7.4423211862288985E-001                  6.8452180898532866E+000                  3.2007956010623180E-002                  1.4884187277155714E+001                  3.8104912500322446E-001                  5.9918494166573166E-001                  1.9765933331043817E-002                  1.2266004642796566E-003                  1.0331628527035807E-009                  0.0000000000000000E+000 
                                     677                  2.5371598452759858E-001                 -7.5161641511555322E-001                  6.8494098635421050E+000                  4.9471775718074998E-002                  1.4905472700466023E+001                  3.8030001977444827E-001                  5.9993506658730900E-001                  1.9764913638242732E-002                  1.3380060017329175E-003                  1.3508476733009344E-009                  0.0000000000000000E+000 
                                     678                  2.5360487609518656E-001                 -7.5530156224813050E-001                  6.8522046098033238E+000                  6.1013243074147731E-002                  1.4919561650458315E+001                  3.7979713602932019E-001                  6.0043863116396456E-001                  1.9764232806715243E-002                  1.4173447034407100E-003                  1.6142370508084895E-009                  0.0000000000000000E+000 
                                     679                  2.5349376766277476E-001                 -7.5898253472964572E-001                  6.8563965179453819E+000                  7.8179680792479708E-002                  1.4940548268959052E+001                  3.7903759001001941E-001                  6.0119919998504712E-001                  1.9763210004933418E-002                  1.5444580443677240E-003                  2.1067177092241801E-009                  0.0000000000000000E+000 
                                     680                  2.5327155079795177E-001                 -7.6633340807753048E-001                  6.8629396745321678E+000                  1.0501939724034487E-001                  1.4973349905777914E+001                  3.7784989461473933E-001                  6.0238848519134947E-001                  1.9761620193911256E-002                  1.7655555994757204E-003                  3.1884392862902262E-009                  0.0000000000000000E+000 
                                     681                  2.5297526164485601E-001                 -7.7610780639168220E-001                  6.8685868792015858E+000                  1.2850651874383007E-001                  1.5001981525115351E+001                  3.7682812249652081E-001                  6.0341162714354457E-001                  1.9760250359934561E-002                  1.9824827559128586E-003                  4.5571720277837205E-009                  0.0000000000000000E+000 
                                     682                  2.5282711706830746E-001                 -7.8097863402021461E-001                  6.8723496894150706E+000                  1.4397000213558489E-001                  1.5020873023681082E+001                  3.7614354574353864E-001                  6.0409712117005865E-001                  1.9759333086402764E-002                  2.1402790272465892E-003                  5.7752983286212635E-009                  0.0000000000000000E+000 
                                     683                  2.5267897249175897E-001                 -7.8583976470181660E-001                  6.8761179973581266E+000                  1.5944162313198199E-001                  1.5039777231490888E+001                  3.7545639659873675E-001                  6.0478519101940720E-001                  1.9758412381856050E-002                  2.3104701804277281E-003                  7.3175216034351209E-009                  0.0000000000000000E+000 
                                     684                  2.5253082791521103E-001                 -7.9069079516370133E-001                  6.8798913735060845E+000                  1.7491950424962768E-001                  1.5058691886977519E+001                  3.7476677823392196E-001                  6.0547573194835524E-001                  1.9757489817722851E-002                  2.4939964719450300E-003                  9.2692951843943907E-009                  0.0000000000000000E+000 
                                     685                  2.5238268333866298E-001                 -7.9553133233977991E-001                  6.8855458564242333E+000                  1.9785272668488030E-001                  1.5086775721574467E+001                  3.7372905815613883E-001                  6.0651483835177578E-001                  1.9756103492085453E-002                  2.7941860870573324E-003                  1.3189293730952464E-008                  0.0000000000000000E+000 
                                     686                  2.5208639418556700E-001                 -8.0518451872105112E-001                  6.8921784802199637E+000                  2.2513951439951599E-001                  1.5120100746883667E+001                  3.7251089922432185E-001                  6.0773462269999756E-001                  1.9754478075680648E-002                  3.1942598706679788E-003                  1.9936430395956912E-008                  0.0000000000000000E+000 
                                     687                  2.5186417732074401E-001                 -8.1239180006319212E-001                  6.8964507165413451E+000                  2.4272889672553510E-001                  1.5141578651245180E+001                  3.7172410011601281E-001                  6.0852246877928540E-001                  1.9753431104701846E-002                  3.4811077034975642E-003                  2.5993817490999789E-008                  0.0000000000000000E+000 
                                     688                  2.5175306888833471E-001                 -8.1598420542616112E-001                  6.8992958730952223E+000                  2.5433923503122252E-001                  1.5155777887359864E+001                  3.7119637094220370E-001                  6.0905089825722014E-001                  1.9752730800576157E-002                  3.6849910201996266E-003                  3.0998121315580223E-008                  0.0000000000000000E+000 
                                     689                  2.5164196045592535E-001                 -8.1956963999043619E-001                  6.9035586331920049E+000                  2.7158752814843462E-001                  1.5176904024878716E+001                  3.7040054420780111E-001                  6.0984777627050746E-001                  1.9751679521691434E-002                  4.0110049193672953E-003                  4.0319102186679118E-008                  0.0000000000000000E+000 
                                     690                  2.5141974359110036E-001                 -8.2672111808090454E-001                  6.9092561467363831E+000                  2.9479599895262021E-001                  1.5205295486882818E+001                  3.6933916594079030E-001                  6.1091056395586452E-001                  1.9750270103345180E-002                  4.4927855472699871E-003                  5.7257508659318374E-008                  0.0000000000000000E+000 
                                     691                  2.5119752672627543E-001                 -8.3384305005052028E-001                  6.9144851350218630E+000                  3.1611773303381757E-001                  1.5231373835443998E+001                  3.6836464267738900E-001                  6.1188638672971485E-001                  1.9748970592896153E-002                  4.9847655141543384E-003                  7.8923313277655040E-008                  0.0000000000000000E+000 
                                     692                  2.5101234600559130E-001                 -8.3975400707004255E-001                  6.9180547649468949E+000                  3.3071019127783446E-001                  1.5249211940074899E+001                  3.6769637748593142E-001                  6.1255553655579820E-001                  1.9748085958270378E-002                  5.3509175467412167E-003                  9.8207659325981750E-008                  0.0000000000000000E+000 
                                     693                  2.5091975564524877E-001                 -8.4270076589072185E-001                  6.9204316004400521E+000                  3.4035511324269629E-001                  1.5261017312029328E+001                  3.6724854535122931E-001                  6.1300395867870305E-001                  1.9747495970067641E-002                  5.6081982851425996E-003                  1.1354683260891302E-007                  0.0000000000000000E+000 
                                     694                  2.5082716528490634E-001                 -8.4564201432594444E-001                  6.9239922597784593E+000                  3.5470075192129069E-001                  1.5278599208619433E+001                  3.6657516383065725E-001                  6.1367822544304451E-001                  1.9746610726298242E-002                  6.0149698638620810E-003                  1.4103532833985621E-007                  0.0000000000000000E+000 
                                     695                  2.5064198456422199E-001                 -8.5150887782058016E-001                  6.9287466954881403E+000                  3.7396199240398947E-001                  1.5302179352744616E+001                  3.6567231535259498E-001                  6.1458225441736458E-001                  1.9745430230040384E-002                  6.6050588622583624E-003                  1.8830021253889881E-007                  0.0000000000000000E+000 
                                     696                  2.5045680384353752E-001                 -8.5735289240647816E-001                  6.9335011887660798E+000                  3.9319759412558702E-001                  1.5325731763933671E+001                  3.6476390820521737E-001                  6.1549184231933574E-001                  1.9744249475446951E-002                  7.2513412105138751E-003                  2.5118786838973411E-007                  0.0000000000000000E+000 
                                     697                  2.5027162312285334E-001                 -8.6317356204561668E-001                  6.9382552723800632E+000                  4.1240418693108188E-001                  1.5349253000316951E+001                  3.6385082305306887E-001                  6.1640611029132120E-001                  1.9743066655609987E-002                  7.9590390886396384E-003                  3.3478251864384426E-007                  0.0000000000000000E+000 
                                     698                  2.5008644240216921E-001                 -8.6897042312950901E-001                  6.9430085269043786E+000                  4.3157950733534983E-001                  1.5372739716964633E+001                  3.6293158751898019E-001                  6.1732653174312968E-001                  1.9741880737890183E-002                  8.7338001155141363E-003                  4.4579113248336359E-007                  0.0000000000000000E+000 
                                     699                  2.4990126168148510E-001                 -8.7474303047388369E-001                  6.9465775508498728E+000                  4.4604700953345205E-001                  1.5390444052260197E+001                  3.6224144224357252E-001                  6.1801756466584490E-001                  1.9740993090582526E-002                  9.3656388333113651E-003                  5.5254032201165321E-007                  0.0000000000000000E+000 
                                     700                  2.4980867132114293E-001                 -8.7761956680438646E-001                  6.9489532995412482E+000                  4.5560458421722000E-001                  1.5402156351677384E+001                  3.6178097607102960E-001                  6.1847862168256551E-001                  1.9740402246404942E-002                  9.8094115927602477E-003                  6.3715109506589764E-007                  0.0000000000000000E+000 
                                     701                  2.4971608096080070E-001                 -8.8048990207080191E-001                  6.9529835778542219E+000                  4.7165857087882912E-001                  1.5421865887834617E+001                  3.6099757407129540E-001                  6.1926302659818278E-001                  1.9739399330521823E-002                  1.0606423548432312E-002                  8.1068834626685497E-007                  0.0000000000000000E+000 
                                     702                  2.4949386409597765E-001                 -8.8735520583514915E-001                  6.9586814666129735E+000                  4.9452628129038434E-001                  1.5449894783110176E+001                  3.5987716156926841E-001                  6.2038486644916835E-001                  1.9737971981563240E-002                  1.1848159917070748E-002                  1.1389299362851970E-006                  0.0000000000000000E+000 
                                     703                  2.4927164723115469E-001                 -8.9418383261644574E-001                  6.9629599371560094E+000                  5.1179085548985792E-001                  1.5471031829577203E+001                  3.5903051229380895E-001                  6.2123258998665931E-001                  1.9736897719531799E-002                  1.2877486419000789E-002                  1.4693843604792835E-006                  0.0000000000000000E+000 
                                     704                  2.4916053879874211E-001                 -8.9758330280491228E-001                  6.9658068550973509E+000                  5.2317395441188264E-001                  1.5484990169775434E+001                  3.5846198679278096E-001                  6.2180183472919692E-001                  1.9736178478022115E-002                  1.3607888100067909E-002                  1.7397527719667307E-006                  0.0000000000000000E+000 
                                     705                  2.4904943036632957E-001                 -9.0097340311475360E-001                  6.9700690196458179E+000                  5.4006609955412033E-001                  1.5505735357563539E+001                  3.5760305947914245E-001                  6.2266184550524162E-001                  1.9735095015615878E-002                  1.4774224591104924E-002                  2.2382711717417895E-006                  0.0000000000000000E+000 
                                     706                  2.4882721350150661E-001                 -9.0772702150872453E-001                  6.9744939212016872E+000                  5.5781930310555372E-001                  1.5527484724335432E+001                  3.5670577210829219E-001                  6.2356026162821288E-001                  1.9733966263494995E-002                  1.6099613171714690E-002                  2.9070169766613549E-006                  0.0000000000000000E+000 
                                     707                  2.4870426906648843E-001                 -9.1144624152578058E-001                  6.9776407067617523E+000                  5.7033362928814568E-001                  1.5542841336091515E+001                  3.5606675411923067E-001                  6.2420008104243152E-001                  1.9733164838337869E-002                  1.7110447431838521E-002                  3.4986346125374471E-006                  0.0000000000000000E+000 
                                     708                  2.4858132463147040E-001                 -9.1515371160591874E-001                  6.9823510002803078E+000                  5.8887658586822067E-001                  1.5565639362053517E+001                  3.5510852041859992E-001                  6.2515951292164884E-001                  1.9731966659751299E-002                  1.8737363579370604E-002                  4.6116410073522855E-006                  0.0000000000000000E+000 
                                     709                  2.4833543576143369E-001                 -9.2253553153847356E-001                  6.9870761917879687E+000                  6.0773180557299278E-001                  1.5588761770796356E+001                  3.5414811183578748E-001                  6.2612111636943668E-001                  1.9730771794775892E-002                  2.0541130306793751E-002                  6.0831917003740637E-006                  0.0000000000000000E+000 
                                     710                  2.4821249132641443E-001                 -9.2620746043868685E-001                  6.9902200105312540E+000                  6.2014309103451837E-001                  1.5604011336128778E+001                  3.5350523606703199E-001                  6.2676478984810891E-001                  1.9729974084859103E-002                  2.1832193993745704E-002                  7.3085136204499162E-006                  0.0000000000000000E+000 
                                     711                  2.4808954689139520E-001                 -9.2986745925535863E-001                  6.9933632569473323E+000                  6.3252707146073950E-001                  1.5619232470699794E+001                  3.5286073384658384E-001                  6.2741008987163294E-001                  1.9729176281783278E-002                  2.3205628125042756E-002                  8.7768929861954803E-006                  0.0000000000000000E+000 
                                     712                  2.4796660245637708E-001                 -9.3351549505823650E-001                  6.9965060297032071E+000                  6.4488361987168719E-001                  1.5634424555279708E+001                  3.5221330027132863E-001                  6.2805832436735365E-001                  1.9728375361317774E-002                  2.4667081384235161E-002                  1.0535637709011199E-005                  0.0000000000000000E+000 
                                     713                  2.4784365802135896E-001                 -9.3715153574048360E-001                  6.9989027285301608E+000                  6.5432427882565858E-001                  1.5646026549086972E+001                  3.5171746540322213E-001                  6.2855477115556313E-001                  1.9727763441214741E-002                  2.5846877782331797E-002                  1.2108064968229999E-005                  0.0000000000000000E+000 
                                     714                  2.4777922680319708E-001                 -9.3905212725755349E-001                  7.0005494990024779E+000                  6.6077612227582649E-001                  1.5653963843369192E+001                  3.5137714304821699E-001                  6.2889551296809287E-001                  1.9727343983690138E-002                  2.6689615961555349E-002                  1.2332303660913122E-005                  7.3699286233406587E-054 
                                     715                  2.4771479558503515E-001                 -9.4094941751479655E-001                  7.0030172152834442E+000                  6.7038980299450179E-001                  1.5665803633635985E+001                  3.5086666184151050E-001                  6.2940662097366828E-001                  1.9726717184821219E-002                  2.8003291736420795E-002                  1.4213254298593677E-005                  1.0673010999814779E-053 
                                     716                  2.4758593314871127E-001                 -9.4473440321978996E-001                  7.0079476581933200E+000                  6.8946862782635765E-001                  1.5689330547381189E+001                  3.4984570586921243E-001                  6.3042882782800236E-001                  1.9725466302785266E-002                  3.0827868975510792E-002                  1.8856149437127878E-005                  2.2307745715034617E-053 
                                     717                  2.4732820827606344E-001                 -9.5226718597583904E-001                  7.0128967731125309E+000                  7.0885673806100236E-001                  1.5713184045962823E+001                  3.4882533854967945E-001                  6.3145044028823538E-001                  1.9724221162085165E-002                  3.3990410430093584E-002                  2.5036278484759991E-005                  4.6689854159086379E-053 
                                     718                  2.4719934583973902E-001                 -9.5601252732390718E-001                  7.0161899662077749E+000                  7.2160599099023259E-001                  1.5728904310683463E+001                  3.4814353718668656E-001                  6.3213307016117348E-001                  1.9723392652139959E-002                  3.6273188081908707E-002                  3.0208820078926380E-005                  7.6163308615831248E-053 
                                     719                  2.4707048340341414E-001                 -9.5974467196266122E-001                  7.0194831710080363E+000                  7.3431936546388854E-001                  1.5744588421514024E+001                  3.4746061827067959E-001                  6.3281681684402002E-001                  1.9722564885300331E-002                  3.8719247353471112E-002                  3.6433675941772628E-005                  1.2408306011824403E-052 
                                     720                  2.4694162096709033E-001                 -9.6346363479465591E-001                  7.0227763944464829E+000                  7.4699643904977941E-001                  1.5760235869420272E+001                  3.4677638039892600E-001                  6.3350187993988727E-001                  1.9721739661186732E-002                  4.1341423806850262E-002                  4.3921113680682748E-005                  2.0189401132664076E-052 
                                     721                  2.4681275853076648E-001                 -9.6716943493320551E-001                  7.0266160439140455E+000                  7.6169191311487061E-001                  1.5778394194466459E+001                  3.4597663700853087E-001                  6.3430258326521105E-001                  1.9720779726258075E-002                  4.4636866534171225E-002                  5.4578434440555516E-005                  3.5549207699821533E-052 
                                     722                  2.4664094194900094E-001                 -9.7209046996112392E-001                  7.0310068977011069E+000                  7.7848062598482837E-001                  1.5799142678212700E+001                  3.4506151148995129E-001                  6.3521880457532942E-001                  1.9719683934719345E-002                  4.8761716258582534E-002                  6.9924823395832762E-005                  6.7760016858230391E-052 
                                     723                  2.4646912536723545E-001                 -9.7698821428490223E-001                  7.0353975572929448E+000                  7.9520194405846367E-001                  1.5819823152147512E+001                  3.4414463452401445E-001                  6.3613677493016796E-001                  1.9718590545817594E-002                  5.3301554989593443E-002                  8.9511993415114483E-005                  1.2885921022035067E-051 
                                     724                  2.4629730878546990E-001                 -9.8186275172401316E-001                  7.0386944838065748E+000                  8.0777911720773210E-001                  1.5835372773899659E+001                  3.4345548404109622E-001                  6.3682674467350486E-001                  1.9717771285398866E-002                  5.7022551044607322E-002                  1.0770745587365315E-004                  2.0854867317877349E-051 
                                     725                  2.4621140049458731E-001                 -9.8429101554238019E-001                  7.0408895243854195E+000                  8.1608698519571121E-001                  1.5845659682875938E+001                  3.4299587363768930E-001                  6.3728689957380202E-001                  1.9717226788508624E-002                  5.9649813820603442E-002                  1.2178474170651638E-004                  2.8708875220180634E-051 
                                     726                  2.4612549220370478E-001                 -9.8671351770790239E-001                  7.0436313451083299E+000                  8.2641377862103882E-001                  1.5858458938446990E+001                  3.4242211685929047E-001                  6.3786133456227456E-001                  1.9716548578434967E-002                  6.3117329664453631E-002                  1.4193159167487991E-004                  4.2756081932971496E-051 
                                     727                  2.4599662976738132E-001                 -9.9033670602618584E-001                  7.0469230621409373E+000                  8.3881207442613459E-001                  1.5873824273705528E+001                  3.4173052167195911E-001                  6.3855374501245010E-001                  1.9715733315590844E-002                  6.7578429926194783E-002                  1.7051155194537613E-004                  6.8903692671909337E-051 
                                     728                  2.4586776733105786E-001                 -9.9394700293909555E-001                  7.0502141179916320E+000                  8.5117172848710110E-001                  1.5889149625162540E+001                  3.4103703209729475E-001                  6.3924805006301511E-001                  1.9714917839690149E-002                  7.2388218047875888E-002                  2.0474913961130456E-004                  1.1089168314401002E-050 
                                     729                  2.4573890489473402E-001                 -9.9754445461453289E-001                  7.0535044608278676E+000                  8.6349265880274839E-001                  1.5904434696765168E+001                  3.4034130651334743E-001                  6.3994459210065213E-001                  1.9714101386000493E-002                  7.7575598037466859E-002                  2.4573635338562960E-004                  1.7822404238078643E-050 
                                     730                  2.4561004245841017E-001                 -1.0011291088946903E+000                  7.0567937255939190E+000                  8.7577496740790095E-001                  1.5919679212102563E+001                  3.3964334491578435E-001                  6.4064337112963077E-001                  1.9713283954584826E-002                  8.3172680328294946E-002                  2.9477396939960070E-004                  2.8603952180656522E-050 
                                     731                  2.4548118002208533E-001                 -1.0047010137795691E+000                  7.0600818710453721E+000                  8.8801824295823206E-001                  1.5934882913590471E+001                  3.3894358048057038E-001                  6.4134395218271556E-001                  1.9712467336714057E-002                  8.9216893043656043E-002                  3.5342021512533141E-004                  4.5843283073551070E-050 
                                     732                  2.4535231758576090E-001                 -1.0082602216861087E+000                  7.0633687516643020E+000                  9.0022253000900399E-001                  1.5950045562273861E+001                  3.3824173017346265E-001                  6.4204661909521643E-001                  1.9711650731320862E-002                  9.5748714120864373E-002                  4.2351965749684622E-004                  7.3368468287641537E-050 
                                     733                  2.4522345514943608E-001                 -1.0118067857233910E+000                  7.0666542269023278E+000                  9.1238743574737458E-001                  1.5965166937124186E+001                  3.3753848554874394E-001                  6.4275067883266124E-001                  1.9710835618594880E-002                  1.0280228340882991E-001                  5.0724883223808722E-004                  1.1725165863646160E-049 
                                     734                  2.4509459271311165E-001                 -1.0153407633002327E+000                  7.0704830439833373E+000                  9.2648499364807235E-001                  1.5982710018773810E+001                  3.3671835294045699E-001                  6.4357175963730895E-001                  1.9709887422234118E-002                  1.1174907169233193E-001                  6.2552989900848245E-004                  2.0213733508935268E-049 
                                     735                  2.4492277613134592E-001                 -1.0200336166469062E+000                  7.0748585562085315E+000                  9.4258399935142489E-001                  1.6002743996156784E+001                  3.3577569858664180E-001                  6.4451550152995207E-001                  1.9708799883406125E-002                  1.2304567244517291E-001                  7.9431212232654606E-004                  3.7597325966697444E-049 
                                     736                  2.4475095954958020E-001                 -1.0247043331801067E+000                  7.0792307758362885E+000                  9.5861414836554948E-001                  1.6022703458622743E+001                  3.3482742106393321E-001                  6.4546486975041251E-001                  1.9707709185654343E-002                  1.3557947552622029E-001                  1.0076418782790210E-003                  6.9748307662753010E-049 
                                     737                  2.4457914296781474E-001                 -1.0293530456172815E+000                  7.0825114407871830E+000                  9.7066549483822262E-001                  1.6037701612356340E+001                  3.3411301137059707E-001                  6.4618009871416315E-001                  1.9706889915239723E-002                  1.4592819747653446E-001                  1.2041215511664949E-003                  1.1076997328052040E-048 
                                     738                  2.4449323467693235E-001                 -1.0316689052196377E+000                  7.0846948625509611E+000                  9.7862771229783874E-001                  1.6047623843751712E+001                  3.3363428423806141E-001                  6.4665937315439814E-001                  1.9706342607540450E-002                  1.5327213756410937E-001                  1.3552088150739032E-003                  1.5057400283013766E-048 
                                     739                  2.4440732638605001E-001                 -1.0339793172579230E+000                  7.0879643649412669E+000                  9.9046592893878027E-001                  1.6062395567107085E+001                  3.3291337965731793E-001                  6.4738110183361741E-001                  1.9705518509064657E-002                  1.6500788482728701E-001                  1.6168057030933104E-003                  2.3814823206928767E-048 
                                     740                  2.4423550980428449E-001                 -1.0385844357708893E+000                  7.0923249384454978E+000                  1.0062884631642255E+000                  1.6082129591549037E+001                  3.3195047239209513E-001                  6.4834510207776341E-001                  1.9704425530141512E-002                  1.8223732762889958E-001                  2.0449374206742534E-003                  4.3827503360460989E-048 
                                     741                  2.4406369322251875E-001                 -1.0431679801702407E+000                  7.0955962302620819E+000                  1.0181808067251548E+000                  1.6096956186943896E+001                  3.3122824269576767E-001                  6.4906814988384587E-001                  1.9703607420386460E-002                  1.9647513598750230E-001                  2.4381875997803240E-003                  6.9180949222242793E-048 
                                     742                  2.4397778493163691E-001                 -1.0454514393206462E+000                  7.0977732204108399E+000                  1.0260379565442719E+000                  1.6106765196903755E+001                  3.3074522588987165E-001                  6.4955171060165273E-001                  1.9703063508475616E-002                  2.0659190113308046E-001                  2.7400039988727080E-003                  9.3657950304740821E-048 
                                     743                  2.4389187664075501E-001                 -1.0477295693126296E+000                  7.0999490211514473E+000                  1.0338778394564432E+000                  1.6116555254542025E+001                  3.3026106103185981E-001                  6.5003641824820690E-001                  1.9702520719933281E-002                  2.1726512942433482E-001                  3.0783851942257265E-003                  1.2670827658496699E-047 
                                     744                  2.4380596834987317E-001                 -1.0500023894298716E+000                  7.1021236020206340E+000                  1.0417004725419234E+000                  1.6126326343983685E+001                  3.2977574765360007E-001                  6.5052227328372780E-001                  1.9701979062672126E-002                  2.2852472973058657E-001                  3.4576563349202915E-003                  1.7130360647342611E-047 
                                     745                  2.4372006005899133E-001                 -1.0522699190931015E+000                  7.1053794953274041E+000                  1.0533317196947132E+000                  1.6140873597100356E+001                  3.2904548119042715E-001                  6.5125334997397366E-001                  1.9701168835599248E-002                  2.4651908689661514E-001                  4.1125530943620136E-003                  2.6872683186952795E-047 
                                     746                  2.4354824347722578E-001                 -1.0567897222925626E+000                  7.1097208744258111E+000                  1.0688749418311376E+000                  1.6160304267694944E+001                  3.2807086102466188E-001                  6.5222905657394381E-001                  1.9700082401394314E-002                  2.7300432889253651E-001                  5.1804482831667451E-003                  4.8912781682438879E-047 
                                     747                  2.4337642689546007E-001                 -1.0612886031510256E+000                  7.1140568518961649E+000                  1.0843481055537068E+000                  1.6179658879435298E+001                  3.2709470494394538E-001                  6.5320630189818130E-001                  1.9698993157873268E-002                  3.0252851684544713E-001                  6.5189474038057560E-003                  8.8779747136853835E-047 
                                     748                  2.4320461031369436E-001                 -1.0657667363822672E+000                  7.1173087063251597E+000                  1.0959776041882716E+000                  1.6194197414210095E+001                  3.2635895797519016E-001                  6.5394286761511455E-001                  1.9698174409695346E-002                  3.2695057437974073E-001                  7.7426091872255676E-003                  1.3867996671476197E-046 
                                     749                  2.4311870202281141E-001                 -1.0679978122940101E+000                  7.1194724552169335E+000                  1.1036615135731254E+000                  1.6203816479026372E+001                  3.2586786188479056E-001                  6.5443451090499682E-001                  1.9697627210212620E-002                  3.4433712033547642E-001                  8.6788244563225387E-003                  1.8644147632850584E-046 
                                     750                  2.4303279373192843E-001                 -1.0702237653499078E+000                  7.1221735642209394E+000                  1.1132131547215822E+000                  1.6215783750852580E+001                  3.2525423717226160E-001                  6.5504882214071114E-001                  1.9696940687027320E-002                  3.6739549411590983E-001                  1.0004969590148613E-002                  2.6954492361896541E-046 
                                     751                  2.4290393129560464E-001                 -1.0735533001379334E+000                  7.1254134098479813E+000                  1.1246754706108695E+000                  1.6230141802312847E+001                  3.2451484718560825E-001                  6.5578903284982437E-001                  1.9696119964567327E-002                  3.9726866123234317E-001                  1.1861997353462937E-002                  4.1904781858340267E-046 
                                     752                  2.4277506885928085E-001                 -1.0768714255513858E+000                  7.1286496624566213E+000                  1.1361000676798469E+000                  1.6244457119742066E+001                  3.2377235473305910E-001                  6.5653234369470370E-001                  1.9695301572237200E-002                  4.2968180521745575E-001                  1.4055413436486797E-002                  6.5042850966445223E-046 
                                     753                  2.4264620642295701E-001                 -1.0801782080196429E+000                  7.1318822032336939E+000                  1.1474870296686868E+000                  1.6258729739017532E+001                  3.2302692950581552E-001                  6.5727858643695003E-001                  1.9694484057234396E-002                  4.6482875788054084E-001                  1.6644883072924204E-002                  1.0079410658029843E-045 
                                     754                  2.4251734398663316E-001                 -1.0834737144399262E+000                  7.1348427800907865E+000                  1.1579077334253849E+000                  1.6271791520627367E+001                  3.2234048119052633E-001                  6.5796578241063586E-001                  1.9693736398837869E-002                  4.9963967052868807E-001                  1.9426833071320738E-002                  1.5040858934577339E-045 
                                     755                  2.4240995862302953E-001                 -1.0862113321690234E+000                  7.1375306454754970E+000                  1.1673394782708548E+000                  1.6283619912834563E+001                  3.2171467028640088E-001                  6.5859227356177241E-001                  1.9693056151826704E-002                  5.3358424587874786E-001                  2.2347226743542063E-002                  2.1613492166905410E-045 
                                     756                  2.4230257325942592E-001                 -1.0889412044673821E+000                  7.1415519468154596E+000                  1.1813359279869848E+000                  1.6301200100843047E+001                  3.2077352114458302E-001                  6.5953444381245574E-001                  1.9692035042961242E-002                  5.8863845421989935E-001                  2.7538388677821608E-002                  3.7110560937073263E-045 
                                     757                  2.4208780253221859E-001                 -1.0943788138244492E+000                  7.1455769379088698E+000                  1.1954823542458568E+000                  1.6318931080835785E+001                  3.1982803561707668E-001                  6.6048095024061049E-001                  1.9691014142312779E-002                  6.4969866805299903E-001                  3.3938367092863929E-002                  6.3695038414965950E-045 
                                     758                  2.4198041716861507E-001                 -1.0970856844923673E+000                  7.1482531301469807E+000                  1.2048111896526685E+000                  1.6330641503768039E+001                  3.1919506163213429E-001                  6.6111460528705235E-001                  1.9690333080813360E-002                  6.9357142519179871E-001                  3.8981450863393018E-002                  9.1110972863326636E-045 
                                     759                  2.4187303180501168E-001                 -1.0997849644622779E+000                  7.1509262047636275E+000                  1.2141146635477458E+000                  1.6342322537155045E+001                  3.1856018957377208E-001                  6.6175015867180020E-001                  1.9689651754427717E-002                  7.4017064229760199E-001                  4.4756917645131254E-002                  1.3017675779871907E-044 
                                     760                  2.4176564644140791E-001                 -1.1024766914179063E+000                  7.1535960828243974E+000                  1.2233930848561871E+000                  1.6353974229730493E+001                  3.1792304756136247E-001                  6.6238798261638798E-001                  1.9688969822249547E-002                  7.8969755882057235E-001                  5.1370844572815232E-002                  1.8577733948193582E-044 
                                     761                  2.4165826107780414E-001                 -1.1051609016218622E+000                  7.1565284331427241E+000                  1.2335552564269796E+000                  1.6366741947662209E+001                  3.1722099457347813E-001                  6.6309079082892175E-001                  1.9688214597600062E-002                  8.4748051495891374E-001                  5.9745657614767557E-002                  2.7431064560353833E-044 
                                     762                  2.4152939864148024E-001                 -1.1083721664827124E+000                  7.1597234785844073E+000                  1.2446234008378547E+000                  1.6380647104944817E+001                  3.1645212805533451E-001                  6.6386046724178016E-001                  1.9687404702885325E-002                  9.1466964779964621E-001                  7.0434048218269332E-002                  4.1903437151924626E-044 
                                     763                  2.4140053620515634E-001                 -1.1115727250372192E+000                  7.1629135197953362E+000                  1.2556559783261614E+000                  1.6394510267702664E+001                  3.1568035762412883E-001                  6.6463306325277460E-001                  1.9686579123096570E-002                  9.8624047905071821E-001                  8.2983511778745953E-002                  6.3902692121745607E-044 
                                     764                  2.4127167376883152E-001                 -1.1147626389814922E+000                  7.1660983975625347E+000                  1.2666528430689705E+000                  1.6408331538587827E+001                  3.1490656339935941E-001                  6.6540768935282679E-001                  1.9685747247813801E-002                  1.0622150723950041E+000                  9.7723154712143143E-002                  9.7284557760906504E-044 
                                     765                  2.4114281133250703E-001                 -1.1179419720782939E+000                  7.1692779508787066E+000                  1.2776122165579331E+000                  1.6422111024846380E+001                  3.1413507071065833E-001                  6.6617999625859836E-001                  1.9684933030743368E-002                  1.1425665760746961E+000                  1.1503679429513594E-001                  1.4784497366536345E-043 
                                     766                  2.4101394889618355E-001                 -1.1211108022171066E+000                  7.1724520131363532E+000                  1.2885382991567407E+000                  1.6435848839878410E+001                  3.1335764489904994E-001                  6.6695825497059535E-001                  1.9684100130354709E-002                  1.2273276480771085E+000                  1.3535961920447223E-001                  2.2429852162547276E-043 
                                     767                  2.4088508645986004E-001                 -1.1242691775764002E+000                  7.1756204102204082E+000                  1.2994304682912312E+000                  1.6449545099281718E+001                  3.1257622953483616E-001                  6.6774052442478005E-001                  1.9683246040383739E-002                  1.3163144526569830E+000                  1.5918056191397137E-001                  3.3969770478623033E-043 
                                     768                  2.4075622402353658E-001                 -1.1274171517051295E+000                  7.1787829666675336E+000                  1.3102890149789326E+000                  1.6463199921419790E+001                  3.1179086055391320E-001                  6.6852673464501822E-001                  1.9682404801068643E-002                  1.4095173100063232E+000                  1.8714785515125690E-001                  5.1357028614703960E-043 
                                     769                  2.4062736158721312E-001                 -1.1305547768947424E+000                  7.1819395050471186E+000                  1.3211147034083943E+000                  1.6476813427145537E+001                  3.1100058584119417E-001                  6.6931784090947444E-001                  1.9681573249331397E-002                  1.5068587971062488E+000                  2.1995649390748626E-001                  7.7507888441998573E-043 
                                     770                  2.4049849915088933E-001                 -1.1336821007220430E+000                  7.1850898457945425E+000                  1.3319060599217478E+000                  1.6490385739111698E+001                  3.1020914400779931E-001                  6.7011012631100342E-001                  1.9680729681197273E-002                  1.6083020773053280E+000                  2.5841695010916382E-001                  1.1676552304914125E-042 
                                     771                  2.4036963671456557E-001                 -1.1367991822429773E+000                  7.1874499836915025E+000                  1.3400112247058926E+000                  1.6500573490612954E+001                  3.0961489472942083E-001                  6.7070501725659259E-001                  1.9680088013986574E-002                  1.6872700821967828E+000                  2.9158038613277543E-001                  1.5864438735719275E-042 
                                     772                  2.4030520549640336E-001                 -1.1383538116165641E+000                  7.1890203642570762E+000                  1.3453810771244428E+000                  1.6507328460114767E+001                  3.0921815556222254E-001                  6.7110218450536629E-001                  1.9679659932411164E-002                  1.7410731935563875E+000                  3.1595314777236100E-001                  1.9445630386053864E-042 
                                     773                  2.4024077427824111E-001                 -1.1399059023415794E+000                  7.1913713175128162E+000                  1.3533867880509922E+000                  1.6517406697516368E+001                  3.0862181536599792E-001                  6.7169917102835475E-001                  1.9679013605647278E-002                  1.8235877399477129E+000                  3.5629622786441256E-001                  2.6357623085156907E-042 
                                     774                  2.4011191184191685E-001                 -1.1430026689385913E+000                  7.1960587348851597E+000                  1.3692789471674049E+000                  1.6537427901938702E+001                  3.0742599714685820E-001                  6.7289629284083319E-001                  1.9677710012308669E-002                  1.9954951038009709E+000                  4.5268752699377651E-001                  4.8245826145902175E-042 
                                     775                  2.3985418696926805E-001                 -1.1491673983713786E+000                  7.2007420299076363E+000                  1.3853696498958272E+000                  1.6557637905191850E+001                  3.0622104919972915E-001                  6.7410255374226402E-001                  1.9676397058006834E-002                  2.1792231241634079E+000                  5.7530821464727377E-001                  8.8177811726364747E-042 
                                     776                  2.3972532453294443E-001                 -1.1522340546027241E+000                  7.2038514126571433E+000                  1.3959663538254936E+000                  1.6570965799963908E+001                  3.0541292484493626E-001                  6.7491156050006229E-001                  1.9675514655001392E-002                  2.3074137927202947E+000                  6.7443128825134369E-001                  1.3139802624868878E-041 
                                     777                  2.3959646209662083E-001                 -1.1552907593037680E+000                  7.2084958783843520E+000                  1.4116745920693836E+000                  1.6590747820992117E+001                  3.0419345726998526E-001                  6.7613236178190417E-001                  1.9674180948110576E-002                  2.5090601390141507E+000                  8.5491990295159537E-001                  2.3789692978710921E-041 
                                     778                  2.3933873722397289E-001                 -1.1613758067144357E+000                  7.2131338083192666E+000                  1.4275769257088824E+000                  1.6610712817416584E+001                  3.0296710982242642E-001                  6.7736005462759330E-001                  1.9672835549980228E-002                  2.7260854703068111E+000                  1.0837288909927671E+000                  4.2996171117065306E-041 
                                     779                  2.3920987478764927E-001                 -1.1644028866384657E+000                  7.2162124031043016E+000                  1.4380509111008959E+000                  1.6623880449945116E+001                  3.0214644101234783E-001                  6.7818162534502580E-001                  1.9671933642626316E-002                  2.8784340059056275E+000                  1.2680570354902245E+000                  6.3593926406688623E-041 
                                     780                  2.3908101235132553E-001                 -1.1674201728120817E+000                  7.2192829164521104E+000                  1.4484951012602905E+000                  1.6637008346946079E+001                  3.0132233340281983E-001                  6.7900663945908324E-001                  1.9671027138096875E-002                  3.0378912691975737E+000                  1.4829964384695902E+000                  9.3882213117223126E-041 
                                     781                  2.3895214991500102E-001                 -1.1704277001489105E+000                  7.2223452174039657E+000                  1.4589105268928224E+000                  1.6650096643571079E+001                  3.0049322683103002E-001                  6.7983665641849012E-001                  1.9670116750479805E-002                  3.2048349783819243E+000                  1.7332915493654479E+000                  1.3833600600587903E-040 
                                     782                  2.3882328747867676E-001                 -1.1734254969690454E+000                  7.2253991816534624E+000                  1.4692977350402883E+000                  1.6663145473828120E+001                  2.9965851991803388E-001                  6.8067227856719859E-001                  1.9669201514767476E-002                  3.3796313675817431E+000                  2.0245838355208456E+000                  2.0345638441778182E-040 
                                     783                  2.3869442504235255E-001                 -1.1764135883089590E+000                  7.2280651867112864E+000                  1.4783816191793240E+000                  1.6674549936158854E+001                  2.9892401881291969E-001                  6.8140758464122753E-001                  1.9668396545852840E-002                  3.5394690223130052E+000                  2.3183339440259161E+000                  2.8475123319499364E-040 
                                     784                  2.3859777821510958E-001                 -1.1786482343994420E+000                  7.2303445298742082E+000                  1.4861338556701753E+000                  1.6684284679657917E+001                  2.9829285761727353E-001                  6.8203943681622059E-001                  1.9667705566505878E-002                  3.6815090343107686E+000                  2.6025710945563461E+000                  3.7934800881222371E-040 
                                     785                  2.3850113138786666E-001                 -1.1808774513206473E+000                  7.2337517581308042E+000                  1.4976627519330801E+000                  1.6698773527236284E+001                  2.9734165854017863E-001                  6.8299167554353901E-001                  1.9666665916282300E-002                  3.9030618516597757E+000                  3.0925962514443248E+000                  5.8177799627543185E-040 
                                     786                  2.3830783773338193E-001                 -1.1853201675904952E+000                  7.2380305621821508E+000                  1.5122378605560456E+000                  1.6717061575098427E+001                  2.9613939374977927E-001                  6.8419525005700010E-001                  1.9665356193220629E-002                  4.1995316517296191E+000                  3.8401133143180095E+000                  9.9437278939948770E-040 
                                     787                  2.3813602115161667E-001                 -1.1892510040658286E+000                  7.2410417531490285E+000                  1.5225341169065747E+000                  1.6729965736721681E+001                  2.9528324088956892E-001                  6.8505233408029798E-001                  1.9664425030133104E-002                  4.4204436652400485E+000                  4.4713394850866024E+000                  1.4489098473498726E-039 
                                     788                  2.3805011286073283E-001                 -1.1912098636143549E+000                  7.2425435096111883E+000                  1.5276574345441467E+000                  1.6736388575970274E+001                  2.9485392401332766E-001                  6.8548211682688842E-001                  1.9663959159783917E-002                  4.5343215186117005E+000                  4.8234311629514091E+000                  1.7475308361028020E-039 
                                     789                  2.3800715871529088E-001                 -1.1921876803965838E+000                  7.2435431051894525E+000                  1.5310602018590136E+000                  1.6740655608599450E+001                  2.9456664088791545E-001                  6.8576971109674179E-001                  1.9663648015342705E-002                  4.6114654758212454E+000                  5.0727962102707611E+000                  1.9793977460442828E-039 
                                     790                  2.3796420456984896E-001                 -1.1931644375085302E+000                  7.2444169986697764E+000                  1.5340376006815026E+000                  1.6744387796148377E+001                  2.9431387757519684E-001                  6.8602274757662307E-001                  1.9663374848180037E-002                  4.6799220041429335E+000                  5.3012765870062024E+000                  2.2070541585968723E-039 
                                     791                  2.3793198896076767E-001                 -1.1938963071760533E+000                  7.2451653765844330E+000                  1.5365853920955406E+000                  1.6747582438847143E+001                  2.9409838444167008E-001                  6.8623847365493718E-001                  1.9663141903392800E-002                  4.7392189619272669E+000                  5.5050177851716375E+000                  2.4225474126375971E-039 
                                     792                  2.3789977335168644E-001                 -1.1946275820881778E+000                  7.2462866084437447E+000                  1.5403954812148142E+000                  1.6752362038382962E+001                  2.9377629187622789E-001                  6.8656091414465159E-001                  1.9662793979120519E-002                  4.8293116589432987E+000                  5.8248196452752508E+000                  2.7850403768575376E-039 
                                     793                  2.3783534213352395E-001                 -1.1960883704324634E+000                  7.2477799488342214E+000                  1.5454787821030243E+000                  1.6758736988352677E+001                  2.9334817942563834E-001                  6.8698948736553744E-001                  1.9662333208824156E-002                  4.9517682729741512E+000                  6.2796999328691046E+000                  3.3529601147305330E-039 
                                     794                  2.3777091091536190E-001                 -1.1975467911114253E+000                  7.2492710059796757E+000                  1.5505547147405627E+000                  1.6765102343700775E+001                  2.9292023277401780E-001                  6.8741789443115486E-001                  1.9661872794827340E-002                  5.0767662620723311E+000                  6.7690270213019588E+000                  4.0347447890763587E-039 
                                     795                  2.3770647969719980E-001                 -1.1990028488757474E+000                  7.2503700911820221E+000                  1.5543031257244830E+000                  1.6769801365356617E+001                  2.9260516673868719E-001                  6.8773329830147567E-001                  1.9661534959837135E-002                  5.1707766712812102E+000                  7.1538970265230306E+000                  4.6241169024819535E-039 
                                     796                  2.3767582087735120E-001                 -1.1996948595675871E+000                  7.2510779849236151E+000                  1.5567131699587509E+000                  1.6772823477354017E+001                  2.9240181280052185E-001                  6.8793687070739795E-001                  1.9661316492080250E-002                  5.2320711039033370E+000                  7.4131078249610525E+000                  5.0481594762145722E-039 
                                     797                  2.3764516205750258E-001                 -1.2003863369719299E+000                  7.2521386105193431E+000                  1.5603183379400691E+000                  1.6777345560209611E+001                  2.9209682264696191E-001                  6.8824218843604001E-001                  1.9660988916998079E-002                  5.3250231900617369E+000                  7.8189031207910666E+000                  5.7567271544632868E-039 
                                     798                  2.3758384441780503E-001                 -1.2017677096473303E+000                  7.2531985309162845E+000                  1.5639336738525365E+000                  1.6781876885314116E+001                  2.9179148373343472E-001                  6.8854785540088026E-001                  1.9660660865685076E-002                  5.4194927570818479E+000                  8.2466551317076835E+000                  6.5639215507118993E-039 
                                     799                  2.3755318559795649E-001                 -1.2024575897914798E+000                  7.2539043338731188E+000                  1.5663367512034485E+000                  1.6784890350237085E+001                  2.9158901817514477E-001                  6.8875053780660023E-001                  1.9660444018255063E-002                  5.4831829672218904E+000                  8.5442060562234818E+000                  7.1626931518666069E-039 
                                     800                  2.3752252677810801E-001                 -1.2031469392091609E+000                  7.2546096118269050E+000                  1.5687378069146927E+000                  1.6787901657691915E+001                  2.9138736223940237E-001                  6.8895240907839894E-001                  1.9660228682198744E-002                  5.5474956999226368E+000                  8.8521658587564716E+000                  7.8151951068860635E-039 
                                     801                  2.3749186795825938E-001                 -1.2038357589924167E+000                  7.2553143639045414E+000                  1.5711367445259419E+000                  1.6790910809436745E+001                  2.9118671878874247E-001                  6.8915326599256044E-001                  1.9660015218697091E-002                  5.6124402143478980E+000                  9.1708873814759890E+000                  8.5261553895940650E-039 
                                     802                  2.3746120913841084E-001                 -1.2045240503898273E+000                  7.2565094081083146E+000                  1.5751945648969976E+000                  1.6796004199993707E+001                  2.9084814828797484E-001                  6.8949219499665593E-001                  1.9659656715369289E-002                  5.7240019829367768E+000                  9.7373141060085402E+000                  9.8810834571862284E-039 
                                     803                  2.3738775516138524E-001                 -1.2061709810038284E+000                  7.2581935810993059E+000                  1.5809346998601848E+000                  1.6803196309860116E+001                  2.9035584993169555E-001                  6.8998502002960849E-001                  1.9659130038695904E-002                  5.8842283631090782E+000                  1.0594929903790430E+001                  1.2163254785875350E-038 
                                     804                  2.3731430118435962E-001                 -1.2078148658780730E+000                  7.2594550313177955E+000                  1.5852476477844568E+000                  1.6808592246717343E+001                  2.8997789439062494E-001                  6.9036338069739578E-001                  1.9658724911979286E-002                  6.0066015105303512E+000                  1.1285908411734427E+001                  1.4210728804176626E-038 
                                     805                  2.3727757419584808E-001                 -1.2086356467109203E+000                  7.2602948237309581E+000                  1.5881134640268617E+000                  1.6812179001775178E+001                  2.8972616208033353E-001                  6.9061538286517488E-001                  1.9658455054491597E-002                  6.0891925800826998E+000                  1.1770262386669252E+001                  1.5759845591653346E-038 
                                     806                  2.3724084720733654E-001                 -1.2094556632029376E+000                  7.2615527456542059E+000                  1.5923993608061944E+000                  1.6817543494570582E+001                  2.8934641232368619E-001                  6.9099554010195341E-001                  1.9658047574360404E-002                  6.2145197202145201E+000                  1.2534130477833395E+001                  1.8399239264580489E-038 
                                     807                  2.3716739323031080E-001                 -1.2110934283427746E+000                  7.2628095559102732E+000                  1.5967003887013469E+000                  1.6822920918422348E+001                  2.8896459022633458E-001                  6.9137777158095737E-001                  1.9657638192708049E-002                  6.3421020337029379E+000                  1.3346672220708127E+001                  2.1476842138161941E-038 
                                     808                  2.3713066624179790E-001                 -1.2119111501284490E+000                  7.2636462478321606E+000                  1.5995591209333160E+000                  1.6826495393206724E+001                  2.8870865927358036E-001                  6.9163397674125848E-001                  1.9657363985161158E-002                  6.4281271019053321E+000                  1.3915970639910709E+001                  2.3803838597810623E-038 
                                     809                  2.3709393925328506E-001                 -1.2127281064814850E+000                  7.2648995075838814E+000                  1.6038344643293796E+000                  1.6831841556476242E+001                  2.8832268052571108E-001                  6.9202036869681116E-001                  1.9656950777477755E-002                  6.5586195991158629E+000                  1.4813429116047015E+001                  2.7765564476878284E-038 
                                     810                  2.3702048527625943E-001                 -1.2143597477476737E+000                  7.2665681745132904E+000                  1.6095412597100971E+000                  1.6838972260007775E+001                  2.8780512142458903E-001                  6.9253848164288268E-001                  1.9656396932528297E-002                  6.7358924270979488E+000                  1.6097803913239638E+001                  3.4077574852412973E-038 
                                     811                  2.3694703129923370E-001                 -1.2159883244618241E+000                  7.2680258390004466E+000                  1.6145349386458936E+000                  1.6845207288062316E+001                  2.8734797576306409E-001                  6.9299611589850385E-001                  1.9655908338432004E-002                  6.8939423788775356E+000                  1.7309199243988221E+001                  4.0749246016388215E-038 
                                     812                  2.3689194081646348E-001                 -1.2172077317531473E+000                  7.2689616786792017E+000                  1.6177433937738852E+000                  1.6849212372381327E+001                  2.8705384217348956E-001                  6.9329056375234643E-001                  1.9655594074164062E-002                  6.9970500818683181E+000                  1.8133851566373327E+001                  4.5701976226221599E-038 
                                     813                  2.3686439557507835E-001                 -1.2178167832129774E+000                  7.2695848981820559E+000                  1.6198774997210503E+000                  1.6851876606022337E+001                  2.8685717242158409E-001                  6.9348744348727109E-001                  1.9655384091144867E-002                  7.0663493721839377E+000                  1.8704189787451487E+001                  4.9327206994358533E-038 
                                     814                  2.3683685033369323E-001                 -1.2184254034523894E+000                  7.2705187144306436E+000                  1.6230709987610217E+000                  1.6855864290031771E+001                  2.8656218394577837E-001                  6.9378274689123687E-001                  1.9655069162984762E-002                  7.1711725655898890E+000                  1.9591736731819193E+001                  5.5299773153812030E-038 
                                     815                  2.3678175985092451E-001                 -1.2196413620802282E+000                  7.2717624324795960E+000                  1.6273332373210259E+000                  1.6861182532381701E+001                  2.8616581786213957E-001                  6.9417953547034705E-001                  1.9654646667513376E-002                  7.3127763659065641E+000                  2.0838671707471924E+001                  6.4388032759942649E-038 
                                     816                  2.3672666936815581E-001                 -1.2208555945729371E+000                  7.2730043252788956E+000                  1.6315919885087962E+000                  1.6866493934500873E+001                  2.8576640251482027E-001                  6.9457937586277962E-001                  1.9654221622400048E-002                  7.4563535356958139E+000                  2.2161477308499048E+001                  7.4944927617011227E-038 
                                     817                  2.3667157888538565E-001                 -1.2220680986501682E+000                  7.2742443815914637E+000                  1.6358462229789457E+000                  1.6871798503956501E+001                  2.8536607990616675E-001                  6.9498012429644818E-001                  1.9653795797385021E-002                  7.6019945867837109E+000                  2.3564615118537503E+001                  8.7202363924048012E-038 
                                     818                  2.3661648840261548E-001                 -1.2232788749109096E+000                  7.2754825900000402E+000                  1.6400967585333392E+000                  1.6877096248246303E+001                  2.8496322286234183E-001                  6.9538340930542675E-001                  1.9653367832231483E-002                  7.7496436936663233E+000                  2.5052635478793885E+001                  1.0143030300922748E-037 
                                     819                  2.3656139791984532E-001                 -1.2244879216774365E+000                  7.2767189384346125E+000                  1.6443438436284057E+000                  1.6882387174689669E+001                  2.8455736806019111E-001                  6.9578969462206963E-001                  1.9652937317739205E-002                  7.8992873871231604E+000                  2.6630380168464274E+001                  1.1794016537628545E-037 
                                     820                  2.3650630743707515E-001                 -1.2256952365786806E+000                  7.2779534143401561E+000                  1.6485878069614264E+000                  1.6887671290396984E+001                  2.8414788995446555E-001                  6.9619960650890578E-001                  1.9652503536628618E-002                  8.0509031859252786E+000                  2.8302944176649817E+001                  1.3709192727547423E-037 
                                     821                  2.3645121695430490E-001                 -1.2269008163248412E+000                  7.2791860052352950E+000                  1.6528273019772202E+000                  1.6892948602228863E+001                  2.8373757548341572E-001                  6.9661035488650214E-001                  1.9652069630082147E-002                  8.2046155161855037E+000                  3.0075866785130739E+001                  1.5929785606213142E-037 
                                     822                  2.3639612647153474E-001                 -1.2281046613682016E+000                  7.2804166990506536E+000                  1.6570617832414938E+000                  1.6898219116980854E+001                  2.8332757522148916E-001                  6.9702078837354953E-001                  1.9651636404961259E-002                  8.3604864263757595E+000                  3.1954936564818503E+001                  1.8503436791250663E-037 
                                     823                  2.3634103598876610E-001                 -1.2293067736860699E+000                  7.2816454828581483E+000                  1.6612935390348706E+000                  1.6903482841458256E+001                  2.8291327275264455E-001                  6.9743552732077485E-001                  1.9651199926580598E-002                  8.5183178654814107E+000                  3.3945898090670013E+001                  2.1485837340108020E-037 
                                     824                  2.3628594550599746E-001                 -1.2305071489198802E+000                  7.2830764803494228E+000                  1.6662215633187494E+000                  1.6909609785542042E+001                  2.8242500039785617E-001                  6.9792431262294641E-001                  1.9650686979197474E-002                  8.7048361710404141E+000                  3.6417869816699216E+001                  2.5566351820426757E-037 
                                     825                  2.3621249152897184E-001                 -1.2321049549299783E+000                  7.2847088392116746E+000                  1.6718526701992453E+000                  1.6916607059108646E+001                  2.8186520422152483E-001                  6.9848469654996392E-001                  1.9650099228511242E-002                  8.9216631365913823E+000                  3.9454779215971747E+001                  3.1170205814773848E-037 
                                     826                  2.3613903755194623E-001                 -1.2336996649613601E+000                  7.2859310750369159E+000                  1.6760814182559940E+000                  1.6921856494374762E+001                  2.8144163818653362E-001                  6.9890870633152502E-001                  1.9649655481941419E-002                  9.0868550948805407E+000                  4.1891086082548398E+001                  3.6153641069300735E-037 
                                     827                  2.3610231056343470E-001                 -1.2344958444136107E+000                  7.2867446413559378E+000                  1.6788926493899559E+000                  1.6925346052770539E+001                  2.8115751122858962E-001                  6.9919313048722831E-001                  1.9649358284182128E-002                  9.1979683143390822E+000                  4.3593492816102234E+001                  3.9901729474223590E-037 
                                     828                  2.3606558357492316E-001                 -1.2352912472007425E+000                  7.2879630961661386E+000                  1.6830973689748212E+000                  1.6930565444082262E+001                  2.8072948458060387E-001                  6.9962160440702015E-001                  1.9648911012375980E-002                  9.3661509983424232E+000                  4.6270129874495154E+001                  4.6248364118280487E-037 
                                     829                  2.3599212959789745E-001                 -1.2368797449463371E+000                  7.2891800248320973E+000                  1.6873169870270757E+000                  1.6935796788499133E+001                  2.8029876356527539E-001                  7.0005277481753081E-001                  1.9648461617193802E-002                  9.5368237121154333E+000                  4.9106461423763534E+001                  5.3593411687503138E-037 
                                     830                  2.3595540260938461E-001                 -1.2376728139476474E+000                  7.2899900384429843E+000                  1.6901221575003595E+000                  1.6939274341467328E+001                  2.8000996255615895E-001                  7.0034187671657999E-001                  1.9648160727261055E-002                  9.6515943373340605E+000                  5.1087690714568303E+001                  5.9113396002270750E-037 
                                     831                  2.3591867562087171E-001                 -1.2384651033432128E+000                  7.2912031418533427E+000                  1.6943182232997225E+000                  1.6944475805766768E+001                  2.7957425764628974E-001                  7.0077803492670820E-001                  1.9647707427002059E-002                  9.8252263904115456E+000                  5.4201517493484666E+001                  6.8453339772443889E-037 
                                     832                  2.3584522164384597E-001                 -1.2400473638130067E+000                  7.2928177329266273E+000                  1.6999199041195485E+000                  1.6951413046834837E+001                  2.7898930659267934E-001                  7.0136359377123347E-001                  1.9647099636087129E-002                  1.0060247957777625E+001                  5.8638500703200975E+001                  8.3204076175470928E-037 
                                     833                  2.3577176766682026E-001                 -1.2416264956675043E+000                  7.2944286587351845E+000                  1.7055155040125545E+000                  1.6958338318131940E+001                  2.7840005321314143E-001                  7.0195345869372017E-001                  1.9646488093138403E-002                  1.0298965279015160E+001                  6.3420875284212094E+001                  1.0107084562006285E-036 
                                     834                  2.3569831368979452E-001                 -1.2432024930679946E+000                  7.2956346368117808E+000                  1.7097183556843216E+000                  1.6963533592156981E+001                  2.7795299394512546E-001                  7.0240098049975142E-001                  1.9646025555123181E-002                  1.0480533764333190E+001                  6.7251244761738093E+001                  1.1690816067464635E-036 
                                     835                  2.3566158670128295E-001                 -1.2439893005241740E+000                  7.2964373174106756E+000                  1.7125129183753560E+000                  1.6966987205818377E+001                  2.7765244657392329E-001                  7.0270183813006870E-001                  1.9645715296008004E-002                  1.0602507953584542E+001                  6.9924756952460314E+001                  1.2879258931220869E-036 
                                     836                  2.3562485971277139E-001                 -1.2447753197070961E+000                  7.2976393714458849E+000                  1.7166931689116480E+000                  1.6972152919386783E+001                  2.7719937280651114E-001                  7.0315537920228655E-001                  1.9645247991202375E-002                  1.0786942690569983E+001                  7.4123566923093748E+001                  1.4886957077662883E-036 
                                     837                  2.3555140573574565E-001                 -1.2463450132267673E+000                  7.2992390520033554E+000                  1.7222755667036491E+000                  1.6979042342561634E+001                  2.7658770800187837E-001                  7.0376767256779560E-001                  1.9644619430326027E-002                  1.1036165244156496E+001                  8.0099551930402015E+001                  1.8051056465082203E-036 
                                     838                  2.3547795175871991E-001                 -1.2479115363183213E+000                  7.3004364905036763E+000                  1.7264689558203485E+000                  1.6984210644704600E+001                  2.7612301854247912E-001                  7.0423283755474952E-001                  1.9644143902771360E-002                  1.1225546352321773E+001                  8.4881834434865297E+001                  2.0851260803525587E-036 
                                     839                  2.3544122477020699E-001                 -1.2486935923606131E+000                  7.3012334501347596E+000                  1.7292566316570026E+000                  1.6987646355051034E+001                  2.7581204368960760E-001                  7.0454413110983083E-001                  1.9643825200561515E-002                  1.1352790964182613E+001                  8.8218130018794568E+001                  2.2949933402287145E-036 
                                     840                  2.3540449778169403E-001                 -1.2494748516135230E+000                  7.3024268806824093E+000                  1.7334263065534048E+000                  1.6992785328147313E+001                  2.7534375957811985E-001                  7.0501289584838789E-001                  1.9643344573492261E-002                  1.1545130251691708E+001                  9.3454971249715754E+001                  2.6491045161977287E-036 
                                     841                  2.3533104380466829E-001                 -1.2510350004522945E+000                  7.3040149187473711E+000                  1.7389937159856192E+000                  1.6999638977113662E+001                  2.7471235025222324E-001                  7.0564495196767707E-001                  1.9642697780099638E-002                  1.1804885635044389E+001                  1.0090215283367473E+002                  3.2062107752469910E-036 
                                     842                  2.3525758982764278E-001                 -1.2525919490602544E+000                  7.3055989873922957E+000                  1.7445556051730817E+000                  1.7006480714434272E+001                  2.7407404441197603E-001                  7.0628391375541200E-001                  1.9642041832611978E-002                  1.2068080006125848E+001                  1.0891112666476484E+002                  3.8780582752392307E-036 
                                     843                  2.3518413585061704E-001                 -1.2541456893601450E+000                  7.3071790431538224E+000                  1.7501110446617214E+000                  1.7013310545608860E+001                  2.7343011465190020E-001                  7.0692850939704011E-001                  1.9641375951059636E-002                  1.2334774865249582E+001                  1.1752189021687524E+002                  4.6877079789970164E-036 
                                     844                  2.3511068187359127E-001                 -1.2556962166013665E+000                  7.3083615838168043E+000                  1.7542834474699187E+000                  1.7018434001385721E+001                  2.7294054154917646E-001                  7.0741858341366071E-001                  1.9640875037162830E-002                  1.2537133756428950E+001                  1.2440234326458403E+002                  5.4022134474125463E-036 
                                     845                  2.3507395488507971E-001                 -1.2564702601887909E+000                  7.3091485655941142E+000                  1.7570577767030418E+000                  1.7021839939625629E+001                  2.7261088116899024E-001                  7.0774857860082319E-001                  1.9640540230186576E-002                  1.2672824277243141E+001                  1.2919687643555892E+002                  5.9367164483064522E-036 
                                     846                  2.3503722789656839E-001                 -1.2572434960866161E+000                  7.3103269609418646E+000                  1.7612078041417221E+000                  1.7026934439051775E+001                  2.7211275929465528E-001                  7.0824720439964528E-001                  1.9640036305699438E-002                  1.2877610311469185E+001                  1.3671435782749290E+002                  6.8368364784774072E-036 
                                     847                  2.3496377391954268E-001                 -1.2587875639698112E+000                  7.3118947158446277E+000                  1.7667486896389804E+000                  1.7033728579495570E+001                  2.7143967936488150E-001                  7.0892096005372651E-001                  1.9639360581392040E-002                  1.3153676874670806E+001                  1.4738808236915801E+002                  8.2489578598059667E-036 
                                     848                  2.3489031994251711E-001                 -1.2603283873142759E+000                  7.3134582838369075E+000                  1.7722847273663869E+000                  1.7040510830267884E+001                  2.7075630722453881E-001                  7.0960501247574959E-001                  1.9638680299711608E-002                  1.3432718436167267E+001                  1.5884603775448795E+002                  9.9465967330420300E-036 
                                     849                  2.3481686596549148E-001                 -1.2618659555839582E+000                  7.3146283164753747E+000                  1.7764422394206749E+000                  1.7045598472123530E+001                  2.7023688034104493E-001                  7.1012495468715575E-001                  1.9638164971799377E-002                  1.3644192682269868E+001                  1.6799071646813201E+002                  1.1441379395721017E-035 
                                     850                  2.3478013897697861E-001                 -1.2626335045815456E+000                  7.3154069234730796E+000                  1.7792068727757981E+000                  1.7048980631134711E+001                  2.6988673569602845E-001                  7.1047544544222574E-001                  1.9637818861745870E-002                  1.3785831170024561E+001                  1.7435763841552154E+002                  1.2557865120501962E-035 
                                     851                  2.3474341198846574E-001                 -1.2634002353582043E+000                  7.3165727026423530E+000                  1.7833434301102034E+000                  1.7054039603856534E+001                  2.6935564718374638E-001                  7.1100705703468170E-001                  1.9637295781571917E-002                  1.3999235282273354E+001                  1.8433133186000669E+002                  1.4435260157530667E-035 
                                     852                  2.3466995801144000E-001                 -1.2649312574149605E+000                  7.3181234458679256E+000                  1.7888659206216289E+000                  1.7060786197468527E+001                  2.6863881490638503E-001                  7.1172459272966559E-001                  1.9636592363949434E-002                  1.4286614632179640E+001                  1.9847550596515146E+002                  1.7373816263535705E-035 
                                     853                  2.3459650403441426E-001                 -1.2664589891363112E+000                  7.3196698260052715E+000                  1.7943841275527952E+000                  1.7067520907191941E+001                  2.6791040176682018E-001                  7.1245371690761983E-001                  1.9635881325559934E-002                  1.4576598261390245E+001                  2.1363763305311389E+002                  2.0897619602291064E-035 
                                     854                  2.3452305005738852E-001                 -1.2679834179145157E+000                  7.3208268224891881E+000                  1.7985285117344683E+000                  1.7072572757586460E+001                  2.6735654129547665E-001                  7.1300811676710663E-001                  1.9635341937416673E-002                  1.4796058341948751E+001                  2.2572354016753076E+002                  2.3993471432889947E-035 
                                     855                  2.3448632306887560E-001                 -1.2687443788282571E+000                  7.3215967015664054E+000                  1.8012846667474482E+000                  1.7075931148869305E+001                  2.6698313419349606E-001                  7.1338188655328394E-001                  1.9634979253219997E-002                  1.4942888189087061E+001                  2.3413101053521825E+002                  2.6302244281812663E-035 
                                     856                  2.3444959608036264E-001                 -1.2695045087570080E+000                  7.3227493331027640E+000                  1.8054089612398898E+000                  1.7080954606935894E+001                  2.6641667390054175E-001                  7.1394889560522712E-001                  1.9634430494231081E-002                  1.5163873232421288E+001                  2.4728973930781891E+002                  3.0178400683172960E-035 
                                     857                  2.3437614210333690E-001                 -1.2710222890468617E+000                  7.3242823484387198E+000                  1.8109159255703875E+000                  1.7087653659902823E+001                  2.6565127021549206E-001                  7.1471503974561545E-001                  1.9633690038892482E-002                  1.5460988689653544E+001                  2.6592701676171276E+002                  3.6231975592927697E-035 
                                     858                  2.3430268812631130E-001                 -1.2725367227780731E+000                  7.3258108145178937E+000                  1.8164196057093667E+000                  1.7094340823122867E+001                  2.6487310764164845E-001                  7.1549395361293633E-001                  1.9632938745415274E-002                  1.5760266734124267E+001                  2.8587717884596094E+002                  4.3472925608795234E-035 
                                     859                  2.3422923414928568E-001                 -1.2740477937399430E+000                  7.3269542201065541E+000                  1.8205542360742424E+000                  1.7099356869802307E+001                  2.6428009897562876E-001                  7.1608753296852323E-001                  1.9632368055848004E-002                  1.5986308455805505E+001                  3.0175849031293296E+002                  4.9820794785648165E-035 
                                     860                  2.3419250716077275E-001                 -1.2748020513610976E+000                  7.3277149977462610E+000                  1.8233045838010218E+000                  1.7102691481400548E+001                  2.6387971489124024E-001                  7.1648830139125874E-001                  1.9631983717500967E-002                  1.6137309315672233E+001                  3.1279600876417089E+002                  5.4547717499072626E-035 
                                     861                  2.3415578017225988E-001                 -1.2755554604594006E+000                  7.3288539150949354E+000                  1.8274212455910122E+000                  1.7107679401097652E+001                  2.6327145328145690E-001                  7.1709714543742353E-001                  1.9631401281119620E-002                  1.6364213489511162E+001                  3.3005496385610371E+002                  6.2471690022376642E-035 
                                     862                  2.3408232619523414E-001                 -1.2770597424886945E+000                  7.3303684262768130E+000                  1.8329194792080035E+000                  1.7114330869125634E+001                  2.6244836336725158E-001                  7.1792102246800193E-001                  1.9630614164746429E-002                  1.6668694465929221E+001                  3.5446663641909532E+002                  7.4819960919181751E-035 
                                     863                  2.3400887221820840E-001                 -1.2785605975294396E+000                  7.3318781783518698E+000                  1.8384158135137980E+000                  1.7120970426520739E+001                  2.6161130007306405E-001                  7.1875888541698019E-001                  1.9629814509955823E-002                  1.6974782601799447E+001                  3.8055897311942874E+002                  8.9553611910218794E-035 
                                     864                  2.3393541824118266E-001                 -1.2800580043798706E+000                  7.3330073717594528E+000                  1.8425477464540705E+000                  1.7125950613564399E+001                  2.6096941963340414E-001                  7.1940137577002727E-001                  1.9629204596568584E-002                  1.7205138772075948E+001                  4.0129825883039450E+002                  1.0244446729872516E-034 
                                     865                  2.3389869125266971E-001                 -1.2808053930915899E+000                  7.3337586260719201E+000                  1.8452975205464099E+000                  1.7129261403310341E+001                  2.6053472728667715E-001                  7.1983647984879173E-001                  1.9628792864531119E-002                  1.7358655079395433E+001                  4.1569727116448922E+002                  1.1203020918976289E-034 
                                     866                  2.3386196426415684E-001                 -1.2815519065029293E+000                  7.3348831838739308E+000                  1.8494151871053099E+000                  1.7134213713784678E+001                  2.5987239427957831E-001                  7.2049943826373297E-001                  1.9628167456688717E-002                  1.7588771152998209E+001                  4.3818897706414526E+002                  1.2807677325302614E-034 
                                     867                  2.3378851028713113E-001                 -1.2830423100727382E+000                  7.3363782910637791E+000                  1.8549188835007437E+000                  1.7140817483410533E+001                  2.5897047724258343E-001                  7.2140220369809360E-001                  1.9627319059323023E-002                  1.7896309130853002E+001                  4.6995102201707221E+002                  1.5303459105796868E-034 
                                     868                  2.3371505631010550E-001                 -1.2845291563493837E+000                  7.3378683836752296E+000                  1.8604262690361251E+000                  1.7147409299007421E+001                  2.5804560084326933E-001                  7.2232794637541275E-001                  1.9626452781317916E-002                  1.8203811299519177E+001                  5.0383580303257861E+002                  1.8275182874768259E-034 
                                     869                  2.3364160233307990E-001                 -1.2860124045667705E+000                  7.3393533892565870E+000                  1.8659381234759043E+000                  1.7153989144743456E+001                  2.5709681230526160E-001                  7.2327761938574364E-001                  1.9625568308994756E-002                  1.8510964608482343E+001                  5.3996881649321062E+002                  2.1811636420376541E-034 
                                     870                  2.3356814835605416E-001                 -1.2874920112088351E+000                  7.3408332307099657E+000                  1.8714568207001685E+000                  1.7160557002575391E+001                  2.5612003483391571E-001                  7.2425530183146369E-001                  1.9624663334620651E-002                  1.8817062397176691E+001                  5.7847717993039134E+002                  2.6018327052885400E-034 
                                     871                  2.3349469437902842E-001                 -1.2889679245702903E+000                  7.3419396516188966E+000                  1.8756049262947596E+000                  1.7165483143933166E+001                  2.5537650179356208E-001                  7.2499952438432480E-001                  1.9623973822113117E-002                  1.9047063350581151E+001                  6.0902280651616286E+002                  2.9686741087286092E-034 
                                     872                  2.3345796739051705E-001                 -1.2897044756530780E+000                  7.3426756270814000E+000                  1.8783660833568376E+000                  1.7168758015640567E+001                  2.5487415030372829E-001                  7.2550234138711156E-001                  1.9623508309160154E-002                  1.9199974943087746E+001                  6.3019846358406812E+002                  3.2408606169351149E-034 
                                     873                  2.3342124040200551E-001                 -1.2904400896157828E+000                  7.3437771181497382E+000                  1.8824991073812170E+000                  1.7173656612179649E+001                  2.5411566170446981E-001                  7.2626153454372322E-001                  1.9622803751806916E-002                  1.9429275873828551E+001                  6.6323383764521122E+002                  3.6953601175632011E-034 
                                     874                  2.3334778642497997E-001                 -1.2919085140370075E+000                  7.3452409760950852E+000                  1.8880332563454125E+000                  1.7180188375619064E+001                  2.5306866151996354E-001                  7.2730949965647596E-001                  1.9621838823560500E-002                  1.9732546798516577E+001                  7.0975170579555527E+002                  4.4004220663945851E-034 
                                     875                  2.3327433244795429E-001                 -1.2933731071433403E+000                  7.3463351966273081E+000                  1.8922006159642368E+000                  1.7185087289502945E+001                  2.5225849892918628E-001                  7.2812040409092393E-001                  1.9621096979889785E-002                  1.9958200022789928E+001                  7.4658154585767056E+002                  5.0147217760183555E-034 
                                     876                  2.3323760545944142E-001                 -1.2941039334141087E+000                  7.3470629738056079E+000                  1.8949764949003922E+000                  1.7188344058189141E+001                  2.5170873691021273E-001                  7.2867066865035746E-001                  1.9620594439429873E-002                  2.0107571554986357E+001                  7.7208658354778413E+002                  5.4701443443533187E-034 
                                     877                  2.3320087847092855E-001                 -1.2948337761270157E+000                  7.3481520663582254E+000                  1.8991370673254453E+000                  1.7193215569913665E+001                  2.5086947303048562E-001                  7.2951069842199467E-001                  1.9619828547519758E-002                  2.0329916691510942E+001                  8.1182256777708903E+002                  6.2302097577791058E-034 
                                     878                  2.3312742449390281E-001                 -1.2962904997955826E+000                  7.3495990686211874E+000                  1.9047048744015156E+000                  1.7199710991280728E+001                  2.4972245117989450E-001                  7.3065876426704035E-001                  1.9618784553065094E-002                  2.0624057365186751E+001                  8.6771658819101071E+002                  7.4071968049822415E-034 
                                     879                  2.3305397051687726E-001                 -1.2977431916554019E+000                  7.3510402313342578E+000                  1.9102872828222133E+000                  1.7206194228662106E+001                  2.4853685825014432E-001                  7.3184543095799615E-001                  1.9617710791859588E-002                  2.0913778285180943E+001                  9.2706641524408519E+002                  8.8021035321883757E-034 
                                     880                  2.3298051653985152E-001                 -1.2991917734249281E+000                  7.3524754320455665E+000                  1.9158826110904730E+000                  1.7212665241154085E+001                  2.4731668617264851E-001                  7.3306670538069418E-001                  1.9616608446657358E-002                  2.1199268218156881E+001                  9.9006159841703982E+002                  1.0454096146870531E-033 
                                     881                  2.3290706256282578E-001                 -1.3006361723899538E+000                  7.3535477068229502E+000                  1.9200988660276832E+000                  1.7217518281291966E+001                  2.4637285480668619E-001                  7.3401138505283725E-001                  1.9615760140476501E-002                  2.1409903558220147E+001                  1.0398111503631026E+003                  1.1890088080531697E-033 
                                     882                  2.3287033557431322E-001                 -1.3013567649242415E+000                  7.3542607136105982E+000                  1.9229112990295383E+000                  1.7220744532058827E+001                  2.4572751287163153E-001                  7.3465730423403308E-001                  1.9615182894335392E-002                  2.1547780601048608E+001                  1.0741902159879198E+003                  1.2953408606141660E-033 
                                     883                  2.3283360858580071E-001                 -1.3020762759974021E+000                  7.3550871400812428E+000                  1.9261849706655647E+000                  1.7224486912266066E+001                  2.4495932366712303E-001                  7.3542617639197672E-001                  1.9614499940900254E-002                  2.1705134130311613E+001                  1.1153838104696765E+003                  1.4306873109577712E-033 
                                     884                  2.3278499801500024E-001                 -1.3030269116516422E+000                  7.3560259883946255E+000                  1.9299186251139895E+000                  1.7228747586628536E+001                  2.4407756991224175E-001                  7.3630871747942350E-001                  1.9613712608334777E-002                  2.1883409037627302E+001                  1.1640613924974566E+003                  1.6017605427189407E-033 
                                     885                  2.3273638744419978E-001                 -1.3039756128579241E+000                  7.3574292607097966E+000                  1.9355131549173661E+000                  1.7235114919514764E+001                  2.4273392112268752E-001                  7.3765356874176724E-001                  1.9612510135545214E-002                  2.2146639059364635E+001                  1.2406389284105546E+003                  1.8964425964486242E-033 
                                     886                  2.3263916630259918E-001                 -1.3058671854687922E+000                  7.3588253520013804E+000                  1.9411488716376701E+000                  1.7241497078604962E+001                  2.4135802171577198E-001                  7.3903070013971273E-001                  1.9611278144515243E-002                  2.2405616034503552E+001                  1.3217341586030077E+003                  2.2442061009906975E-033 
                                     887                  2.3259055573179874E-001                 -1.3068099671995612E+000                  7.3597526145796621E+000                  1.9449062247222846E+000                  1.7245735932180839E+001                  2.4041909138721168E-001                  7.3997047026753693E-001                  1.9610438345251335E-002                  2.2573961359169420E+001                  1.3783517846541279E+003                  2.5099897492566237E-033 
                                     888                  2.3254194516099824E-001                 -1.3077507278027098E+000                  7.3606768568754575E+000                  1.9486718630636086E+000                  1.7249969286143131E+001                  2.3946179457337749E-001                  7.4092862227879530E-001                  1.9609583147827236E-002                  2.2738905343500793E+001                  1.4370936385236671E+003                  2.8065880212975740E-033 
                                     889                  2.3249333459019778E-001                 -1.3086894405097913E+000                  7.3615980252949278E+000                  1.9524454696195297E+000                  1.7254197121329405E+001                  2.3848694576219620E-001                  7.4190434159722085E-001                  1.9608712640582948E-002                  2.2900445956447335E+001                  1.4980247825105116E+003                  3.1374676296912898E-033 
                                     890                  2.3244472401939745E-001                 -1.3096260792590289E+000                  7.3625160643313201E+000                  1.9562274267402273E+000                  1.7258419417847225E+001                  2.3749400901108819E-001                  7.4289816462114489E-001                  1.9607826367766923E-002                  2.3058366975472069E+001                  1.5612057054289016E+003                  3.5064996545788269E-033 
                                     891                  2.3239611344859715E-001                 -1.3105606171876520E+000                  7.3634309161322040E+000                  1.9600188656341067E+000                  1.7262636155054611E+001                  2.3648101276543093E-001                  7.4391206344834737E-001                  1.9606923786221753E-002                  2.3212211438345665E+001                  1.6266900248438108E+003                  3.9180173438126971E-033 
                                     892                  2.3234750287779665E-001                 -1.3114930250249264E+000                  7.3647976024545247E+000                  1.9657105777363113E+000                  1.7268937675395495E+001                  2.3492352938930905E-001                  7.4547093184487956E-001                  1.9605538765811392E-002                  2.3434292463695911E+001                  1.7293466710488033E+003                  4.6254571702066569E-033 
                                     893                  2.3225028173619605E-001                 -1.3133513775758732E+000                  7.3661556891305917E+000                  1.9714536142072339E+000                  1.7275252897151660E+001                  2.3331725590859145E-001                  7.4707862980382245E-001                  1.9604114287586127E-002                  2.3647073472758677E+001                  1.8375583959886058E+003                  5.4579150713949204E-033 
                                     894                  2.3220167116539561E-001                 -1.3142772125854358E+000                  7.3670571689080173E+000                  1.9752867541001868E+000                  1.7279447174709031E+001                  2.3221888157782306E-001                  7.4817797621187532E-001                  1.9603142210301572E-002                  2.3782251476077910E+001                  1.9128480303210138E+003                  6.0926943921688222E-033 
                                     895                  2.3215306059459526E-001                 -1.3152007927254907E+000                  7.3679551378655477E+000                  1.9791293990928758E+000                  1.7283635776984948E+001                  2.3110144388796627E-001                  7.4929640141627918E-001                  1.9602154695754548E-002                  2.3912765437968748E+001                  1.9907522506936741E+003                  6.7995256358172886E-033 
                                     896                  2.3210445002379498E-001                 -1.3161220888806047E+000                  7.3688495237954115E+000                  1.9829869278975696E+000                  1.7287818678267278E+001                  2.2995490030149626E-001                  7.5044395571412037E-001                  1.9601143984383396E-002                  2.4036709751722487E+001                  2.0712770321246271E+003                  7.5868349037467853E-033 
                                     897                  2.3205583945299471E-001                 -1.3170410605763785E+000                  7.3701849279411746E+000                  1.9887809759166284E+000                  1.7294069467855646E+001                  2.2819358917941274E-001                  7.5220681581611570E-001                  1.9599595004471615E-002                  2.4211545632936783E+001                  2.1971574528665737E+003                  8.9377912001010210E-033 
                                     898                  2.3195861831139414E-001                 -1.3188719440328545E+000                  7.3715103689284787E+000                  1.9946349528855141E+000                  1.7300332999124759E+001                  2.2636963639030705E-001                  7.5403236452223832E-001                  1.9597999087454632E-002                  2.4372336545586478E+001                  2.3292681166105535E+003                  1.0523956088574636E-032 
                                     899                  2.3191000774059370E-001                 -1.3197837300099109E+000                  7.3723896517220036E+000                  1.9985464345686332E+000                  1.7304492819138602E+001                  2.2511962086641146E-001                  7.5528346938678415E-001                  1.9596909746804392E-002                  2.4470387306664524E+001                  2.4208736720038605E+003                  1.1731522423663874E-032 
                                     900                  2.3186139716979334E-001                 -1.3206930423362535E+000                  7.3737019374295478E+000                  2.0044282781675422E+000                  1.7310708976085230E+001                  2.2319193011783683E-001                  7.5721283358089297E-001                  1.9595236301270136E-002                  2.4602981499284031E+001                  2.5636937134846194E+003                  1.3801752200453288E-032 
                                     901                  2.3176417602819230E-001                 -1.3225041310058920E+000                  7.3754360659633287E+000                  2.0123429148573559E+000                  1.7318993540576855E+001                  2.2052173005232878E-001                  7.5988533715509476E-001                  1.9592932792576456E-002                  2.4753414727817653E+001                  2.7644233890884307E+003                  1.7126414902312441E-032 
                                     902                  2.3166695488659123E-001                 -1.3243048369626300E+000                  7.3767244046570877E+000                  2.0183353229299930E+000                  1.7325203761425776E+001                  2.1844058152866438E-001                  7.6196826874031520E-001                  1.9591149731020385E-002                  2.4844888261128737E+001                  2.9228043139551855E+003                  2.0122220261651341E-032 
                                     903                  2.3161834431579090E-001                 -1.3252011672216395E+000                  7.3775784272599862E+000                  2.0223420685979905E+000                  1.7329328009717479E+001                  2.1701545340945549E-001                  7.6339461268700770E-001                  1.9589933903536805E-002                  2.4894547706089618E+001                  3.0321923770859958E+003                  2.2398660393676900E-032 
                                     904                  2.3156973374499043E-001                 -1.3260947735203370E+000                  7.3784279011505225E+000                  2.0263660233383538E+000                  1.7333446204226949E+001                  2.1555952811782356E-001                  7.6485177554168293E-001                  1.9588696340493539E-002                  2.4935112045777537E+001                  3.1446314338648594E+003                  2.4926300052251378E-032 
                                     905                  2.3152112317418996E-001                 -1.3269856119381183E+000                  7.3792727225773085E+000                  2.0304077820692541E+000                  1.7337558306331623E+001                  2.1407195996638589E-001                  7.6634060323048225E-001                  1.9587436803131908E-002                  2.4966205386986470E+001                  3.2601276296476381E+003                  2.7732081215364510E-032 
                                     906                  2.3147251260338964E-001                 -1.3278736375252249E+000                  7.3801127850624386E+000                  2.0344677100102819E+000                  1.7341664276277456E+001                  2.1255234064801518E-001                  7.6786150403684594E-001                  1.9586155315138853E-002                  2.4987534663859364E+001                  3.3786842237675451E+003                  3.0845648417902638E-032 
                                     907                  2.3142390203258931E-001                 -1.3287588047914685E+000                  7.3809479794000934E+000                  2.0385464679806491E+000                  1.7345764073177492E+001                  2.1099971957763425E-001                  7.6941542856235168E-001                  1.9584851860014130E-002                  2.4998697485783335E+001                  3.5002906678657537E+003                  3.4299788892605467E-032 
                                     908                  2.3137529146178884E-001                 -1.3296410671205292E+000                  7.3821927025001610E+000                  2.0446874864300137E+000                  1.7351890066723499E+001                  2.0860779928214210E-001                  7.7180934529802958E-001                  1.9582855419828293E-002                  2.4995119526421483E+001                  3.6884509317736006E+003                  4.0201877987571596E-032 
                                     909                  2.3127807032018824E-001                 -1.3313967319721041E+000                  7.3834231456026691E+000                  2.0508972020102401E+000                  1.7358026071088617E+001                  2.0614426173498615E-001                  7.7427492657985808E-001                  1.9580811685155797E-002                  2.4969143419281615E+001                  3.8832858529409268E+003                  4.7082740973815790E-032 
                                     910                  2.3122945974938777E-001                 -1.3322699994871310E+000                  7.3842377247927962E+000                  2.0550564630587012E+000                  1.7362100745016253E+001                  2.0445296837468632E-001                  7.7596761108320322E-001                  1.9579420542110482E-002                  2.4936152469317101E+001                  4.0168392431120346E+003                  5.2298215406514351E-032 
                                     911                  2.3118084917858742E-001                 -1.3331401676752290E+000                  7.3854508428146604E+000                  2.0613255577463536E+000                  1.7368188961323533E+001                  2.0184194842374911E-001                  7.7858075986460751E-001                  1.9577291711643352E-002                  2.4862474441963293E+001                  4.2225505900126072E+003                  6.1199078535219703E-032 
                                     912                  2.3108362803698684E-001                 -1.3348710347752399E+000                  7.3870464191945988E+000                  2.0697824525833508E+000                  1.7376299828780731E+001                  1.9822630790783316E-001                  7.8219931268736764E-001                  1.9574379404799225E-002                  2.4720474289002389E+001                  4.5062081903194821E+003                  7.5382693228822847E-032 
                                     913                  2.3098640689538580E-001                 -1.3365888636997583E+000                  7.3882257386862689E+000                  2.0761991902089898E+000                  1.7382377339148888E+001                  1.9541449690099472E-001                  7.8501336164640534E-001                  1.9572141452600000E-002                  2.4580326949427693E+001                  4.7255214469939528E+003                  8.8057895921917833E-032 
                                     914                  2.3093779632458530E-001                 -1.3374427354535372E+000                  7.3890054068350484E+000                  2.0804984927421590E+000                  1.7386412900700513E+001                  1.9349022603606464E-001                  7.8693914975033197E-001                  1.9570624213603338E-002                  2.4469492070030174E+001                  4.8747903449044425E+003                  9.7639254341503732E-032 
                                     915                  2.3088918575378500E-001                 -1.3382931875096660E+000                  7.3901648974735190E+000                  2.0869792479999649E+000                  1.7392442260925655E+001                  1.9053130503971705E-001                  7.8990038273233176E-001                  1.9568312227951190E-002                  2.4277161826705559E+001                  5.1030337689935459E+003                  1.1394248721012769E-031 
                                     916                  2.3079196461218437E-001                 -1.3399836620044563E+000                  7.3916854262800680E+000                  2.0957286352989146E+000                  1.7400473012701532E+001                  1.8644152441777997E-001                  7.9399331083828506E-001                  1.9565164743934993E-002                  2.3970646424373403E+001                  5.4137980552507252E+003                  1.3980455652426668E-031 
                                     917                  2.3069474347058358E-001                 -1.3416597977671554E+000                  7.3928058702711974E+000                  2.1023679854749613E+000                  1.7406489157637541E+001                  1.8327558074677408E-001                  7.9716165600769751E-001                  1.9562763245528414E-002                  2.3704663605632533E+001                  5.6510042544509952E+003                  1.6280046981290846E-031 
                                     918                  2.3064613289978328E-001                 -1.3424923369576749E+000                  7.3935454871495896E+000                  2.1068189699619171E+000                  1.7410483656358149E+001                  1.8111180451098308E-001                  7.9932705459358988E-001                  1.9561140895427043E-002                  2.3508008415122841E+001                  5.8108730119726997E+003                  1.8013037036684946E-031 
                                     919                  2.3059752232898278E-001                 -1.3433211292519083E+000                  7.3946436900381709E+000                  2.1135318201866067E+000                  1.7416451181756202E+001                  1.7779024052151263E-001                  8.0265108038730637E-001                  1.9558679091181030E-002                  2.3184655999898435E+001                  6.0528111443018834E+003                  2.0952288138231243E-031 
                                     920                  2.3050030118738221E-001                 -1.3449672949207854E+000                  7.3960790284824922E+000                  2.1225915583661310E+000                  1.7424397663510117E+001                  1.7322431146138365E-001                  8.0722033519743741E-001                  1.9555353341178972E-002                  2.2702376256113304E+001                  6.3770146389845340E+003                  2.5587714401648311E-031 
                                     921                  2.3040308004578158E-001                 -1.3465978252830304E+000                  7.3974836823015533E+000                  2.1317560221380236E+000                  1.7432315051078820E+001                  1.6850450361515526E-001                  8.1194351281013633E-001                  1.9551983574708443E-002                  2.2161261589325466E+001                  6.7013674984723475E+003                  3.1192985985964974E-031 
                                     922                  2.3030585890418076E-001                 -1.3482123027320330E+000                  7.3988565166555365E+000                  2.1410179029290055E+000                  1.7440202816547853E+001                  1.6364726487222275E-001                  8.1680415327115929E-001                  1.9548581856617897E-002                  2.1564905234027698E+001                  7.0236157881538520E+003                  3.7950711962763342E-031 
                                     923                  2.3020863776258013E-001                 -1.3498103474619865E+000                  7.4001964117970811E+000                  2.1503830284861927E+000                  1.7448060420896198E+001                  1.5864593671699315E-001                  8.2180890695414166E-001                  1.9545156328865221E-002                  2.0911990048422528E+001                  7.3404917116771612E+003                  4.6078242968179194E-031 
                                     924                  2.3011141662097956E-001                 -1.3513915691097298E+000                  7.4015022727728939E+000                  2.1598469038309158E+000                  1.7455887313818515E+001                  1.5351209338626098E-001                  8.2694618765781602E-001                  1.9541718955923049E-002                  2.0205725245956891E+001                  7.6489802245382616E+003                  5.5822601842027533E-031 
                                     925                  2.3001419547937893E-001                 -1.3529556053417231E+000                  7.4034070113871016E+000                  2.1741797850211673E+000                  1.7467528893327469E+001                  1.4556473433938130E-001                  8.3489869700641883E-001                  1.9536568654199837E-002                  1.9048015112165757E+001                  8.0904273321971814E+003                  7.4179887042936326E-031 
                                     926                  2.2981975319617773E-001                 -1.3560309725183068E+000                  7.4052046296648433E+000                  2.1887963443659411E+000                  1.7479178214633198E+001                  1.3741443163582442E-001                  8.4305410661155289E-001                  1.9531461752622659E-002                  1.7801035025711816E+001                  8.4895267722077424E+003                  9.7782752093515682E-031 
                                     927                  2.2972253205457713E-001                 -1.3575415238703241E+000                  7.4063643094493070E+000                  2.1986069705554256E+000                  1.7486876628886812E+001                  1.3186972577796208E-001                  8.4860217416580097E-001                  1.9528100056236952E-002                  1.6922162661232221E+001                  8.7300934873613514E+003                  1.1721612562862702E-030 
                                     928                  2.2962531091297608E-001                 -1.3590337308008762E+000                  7.4080446584439290E+000                  2.2134216577172872E+000                  1.7498323791499317E+001                  1.2339721332746557E-001                  8.5707963547251054E-001                  1.9523151200023903E-002                  1.5541617310783549E+001                  9.0425328701936942E+003                  1.5314848966811714E-030 
                                     929                  2.2943086862977427E-001                 -1.3619623991301719E+000                  7.4096078439268753E+000                  2.2284423831696585E+000                  1.7509768342698852E+001                  1.1487090209525513E-001                  8.6561073126428412E-001                  1.9518366640460805E-002                  1.4126566513447369E+001                  9.2797011328830722E+003                  1.9808800262515087E-030 
                                     930                  2.2933364748817364E-001                 -1.3633984578073581E+000                  7.4106088857448649E+000                  2.2384809120433919E+000                  1.7517329217376034E+001                  1.0915624205093369E-001                  8.7132848117300321E-001                  1.9515276776063128E-002                  1.3168033912790206E+001                  9.3953316158435955E+003                  2.3429200716099077E-030 
                                     931                  2.2923642634657307E-001                 -1.3648156002492993E+000                  7.4120484321254319E+000                  2.2535506974769581E+000                  1.7528568561669839E+001                  1.0058462953024686E-001                  8.7990455664323453E-001                  1.9510813826518647E-002                  1.1726141751317510E+001                  9.4981981003217752E+003                  2.9961168157845290E-030 
                                     932                  2.2904198406337234E-001                 -1.3675931434097648E+000                  7.4138039847943391E+000                  2.2736864755495483E+000                  1.7543473831743174E+001                  8.9376906412244286E-002                  8.9111782622111535E-001                  1.9505267366640378E-002                  9.8603263746998042E+000                  9.4895514511992969E+003                  4.0906505562625361E-030 
                                     933                  2.2884754178017150E-001                 -1.3702955162523440E+000                  7.4153949480553187E+000                  2.2937394552717834E+000                  1.7558229218375558E+001                  7.8495154117013341E-002                  9.0200467158367270E-001                  1.9500174299313944E-002                  8.0941097946213656E+000                  9.3084236498585942E+003                  5.4875402233167162E-030 
                                     934                  2.2865309949697368E-001                 -1.3729238999415525E+000                  7.4168248173714835E+000                  2.3135403074860936E+000                  1.7572831362670673E+001                  6.8177673731550051E-002                  9.1232670942915306E-001                  1.9495616839296903E-002                  6.4907978700339442E+000                  8.9673955905504044E+003                  7.2229509080804822E-030 
                                     935                  2.2845865721377309E-001                 -1.3754805173049458E+000                  7.4180994018477513E+000                  2.3330076988554702E+000                  1.7587277440689004E+001                  5.8512953331015582E-002                  9.2199548418161292E-001                  1.9491562487371494E-002                  5.0750674773557032E+000                  8.4776227615486641E+003                  9.3263548107487580E-030 
                                     936                  2.2826421493057508E-001                 -1.3779680273018660E+000                  7.4192266725577634E+000                  2.3520098747325862E+000                  1.7601565187075618E+001                  4.9657463263240997E-002                  9.3085450485355681E-001                  1.9488031883202250E-002                  3.8729823382641979E+000                  7.8706290785215479E+003                  1.1808226837720619E-029 
                                     937                  2.2806977264737721E-001                 -1.3803897633521709E+000                  7.4200927410414987E+000                  2.3682612281866948E+000                  1.7613951905346600E+001                  4.2561404665049735E-002                  9.3795326989743422E-001                  1.9485325437516021E-002                  2.9884277134669799E+000                  7.2567883870353589E+003                  1.4284876456612453E-029 
                                     938                  2.2792394093497839E-001                 -1.3821649106056417E+000                  7.4207630933589126E+000                  2.3817913863594158E+000                  1.7624456773714080E+001                  3.7060904507993438E-002                  9.4345580006302221E-001                  1.9483295428984304E-002                  2.3599386515900886E+000                  6.7015547455803162E+003                  1.6632288658443700E-029 
                                     939                  2.2777810922257954E-001                 -1.3839066358112941E+000                  7.4212157766482045E+000                  2.3916978142012315E+000                  1.7632290639906198E+001                  3.3321316096314786E-002                  9.4719670318023075E-001                  1.9481980723454417E-002                  1.9648320559981323E+000                  6.2809562286558275E+003                  1.8503737827570125E-029 
                                     940                  2.2770519336638004E-001                 -1.3847655428149910E+000                  7.4215017404458230E+000                  2.3982103841241869E+000                  1.7637474768698034E+001                  3.0939162688698566E-002                  9.4957970081746224E-001                  1.9481136493839202E-002                  1.7270455053501645E+000                  5.9907908088759341E+003                  1.9819324381299332E-029 
                                     941                  2.2763227751018061E-001                 -1.3856166782059200E+000                  7.4217725920956141E+000                  2.4046123098438783E+000                  1.7642636180186138E+001                  2.8713404240422395E-002                  9.5180623611483950E-001                  1.9480359644738154E-002                  1.5159156878096380E+000                  5.7063618357640125E+003                  2.1174067799156516E-029 
                                     942                  2.2755936165398116E-001                 -1.3864602826214669E+000                  7.4220289804936019E+000                  2.4109326894087615E+000                  1.7647774885686303E+001                  2.6599725189845005E-002                  9.5392063771648994E-001                  1.9479637093665070E-002                  1.3253755296761549E+000                  5.4215239345351320E+003                  2.2571193859263519E-029 
                                     943                  2.2748644579778171E-001                 -1.3872965367273704E+000                  7.4223119766117396E+000                  2.4181676156794292E+000                  1.7653737746780298E+001                  2.4317018168020330E-002                  9.5620409736986212E-001                  1.9478884462117541E-002                  1.1313556937451918E+000                  5.0995154819022555E+003                  2.4247993696551523E-029 
                                     944                  2.2738922465618247E-001                 -1.3884004931762468E+000                  7.4226121823676188E+000                  2.4263173674473952E+000                  1.7660518903960977E+001                  2.1871111151319081E-002                  9.5865080838901817E-001                  1.9478080459662706E-002                  9.3715386472723083E-001                  4.7328561634470161E+003                  2.6226439137098803E-029 
                                     945                  2.2729200351458326E-001                 -1.3894921739661088E+000                  7.4228906697369155E+000                  2.4343061505538128E+000                  1.7667259895591020E+001                  1.9635345345877474E-002                  9.6088729245709015E-001                  1.9477362197032333E-002                  7.7295501996087168E-001                  4.3791558453854068E+003                  2.8262782356238231E-029 
                                     946                  2.2719478237298399E-001                 -1.3905720258898357E+000                  7.4231327764579476E+000                  2.4416799981217641E+000                  1.7673545053069137E+001                  1.7686614074722252E-002                  9.6283664052034312E-001                  1.9476745404934603E-002                  6.4053046983957940E-001                  4.0535969869383148E+003                  3.0225463835011945E-029 
                                     947                  2.2710971387408482E-001                 -1.3915074781298549E+000                  7.4232914219400117E+000                  2.4467643854192160E+000                  1.7677926946305078E+001                  1.6424651208230723E-002                  9.6409899643864483E-001                  1.9476352353124504E-002                  5.6042884907633006E-001                  3.8346053941790083E+003                  3.1622812900909734E-029 
                                     948                  2.2706717962463532E-001                 -1.3919720017151200E+000                  7.4233937456794354E+000                  2.4501118562556092E+000                  1.7680835673576969E+001                  1.5630990267929839E-002                  9.6489290108567605E-001                  1.9476108646394152E-002                  5.1240863349527976E-001                  3.6936911969333942E+003                  3.2567200522904975E-029 
                                     949                  2.2702464537518585E-001                 -1.3924344367591035E+000                  7.4235281047033252E+000                  2.4546169503934951E+000                  1.7684768236059700E+001                  1.4593616875637287E-002                  9.6593058992978265E-001                  1.9475793194580038E-002                  4.5236711834234322E-001                  3.5046649537434687E+003                  3.3868092344376983E-029 
                                     950                  2.2695172951898632E-001                 -1.3932223966128108E+000                  7.4236885346095276E+000                  2.4602380441483334E+000                  1.7689719349721020E+001                  1.3372682252476011E-002                  9.6715189131197388E-001                  1.9475426435550114E-002                  3.8587338256368908E-001                  3.2758841597352462E+003                  3.5530089525411104E-029 
                                     951                  2.2687881366278681E-001                 -1.3940044529316915E+000                  7.4238402291420824E+000                  2.4657768379509628E+000                  1.7694648267492351E+001                  1.2249793878876472E-002                  9.6827511019981505E-001                  1.9475095921308472E-002                  3.2882035289793865E-001                  3.0593714114381623E+003                  3.7214132440349727E-029 
                                     952                  2.2680589780658728E-001                 -1.3947807658213935E+000                  7.4239598080032323E+000                  2.4703339618486799E+000                  1.7698741117406978E+001                  1.1386025389056979E-002                  9.6913911748765913E-001                  1.9474857123283895E-002                  2.8768197544212198E-001                  2.8886301730185364E+003                  3.8631614784953286E-029 
                                     953                  2.2675728723578767E-001                 -1.3952951940806142E+000                  7.4240520091708886E+000                  2.4739516438794209E+000                  1.7702002516084566E+001                  1.0721449474557625E-002                  9.6980388276777341E-001                  1.9474667757668929E-002                  2.5763283733055503E-001                  2.7538593062164359E+003                  3.9781568790127980E-029 
                                     954                  2.2670867666498809E-001                 -1.3958071667047112E+000                  7.4241853389967707E+000                  2.4793155615625313E+000                  1.7706870888472285E+001                  9.7865060543143381E-003                  9.7073909317457407E-001                  1.9474400771111622E-002                  2.1783772052377817E-001                  2.5598852380070048E+003                  4.1529332444775640E-029 
                                     955                  2.2661145552338885E-001                 -1.3968238956867456E+000                  7.4243507488987710E+000                  2.4863706694120777E+000                  1.7713335389211398E+001                  8.6556258280540109E-003                  9.7187027879666377E-001                  1.9474095375282219E-002                  1.7369901436125970E-001                  2.3180448446118780E+003                  4.3887493074492081E-029 
                                     956                  2.2651423438178964E-001                 -1.3978312592791160E+000                  7.4245048780658154E+000                  2.4933208210374684E+000                  1.7719761274037118E+001                  7.6332621448555989E-003                  9.7289291531202560E-001                  1.9473822543118802E-002                  1.3764248582397592E-001                  2.0915496824444135E+003                  4.6286763493132410E-029 
                                     957                  2.2641701324019042E-001                 -1.3988295213108828E+000                  7.4246487641914394E+000                  2.5001578883719908E+000                  1.7726148803024557E+001                  6.7291458683966634E-003                  9.7379725437277331E-001                  1.9473599758830007E-002                  1.0893766310499893E-001                  1.8852150161936704E+003                  4.8721438579882704E-029 
                                     958                  2.2631979209859127E-001                 -1.3998189603749951E+000                  7.4247497164230500E+000                  2.5052325615299171E+000                  1.7730919567383989E+001                  6.1066381796381240E-003                  9.7441991678755879E-001                  1.9473445032803127E-002                  9.0929423897446932E-002                  1.7388687365183057E+003                  5.0573122244990236E-029 
                                     959                  2.2627118152779183E-001                 -1.4003104409981377E+000                  7.4248148648423911E+000                  2.5085792456116791E+000                  1.7734084777709686E+001                  5.7238722124479833E-003                  9.7480277340167465E-001                  1.9473354385877384E-002                  8.0596030565511956E-002                  1.6473609340385894E+003                  5.1820842466759478E-029 
                                     960                  2.2622257095699236E-001                 -1.4007998038327600E+000                  7.4248779709605577E+000                  2.5118996990870994E+000                  1.7737240554128348E+001                  5.3670968382106519E-003                  9.7515962792502797E-001                  1.9473275236761345E-002                  7.1482398234393174E-002                  1.5610262868577995E+003                  5.3077244684502896E-029 
                                     961                  2.2617396038619186E-001                 -1.4012870803590243E+000                  7.4249391371328626E+000                  2.5152006140005030E+000                  1.7740386932369997E+001                  5.0268819105343436E-003                  9.7549991833838223E-001                  1.9473199751083414E-002                  6.3251331165749311E-002                  1.4773707926423078E+003                  5.4345354612870282E-029 
                                     962                  2.2612534981539156E-001                 -1.4017722943477173E+000                  7.4250281235002697E+000                  2.5201072678116123E+000                  1.7745083999901958E+001                  4.5508741955931718E-003                  9.7597602871649247E-001                  1.9473097087914337E-002                  5.2507027624400918E-002                  1.3582289847843974E+003                  5.6270543131470788E-029 
                                     963                  2.2602812867379046E-001                 -1.4027366348042198E+000                  7.4251399928657307E+000                  2.5265868057200409E+000                  1.7751320882229916E+001                  3.9756257682961220E-003                  9.7655138718276513E-001                  1.9472987048938739E-002                  4.0750078558612360E-002                  1.2106578492320252E+003                  5.8874223357992211E-029 
                                     964                  2.2593090753218942E-001                 -1.4036930180242055E+000                  7.4252458021513039E+000                  2.5329862777612155E+000                  1.7757520827712415E+001                  3.4674244892260158E-003                  9.7705968530956377E-001                  1.9472890201210236E-002                  3.1512477182229971E-002                  1.0769081180553312E+003                  6.1523613651357427E-029 
                                     965                  2.2583368639058837E-001                 -1.4046416330200286E+000                  7.4253462156838275E+000                  2.5393052200560771E+000                  1.7763684135049814E+001                  3.0262728233416353E-003                  9.7750090983651738E-001                  1.9472817340140947E-002                  2.4394799834707992E-002                  9.5821063603336813E+002                  6.4218507119510178E-029 
                                     966                  2.2573646524898730E-001                 -1.4055826674859875E+000                  7.4254418287337289E+000                  2.5455548566677750E+000                  1.7769811106580971E+001                  2.6361144473650679E-003                  9.7789112150737989E-001                  1.9472764045254998E-002                  1.8806439522741754E-002                  8.5064045419919921E+002                  6.6965595917948056E-029 
                                     967                  2.2563924410738670E-001                 -1.4065162826129980E+000                  7.4255103505115763E+000                  2.5501986471956672E+000                  1.7774387301467208E+001                  2.3807221145080975E-003                  9.7814653016244080E-001                  1.9472747723051076E-002                  1.5519978452260778E-002                  7.7904273290735421E+002                  6.9057831123866826E-029 
                                     968                  2.2559063353658657E-001                 -1.4069803608475522E+000                  7.4255550587321419E+000                  2.5532731653758152E+000                  1.7777423783942098E+001                  2.2211507303516002E-003                  9.7830611325017369E-001                  1.9472736019474746E-002                  1.3614315604006460E-002                  7.3356805858823577E+002                  7.0472300117355545E-029 
                                     969                  2.2554202296578651E-001                 -1.4074426420377126E+000                  7.4256098021144457E+000                  2.5570967320883020E+000                  1.7781204960941139E+001                  2.0299387505728936E-003                  9.7849734455430104E-001                  1.9472716695126069E-002                  1.1481141866080194E-002                  6.7814131223611935E+002                  7.2264113559125760E-029 
                                     970                  2.2546910710958709E-001                 -1.4081327264805266E+000                  7.4256736048031131E+000                  2.5616536622533146E+000                  1.7785726395705858E+001                  1.8235995835547626E-003                  9.7870369384021783E-001                  1.9472706576227461E-002                  9.3721928304447387E-003                  6.1754878200094595E+002                  7.4443642515628492E-029 
                                     971                  2.2539619125338772E-001                 -1.4088188615868034E+000                  7.4257460455660089E+000                  2.5669243967901441E+000                  1.7790973769988273E+001                  1.6096338059682985E-003                  9.7891765804238229E-001                  1.9472708151649365E-002                  7.3987288904456229E-003                  5.5370110238651523E+002                  7.7030753866494547E-029 
                                     972                  2.2529897011178668E-001                 -1.4097276645684822E+000                  7.4258061157839910E+000                  2.5714158861746657E+000                  1.7795456871510122E+001                  1.4441342025758729E-003                  9.7908315177302285E-001                  1.9472714024401316E-002                  6.0225067178929659E-003                  5.0341931665387358E+002                  7.9288969683350116E-029 
                                     973                  2.2525035954098632E-001                 -1.4101795098666927E+000                  7.4258554140406670E+000                  2.5751310406295724E+000                  1.7799172329194917E+001                  1.3168373118964910E-003                  9.7921043881622050E-001                  1.9472723871883035E-002                  5.0540397250864056E-003                  4.6411322332727150E+002                  8.1201605565563556E-029 
                                     974                  2.2517744368478812E-001                 -1.4108541238583536E+000                  7.4259133282068843E+000                  2.5795634224550850E+000                  1.7803615281373922E+001                  1.1791357233899501E-003                  9.7934812571479257E-001                  1.9472738561817526E-002                  4.0971031661730488E-003                  4.2104836352273355E+002                  8.3533021490518027E-029 
                                     975                  2.2510452782858992E-001                 -1.4115249982266860E+000                  7.4259985302557681E+000                  2.5861488115248230E+000                  1.7810233980007663E+001                  9.9769162664461683E-004                  9.7952954145986348E-001                  1.9472766913491868E-002                  2.9813909500035793E-003                  3.6323296174597425E+002                  8.7108502481395407E-029 
                                     976                  2.2495869611619093E-001                 -1.4128557193747890E+000                  7.4260809509128149E+000                  2.5926915774517454E+000                  1.7816828865891519E+001                  8.4395211295823231E-004                  9.7968323595676621E-001                  1.9472811930275613E-002                  2.1680486168138861E-003                  3.1321009080053710E+002                  9.0785248605335069E-029 
                                     977                  2.2488578025999267E-001                 -1.4135156547897261E+000                  7.4261351263517570E+000                  2.5970152608165957E+000                  1.7821195397533593E+001                  7.5284821070668590E-004                  9.7977431157326211E-001                  1.9472840216031240E-002                  1.7436982641979427E-003                  2.8296072786069232E+002                  9.3294754694972644E-029 
                                     978                  2.2481286440379461E-001                 -1.4141720300776626E+000                  7.4261886295849351E+000                  2.6013131589110592E+000                  1.7825543143425250E+001                  6.7156060011820879E-004                  9.7985556762928272E-001                  1.9472871770599087E-002                  1.4022174709606206E-003                  2.5560327614498348E+002                  9.5852514550660597E-029 
                                     979                  2.2473994854759652E-001                 -1.4148248872450524E+000                  7.4262415498948284E+000                  2.6055864013397869E+000                  1.7829872230280085E+001                  5.9858545584657121E-004                  9.7992850513277541E-001                  1.9472909411378025E-002                  1.1257801103889795E-003                  2.3069240921530300E+002                  9.8460610605860000E-029 
                                     980                  2.2466703269139832E-001                 -1.4154742663230733E+000                  7.4263027053572719E+000                  2.6105385381817032E+000                  1.7834897068577714E+001                  5.2375554423752971E-004                  9.8000328097106959E-001                  1.9472963484692851E-002                  8.7243262409024023E-004                  2.0479503209474817E+002                  1.0156802275497723E-028 
                                     981                  2.2456981154979769E-001                 -1.4163347634628194E+000                  7.4263718609255225E+000                  2.6161629152323407E+000                  1.7840611822628198E+001                  4.4799262105888935E-004                  9.8007898619810174E-001                  1.9473021180839378E-002                  6.4714103583713833E-004                  1.7807170073168109E+002                  1.0521127621203898E-028 
                                     982                  2.2447259040819711E-001                 -1.4171892348327015E+000                  7.4264404399334509E+000                  2.6217467286903484E+000                  1.7846294184022661E+001                  3.8296504781903522E-004                  9.8014394598644905E-001                  1.9473088965731966E-002                  4.7941133108624616E-004                  1.5472551023900064E+002                  1.0895458021488073E-028 
                                     983                  2.2437536926659651E-001                 -1.4180377668148689E+000                  7.4265085843899881E+000                  2.6272916652609064E+000                  1.7851944445741399E+001                  3.2656158297164286E-004                  9.8020028388345393E-001                  1.9473154533574455E-002                  3.5335141034554450E-004                  1.3409067679993032E+002                  1.1280266848608365E-028 
                                     984                  2.2427814812499591E-001                 -1.4188804417930252E+000                  7.4265764216812222E+000                  2.6327981390971638E+000                  1.7857562898358591E+001                  2.7845035508387438E-004                  9.8024832562085928E-001                  1.9473224024056823E-002                  2.6038361472734383E-004                  1.1618898205057175E+002                  1.1675917808340877E-028 
                                     985                  2.2418092698339534E-001                 -1.4197173406868027E+000                  7.4266440636940496E+000                  2.6382676692341884E+000                  1.7863149830019299E+001                  2.3678902715045018E-004                  9.8028991480493122E-001                  1.9473296167918375E-002                  1.9082739293876594E-004                  1.0039646625547473E+002                  1.2082898925633637E-028 
                                     986                  2.2408370584179471E-001                 -1.4205485408512319E+000                  7.4267116106168389E+000                  2.6437009820703254E+000                  1.7868705526313381E+001                  2.0084430146932709E-004                  9.8032578080392307E-001                  1.9473374894607653E-002                  1.3912194200531693E-004                  8.6519321141922305E+001                  1.2501633309553309E-028 
                                     987                  2.2398648470019367E-001                 -1.4213741176531749E+000                  7.4267791517978150E+000                  2.6490985389364443E+000                  1.7874230270231074E+001                  1.7025705219988961E-004                  9.8035629220595699E-001                  1.9473450741843146E-002                  1.0129928770818804E-004                  7.4510350810092802E+001                  1.2932526961484538E-028 
                                     988                  2.2388926355859307E-001                 -1.4221941450049049E+000                  7.4268467655685670E+000                  2.6544611294538898E+000                  1.7879724342151647E+001                  1.4422899610173499E-004                  9.8038224425222409E-001                  1.9473526751674131E-002                  7.3651744787040733E-005                  6.4118621478678193E+001                  1.3376032397649041E-028 
                                     989                  2.2379204241699246E-001                 -1.4230086947671576E+000                  7.4269145206146883E+000                  2.6597895161670424E+000                  1.7885188019800967E+001                  1.2200827388759495E-004                  9.8040438559425325E-001                  1.9473606131859111E-002                  5.3395149221190234E-005                  5.5093936095452996E+001                  1.3832612681566826E-028 
                                     990                  2.2369482127539186E-001                 -1.4238178368328418E+000                  7.4269654892984462E+000                  2.6637669643064892E+000                  1.7889269548484044E+001                  1.0784500446710314E-004                  9.8041848299577861E-001                  1.9473671999754250E-002                  4.2124746883420540E-005                  4.9269908482580036E+001                  1.4184151531645524E-028 
                                     991                  2.2364621070459154E-001                 -1.4242204011909669E+000                  7.4269995280760757E+000                  2.6664076404919288E+000                  1.7891978822664203E+001                  9.9061940492060498E-005                  9.8042722592453124E-001                  1.9473712134976728E-002                  3.5772478708973587E-005                  4.5609511729574187E+001                  1.4422791163735025E-028 
                                     992                  2.2359760013379110E-001                 -1.4246216376111445E+000                  7.4270506849796059E+000                  2.6703473549668981E+000                  1.7896025289816066E+001                  8.7066908902648670E-005                  9.8043916366192985E-001                  1.9473769429167453E-002                  2.7900819409016087E-005                  4.0553633576093759E+001                  1.4786921047158261E-028 
                                     993                  2.2350037899219047E-001                 -1.4254201650841323E+000                  7.4271191965891354E+000                  2.6755763551483156E+000                  1.7901399423817324E+001                  7.3393893788929255E-005                  9.8045275621274053E-001                  1.9473849893470563E-002                  2.0080438760664378E-005                  3.4714972262664183E+001                  1.5285486422887047E-028 
                                     994                  2.2340315785058990E-001                 -1.4262134855190129E+000                  7.4271880501741077E+000                  2.6807734308388174E+000                  1.7906744247314702E+001                  6.1685737975751190E-005                  9.8046438251708856E-001                  1.9473931744935724E-002                  1.4365918147539797E-005                  2.9627077773440355E+001                  1.5799017518345316E-028 
                                     995                  2.2330593670898929E-001                 -1.4270016626305897E+000                  7.4272572818489628E+000                  2.6859389782418011E+000                  1.7912060024481548E+001                  5.1717645912376231E-005                  9.8047426343595778E-001                  1.9474018918129832E-002                  1.0226344662048202E-005                  2.5220670781329872E+001                  1.6327999223099105E-028 
                                     996                  2.2320871556738869E-001                 -1.4277847589604902E+000                  7.4273269233722594E+000                  2.6910733458356777E+000                  1.7917347016763806E+001                  4.3331350429502360E-005                  9.8048256600549111E-001                  1.9474102644079339E-002                  7.2693496548944210E-006                  2.1453784786421565E+001                  1.6872923237864945E-028 
                                     997                  2.2311149442578809E-001                 -1.4285628359784837E+000                  7.4273970022875888E+000                  2.6961769507183835E+000                  1.7922605482893886E+001                  3.6276040183599391E-005                  9.8048953792178306E-001                  1.9474186038033303E-002                  5.1588017319351651E-006                  1.8233718476347168E+001                  1.7434303826677721E-028 
                                     998                  2.2301427328418702E-001                 -1.4293359539736381E+000                  7.4274675424969239E+000                  2.7012501912433264E+000                  1.7927835678899150E+001                  3.0328151280505140E-005                  9.8049540067372765E-001                  1.9474271174991897E-002                  3.6508111952822558E-006                  1.5474788151317609E+001                  1.8012666927969532E-028 
                                     999                  2.2291705214258645E-001                 -1.4301041721034848E+000                  7.4275385648047214E+000                  2.7062933780225027E+000                  1.7933037858112350E+001                  2.5388751777493469E-005                  9.8050025044171374E-001                  1.9474360806508773E-002                  2.5902368851171723E-006                  1.3149660055851252E+001                  1.8608538926292351E-028 
                                    1000                  2.2281983100098585E-001                 -1.4308675485637214E+000                  7.4276100870023072E+000                  2.7113069800921830E+000                  1.7938212271191180E+001                  2.1131975766173456E-005                  9.8050442230201673E-001                  1.9474445722217126E-002                  1.8166360309002350E-006                  1.1109071575083240E+001                  1.9222488417359669E-028 
                                    1001                  2.2272260985938525E-001                 -1.4316261403225214E+000                  7.4276821249914979E+000                  2.7162912116589437E+000                  1.7943359166123418E+001                  1.7595949178477587E-005                  9.8050786814801849E-001                  1.9474535902803014E-002                  1.2750168358280592E-006                  9.3882843846985793E+000                  1.9855056697069884E-028 
                                    1002                  2.2262538871778464E-001                 -1.4323800035811671E+000                  7.4277546924078264E+000                  2.7212464187398222E+000                  1.7948478788255603E+001                  1.4627637186043335E-005                  9.8051074726591525E-001                  1.9474625096898679E-002                  8.9189568531822160E-007                  7.9205604178407452E+000                  2.0506823975474764E-028 
                                    1003                  2.2252816757618357E-001                 -1.4331291935542194E+000                  7.4278278010874628E+000                  2.7261729224898801E+000                  1.7953571380309839E+001                  1.2109679200362733E-005                  9.8051317510501002E-001                  1.9474715215789584E-002                  6.1869838443629086E-007                  6.6541595182524267E+000                  2.1178382522045386E-028 
                                    1004                  2.2243094643458297E-001                 -1.4338737645247976E+000                  7.4279014614391725E+000                  2.7310709749931452E+000                  1.7958637182402466E+001                  1.0019719169055088E-005                  9.8051517688372758E-001                  1.9474803397103391E-002                  4.2869253833230691E-007                  5.5868771713950505E+000                  2.1870329227011026E-028 
                                    1005                  2.2233372529298240E-001                 -1.4346137699741621E+000                  7.4279756824034662E+000                  2.7359408601362079E+000                  1.7963676432069288E+001                  8.2893614783185776E-006                  9.8051682045925614E-001                  1.9474890179265514E-002                  2.9694196790928060E-007                  4.6898903244383998E+000                  2.2583283671907061E-028 
                                    1006                  2.2223650415138180E-001                 -1.4353492625368462E+000                  7.4280504716485503E+000                  2.7407828638974632E+000                  1.7968689364288672E+001                  6.8458834021206959E-006                  9.8051817531804741E-001                  1.9474978798550424E-002                  2.0495421920801062E-007                  3.9298217492913050E+000                  2.3317883625372898E-028 
                                    1007                  2.2213928300978120E-001                 -1.4360802940072326E+000                  7.4281258358144377E+000                  2.7455972389067074E+000                  1.7973676211502838E+001                  5.6611902977317610E-006                  9.8051926817870538E-001                  1.9475070630996849E-002                  1.4182603139940234E-007                  3.2970794969697761E+000                  2.4074779072597580E-028 
                                    1008                  2.2204206186818060E-001                 -1.4368069154055390E+000                  7.4282017805491209E+000                  2.7503842719816349E+000                  1.7978637203642567E+001                  4.6537638605291872E-006                  9.8052019025931536E-001                  1.9475155976824143E-002                  9.6976432561897318E-008                  2.7496532981130204E+000                  2.4854647857347769E-028 
                                    1009                  2.2194484072657999E-001                 -1.4375291769297149E+000                  7.4282783108500423E+000                  2.7551441909063401E+000                  1.7983572568149476E+001                  3.8269012670557680E-006                  9.8052093220519487E-001                  1.9475240893538026E-002                  6.6350445991981243E-008                  2.2937772893149564E+000                  2.5658173716662882E-028 
                                    1010                  2.2184761958497942E-001                 -1.4382471280631397E+000                  7.4283554309890967E+000                  2.7598772520363850E+000                  1.7988482530002798E+001                  3.1393893462728633E-006                  9.8052153463145997E-001                  1.9475325979193769E-002                  4.5175871612916471E-008                  1.9087853485708006E+000                  2.6486067370196311E-028 
                                    1011                  2.2175039844337879E-001                 -1.4389608175354707E+000                  7.4284331446705343E+000                  2.7645836947892573E+000                  1.7993367311742453E+001                  2.5717021484321944E-006                  9.8052201553712570E-001                  1.9475412760725841E-002                  3.0669003511191007E-008                  1.5860648921513465E+000                  2.7339056641804153E-028 
                                    1012                  2.2165317730177822E-001                 -1.4396702933591226E+000                  7.4285114550857809E+000                  2.7692637573398993E+000                  1.7998227133495170E+001                  2.1017203271173008E-006                  9.8052240136782698E-001                  1.9475496911845913E-002                  2.0721724362142713E-008                  1.3147642330135811E+000                  2.8217891283283158E-028 
                                    1013                  2.2155595616017759E-001                 -1.4403756028394041E+000                  7.4286298142831084E+000                  2.7762245304660245E+000                  1.8005459715254833E+001                  1.5469978405581847E-006                  9.8052283268297491E-001                  1.9475620319184483E-002                  1.1421560912914296E-008                  9.8852817111542135E-001                  2.9584037128226814E-028 
                                    1014                  2.2136151387697964E-001                 -1.4417739117097332E+000                  7.4287499932316301E+000                  2.7831479653939506E+000                  1.8012659000583405E+001                  1.1338434966361720E-006                  9.8052312948470788E-001                  1.9475736671795474E-002                  6.2415330071568632E-009                  7.4013306324475403E-001                  3.1017287374902467E-028 
                                    1015                  2.2126429273537901E-001                 -1.4424669991838832E+000                  7.4288307147355299E+000                  2.7877247960183897E+000                  1.8017421136439303E+001                  9.1977886158921628E-007                  9.8052326872384388E-001                  1.9475811497294493E-002                  4.1540748161951353E-009                  6.0899663255984782E-001                  3.2007438211724817E-028 
                                    1016                  2.2116707159377844E-001                 -1.4431561027713262E+000                  7.4288917127872738E+000                  2.7911433272891224E+000                  1.8020979654924183E+001                  7.8674080201325184E-007                  9.8052334491516524E-001                  1.9475868344032699E-002                  3.0651384219297231E-009                  5.2651341443196886E-001                  3.2770256512490186E-028 
                                    1017                  2.2111846102297794E-001                 -1.4434991742029610E+000                  7.4289325292822426E+000                  2.7934128261288929E+000                  1.8023342823070209E+001                  7.0738718878124792E-007                  9.8052339039218428E-001                  1.9475902220626895E-002                  2.4919821696077814E-009                  4.7680125941564594E-001                  3.3287939494122503E-028 
                                    1018                  2.2106985045217764E-001                 -1.4438412661111799E+000                  7.4289939808448242E+000                  2.7968029152823477E+000                  1.8026873930793105E+001                  6.0222743689763949E-007                  9.8052344934372726E-001                  1.9475948428835821E-002                  1.8213939541422151E-009                  4.1030190128678068E-001                  3.4078421383609631E-028 
                                    1019                  2.2097262931057701E-001                 -1.4445225332592311E+000                  7.4291177949931955E+000                  2.8035365907918437E+000                  1.8033891667110094E+001                  4.3565496697535720E-007                  9.8052353188907460E-001                  1.9476032455958414E-002                  9.6923510623689957E-010                  3.0328408215698116E-001                  3.5711953948075530E-028 
                                    1020                  2.2077818702737903E-001                 -1.4458735508974980E+000                  7.4292434540643173E+000                  2.8102344285096481E+000                  1.8040877481837644E+001                  3.1429628563075624E-007                  9.8052357432764770E-001                  1.9476111376066640E-002                  5.1292502734276510E-010                  2.2360974960003197E-001                  3.7425343982456247E-028 
                                    1021                  2.2068096588577843E-001                 -1.4465433825224530E+000                  7.4293278349834875E+000                  2.8146629249462376E+000                  1.8045499297942229E+001                  2.5167679565023708E-007                  9.8052359305723724E-001                  1.9476155265967132E-002                  3.3254314747972439E-010                  1.8167995100516293E-001                  3.8608964907322452E-028 
                                    1022                  2.2058374474417736E-001                 -1.4472094850125647E+000                  7.4294128285034029E+000                  2.8190674233603854E+000                  1.8050098423328656E+001                  2.0131772631756932E-007                  9.8052360023517915E-001                  1.9476198447094584E-002                  2.1512455441101920E-010                  1.4745740684157635E-001                  3.9828267542239070E-028 
                                    1023                  2.2048652360257678E-001                 -1.4478718987605335E+000                  7.4294984350793678E+000                  2.8234481236104871E+000                  1.8054675051113929E+001                  1.6063030420188339E-007                  9.8052360298214081E-001                  1.9476236387555024E-002                  1.3845972166824961E-010                  1.1938120917883055E-001                  4.1084312880980378E-028 
                                    1024                  2.2038930246097618E-001                 -1.4485306635966999E+000                  7.4295843746620811E+000                  2.8277911289719837E+000                  1.8059214635903832E+001                  1.2798777608343592E-007                  9.8052360062598887E-001                  1.9476271386235089E-002                  8.8860996367449768E-011                  9.6510497377396282E-002                  4.2373934491236000E-028 
                                    1025                  2.2029271377036722E-001                 -1.4491815684045326E+000                  7.4296706395235406E+000                  2.8320967835236042E+000                  1.8063717498048739E+001                  1.0189008414361492E-007                  9.8052359216440965E-001                  1.9476305945506200E-002                  5.6925547216039858E-011                  7.7947186121762865E-002                  4.3697847849360891E-028 
                                    1026                  2.2019612507975822E-001                 -1.4498289483712836E+000                  7.4298009389402226E+000                  2.8385036676178430E+000                  1.8070422098020103E+001                  7.2208452382577868E-008                  9.8052356855568079E-001                  1.9476359235866880E-002                  2.9051894833393108E-011                  5.6441033260859405E-002                  4.5755169954825464E-028 
                                    1027                  2.2000294769853751E-001                 -1.4511132850338690E+000                  7.4299330700448971E+000                  2.8448770265525054E+000                  1.8077096915194701E+001                  5.0986266151445775E-008                  9.8052352969847112E-001                  1.9476419315262783E-002                  1.4717453396332051E-011                  4.0715477758013791E-002                  4.7911831027685449E-028 
                                    1028                  2.1990635900792851E-001                 -1.4517503132170202E+000                  7.4300217594204661E+000                  2.8490921550063204E+000                  1.8081514265441236E+001                  4.0302200285418621E-008                  9.8052350306501890E-001                  1.9476456632780859E-002                  9.2933106961833153E-012                  3.2642777371910230E-002                  4.9401261007536549E-028 
                                    1029                  2.1980977031731957E-001                 -1.4523839633631948E+000                  7.4301110550135343E+000                  2.8532851111524828E+000                  1.8085910681393113E+001                  3.1840599230047036E-008                  9.8052347334774315E-001                  1.9476494811657585E-002                  5.8619475977143492E-012                  2.6155060131071779E-002                  5.0935174347051531E-028 
                                    1030                  2.1971318162671058E-001                 -1.4530142709338190E+000                  7.4302009567621994E+000                  2.8574560748343649E+000                  1.8090286336746924E+001                  2.5106685363930108E-008                  9.8052344019974769E-001                  1.9476534693566916E-002                  3.6830258081864586E-012                  2.0914356982388853E-002                  5.2514889040384658E-028 
                                    1031                  2.1961659293610161E-001                 -1.4536412709105297E+000                  7.4303367110800087E+000                  2.8636635342189485E+000                  1.8096802668295172E+001                  1.7539369386460150E-008                  9.8052338412790674E-001                  1.9476598332723860E-002                  1.8256923603469040E-012                  1.4917989658668600E-002                  5.4969690288010555E-028 
                                    1032                  2.1942341555488076E-001                 -1.4548854872150505E+000                  7.4304742971565574E+000                  2.8698387770966134E+000                  1.8103290444212952E+001                  1.2179490234689209E-008                  9.8052332475503867E-001                  1.9476663065471134E-002                  8.9414023903760123E-013                  1.0575849954819902E-002                  5.7542616514168584E-028 
                                    1033                  2.1932682686427180E-001                 -1.4555027696305010E+000                  7.4306127768431498E+000                  2.8759501001461727E+000                  1.8109716094994539E+001                  8.5057382582910318E-009                  9.8052325611750102E-001                  1.9476735376760757E-002                  4.4285294308188995E-013                  7.5385264255278910E-003                  6.0223852795319016E-028 
                                    1034                  2.1913364948305408E-001                 -1.4567278516272295E+000                  7.4307530871355185E+000                  2.8820298415090111E+000                  1.8116113784038550E+001                  5.8359826629242160E-009                  9.8052318469733113E-001                  1.9476809466686174E-002                  2.1170110840410017E-013                  5.2788352720672489E-003                  6.3033924978551936E-028 
                                    1035                  2.1903706079244512E-001                 -1.4573357147757890E+000                  7.4308942891065186E+000                  2.8880473122349315E+000                  1.8122450959812266E+001                  4.0140936621803111E-009                  9.8052311637745571E-001                  1.9476879608450681E-002                  1.0168847808082388E-013                  3.7048820194044716E-003                  6.5962378268861123E-028 
                                    1036                  2.1884388341122443E-001                 -1.4585422471946146E+000                  7.4312279454818047E+000                  2.9018759156823375E+000                  1.8137033694463085E+001                  1.7475224598889183E-009                  9.8052295104333809E-001                  1.9477047209139453E-002                  1.9959373630598362E-014                  1.6895995855842033E-003                  7.3297093515130941E-028 
                                    1037                  2.1836093995817912E-001                 -1.4615063966268804E+000                  7.4317197190282123E+000                  2.9212843005216884E+000                  1.8157548588784728E+001                  4.7307712914980321E-010                  9.8052269050091123E-001                  1.9477309026011635E-002                  1.5367045205008301E-015                  4.8846230289050852E-004                  8.5221696902441538E-028 
                                    1038                  2.1787799650513132E-001                 -1.4643989213700308E+000                  7.4321758333472898E+000                  2.9383605703868954E+000                  1.8175646271758630E+001                  1.3676680340989054E-010                  9.8052244357865026E-001                  1.9477556284582920E-002                  1.3416017793447198E-016                  1.4971420912136368E-004                  9.7576594118644698E-028 
                                    1039                  2.1749164174269556E-001                 -1.4666637199294643E+000                  7.4325389415652499E+000                  2.9513804707461060E+000                  1.8189476082143027E+001                  5.0600319007287321E-011                  9.8052228880995540E-001                  1.9477711139444298E-002                  1.8987247645131761E-017                  5.7943515598953564E-005                  1.0838308666056248E-027 
                                    1040                  2.1720187567086569E-001                 -1.4683347207385937E+000                  7.4329082334974919E+000                  2.9641491890528568E+000                  1.8203065851014593E+001                  1.8960965462131646E-011                  9.8052216031523531E-001                  1.9477839665803742E-002                  2.7551028675535487E-018                  2.2703782829894535E-005                  1.2033068981195353E-027 
                                    1041                  2.1681552090843012E-001                 -1.4705272237293314E+000                  7.4333936443914617E+000                  2.9802519660610107E+000                  1.8220243318710907E+001                  5.1557503310000813E-012                  9.8052196471789088E-001                  1.9478035276953354E-002                  2.1235224463590079E-019                  6.5353868923125260E-006                  1.3761467223131791E-027 
                                    1042                  2.1633257745538270E-001                 -1.4732129559267562E+000                  7.4338922805616106E+000                  2.9960463765662069E+000                  1.8237136034091328E+001                  1.2874221055694709E-012                  9.8052176755273301E-001                  1.9478232445979571E-002                  1.3794506517694260E-020                  1.7270860416451494E-006                  1.5739833466281392E-027 
                                    1043                  2.1594622269294356E-001                 -1.4753193951661530E+000                  7.4344012877241719E+000                  3.0114740532351547E+000                  1.8253679703248121E+001                  3.1982675458441732E-013                  9.8052158133475464E-001                  1.9478418664925501E-002                  8.8623838240176842E-022                  4.5383174205144714E-007                  1.7993720356454845E-027 
                                    1044                  2.1546327923989320E-001                 -1.4779020297082623E+000                  7.4348653139538943E+000                  3.0249603631494080E+000                  1.8268178184827466E+001                  8.5479496446195791E-014                  9.8052141803147075E-001                  1.9478581968443764E-002                  6.5580212379194460E-023                  1.2748502787173645E-007                  2.0273071238200534E-027 
                                    1045                  2.1517351316806227E-001                 -1.4794257003806406E+000                  7.4353360358320923E+000                  3.0381439344074352E+000                  1.8282384490667511E+001                  2.3308765640950453E-014                  9.8052125245809674E-001                  1.9478747541879948E-002                  5.0481515981828875E-024                  3.6518602030856772E-008                  2.2827134120581032E-027 
                                    1046                  2.1469056971501060E-001                 -1.4819236596248211E+000                  7.4358181385514319E+000                  3.0511419280835130E+000                  1.8296424724318335E+001                  5.7846770831195020E-015                  9.8052108016564787E-001                  1.9478919834346353E-002                  3.2177251257361751E-025                  9.5203185551878518E-009                  2.5715809609107946E-027 
                                    1047                  2.1440080364317968E-001                 -1.4833983508318904E+000                  7.4362451662433271E+000                  3.0622748363733998E+000                  1.8308477213442941E+001                  1.7208994901454404E-015                  9.8052090966047900E-001                  1.9479090339519223E-002                  2.9324840032821213E-026                  2.9556559576973404E-009                  2.8527701576875658E-027 
                                    1048                  2.1401534573279324E-001                 -1.4853330360894690E+000                  7.4368027876913620E+000                  3.0763037498921060E+000                  1.8323701508196130E+001                  3.4599301513675296E-016                  9.8052071430417875E-001                  1.9479285695820914E-002                  1.2306798049984534E-027                  6.2750780304100385E-010                  3.2590207920007714E-027 
                                    1049                  2.1353464440988085E-001                 -1.4877040642455950E+000                  7.4373088095915874E+000                  3.0885647902239115E+000                  1.8337041794806485E+001                  7.7543046974639806E-017                  9.8052057800655812E-001                  1.9479421993441770E-002                  1.6556689119690906E-029                  1.4759531722151141E-010                  3.6695261057743802E-027 
                                    1050                  2.1324622361613457E-001                 -1.4891052262941988E+000                  7.4378210556207840E+000                  3.1005676740733090E+000                  1.8350132645667333E+001                  1.7436158725792738E-017                  9.8052046181402619E-001                  1.9479538185973810E-002                  8.6447714664212017E-031                  3.4816377146162670E-011                  4.1299834006499796E-027 
                                    1051                  2.1276552229322201E-001                 -1.4914060552916175E+000                  7.4386051187680957E+000                  3.1181905374179593E+000                  1.8369411372502757E+001                  1.7283761190509059E-018                  9.8052031855465360E-001                  1.9479681445346397E-002                  3.4363757802504217E-032                  3.7069717646144915E-012                  4.9321324379899668E-027 
                                    1052                  2.1209254044114331E-001                 -1.4945578978479954E+000                  7.4393438989984055E+000                  3.1340268306496757E+000                  1.8386797212334056E+001                  1.7555907788470107E-019                  9.8052019297873727E-001                  1.9479807021262729E-002                  3.7013718730681861E-034                  4.0201324584636958E-013                  5.8095649268817908E-027 
                                    1053                  2.1170797938281535E-001                 -1.4963242338657992E+000                  7.4398891341010405E+000                  3.1452854901368830E+000                  1.8399193547842291E+001                  3.2880525366111533E-020                  9.8052009959487074E-001                  1.9479900405129258E-002                  3.4698056059363818E-036                  7.8937220569255002E-014                  6.5430564237560739E-027 
                                    1054                  2.1132341832448762E-001                 -1.4980663512674162E+000                  7.4404423053355009E+000                  3.1563590431584978E+000                  1.8411416134938474E+001                  5.8627674894886334E-021                  9.8051999640558030E-001                  1.9480003594419704E-002                  1.1370866465372616E-037                  1.4753422659466644E-014                  7.3703326306939277E-027 
                                    1055                  2.1093885726615966E-001                 -1.4997850317004626E+000                  7.4411434179154465E+000                  3.1699251108854649E+000                  1.8426431318788801E+001                  6.5580582292657427E-022                  9.8051988002654455E-001                  1.9480119973455445E-002                  5.7185736929746789E-039                  1.7497565117101860E-015                  8.5528661991961399E-027 
                                    1056                  2.1036201567866625E-001                 -1.5023207377237897E+000                  7.4419306288979596E+000                  3.1845719946205140E+000                  1.8442695546422073E+001                  5.1713749024994088E-023                  9.8051977757546283E-001                  1.9480222424537175E-002                  9.5631401111769347E-042                  1.4713588932634906E-016                  1.0081929283025580E-026 
                                    1057                  2.0988131435575366E-001                 -1.5043965586904062E+000                  7.4426579271667173E+000                  3.1975997357886947E+000                  1.8457208870354503E+001                  4.8458320859293010E-024                  9.8051968719280058E-001                  1.9480312807199418E-002                  8.7070171832619832E-044                  1.4612613731451035E-017                  1.1710502806074524E-026 
                                    1058                  2.0940061303284110E-001                 -1.5064399004589828E+000                  7.4433228702044003E+000                  3.2091163713938999E+000                  1.8470076565173624E+001                  5.3358503904429315E-025                  9.8051960766836932E-001                  1.9480392331630680E-002                  1.0902665856795119E-045                  1.6952118175264768E-018                  1.3405567463992380E-026 
                                    1059                  2.0901605197451337E-001                 -1.5080520262518815E+000                  7.4442198499216685E+000                  3.2241017431779428E+000                  1.8486874112670808E+001                  2.7455345451935333E-026                  9.8051950686863909E-001                  1.9480493131360910E-002                  3.0108845431431963E-048                  9.3458689697051389E-020                  1.6049103361658786E-026 
                                    1060                  2.0824692985785501E-001                 -1.5112187148418823E+000                  7.4451377085228980E+000                  3.2388278128847032E+000                  1.8503442336378665E+001                  1.1283131086991515E-027                  9.8051940727250253E-001                  1.9480592727497470E-002                  5.3017642550373800E-051                  4.1156544092767001E-021                  1.9244483872913840E-026 
                                    1061                  2.0786330746828816E-001                 -1.5127706459639005E+000                  7.4459082754495247E+000                  3.2507536410772819E+000                  1.8516905556794626E+001                  7.8264588728474359E-029                  9.8051932020824251E-001                  1.9480679791757494E-002                  2.6391168161907057E-053                  3.0220434179850817E-022                  2.2372026140174941E-026 
                                    1062                  2.0728928188708010E-001                 -1.5150601085950508E+000                  7.4466906907386248E+000                  3.2624841949429211E+000                  1.8530188891263929E+001                  4.8141548523906773E-030                  9.8051922444530681E-001                  1.9480775554693186E-002                  1.3008825308184290E-045                  1.9676443151759741E-023                  2.6026924216708064E-026 
                                    1063                  2.0690659816627174E-001                 -1.5165653507525787E+000                  7.4477964729703334E+000                  3.2784555947416196E+000                  1.8548340759143276E+001                  9.4788465173362356E-032                  9.8051907191332899E-001                  1.9480928086671012E-002                  4.1924704909750892E-059                  4.1918511816291770E-025                  3.2152156820281576E-026 
                                    1064                  2.0594988886425711E-001                 -1.5202582062137735E+000                  7.4489305432532875E+000                  3.2941673827097526E+000                  1.8566273166157242E+001                  1.3090580391755737E-033                  9.8051891029188054E-001                  1.9481089708119459E-002                  8.3700839125381357E-063                  6.2658453806629956E-027                  3.9826018374187330E-026 
                                    1065                  2.0556720514344856E-001                 -1.5217084302250461E+000                  7.4495841900683208E+000                  3.3029325165012700E+000                  1.8576310766177713E+001                  1.1065398433968468E-034                  9.8051881439870392E-001                  1.9481185601296080E-002                  6.1360848162917968E-065                  5.5396260241066742E-028                  4.5002388748072751E-026 
                                    1066                  2.0518452142264015E-001                 -1.5231439148900880E+000                  7.4504083614564376E+000                  3.3137025288785291E+000                  1.8588677792399899E+001                  4.7508033744877801E-036                  9.8051868612333970E-001                  1.9481313876660300E-002                  5.4644396056781221E-044                  2.5150233599276042E-029                  5.2439910283970892E-026 
                                    1067                  2.0461049584143209E-001                 -1.5252703915525905E+000                  7.4514102691248079E+000                  3.3264011891957272E+000                  1.8603307363294590E+001                  9.4390499666840180E-038                  9.8051853554122093E-001                  1.9481464458779074E-002                  4.7852798565511342E-071                  5.3427745822434639E-031                  6.3058295414156145E-026 
                                    1068                  2.0403647026022428E-001                 -1.5273659273880427E+000                  7.4524244584737449E+000                  3.3388424119704365E+000                  1.8617691618998524E+001                  1.6483547173416045E-039                  9.8051839106155592E-001                  1.9481608938444084E-002                  1.5144610051016968E-074                  9.9738792623244597E-033                  7.5876595134244854E-026 
                                    1069                  2.0346244467901659E-001                 -1.5294317643098541E+000                  7.4533650812235344E+000                  3.3500357405745649E+000                  1.8630677082371811E+001                  3.5759686446373489E-041                  9.8051826207673287E-001                  1.9481737923267128E-002                  7.3710198213169252E-078                  2.2998886020212504E-034                  8.9964160259942037E-026 
                                    1070                  2.0298409002800918E-001                 -1.5311314591207994E+000                  7.4544004305203755E+000                  3.3619920434809001E+000                  1.8644594816232640E+001                  4.9603249062920912E-043                  9.8051811462080651E-001                  1.9481885379193487E-002                  1.4704104448173138E-081                  3.4086720339492418E-036                  1.0836225834282122E-025 
                                    1071                  2.0231439351659841E-001                 -1.5334789896852885E+000                  7.4553617409105826E+000                  3.3727832404759930E+000                  1.8657197928162272E+001                  2.1868856422187425E-045                  9.8051796952911019E-001                  1.9482030470889811E-002                  2.9533107442181749E-086                  1.5968542490817857E-038                  1.2864937040313511E-025 
                                    1072                  2.0193170979578992E-001                 -1.5348042292922526E+000                  7.4564131501300137E+000                  3.3842479313842935E+000                  1.8670632866882247E+001                  0.0000000000000000E+000                  9.8051780292702695E-001                  1.9482197072973051E-002                  0.0000000000000000E+000                  0.0000000000000000E+000                  1.5501433937894660E-025 
                                    1073                  2.0117026981614333E-001                 -1.5374074667490738E+000                  7.4580078851578220E+000                  3.4010369562318377E+000                  1.8690390579631266E+001                  0.0000000000000000E+000                  9.8051760379623731E-001                  1.9482396203762686E-002                  0.0000000000000000E+000                  0.0000000000000000E+000                  2.0522200592359074E-025 
                                    1074                  2.0021846984158381E-001                 -1.5406014129105483E+000                  7.4593574036645141E+000                  3.4147337705397161E+000                  1.8706582890404491E+001                  0.0000000000000000E+000                  9.8051746234924075E-001                  1.9482537650759246E-002                  0.0000000000000000E+000                  0.0000000000000000E+000                  2.5974454233602672E-025 
                                    1075                  1.9974256985430330E-001                 -1.5421745190695137E+000                  7.4602627810762536E+000                  3.4236642165730631E+000                  1.8717177800260160E+001                  0.0000000000000000E+000                  9.8051737147201823E-001                  1.9482628527981771E-002                  0.0000000000000000E+000                  0.0000000000000000E+000                  3.0393770893530543E-025 
                                    1076                  1.9926666986702268E-001                 -1.5437323633793012E+000                  7.4610830143775289E+000                  3.4315924407214613E+000                  1.8726608085355849E+001                  0.0000000000000000E+000                  9.8051729076142846E-001                  1.9482709238571538E-002                  0.0000000000000000E+000                  0.0000000000000000E+000                  3.5023106216551664E-025 
                                    1077                  1.9888594987719890E-001                 -1.5449679601199593E+000                  7.4621815116469890E+000                  3.4419689223769825E+000                  1.8738986495569332E+001                  0.0000000000000000E+000                  9.8051719050985275E-001                  1.9482809490147246E-002                  0.0000000000000000E+000                  0.0000000000000000E+000                  4.2308944431324573E-025 
                                    1078                  1.9812450989755226E-001                 -1.5474116458553644E+000                  7.4638450042257602E+000                  3.4572160648150754E+000                  1.8757247636420669E+001                  0.0000000000000000E+000                  9.8051705264037947E-001                  1.9482947359620528E-002                  0.0000000000000000E+000                  0.0000000000000000E+000                  5.6235587055002581E-025 
                                    1079                  1.9717270992299277E-001                 -1.5504168845275641E+000                  7.4653404379007968E+000                  3.4704887593333940E+000                  1.8773213736761129E+001                  0.0000000000000000E+000                  9.8051693629062198E-001                  1.9483063709378023E-002                  0.0000000000000000E+000                  0.0000000000000000E+000                  7.2518566596706447E-025 
                                    1080                  1.9660162993825564E-001                 -1.5521949079857751E+000                  7.4665614335956603E+000                  3.4810193247712728E+000                  1.8785930077693816E+001                  0.0000000000000000E+000                  9.8051685640380115E-001                  1.9483143596198849E-002                  0.0000000000000000E+000                  0.0000000000000000E+000                  8.9153324405104401E-025 
                                    1081                  1.9593588321212610E-001                 -1.5542449379183485E+000                  7.4680700558327926E+000                  3.4936875835999404E+000                  1.8801284411514789E+001                  0.0000000000000000E+000                  9.8051677118425540E-001                  1.9483228815744602E-002                  0.0000000000000000E+000                  0.0000000000000000E+000                  1.1492599941254769E-024 
                                    1082                  1.9508285602743836E-001                 -1.5568373694409061E+000                  7.4696819242031927E+000                  3.5068454095736508E+000                  1.8817296601567836E+001                  0.0000000000000000E+000                  9.8051666067982701E-001                  1.9483339320172988E-002                  0.0000000000000000E+000                  0.0000000000000000E+000                  1.5054310647844535E-024 
                                    1083                  1.9432552209626400E-001                 -1.5591081237163356E+000                  7.4708260465524976E+000                  3.5159647570958219E+000                  1.8828432836331565E+001                  0.0000000000000000E+000                  9.8051657509304069E-001                  1.9483424906959312E-002                  0.0000000000000000E+000                  0.0000000000000000E+000                  1.8219461451968697E-024 
                                    1084                  1.9394685513067861E-001                 -1.5602330333937793E+000                  7.4719722373096671E+000                  3.5249028650067062E+000                  1.8839381195000321E+001                  0.0000000000000000E+000                  9.8051647650905005E-001                  1.9483523490949950E-002                  0.0000000000000000E+000                  0.0000000000000000E+000                  2.2040828425633367E-024 
                                    1085                  1.9318952119950422E-001                 -1.5624626910788821E+000                  7.4738919042085943E+000                  3.5394984784324910E+000                  1.8857326506050274E+001                  1.5702843470260989E-050                  9.8051627536611996E-001                  1.9483724633880040E-002                  0.0000000000000000E+000                  3.3249609764462821E-043                  3.0276700016779157E-024 
                                    1086                  1.9205352030274644E-001                 -1.5657589216331318E+000                  7.4756325676724504E+000                  3.5523922991271641E+000                  1.8873244634118080E+001                  0.0000000000000000E+000                  9.8051612519703668E-001                  1.9483874802963319E-002                  0.0000000000000000E+000                  0.0000000000000000E+000                  4.0325615835265996E-024 
                                    1087                  1.9148551985436868E-001                 -1.5673862914615326E+000                  7.4771823285333321E+000                  3.5635558843744986E+000                  1.8887083172450414E+001                  0.0000000000000000E+000                  9.8051603800873022E-001                  1.9483961991269783E-002                  0.0000000000000000E+000                  0.0000000000000000E+000                  5.1979807504971021E-024 
                                    1088                  1.9053885244040275E-001                 -1.5700693686412242E+000                  7.4789337846157711E+000                  3.5758982718713352E+000                  1.8902437193622681E+001                  4.2479138751693803E-050                  9.8051597126962609E-001                  1.9484028730373915E-002                  0.0000000000000000E+000                  1.1733754030216243E-042                  6.9176400387202660E-024 
                                    1089                  1.8978151850922856E-001                 -1.5721906074775285E+000                  7.4806834740893100E+000                  3.5879177856616966E+000                  1.8917448778297167E+001                  0.0000000000000000E+000                  9.8051593496494571E-001                  1.9484065035054288E-002                  0.0000000000000000E+000                  0.0000000000000000E+000                  9.1912227607494931E-024 
                                    1090                  1.8884021451476729E-001                 -1.5747973766248968E+000                  7.4822398894600450E+000                  3.5983984551913415E+000                  1.8930582138385322E+001                  0.0000000000000000E+000                  9.8051586443642613E-001                  1.9484135563573868E-002                  0.0000000000000000E+000                  0.0000000000000000E+000                  1.1823792667878041E-023 
                                    1091                  1.8827543211809097E-001                 -1.5763462302741307E+000                  7.4841851555002270E+000                  3.6111584106114325E+000                  1.8946635968918415E+001                  0.0000000000000000E+000                  9.8051575613941999E-001                  1.9484243860580008E-002                  0.0000000000000000E+000                  0.0000000000000000E+000                  1.6172355042336896E-023 
                                    1092                  1.8695760652584564E-001                 -1.5799181311638997E+000                  7.4861377998219991E+000                  3.6237377654122165E+000                  1.8962515928826903E+001                  0.0000000000000000E+000                  9.8051563032607814E-001                  1.9484369673921864E-002                  0.0000000000000000E+000                  0.0000000000000000E+000                  2.2122801211958105E-023 
                                    1093                  1.8639282412916922E-001                 -1.5814316240678929E+000                  7.4878933021199359E+000                  3.6347515780767528E+000                  1.8976476942068945E+001                  0.0000000000000000E+000                  9.8051549848174802E-001                  1.9484501518251984E-002                  0.0000000000000000E+000                  0.0000000000000000E+000                  2.9276247363664398E-023 
                                    1094                  1.8526325933581372E-001                 -1.5844291107432005E+000                  7.4898468009138286E+000                  3.6468029674303120E+000                  1.8991801150388035E+001                  0.0000000000000000E+000                  9.8051538668689764E-001                  1.9484613313102361E-002                  0.0000000000000000E+000                  0.0000000000000000E+000                  3.9943233765909050E-023 
                                    1095                  1.8451021614024488E-001                 -1.5864064502071549E+000                  7.4917959255367768E+000                  3.6585469517087046E+000                  1.9006792626136058E+001                  0.0000000000000000E+000                  9.8051525701559905E-001                  1.9484742984400949E-002                  0.0000000000000000E+000                  0.0000000000000000E+000                  5.4374640604153993E-023 
                                    1096                  1.8338289227096261E-001                 -1.5893368279086624E+000                  7.4937405690986729E+000                  3.6700707872646645E+000                  1.9021549501753547E+001                  0.0000000000000000E+000                  9.8051512280127961E-001                  1.9484877198720385E-002                  3.0055416236915540E-042                  0.0000000000000000E+000                  7.3882864944306235E-023 
                                    1097                  1.8263433092353853E-001                 -1.5912637699367271E+000                  7.4952904868873764E+000                  3.6790871463392243E+000                  1.9033132342373030E+001                  0.0000000000000000E+000                  9.8051504673065693E-001                  1.9484953269343075E-002                  0.0000000000000000E+000                  0.0000000000000000E+000                  9.4237329573842350E-023 
                                    1098                  1.8188576957611444E-001                 -1.5931763145197015E+000                  7.4972247145242452E+000                  3.6901417843907911E+000                  1.9047377620054831E+001                  0.0000000000000000E+000                  9.8051497281743039E-001                  1.9485027182569614E-002                  0.0000000000000000E+000                  0.0000000000000000E+000                  1.2751626580457447E-022 
                                    1099                  1.8076292755497556E-001                 -1.5960193199751338E+000                  7.4991539152728155E+000                  3.7010138102524928E+000                  1.9061427199924903E+001                  0.0000000000000000E+000                  9.8051491666538604E-001                  1.9485083334613962E-002                  0.0000000000000000E+000                  0.0000000000000000E+000                  1.7222604917925850E-022 
                                    1100                  1.8001670607616974E-001                 -1.5978922979939516E+000                  7.5006909550363119E+000                  3.7095342953284995E+000                  1.9072470356957215E+001                  0.0000000000000000E+000                  9.8051486797330312E-001                  1.9485132026696883E-002                  0.0000000000000000E+000                  0.0000000000000000E+000                  2.1861408667362565E-022 
                                    1101                  1.7927048459736383E-001                 -1.5997527237425360E+000                  7.5022249015500053E+000                  3.7179306592038932E+000                  1.9083378617632221E+001                  0.0000000000000000E+000                  9.8051481272205465E-001                  1.9485187277945348E-002                  0.0000000000000000E+000                  0.0000000000000000E+000                  2.7714715407436737E-022 
                                    1102                  1.7852426311855818E-001                 -1.6016010521899591E+000                  7.5045186291950836E+000                  3.7302576681711526E+000                  1.9099445354770157E+001                  0.0000000000000000E+000                  9.8051473330914096E-001                  1.9485266690859038E-002                  0.0000000000000000E+000                  0.0000000000000000E+000                  3.9451273246419067E-022 
                                    1103                  1.7703182016094796E-001                 -1.6052632286036577E+000                  7.5068048442538249E+000                  3.7424122959692538E+000                  1.9115329203672164E+001                  0.0000000000000000E+000                  9.8051464969759772E-001                  1.9485350302402282E-002                  0.0000000000000000E+000                  0.0000000000000000E+000                  5.6022050658557378E-022 
                                    1104                  1.7628559868214197E-001                 -1.6070778186515842E+000                  7.5083234370430558E+000                  3.7503483438026652E+000                  1.9125732207175233E+001                  0.0000000000000000E+000                  9.8051459264693752E-001                  1.9485407353062478E-002                  0.0000000000000000E+000                  0.0000000000000000E+000                  7.0641100935289183E-022 
                                    1105                  1.7553937720333612E-001                 -1.6088819601944937E+000                  7.5105901917498077E+000                  3.7620016562091019E+000                  1.9141053514685652E+001                  0.0000000000000000E+000                  9.8051447609260123E-001                  1.9485523907398772E-002                  1.0266451442680967E-040                  0.0000000000000000E+000                  9.9698937008101587E-022 
                                    1106                  1.7404927411434468E-001                 -1.6124548797946063E+000                  7.5128440651515671E+000                  3.7734928341199359E+000                  1.9156196068371525E+001                  0.0000000000000000E+000                  9.8051437915885176E-001                  1.9485620841148243E-002                  0.0000000000000000E+000                  0.0000000000000000E+000                  1.4026911066291112E-021 
                                    1107                  1.7330539250415991E-001                 -1.6142243427143881E+000                  7.5147115417997252E+000                  3.7828422644858732E+000                  1.9168556575261380E+001                  0.0000000000000000E+000                  9.8051433503788299E-001                  1.9485664962117011E-002                  0.0000000000000000E+000                  0.0000000000000000E+000                  1.8586070111821308E-021 
                                    1108                  1.7218957008888328E-001                 -1.6168618302596609E+000                  7.5169365976114593E+000                  3.7938636688398382E+000                  1.9183162252045843E+001                  0.0000000000000000E+000                  9.8051430118815031E-001                  1.9485698811849694E-002                  0.0000000000000000E+000                  0.0000000000000000E+000                  2.5957321534383777E-021 
                                    1109                  1.7107863245687172E-001                 -1.6194687663457932E+000                  7.5191419270421314E+000                  3.8046475913053976E+000                  1.9197492047189371E+001                  0.0000000000000000E+000                  9.8051425253634450E-001                  1.9485747463655501E-002                  0.0000000000000000E+000                  0.0000000000000000E+000                  3.6091741824824965E-021 
                                    1110                  1.6997013721649296E-001                 -1.6220520737383293E+000                  7.5213319920838275E+000                  3.8152270558358281E+000                  1.9211586888898523E+001                  0.0000000000000000E+000                  9.8051418110944311E-001                  1.9485818890556894E-002                  0.0000000000000000E+000                  0.0000000000000000E+000                  4.9997045146548411E-021 
                                    1111                  1.6886164197611472E-001                 -1.6246184553269305E+000                  7.5235088100509051E+000                  3.8256216507040550E+000                  1.9225470280166213E+001                  0.0000000000000000E+000                  9.8051409121331867E-001                  1.9485908786681327E-002                  0.0000000000000000E+000                  0.0000000000000000E+000                  6.9027153439172000E-021 
                                    1112                  1.6775314673573619E-001                 -1.6271688172878558E+000                  7.5253122519444924E+000                  3.8341611901192221E+000                  1.9236899201329930E+001                  0.0000000000000000E+000                  9.8051403149970706E-001                  1.9485968500292938E-002                  0.0000000000000000E+000                  0.0000000000000000E+000                  9.0084787770219284E-021 
                                    1113                  1.6701414990881833E-001                 -1.6288605717998461E+000                  7.5271064935201730E+000                  3.8425541524579576E+000                  1.9248158494026885E+001                  0.0000000000000000E+000                  9.8051396288549642E-001                  1.9486037114503585E-002                  0.0000000000000000E+000                  0.0000000000000000E+000                  1.1728018556943547E-020 
                                    1114                  1.6590565466843957E-001                 -1.6313861369919480E+000                  7.5295921256262091E+000                  3.8540669309372477E+000                  1.9263637888848105E+001                  6.6511961660467134E-050                  9.8051385704788685E-001                  1.9486142952113150E-002                  1.4818888625357909E-094                  2.0312279357256377E-041                  1.6877087395487654E-020 
                                    1115                  1.6443785581289488E-001                 -1.6347092685464104E+000                  7.5317000131865921E+000                  3.8637794238976051E+000                  1.9276719924840627E+001                  0.0000000000000000E+000                  9.8051379958382379E-001                  1.9486200416176214E-002                  8.5444105922897450E-040                  0.0000000000000000E+000                  2.2954879416370058E-020 
                                    1116                  1.6370395638512250E-001                 -1.6363622821950150E+000                  7.5337949264377819E+000                  3.8732806539438331E+000                  1.9289554662399187E+001                  0.0000000000000000E+000                  9.8051375992457890E-001                  1.9486240075421102E-002                  0.0000000000000000E+000                  0.0000000000000000E+000                  3.1113654300989481E-020 
                                    1117                  1.6223615752957768E-001                 -1.6396524112355668E+000                  7.5362192903019514E+000                  3.8842317236949233E+000                  1.9304371372813467E+001                  0.0000000000000000E+000                  9.8051372191185004E-001                  1.9486278088149955E-002                  0.0000000000000000E+000                  0.0000000000000000E+000                  4.4185760505136493E-020 
                                    1118                  1.6113530838792087E-001                 -1.6421068039505453E+000                  7.5382818321799396E+000                  3.8934512030028938E+000                  1.9316874305126678E+001                  0.0000000000000000E+000                  9.8051368829400087E-001                  1.9486311705999126E-002                  0.0000000000000000E+000                  0.0000000000000000E+000                  5.9470487197131690E-020 
                                    1119                  1.6003445924626325E-001                 -1.6445506394031928E+000                  7.5406600895149651E+000                  3.9039774284101227E+000                  1.9331181194686259E+001                  0.0000000000000000E+000                  9.8051364457599355E-001                  1.9486355424006452E-002                  0.0000000000000000E+000                  0.0000000000000000E+000                  8.3641527155291145E-020 
                                    1120                  1.5857729645902954E-001                 -1.6477703551497174E+000                  7.5440131329529700E+000                  3.9186454791675835E+000                  1.9351171966958464E+001                  0.0000000000000000E+000                  9.8051360675235422E-001                  1.9486393247645784E-002                  0.0000000000000000E+000                  0.0000000000000000E+000                  1.3493015544201106E-019 
                                    1121                  1.5639155227817808E-001                 -1.6525705589287343E+000                  7.5476519368564867E+000                  3.9344616510414530E+000                  1.9372778750735087E+001                  0.0000000000000000E+000                  9.8051355939738194E-001                  1.9486440602618060E-002                  0.0000000000000000E+000                  0.0000000000000000E+000                  2.2608314021737454E-019 
                                    1122                  1.5457009879413439E-001                 -1.6565464329952850E+000                  7.5509081424304112E+000                  3.9484418445566440E+000                  1.9391935261941978E+001                  0.0000000000000000E+000                  9.8051352522736890E-001                  1.9486474772631102E-002                  0.0000000000000000E+000                  0.0000000000000000E+000                  3.5774688042310732E-019 
                                    1123                  1.5275973966651901E-001                 -1.6604788706116866E+000                  7.5537928738554321E+000                  3.9607377611158188E+000                  1.9408821543883459E+001                  0.0000000000000000E+000                  9.8051352500632216E-001                  1.9486474993677838E-002                  0.0000000000000000E+000                  0.0000000000000000E+000                  5.3609400588346371E-019 
                                    1124                  1.5131367123571238E-001                 -1.6636077360671553E+000                  7.5563285992922866E+000                  3.9714487541232688E+000                  1.9423564616427711E+001                  0.0000000000000000E+000                  9.8051351079384064E-001                  1.9486489206159363E-002                  0.0000000000000000E+000                  0.0000000000000000E+000                  7.6363256081226812E-019 
                                    1125                  1.4986760280490585E-001                 -1.6667269710872039E+000                  7.5591494361969458E+000                  3.9832638440292496E+000                  1.9439862664038159E+001                  0.0000000000000000E+000                  9.8051351337691683E-001                  1.9486486623083166E-002                  0.0000000000000000E+000                  0.0000000000000000E+000                  1.1297250309423891E-018 
                                    1126                  1.4806290994979257E-001                 -1.6706079671687084E+000                  7.5616207655709138E+000                  3.9935995135483697E+000                  1.9454138768327514E+001                  0.0000000000000000E+000                  9.8051352522868374E-001                  1.9486474771316264E-002                  0.0000000000000000E+000                  0.0000000000000000E+000                  1.5901342794060977E-018 
                                    1127                  1.4698703667687207E-001                 -1.6729160820797768E+000                  7.5637562835685852E+000                  4.0024396525411055E+000                  1.9466376008782603E+001                  0.0000000000000000E+000                  9.8051354338658803E-001                  1.9486456613411973E-002                  0.0000000000000000E+000                  0.0000000000000000E+000                  2.1336350598591929E-018 
                                    1128                  1.4555253897964535E-001                 -1.6759880923504678E+000                  7.5667759471434772E+000                  4.0148508618029606E+000                  1.9483589727628129E+001                  0.0000000000000000E+000                  9.8051357979165943E-001                  1.9486420208340571E-002                  0.0000000000000000E+000                  0.0000000000000000E+000                  3.2273687738282887E-018 
                                    1129                  1.4340079243380613E-001                 -1.6805864006130879E+000                  7.5697504689118977E+000                  4.0270795476979648E+000                  1.9500571057840322E+001                  0.0000000000000000E+000                  9.8051367909211296E-001                  1.9486320907887045E-002                  0.0000000000000000E+000                  0.0000000000000000E+000                  4.8438863318271437E-018 
                                    1130                  1.4197232792348574E-001                 -1.6836337798694405E+000                  7.5715109150827535E+000                  4.0342824564770448E+000                  1.9510588851562197E+001                  0.0000000000000000E+000                  9.8051369783183784E-001                  1.9486302168162162E-002                  9.4326816204715426E-041                  0.0000000000000000E+000                  6.1539416257270555E-018 
                                    1131                  1.4126111226178098E-001                 -1.6851498056844545E+000                  7.5732555708818055E+000                  4.0413526132178692E+000                  1.9520440174797546E+001                  0.0000000000000000E+000                  9.8051368177428233E-001                  1.9486318225717669E-002                  0.0000000000000000E+000                  0.0000000000000000E+000                  7.7943589999599105E-018 
                                    1132                  1.3983868093837068E-001                 -1.6881800658740731E+000                  7.5758483182108645E+000                  4.0518359463802227E+000                  1.9535064059539206E+001                  0.0000000000000000E+000                  9.8051379187823595E-001                  1.9486208121764048E-002                  0.0000000000000000E+000                  0.0000000000000000E+000                  1.1061102267781368E-017 
                                    1133                  1.3806064178410682E-001                 -1.6919655883517044E+000                  7.5786908261913890E+000                  4.0632942816285045E+000                  1.9551071292397094E+001                  0.0000000000000000E+000                  9.8051389232351893E-001                  1.9486107676481068E-002                  0.0000000000000000E+000                  0.0000000000000000E+000                  1.6209638887440274E-017 
                                    1134                  1.3628889391370511E-001                 -1.6957366449982887E+000                  7.5817654620583221E+000                  4.0756110291250307E+000                  1.9568310707832357E+001                  0.0000000000000000E+000                  9.8051398903899956E-001                  1.9486010961000444E-002                  0.0000000000000000E+000                  0.0000000000000000E+000                  2.4457408142832416E-017 
                                    1135                  1.3417412078017307E-001                 -1.7002387191925170E+000                  7.5845178093055949E+000                  4.0866371229662306E+000                  1.9583761513746953E+001                  0.0000000000000000E+000                  9.8051406217740522E-001                  1.9485937822594779E-002                  0.0000000000000000E+000                  0.0000000000000000E+000                  3.5293825083880373E-017 
                                    1136                  1.3276427202448493E-001                 -1.7032417701174383E+000                  7.5866981594438423E+000                  4.0953141728560052E+000                  1.9595941839191500E+001                  0.0000000000000000E+000                  9.8051418979235894E-001                  1.9485810207641063E-002                  0.0000000000000000E+000                  0.0000000000000000E+000                  4.7133657172521006E-017 
                                    1137                  1.3135442326879679E-001                 -1.7062471423512833E+000                  7.5899149777052894E+000                  4.1079962541919031E+000                  1.9613782278407349E+001                  0.0000000000000000E+000                  9.8051446293176481E-001                  1.9485537068235192E-002                  0.0000000000000000E+000                  0.0000000000000000E+000                  7.2066409723028285E-017 
                                    1138                  1.2856096723331958E-001                 -1.7122122501829795E+000                  7.5930728807660337E+000                  4.1205406397151583E+000                  1.9631435597748926E+001                  0.0000000000000000E+000                  9.8051457374982609E-001                  1.9485426250173910E-002                  0.0000000000000000E+000                  0.0000000000000000E+000                  1.0919499867884654E-016 
                                    1139                  1.2716423921558118E-001                 -1.7152010566883746E+000                  7.5951572712642372E+000                  4.1287456720872413E+000                  1.9643006077472020E+001                  0.0000000000000000E+000                  9.8051461595637213E-001                  1.9485384043627874E-002                  0.0000000000000000E+000                  0.0000000000000000E+000                  1.4345892279393701E-016 
                                    1140                  1.2576751119784357E-001                 -1.7181951622514759E+000                  7.5974686752830571E+000                  4.1378092145650989E+000                  1.9655803629217058E+001                  6.0056779101339067E-049                  9.8051464479964257E-001                  1.9485355200357435E-002                  3.8840020661363146E-092                  3.2605934638754116E-039                  1.9395010228567712E-016 
                                    1141                  1.2403870424764371E-001                 -1.7219096327367842E+000                  7.6005038228540487E+000                  4.1496596785858229E+000                  1.9672561467125774E+001                  0.0000000000000000E+000                  9.8051454626339696E-001                  1.9485453736603042E-002                  0.0000000000000000E+000                  0.0000000000000000E+000                  2.8768734997807192E-016 
                                    1142                  1.2161837451736535E-001                 -1.7271283364640373E+000                  7.6032497566907198E+000                  4.1604241011956136E+000                  1.9687793434248857E+001                  0.0000000000000000E+000                  9.8051474388393889E-001                  1.9485256116061112E-002                  0.0000000000000000E+000                  0.0000000000000000E+000                  4.1051998977528569E-016 
                                    1143                  1.2023532895720379E-001                 -1.7301212444847656E+000                  7.6057068886074868E+000                  4.1699661825645471E+000                  1.9701323339811669E+001                  0.0000000000000000E+000                  9.8051478620100063E-001                  1.9485213798999368E-002                  0.0000000000000000E+000                  0.0000000000000000E+000                  5.6339429703942779E-016 
                                    1144                  1.1818216482454029E-001                 -1.7345809684587641E+000                  7.6081273537214624E+000                  4.1793958538214202E+000                  1.9714701385734759E+001                  0.0000000000000000E+000                  9.8051488081425886E-001                  1.9485119185741140E-002                  0.0000000000000000E+000                  0.0000000000000000E+000                  7.6889152579340936E-016 
                                    1145                  1.1681338873609626E-001                 -1.7375661023513698E+000                  7.6105261841484921E+000                  4.1886715055686032E+000                  1.9727883776466555E+001                  0.0000000000000000E+000                  9.8051489350006749E-001                  1.9485106499932514E-002                  0.0000000000000000E+000                  0.0000000000000000E+000                  1.0449926511635724E-015 
                                    1146                  1.1476022460343270E-001                 -1.7420638382877129E+000                  7.6135915016700606E+000                  4.2005162637654418E+000                  1.9744735689490859E+001                  0.0000000000000000E+000                  9.8051497360661477E-001                  1.9485026393385230E-002                  0.0000000000000000E+000                  0.0000000000000000E+000                  1.5443250284552326E-015 
                                    1147                  1.1239091296404893E-001                 -1.7472868714230698E+000                  7.6168338724710667E+000                  4.2130315833536471E+000                  1.9762564576057407E+001                  0.0000000000000000E+000                  9.8051503680534524E-001                  1.9484963194654759E-002                  0.0000000000000000E+000                  0.0000000000000000E+000                  2.3300751211474509E-015 
                                    1148                  1.1002160132466522E-001                 -1.7525486717140757E+000                  7.6193456450414603E+000                  4.2227455130061688E+000                  1.9776414549915433E+001                  0.0000000000000000E+000                  9.8051483336410161E-001                  1.9485166635898388E-002                  0.0000000000000000E+000                  0.0000000000000000E+000                  3.2008084438464119E-015 
                                    1149                  1.0867547265050202E-001                 -1.7555568661455199E+000                  7.6215936931291433E+000                  4.2313703875352848E+000                  1.9788733271427994E+001                  0.0000000000000000E+000                  9.8051505150499652E-001                  1.9484948495003485E-002                  0.0000000000000000E+000                  0.0000000000000000E+000                  4.2473287297758457E-015 
                                    1150                  1.0666792517605456E-001                 -1.7600705730114528E+000                  7.6238153025867224E+000                  4.2399260569097992E+000                  1.9800958152588976E+001                  0.0000000000000000E+000                  9.8051511563772265E-001                  1.9484884362277355E-002                  0.0000000000000000E+000                  0.0000000000000000E+000                  5.6135654521915237E-015 
                                    1151                  1.0532956019309037E-001                 -1.7630989449545404E+000                  7.6257941410980816E+000                  4.2475093720806418E+000                  1.9811807732212390E+001                  0.0000000000000000E+000                  9.8051506641245134E-001                  1.9484933587548658E-002                  0.0000000000000000E+000                  0.0000000000000000E+000                  7.1900858590560435E-015 
                                    1152                  1.0366470540679436E-001                 -1.7668890471389140E+000                  7.6283956191065014E+000                  4.2574557615191502E+000                  1.9826053550206517E+001                  0.0000000000000000E+000                  9.8051506339313210E-001                  1.9484936606867898E-002                  0.0000000000000000E+000                  0.0000000000000000E+000                  9.9440926598648111E-015 
                                    1153                  1.0134687101383347E-001                 -1.7722109448304635E+000                  7.6316005012901496E+000                  4.2697090762088337E+000                  1.9843621917457355E+001                  0.0000000000000000E+000                  9.8051508854508829E-001                  1.9484911454911713E-002                  0.0000000000000000E+000                  0.0000000000000000E+000                  1.4804287539318041E-014 
                                    1154                  9.8702546817540343E-002                 -1.7783518385905885E+000                  7.6349520663600998E+000                  4.2825243509288686E+000                  1.9862017583867146E+001                  0.0000000000000000E+000                  9.8051510821750743E-001                  1.9484891782492575E-002                  0.0000000000000000E+000                  0.0000000000000000E+000                  2.2404279809628534E-014 
                                    1155                  9.6092048568753655E-002                 -1.7844929651054107E+000                  7.6374212913731645E+000                  4.2920003983255608E+000                  1.9875629110522485E+001                  0.0000000000000000E+000                  9.8051515654944177E-001                  1.9484843450558231E-002                  0.0000000000000000E+000                  0.0000000000000000E+000                  3.0371674620561144E-014 
                                    1156                  9.4786799444363648E-002                 -1.7875948867944003E+000                  7.6398600731038480E+000                  4.3012647997809266E+000                  1.9888962483294389E+001                  0.0000000000000000E+000                  9.8051524173844817E-001                  1.9484758261551827E-002                  0.0000000000000000E+000                  0.0000000000000000E+000                  4.0956931190953760E-014 
                                    1157                  9.2193961949573952E-002                 -1.7938239039883790E+000                  7.6422641207252680E+000                  4.3104786860275786E+000                  1.9902222440946069E+001                  0.0000000000000000E+000                  9.8051494181133358E-001                  1.9485058188666415E-002                  0.0000000000000000E+000                  0.0000000000000000E+000                  5.4968607123274798E-014 
                                    1158                  9.0906373579178801E-002                 -1.7969519129153129E+000                  7.6446336975628055E+000                  4.3194716749114264E+000                  1.9915188684429168E+001                  0.0000000000000000E+000                  9.8051530572023449E-001                  1.9484694279765513E-002                  0.0000000000000000E+000                  0.0000000000000000E+000                  7.3360401649491120E-014 
                                    1159                  8.8340421716702797E-002                 -1.8032596586683234E+000                  7.6483235613909795E+000                  4.3334885505092799E+000                  1.9935418052223199E+001                  3.0489969534177880E-047                  9.8051511206807351E-001                  1.9484887931926487E-002                  2.3173631603163612E-088                  1.2829111362896444E-036                  1.1478724665939276E-013 
                                    1160                  8.4841065650528583E-002                 -1.8120334463853540E+000                  7.6517030577577554E+000                  4.3464271908107701E+000                  1.9954101790276052E+001                  0.0000000000000000E+000                  9.8051518867707188E-001                  1.9484811322928119E-002                  2.6696470249928377E-037                  0.0000000000000000E+000                  1.7273248562924858E-013 
                                    1161                  8.2713857253848472E-002                 -1.8174713162029943E+000                  7.6541347678605849E+000                  4.3556966579138576E+000                  1.9967505623587193E+001                  0.0000000000000000E+000                  9.8051516258118121E-001                  1.9484837418818790E-002                  0.0000000000000000E+000                  0.0000000000000000E+000                  2.3146903576203514E-013 
                                    1162                  8.0754933193258063E-002                 -1.8225546892982558E+000                  7.6574903792548383E+000                  4.3684024115043938E+000                  1.9985909351925148E+001                  0.0000000000000000E+000                  9.8051522222141907E-001                  1.9484777778580931E-002                  0.0000000000000000E+000                  0.0000000000000000E+000                  3.4596817546410739E-013 
                                    1163                  7.7025537590662524E-002                 -1.8324510245347343E+000                  7.6610995329196054E+000                  4.3822187216604345E+000                  2.0005924629898992E+001                  0.0000000000000000E+000                  9.8051526147332402E-001                  1.9484738526675982E-002                  0.0000000000000000E+000                  0.0000000000000000E+000                  5.3242547626802032E-013 
                                    1164                  7.4566164765593163E-002                 -1.8391464392764512E+000                  7.6632327171715913E+000                  4.3903854420422892E+000                  2.0017767518513114E+001                  0.0000000000000000E+000                  9.8051513268882018E-001                  1.9484867311179821E-002                  0.0000000000000000E+000                  0.0000000000000000E+000                  6.8627644875648708E-013 
                                    1165                  7.3336478353057233E-002                 -1.8425486080681663E+000                  7.6656760817853637E+000                  4.3996451398209446E+000                  2.0031219380065625E+001                  0.0000000000000000E+000                  9.8051523932469342E-001                  1.9484760675306578E-002                  0.0000000000000000E+000                  0.0000000000000000E+000                  9.1657051603768517E-013 
                                    1166                  7.0315031369932002E-002                 -1.8510748288026866E+000                  7.6684338697761110E+000                  4.4102112505645437E+000                  2.0046566986420437E+001                  0.0000000000000000E+000                  9.8051524509943466E-001                  1.9484754900565338E-002                  0.0000000000000000E+000                  0.0000000000000000E+000                  1.2699584806727579E-012 
                                    1167                  6.8502163180056322E-002                 -1.8563111296194861E+000                  7.6711413535819171E+000                  4.4205063701331104E+000                  2.0061546086639652E+001                  2.3081812513532124E-046                  9.8051524674416768E-001                  1.9484753255832321E-002                  1.9392859760372574E-086                  2.3877684742491665E-035                  1.7464104320409509E-012 
                                    1168                  6.5535987663015161E-002                 -1.8650921120772073E+000                  7.6738121213354518E+000                  4.4307514098700533E+000                  2.0076454029781225E+001                  0.0000000000000000E+000                  9.8051526231758934E-001                  1.9484737682410658E-002                  0.0000000000000000E+000                  0.0000000000000000E+000                  2.3897744403032650E-012 
                                    1169                  6.3756282352791016E-002                 -1.8704967817138858E+000                  7.6761098112891659E+000                  4.4395189965420592E+000                  2.0089229478984706E+001                  0.0000000000000000E+000                  9.8051526554526158E-001                  1.9484734454738417E-002                  0.0000000000000000E+000                  0.0000000000000000E+000                  3.1264381090628294E-012 
                                    1170                  6.1429698794293552E-002                 -1.8777296145798517E+000                  7.6787000042991913E+000                  4.4494293146707191E+000                  2.0103678730208085E+001                  0.0000000000000000E+000                  9.8051526826126378E-001                  1.9484731738736216E-002                  0.0000000000000000E+000                  0.0000000000000000E+000                  4.2290268840790981E-012 
                                    1171                  5.9103115235795825E-002                 -1.8851666583916333E+000                  7.6812502485121161E+000                  4.4591973204157362E+000                  2.0117931856708378E+001                  0.0000000000000000E+000                  9.8051528942213895E-001                  1.9484710577861053E-002                  0.0000000000000000E+000                  0.0000000000000000E+000                  5.6885182464367372E-012 
                                    1172                  5.6825183340715665E-002                 -1.8926630772308466E+000                  7.6849849756988187E+000                  4.4734100459831359E+000                  2.0138705279928953E+001                  1.5706624484687685E-046                  9.8051529641919555E-001                  1.9484703580804452E-002                  1.1320849577473148E-086                  2.7903439835161983E-035                  8.7613472801131205E-012 
                                    1173                  5.2320441895996432E-002                 -1.9081922737682957E+000                  7.6886755964214712E+000                  4.4876962628446400E+000                  2.0159581150490752E+001                  5.9924107018285167E-046                  9.8051532052670887E-001                  1.9484679473291133E-002                  1.7541814934393425E-085                  1.2294410451078805E-034                  1.3415380446626991E-011 
                                    1174                  5.0093632346358351E-002                 -1.9162537405403590E+000                  7.6910779001615506E+000                  4.4969371012753756E+000                  2.0173106408525445E+001                  0.0000000000000000E+000                  9.8051532764449278E-001                  1.9484672355507215E-002                  0.0000000000000000E+000                  0.0000000000000000E+000                  1.7677896518661600E-011 
                                    1175                  4.7920616717449238E-002                 -1.9243981704231179E+000                  7.6928551476408940E+000                  4.5038049942429703E+000                  2.0183161808783488E+001                  1.5130019860574956E-046                  9.8051534410904650E-001                  1.9484655890953495E-002                  1.2002565410922280E-086                  3.6522158456497646E-035                  2.1672772968815067E-011 
                                    1176                  4.6834108902995539E-002                 -1.9285812510036635E+000                  7.6946132281858368E+000                  4.5105551991548687E+000                  2.0193056521040134E+001                  0.0000000000000000E+000                  9.8051534146611019E-001                  1.9484658533889809E-002                  0.0000000000000000E+000                  0.0000000000000000E+000                  2.6493570331670455E-011 
                                    1177                  4.4689441723399684E-002                 -1.9370738260798337E+000                  7.6975046465572019E+000                  4.5216725291902788E+000                  2.0209363759239203E+001                  0.0000000000000000E+000                  9.8051536625022084E-001                  1.9484633749779157E-002                  0.0000000000000000E+000                  0.0000000000000000E+000                  3.6830017285355004E-011 
                                    1178                  4.1514963627979927E-002                 -1.9502773671828950E+000                  7.7014658384278096E+000                  4.5369389379343605E+000                  2.0231778818808468E+001                  0.0000000000000000E+000                  9.8051539300526780E-001                  1.9484606994732201E-002                  0.0000000000000000E+000                  0.0000000000000000E+000                  5.7731378465177888E-011 
                                    1179                  3.7402064072356259E-002                 -1.9686929829521764E+000                  7.7053412216924446E+000                  4.5520193673925302E+000                  2.0253932819448046E+001                  0.0000000000000000E+000                  9.8051542325218766E-001                  1.9484576747812343E-002                  7.6665960569072539E-036                  0.0000000000000000E+000                  8.9489761599450375E-011 
                                    1180                  3.4412425306414397E-002                 -1.9831822102913321E+000                  7.7080522645211111E+000                  4.5625887426388676E+000                  2.0269475249018594E+001                  0.0000000000000000E+000                  9.8051544473732388E-001                  1.9484555262676118E-002                  0.0000000000000000E+000                  0.0000000000000000E+000                  1.2145796676183416E-010 
                                    1181                  3.2452943746211681E-002                 -1.9932738790259141E+000                  7.7112224409455070E+000                  4.5748495305635348E+000                  2.0287533429086469E+001                  0.0000000000000000E+000                  9.8051547913918813E-001                  1.9484520860811871E-002                  0.0000000000000000E+000                  0.0000000000000000E+000                  1.7327118446714554E-010 
                                    1182                  2.8636972911930323E-002                 -2.0145511838427712E+000                  7.7143761129149500E+000                  4.5872436961869454E+000                  2.0305785843323971E+001                  0.0000000000000000E+000                  9.8051551902493261E-001                  1.9484480975067386E-002                  0.0000000000000000E+000                  0.0000000000000000E+000                  2.4664397059900469E-010 
                                    1183                  2.6782643072719280E-002                 -2.0258018408608356E+000                  7.7169251207901279E+000                  4.5971816583935148E+000                  2.0320444938893601E+001                  0.0000000000000000E+000                  9.8051555104597321E-001                  1.9484448954026790E-002                  0.0000000000000000E+000                  0.0000000000000000E+000                  3.2762245826330964E-010 
                                    1184                  2.4077565465083779E-002                 -2.0435245811590526E+000                  7.7194434949886626E+000                  4.6070878648790483E+000                  2.0335059645959387E+001                  0.0000000000000000E+000                  9.8051559039135960E-001                  1.9484409608640396E-002                  0.0000000000000000E+000                  0.0000000000000000E+000                  4.3352093219774767E-010 
                                    1185                  2.2340648541059830E-002                 -2.0558688125089897E+000                  7.7218466067895433E+000                  4.6165010143644114E+000                  2.0348963286400195E+001                  0.0000000000000000E+000                  9.8051562793211577E-001                  1.9484372067884226E-002                  0.0000000000000000E+000                  0.0000000000000000E+000                  5.6574712028700461E-010 
                                    1186                  1.9876944151863325E-002                 -2.0749598844222263E+000                  7.7245522005431511E+000                  4.6271652984373777E+000                  2.0364721086440714E+001                  0.0000000000000000E+000                  9.8051567963837849E-001                  1.9484320361621510E-002                  0.0000000000000000E+000                  0.0000000000000000E+000                  7.6299657256329104E-010 
                                    1187                  1.7696581756347553E-002                 -2.0937503828340134E+000                  7.7266636388189465E+000                  4.6355247902281018E+000                  2.0377079333695288E+001                  0.0000000000000000E+000                  9.8051572810881404E-001                  1.9484271891185956E-002                  3.0227195091813406E-033                  0.0000000000000000E+000                  9.6310950326758225E-010 
                                    1188                  1.6323030743366402E-002                 -2.1067127393279117E+000                  7.7292409663098933E+000                  4.6456572249750421E+000                  2.0392078625336531E+001                  0.0000000000000000E+000                  9.8051578754554569E-001                  1.9484212454454308E-002                  0.0000000000000000E+000                  0.0000000000000000E+000                  1.2782402390337874E-009 
                                    1189                  1.3413606405098090E-002                 -2.1379053329045483E+000                  7.7321846752542802E+000                  4.6573922537343808E+000                  2.0409448574678692E+001                  0.0000000000000000E+000                  9.8051587801716400E-001                  1.9484121982836000E-002                  0.0000000000000000E+000                  0.0000000000000000E+000                  1.7657227374421063E-009 
                                    1190                  1.1622463979896734E-002                 -2.1604276898165988E+000                  7.7353057448220550E+000                  4.6697484892740162E+000                  2.0427766398334651E+001                  0.0000000000000000E+000                  9.8051598522093841E-001                  1.9484014779061587E-002                  0.0000000000000000E+000                  0.0000000000000000E+000                  2.4826514020920832E-009 
                                    1191                  8.5693111913089839E-003                 -2.2077607062173414E+000                  7.7382887307167429E+000                  4.6817699304856362E+000                  2.0445583551162972E+001                  3.3417912963884428E-046                  9.8051609670490569E-001                  1.9483903295094307E-002                  1.2876585244394317E-085                  4.6713335318699806E-034                  3.4381489719254258E-009 
                                    1192                  7.3144112106650425E-003                 -2.2320771385905944E+000                  7.7400466130675518E+000                  4.6888158790875050E+000                  2.0456039107163093E+001                  0.0000000000000000E+000                  9.8051617341475905E-001                  1.9483826585240949E-002                  0.0000000000000000E+000                  0.0000000000000000E+000                  4.1621694645932673E-009 
                                    1193                  6.1235894716888577E-003                 -2.2591856075678320E+000                  7.7425644362797232E+000                  4.6988812732266760E+000                  2.0470988925391456E+001                  0.0000000000000000E+000                  9.8051629304161370E-001                  1.9483706958386304E-002                  0.0000000000000000E+000                  0.0000000000000000E+000                  5.4678177510923312E-009 
                                    1194                  3.9636082517157615E-003                 -2.3249246242569366E+000                  7.7461137135568077E+000                  4.7132108937652450E+000                  2.0492279514977568E+001                  0.0000000000000000E+000                  9.8051650619953523E-001                  1.9483493800464768E-002                  0.0000000000000000E+000                  0.0000000000000000E+000                  8.0270655869145362E-009 
                                    1195                  1.9279110609079957E-003                 -2.4324242672840368E+000                  7.7492666878752186E+000                  4.7260917070210420E+000                  2.0511424164296283E+001                  0.0000000000000000E+000                  9.8051670060651985E-001                  1.9483299393480147E-002                  0.0000000000000000E+000                  0.0000000000000000E+000                  1.1283107739620534E-008 
                                    1196                  9.4451608021975581E-004                 -2.5376218972134179E+000                  7.7511455657788835E+000                  4.7337727615801741E+000                  2.0522849925660033E+001                  0.0000000000000000E+000                  9.8051684231481240E-001                  1.9483157685187602E-002                  0.0000000000000000E+000                  0.0000000000000000E+000                  1.3812960215650105E-008 
                                    1197                  4.8225896054515254E-004                 -2.6360436868012536E+000                  7.7522604115457252E+000                  4.7383307262373089E+000                  2.0529633487399714E+001                  0.0000000000000000E+000                  9.8051692542768643E-001                  1.9483074572313575E-002                  0.0000000000000000E+000                  0.0000000000000000E+000                  1.5571236544810225E-008 
                                    1198                  2.5113040070785081E-004                 -2.7311921420871665E+000                  7.7529484740328760E+000                  4.7411448676643602E+000                  2.0533822935526736E+001                  0.0000000000000000E+000                  9.8051697926235848E-001                  1.9483020737641521E-002                  0.0000000000000000E+000                  0.0000000000000000E+000                  1.6765095789461926E-008 
                                    1199                  1.3556612078920001E-004                 -2.8208640042975688E+000                  7.7533691886209040E+000                  4.7428659593970606E+000                  2.0536385596465461E+001                  0.0000000000000000E+000                  9.8051701316699824E-001                  1.9482986833001759E-002                  0.0000000000000000E+000                  0.0000000000000000E+000                  1.7539237832462537E-008 
                                    1200                  7.7783980829763692E-005                 -2.9015395437613192E+000                  7.7536216801819560E+000                  4.7438990027557146E+000                  2.0537923936034154E+001                  0.0000000000000000E+000                  9.8051703388175171E-001                  1.9482966118248290E-002                  0.0000000000000000E+000                  0.0000000000000000E+000                  1.8020711114938129E-008 
                                    1201                  4.8892910850045533E-005                 -2.9689044200004164E+000                  7.7537688297590401E+000                  4.7445010887352739E+000                  2.0538820580157491E+001                  0.0000000000000000E+000                  9.8051704608239987E-001                  1.9482953917600132E-002                  0.0000000000000000E+000                  0.0000000000000000E+000                  1.8307315037383684E-008 
                                    1202                  3.4447375860297473E-005                 -3.0196862662554955E+000                  7.7538789743569891E+000                  4.7449516953804318E+000                  2.0539491673063051E+001                  0.0000000000000000E+000                  9.8051705527558608E-001                  1.9482944724413920E-002                  0.0000000000000000E+000                  0.0000000000000000E+000                  1.8524781973616564E-008 
                                    1203                  2.0001840870549416E-005                 -3.0984815348688692E+000                  7.7539905800560689E+000                  4.7454084279008084E+000                  2.0540171900518502E+001                  0.0000000000000000E+000                  9.8051706464771615E-001                  1.9482935352283848E-002                  0.0000000000000000E+000                  0.0000000000000000E+000                  1.8747753621553962E-008 
                                    1204                  1.0000920426763111E-005                 -3.1989107296140227E+000                  7.7540767948568616E+000                  4.7457613287734892E+000                  2.0540697498124540E+001                  0.0000000000000000E+000                  9.8051707192703841E-001                  1.9482928072961592E-002                  0.0000000000000000E+000                  0.0000000000000000E+000                  1.8921820555496549E-008 
                                    1205                  5.0004602093108422E-006                 -3.2993081227479801E+000                  7.7541310771804852E+000                  4.7459835290566676E+000                  2.0541028442271141E+001                  0.0000000000000000E+000                  9.8051707652704734E-001                  1.9482923472952662E-002                  0.0000000000000000E+000                  0.0000000000000000E+000                  1.9032235540839083E-008 
                                    1206                  2.5002301005847074E-006                 -3.3996854981896028E+000                  7.7541652611606908E+000                  4.7461234615262011E+000                  2.0541236859942547E+001                  0.0000000000000000E+000                  9.8051707943065203E-001                  1.9482920569347972E-002                  0.0000000000000000E+000                  0.0000000000000000E+000                  1.9102095683716335E-008 
                                    1207                  1.2501150462216406E-006                 -3.5000502681986725E+000                  7.7541867910568643E+000                  4.7462115956331266E+000                  2.0541368129428797E+001                  0.0000000000000000E+000                  9.8051708126210380E-001                  1.9482918737896204E-002                  0.0000000000000000E+000                  0.0000000000000000E+000                  1.9146225474570872E-008 
                                    1208                  6.2505751892908589E-007                 -3.6004070964027393E+000                  7.7542003521859399E+000                  4.7462671095676496E+000                  2.0541450813933288E+001                  5.8753070717860735E-045                  9.8051708241675606E-001                  1.9482917583243942E-002                  7.0690857487844205E-032                  1.5237064643639319E-032                  1.9174073473290711E-008 
                                    1209                  3.1252875539383039E-007                 -3.7007589154660279E+000                  7.7542088944179035E+000                  4.7463020783454173E+000                  2.0541502897896518E+001                  0.0000000000000000E+000                  9.8051708314450103E-001                  1.9482916855498966E-002                  0.0000000000000000E+000                  0.0000000000000000E+000                  1.9191635662960601E-008 
                                    1210                  1.5626437373722556E-007                 -3.8011075650402817E+000                  7.7542142753815897E+000                  4.7463241061641259E+000                  2.0541535707135843E+001                  0.0000000000000000E+000                  9.8051708375597835E-001                  1.9482916244021653E-002                  0.0000000000000000E+000                  0.0000000000000000E+000                  1.9202706706288651E-008 
                                    1211                  7.8132188805121871E-008                 -3.9014541786490322E+000                  7.7542176650423089E+000                  4.7463379823997416E+000                  2.0541556375012330E+001                  0.0000000000000000E+000                  9.8051708375597768E-001                  1.9482916244022319E-002                  0.0000000000000000E+000                  0.0000000000000000E+000                  1.9209683982979035E-008 
                                    1212                  3.9066101015656613E-008                 -4.0017994311880134E+000                  7.7542205120846965E+000                  4.7463496373986604E+000                  2.0541573734492030E+001                  0.0000000000000000E+000                  9.8051708375597690E-001                  1.9482916244023096E-002                  0.0000000000000000E+000                  0.0000000000000000E+000                  1.9215546279017000E-008 
