                                       1                                        2                                        3                                        4                                        5                                        6                                        7                                        8                                        9                                       10                                       11                                       12                                       13                                       14                                       15                                       16                                       17                                       18                                       19                                       20                                       21                                       22                                       23                                       24                                       25                                       26                                       27                                       28                                       29                                       30                                       31                                       32                                       33                                       34                                       35                                       36                                       37                                       38                                       39                                       40                                       41                                       42                                       43                                       44                                       45                                       46                                       47                                       48                                       49 
                            model_number                                num_zones                             initial_mass                                initial_z                                 star_age                                time_step                                     Teff                            photosphere_L                            photosphere_r                               center_eta                                center_h1                               center_he3                               center_he4                               center_c12                               center_n14                               center_o16                              center_ne20                                star_mass                                star_mdot                             star_mass_h1                            star_mass_he3                            star_mass_he4                            star_mass_c12                            star_mass_n14                            star_mass_o16                           star_mass_ne20                             he_core_mass                             co_core_mass                             fe_core_mass                   neutron_rich_core_mass                             dynamic_time                             kh_timescale                            nuc_timescale                           power_nuc_burn                             power_h_burn                            power_he_burn                                power_neu                                burn_min1                                burn_min2                             time_seconds                           version_number                                 compiler                                    build                         MESA_SDK_version                             math_backend                                     date                                     msun                                     rsun                                     lsun 
                                    3150                                     1308                  2.0000000000000000E+000                  2.0000000000000000E-002                  9.9224990362212253E+008                  2.3555058017607947E-006                  5.1296203921783062E+003                  2.7550749977402759E+001                  6.6458329300104779E+000                  4.2212670452347343E+000                  1.0000000000000002E-099                  1.2182463903194984E-098                  9.8051635835887452E-001                  1.0943949688725758E-004                  1.2412220301572728E-002                  7.9973558955172839E-004                  2.0850244238730898E-003                  1.9959212678798319E+000                 -2.7106286154290898E-004                  1.2034366066943485E+000                  5.0726849470213891E-004                  7.5186230577668023E-001                  3.9103629334661270E-003                  7.5684050489007197E-003                  1.6336960577201527E-002                  4.1615445916585291E-003                  2.2854689022004437E-001                  0.0000000000000000E+000                  0.0000000000000000E+000                  0.0000000000000000E+000                  1.2136947753831967E+005                  5.1237139432719519E+005                  7.2445260819284236E+008                  2.4217444464705814E+001                  2.4217444464610558E+001                  2.1722483408236421E-011                  1.6508395092964898E+000                  5.0000000000000000E+001                  1.0000000000000000E+003                  3.1313025558545492E+016                                "r26.4.1"                               "gfortran"                                 "15.2.0"                    "x86_64-linux-26.3.2"                                 "CRMATH"                               "20260609"                  1.9884098706980504E+033                  6.9570000000000000E+010                  3.8280000000000003E+033 

                                       1                                        2                                        3                                        4                                        5                                        6                                        7                                        8                                        9                                       10                                       11                                       12 
                                    zone                                     mass                                     logR                                     logT                                   logRho                                     logP                        x_mass_fraction_H                       y_mass_fraction_He                   z_mass_fraction_metals                                       pp                                      cno                                tri_alpha 
                                       1                  1.9959212678798319E+000                  8.2254941932509540E-001                  3.7100876289285281E+000                 -7.4176540384358312E+000                  4.0939350204295444E+000                  6.9431877984383528E-001                  2.8551051310506098E-001                  2.0170707051103687E-002                  5.5164397144935171E-027                  0.0000000000000000E+000                  0.0000000000000000E+000 
                                       2                  1.9959212678786344E+000                  8.2254939754223855E-001                  3.7100938336334268E+000                 -7.4176106167490898E+000                  4.0939846493772913E+000                  6.9431877984383528E-001                  2.8551051310506098E-001                  2.0170707051103687E-002                  5.5169913911559373E-027                  0.0000000000000000E+000                  0.0000000000000000E+000 
                                       3                  1.9959212678767384E+000                  8.2254936305615878E-001                  3.7101071448083287E+000                 -7.4175174904152819E+000                  4.0940910923806122E+000                  6.9431877984383528E-001                  2.8551051310506098E-001                  2.0170707051103687E-002                  5.5181747561621361E-027                  0.0000000000000000E+000                  0.0000000000000000E+000 
                                       4                  1.9959212678719980E+000                  8.2254927685940715E-001                  3.7101324214561759E+000                 -7.4173407674913161E+000                  4.0942931024308802E+000                  6.9431877984383528E-001                  2.8551051310506098E-001                  2.0170707051103687E-002                  5.5204210888131933E-027                  0.0000000000000000E+000                  0.0000000000000000E+000 
                                       5                  1.9959212678641391E+000                  8.2254913401229279E-001                  3.7101851199124791E+000                 -7.4169727682213002E+000                  4.0947138221777628E+000                  6.9431877984383528E-001                  2.8551051310506098E-001                  2.0170707051103687E-002                  5.5251016786603121E-027                  0.0000000000000000E+000                  0.0000000000000000E+000 
                                       6                  1.9959212678457392E+000                  8.2254879985137119E-001                  3.7102916057492754E+000                 -7.4162311026590473E+000                  4.0955620188276507E+000                  6.9431877984383528E-001                  2.8551051310506098E-001                  2.0170707051103687E-002                  5.5345470007377131E-027                  0.0000000000000000E+000                  0.0000000000000000E+000 
                                       7                  1.9959212678111224E+000                  8.2254817224636079E-001                  3.7104845174702090E+000                 -7.4148940476468530E+000                  4.0970920700931108E+000                  6.9431877984383528E-001                  2.8551051310506098E-001                  2.0170707051103687E-002                  5.5516155930955552E-027                  0.0000000000000000E+000                  0.0000000000000000E+000 
                                       8                  1.9959212677498415E+000                  8.2254706462448002E-001                  3.7108987996546974E+000                 -7.4120493436967871E+000                  4.1003512482060689E+000                  6.9431877984383528E-001                  2.8551051310506098E-001                  2.0170707051103687E-002                  5.5881059055157784E-027                  0.0000000000000000E+000                  0.0000000000000000E+000 
                                       9                  1.9959212676057219E+000                  8.2254447671384934E-001                  3.7118420455668075E+000                 -7.4057075197208970E+000                  4.1076368079415539E+000                  6.9431877984383517E-001                  2.8551051310506098E-001                  2.0170707051103909E-002                  5.6703211478390395E-027                  0.0000000000000000E+000                  0.0000000000000000E+000 
                                      10                  1.9959212672850879E+000                  8.2253880249215239E-001                  3.7131324652455624E+000                 -7.3973643589242988E+000                  4.1172711864013207E+000                  6.9431877984383517E-001                  2.8551051310506098E-001                  2.0170707051103909E-002                  5.7803270996992265E-027                  0.0000000000000000E+000                  0.0000000000000000E+000 
                                      11                  1.9959212669790727E+000                  8.2253348981567542E-001                  3.7147721931461235E+000                 -7.3872107369527633E+000                  4.1290657253762824E+000                  6.9431877984383517E-001                  2.8551051310506098E-001                  2.0170707051103909E-002                  5.9170876481593593E-027                  0.0000000000000000E+000                  0.0000000000000000E+000 
                                      12                  1.9959212664988042E+000                  8.2252534425494417E-001                  3.7171441742426294E+000                 -7.3733902832005125E+000                  4.1452602183694065E+000                  6.9431877984383517E-001                  2.8551051310506109E-001                  2.0170707051103687E-002                  6.1084520373520068E-027                  0.0000000000000000E+000                  0.0000000000000000E+000 
                                      13                  1.9959212658641636E+000                  8.2251491694976575E-001                  3.7199588185534793E+000                 -7.3581983897139374E+000                  4.1632696746925841E+000                  6.9431877984383528E-001                  2.8551051310506109E-001                  2.0170707051103687E-002                  6.3259549226328898E-027                  0.0000000000000000E+000                  0.0000000000000000E+000 
                                      14                  1.9959212652092519E+000                  8.2250452573550548E-001                  3.7224897213362800E+000                 -7.3455345455413061E+000                  4.1784674495367549E+000                  6.9431877984383528E-001                  2.8551051310506104E-001                  2.0170707051103687E-002                  6.5131713605836806E-027                  0.0000000000000000E+000                  0.0000000000000000E+000 
                                      15                  1.9959212647336615E+000                  8.2249719614712546E-001                  3.7248504019750590E+000                 -7.3344101265572634E+000                  4.1919556704439378E+000                  6.9431877984383528E-001                  2.8551051310506093E-001                  2.0170707051103798E-002                  6.6821959969860426E-027                  0.0000000000000000E+000                  0.0000000000000000E+000 
                                      16                  1.9959212641723085E+000                  8.2248876315932606E-001                  3.7277476845388677E+000                 -7.3216202623780369E+000                  4.2076470375135564E+000                  6.9431877984383528E-001                  2.8551051310506098E-001                  2.0170707051103687E-002                  6.8819535815243680E-027                  0.0000000000000000E+000                  0.0000000000000000E+000 
                                      17                  1.9959212634862105E+000                  8.2247875464890041E-001                  3.7303469470272672E+000                 -7.3109427281617920E+000                  4.2209279956053889E+000                  6.9431877984383539E-001                  2.8551051310506098E-001                  2.0170707051103687E-002                  7.0532865518422170E-027                  0.0000000000000000E+000                  0.0000000000000000E+000 
                                      18                  1.9959212630807890E+000                  8.2247298384585621E-001                  3.7333538876185282E+000                 -7.2992570968268486E+000                  4.2356257596908238E+000                  6.9431877984383539E-001                  2.8551051310506098E-001                  2.0170707051103687E-002                  7.2456884980478012E-027                  0.0000000000000000E+000                  0.0000000000000000E+000 
                                      19                  1.9959212622387599E+000                  8.2246131582515747E-001                  3.7368464686490133E+000                 -7.2867932547764740E+000                  4.2515888264229860E+000                  6.9431877984383550E-001                  2.8551051310506087E-001                  2.0170707051103687E-002                  7.4566919955510977E-027                  0.0000000000000000E+000                  0.0000000000000000E+000 
                                      20                  1.9959212616774069E+000                  8.2245375671054244E-001                  3.7399332866051056E+000                 -7.2765101435584034E+000                  4.2649651341929573E+000                  6.9431877984383539E-001                  2.8551051310506093E-001                  2.0170707051103687E-002                  7.6353961642238263E-027                  0.0000000000000000E+000                  0.0000000000000000E+000 
                                      21                  1.9959212610224952E+000                  8.2244514362288246E-001                  3.7426971294869045E+000                 -7.2679448278105871E+000                  4.2763004607615187E+000                  6.9431877984383539E-001                  2.8551051310506093E-001                  2.0170707051103687E-002                  7.7875131640439886E-027                  0.0000000000000000E+000                  0.0000000000000000E+000 
                                      22                  1.9959212606170738E+000                  8.2243991558927532E-001                  3.7458338986831019E+000                 -7.2587601775165336E+000                  4.2886293867675347E+000                  6.9431877984383528E-001                  2.8551051310506098E-001                  2.0170707051103687E-002                  7.9539985073428451E-027                  0.0000000000000000E+000                  0.0000000000000000E+000 
                                      23                  1.9959212598374170E+000                  8.2243007155799863E-001                  3.7495223998980292E+000                 -7.2489154708226593E+000                  4.3021722524760175E+000                  6.9431877984383517E-001                  2.8551051310506098E-001                  2.0170707051103909E-002                  8.1364028873940540E-027                  0.0000000000000000E+000                  0.0000000000000000E+000 
                                      24                  1.9959212592760642E+000                  8.2242314231272140E-001                  3.7536687774978224E+000                 -7.2387378425876578E+000                  4.3165081922317139E+000                  6.9431877984383528E-001                  2.8551051310506098E-001                  2.0170707051103687E-002                  8.3293748853684354E-027                  0.0000000000000000E+000                  0.0000000000000000E+000 
                                      25                  1.9959212583716623E+000                  8.2241223643681516E-001                  3.7586202782720624E+000                 -7.2280858961348358E+000                  4.3321276663058423E+000                  6.9431877984383539E-001                  2.8551051310506098E-001                  2.0170707051103687E-002                  8.5362441746985244E-027                  0.0000000000000000E+000                  0.0000000000000000E+000 
                                      26                  1.9959212576231919E+000                  8.2240342896181262E-001                  3.7641305268908143E+000                 -7.2177000212815390E+000                  4.3480440703842929E+000                  6.9431877984383517E-001                  2.8551051310506098E-001                  2.0170707051103909E-002                  8.7428926415947024E-027                  0.0000000000000000E+000                  0.0000000000000000E+000 
                                      27                  1.9959212566252311E+000                  8.2239196236104506E-001                  3.7709778280171764E+000                 -7.2070716910722910E+000                  4.3655492623265406E+000                  6.9431877984383528E-001                  2.8551051310506098E-001                  2.0170707051103687E-002                  8.9595460147056577E-027                  0.0000000000000000E+000                  0.0000000000000000E+000 
                                      28                  1.9959212556272705E+000                  8.2238077209666960E-001                  3.7776874201926338E+000                 -7.1987964485319038E+000                  4.3805686418151648E+000                  6.9431877984383528E-001                  2.8551051310506098E-001                  2.0170707051103687E-002                  9.1319439455223039E-027                  0.0000000000000000E+000                  0.0000000000000000E+000 
                                      29                  1.9959212548476140E+000                  8.2237219412145013E-001                  3.7857407579203866E+000                 -7.1908810736746585E+000                  4.3965874400475924E+000                  6.9431877984383528E-001                  2.8551051310506098E-001                  2.0170707051103687E-002                  9.2999482788120831E-027                  0.0000000000000000E+000                  0.0000000000000000E+000 
                                      30                  1.9959212536625355E+000                  8.2235939013891102E-001                  3.7954240745974155E+000                 -7.1847084972302984E+000                  4.4125197470587274E+000                  6.9431877984383528E-001                  2.8551051310506098E-001                  2.0170707051103687E-002                  9.4331039484444744E-027                  0.0000000000000000E+000                  0.0000000000000000E+000 
                                      31                  1.9959212528205061E+000                  8.2235042028592431E-001                  3.8044762574253257E+000                 -7.1810454643362798E+000                  4.4253263548635280E+000                  6.9431877984383528E-001                  2.8551051310506098E-001                  2.0170707051103687E-002                  9.5130231702611943E-027                  0.0000000000000000E+000                  0.0000000000000000E+000 
                                      32                  1.9959212519784770E+000                  8.2234152522166903E-001                  3.8117452755999648E+000                 -7.1796140525378043E+000                  4.4341179713353274E+000                  6.9431877984383528E-001                  2.8551051310506098E-001                  2.0170707051103687E-002                  9.5444370872127817E-027                  0.0000000000000000E+000                  0.0000000000000000E+000 
                                      33                  1.9959212516354281E+000                  8.2233791307513693E-001                  3.8163646428438955E+000                 -7.1790648922778724E+000                  4.4393541961714966E+000                  6.9431877984383528E-001                  2.8551051310506098E-001                  2.0170707051103687E-002                  9.5565165351162201E-027                  0.0000000000000000E+000                  0.0000000000000000E+000 
                                      34                  1.9959212512611928E+000                  8.2233397742864733E-001                  3.8214667286312181E+000                 -7.1788543524927801E+000                  4.4447517919753423E+000                  6.9431877984383528E-001                  2.8551051310506098E-001                  2.0170707051103687E-002                  9.5611516673068654E-027                  0.0000000000000000E+000                  0.0000000000000000E+000 
                                      35                  1.9959212508869577E+000                  8.2233004358272066E-001                  3.8270041725721815E+000                 -7.1790102473052420E+000                  4.4502392901652472E+000                  6.9431877984383528E-001                  2.8551051310506098E-001                  2.0170707051103687E-002                  9.5577193538447210E-027                  0.0000000000000000E+000                  0.0000000000000000E+000 
                                      36                  1.9959212504906876E+000                  8.2232587650176647E-001                  3.8329929483347627E+000                 -7.1795589946077234E+000                  4.4558125105484452E+000                  6.9431877984383528E-001                  2.8551051310506098E-001                  2.0170707051103687E-002                  9.5456474642947208E-027                  0.0000000000000000E+000                  0.0000000000000000E+000 
                                      37                  1.9959212500944172E+000                  8.2232170403204097E-001                  3.8389693212609060E+000                 -7.1804153399957533E+000                  4.4610876337833272E+000                  6.9431877984383528E-001                  2.8551051310506098E-001                  2.0170707051103687E-002                  9.5268391855189552E-027                  0.0000000000000000E+000                  0.0000000000000000E+000 
                                      38                  1.9959212497311400E+000                  8.2231787129989153E-001                  3.8448304839409064E+000                 -7.1814662953044328E+000                  4.4660745327626437E+000                  6.9431877984383528E-001                  2.8551051310506098E-001                  2.0170707051103687E-002                  9.5038072534346887E-027                  0.0000000000000000E+000                  0.0000000000000000E+000 
                                      39                  1.9959212493678629E+000                  8.2231402917978458E-001                  3.8515654522449445E+000                 -7.1828405562080562E+000                  4.4716731559510832E+000                  6.9431877984383528E-001                  2.8551051310506098E-001                  2.0170707051103687E-002                  9.4737740032476389E-027                  0.0000000000000000E+000                  0.0000000000000000E+000 
                                      40                  1.9959212489054885E+000                  8.2230912333339823E-001                  3.8590661740232206E+000                 -7.1844710822297611E+000                  4.4778595083145039E+000                  6.9431877984383528E-001                  2.8551051310506098E-001                  2.0170707051103687E-002                  9.4382634038189632E-027                  0.0000000000000000E+000                  0.0000000000000000E+000 
                                      41                  1.9959212484431146E+000                  8.2230419886656603E-001                  3.8663419900594413E+000                 -7.1860137503648609E+000                  4.4839592494717335E+000                  6.9431877984383528E-001                  2.8551051310506098E-001                  2.0170707051103687E-002                  9.4047887903762403E-027                  0.0000000000000000E+000                  0.0000000000000000E+000 
                                      42                  1.9959212479807402E+000                  8.2229925670789350E-001                  3.8744061557834804E+000                 -7.1875555741415429E+000                  4.4909693124107219E+000                  6.9431877984383528E-001                  2.8551051310506098E-001                  2.0170707051103687E-002                  9.3714511399986580E-027                  0.0000000000000000E+000                  0.0000000000000000E+000 
                                      43                  1.9959212473642409E+000                  8.2229264346341080E-001                  3.8812959961652536E+000                 -7.1885305899702407E+000                  4.4973792596421722E+000                  6.9431877984383528E-001                  2.8551051310506098E-001                  2.0170707051103687E-002                  9.3504301630014757E-027                  0.0000000000000000E+000                  0.0000000000000000E+000 
                                      44                  1.9959212469789291E+000                  8.2228850074184368E-001                  3.8862782217144711E+000                 -7.1890548160782650E+000                  4.5022465886530281E+000                  6.9431877984383528E-001                  2.8551051310506098E-001                  2.0170707051103687E-002                  9.3391475441617716E-027                  0.0000000000000000E+000                  0.0000000000000000E+000 
                                      45                  1.9959212465936169E+000                  8.2228435289790947E-001                  3.8914265842940914E+000                 -7.1893846817333094E+000                  4.5075385894549349E+000                  6.9431877984383528E-001                  2.8551051310506098E-001                  2.0170707051103687E-002                  9.3320550146391880E-027                  0.0000000000000000E+000                  0.0000000000000000E+000 
                                      46                  1.9959212461312426E+000                  8.2227937154612507E-001                  3.8966429636184410E+000                 -7.1894374924241715E+000                  4.5132393340444450E+000                  6.9431877984383528E-001                  2.8551051310506098E-001                  2.0170707051103687E-002                  9.3309200182425523E-027                  0.0000000000000000E+000                  0.0000000000000000E+000 
                                      47                  1.9959212456688686E+000                  8.2227438941712061E-001                  3.9030954589125506E+000                 -7.1891561828710824E+000                  4.5207260996062768E+000                  6.9431877984383528E-001                  2.8551051310506098E-001                  2.0170707051103687E-002                  9.3369674560840977E-027                  0.0000000000000000E+000                  0.0000000000000000E+000 
                                      48                  1.9959212448982446E+000                  8.2226609086492641E-001                  3.9102878540185513E+000                 -7.1881338200817719E+000                  4.5299073268133609E+000                  6.9431877984383528E-001                  2.8551051310506098E-001                  2.0170707051103687E-002                  9.3589786770763443E-027                  0.0000000000000000E+000                  0.0000000000000000E+000 
                                      49                  1.9959212441276206E+000                  8.2225781135113163E-001                  3.9167424975492180E+000                 -7.1865918260877706E+000                  4.5388991479398930E+000                  6.9431877984383528E-001                  2.8551051310506098E-001                  2.0170707051103687E-002                  9.3922756350746260E-027                  0.0000000000000000E+000                  0.0000000000000000E+000 
                                      50                  1.9959212433569968E+000                  8.2224956071118027E-001                  3.9220004926962821E+000                 -7.1848211603592764E+000                  4.5468362220645888E+000                  6.9431877984383528E-001                  2.8551051310506098E-001                  2.0170707051103687E-002                  9.4306565628123618E-027                  0.0000000000000000E+000                  0.0000000000000000E+000 
                                      51                  1.9959212427404975E+000                  8.2224298671884177E-001                  3.9263332746254074E+000                 -7.1830381639458416E+000                  4.5537720638897179E+000                  6.9431877984383528E-001                  2.8551051310506098E-001                  2.0170707051103687E-002                  9.4694632745853448E-027                  0.0000000000000000E+000                  0.0000000000000000E+000 
                                      52                  1.9959212421239985E+000                  8.2223643936399282E-001                  3.9303694551970008E+000                 -7.1810727446865723E+000                  4.5605992852053170E+000                  6.9431877984383528E-001                  2.8551051310506098E-001                  2.0170707051103687E-002                  9.5124254780051283E-027                  0.0000000000000000E+000                  0.0000000000000000E+000 
                                      53                  1.9959212415074992E+000                  8.2222992127841588E-001                  3.9350820479699249E+000                 -7.1784433474790470E+000                  4.5689855973723263E+000                  6.9431877984383528E-001                  2.8551051310506098E-001                  2.0170707051103687E-002                  9.5702066154673267E-027                  0.0000000000000000E+000                  0.0000000000000000E+000 
                                      54                  1.9959212405827504E+000                  8.2222020262096696E-001                  3.9419372767302954E+000                 -7.1738904008615636E+000                  4.5820768559522778E+000                  6.9431877984383528E-001                  2.8551051310506098E-001                  2.0170707051103687E-002                  9.6710892180539565E-027                  0.0000000000000000E+000                  0.0000000000000000E+000 
                                      55                  1.9959212390415026E+000                  8.2220417235598731E-001                  3.9486469281653429E+000                 -7.1681697214521005E+000                  4.5963497766398680E+000                  6.9431877984383528E-001                  2.8551051310506098E-001                  2.0170707051103687E-002                  9.7993551167627601E-027                  0.0000000000000000E+000                  0.0000000000000000E+000 
                                      56                  1.9959212378085041E+000                  8.2219151470720975E-001                  3.9540263660096691E+000                 -7.1628718504887461E+000                  4.6086560449826894E+000                  6.9431877984383528E-001                  2.8551051310506098E-001                  2.0170707051103687E-002                  9.9196579532372106E-027                  0.0000000000000000E+000                  0.0000000000000000E+000 
                                      57                  1.9959212365755057E+000                  8.2217900944178235E-001                  3.9589222812663118E+000                 -7.1574037162237492E+000                  4.6206245471555709E+000                  6.9431877984383528E-001                  2.8551051310506098E-001                  2.0170707051103687E-002                  1.0045376360281822E-026                  0.0000000000000000E+000                  0.0000000000000000E+000 
                                      58                  1.9959212353425073E+000                  8.2216665958097879E-001                  3.9634095448110496E+000                 -7.1518180385850778E+000                  4.6322733494473907E+000                  6.9431877984383528E-001                  2.8551051310506098E-001                  2.0170707051103687E-002                  1.0175442633358322E-026                  0.0000000000000000E+000                  0.0000000000000000E+000 
                                      59                  1.9959212341095087E+000                  8.2215446650726498E-001                  3.9675473235972398E+000                 -7.1461545596635814E+000                  4.6436191053513234E+000                  6.9431877984383528E-001                  2.8551051310506098E-001                  2.0170707051103687E-002                  1.0309040316684348E-026                  0.0000000000000000E+000                  0.0000000000000000E+000 
                                      60                  1.9959212328765104E+000                  8.2214243039959234E-001                  3.9723366437055234E+000                 -7.1390665824471631E+000                  4.6573982817861976E+000                  6.9431877984383528E-001                  2.8551051310506098E-001                  2.0170707051103687E-002                  1.0478715323825522E-026                  0.0000000000000000E+000                  0.0000000000000000E+000 
                                      61                  1.9959212310270127E+000                  8.2212466667440942E-001                  3.9773014388317844E+000                 -7.1308008765953801E+000                  4.6727245046463883E+000                  6.9431877984383528E-001                  2.8551051310506098E-001                  2.0170707051103687E-002                  1.0680114209720857E-026                  0.0000000000000000E+000                  0.0000000000000000E+000 
                                      62                  1.9959212293316400E+000                  8.2210868838099449E-001                  3.9812537679272846E+000                 -7.1236112212989715E+000                  4.6856275767446176E+000                  6.9431877984383528E-001                  2.8551051310506098E-001                  2.0170707051103687E-002                  1.0858440055507561E-026                  0.0000000000000000E+000                  0.0000000000000000E+000 
                                      63                  1.9959212279445169E+000                  8.2209582859272468E-001                  3.9847605838761835E+000                 -7.1168374130470573E+000                  4.6975416955725091E+000                  6.9431877984383528E-001                  2.8551051310506098E-001                  2.0170707051103687E-002                  1.1029175248741625E-026                  0.0000000000000000E+000                  0.0000000000000000E+000 
                                      64                  1.9959212264032691E+000                  8.2208175976559050E-001                  3.9887143112074619E+000                 -7.1087114640774463E+000                  4.7115417639769257E+000                  6.9431877984383528E-001                  2.8551051310506098E-001                  2.0170707051103687E-002                  1.1237537489193135E-026                  0.0000000000000000E+000                  0.0000000000000000E+000 
                                      65                  1.9959212243996467E+000                  8.2206380733201434E-001                  3.9923472388812651E+000                 -7.1006112338903407E+000                  4.7251067881238615E+000                  6.9431877984383528E-001                  2.8551051310506098E-001                  2.0170707051103687E-002                  1.1449158406989490E-026                  0.0000000000000000E+000                  0.0000000000000000E+000 
                                      66                  1.9959212228583989E+000                  8.2205025147408528E-001                  3.9950196154713606E+000                 -7.0943447820100802E+000                  4.7354362956108309E+000                  6.9431877984383528E-001                  2.8551051310506098E-001                  2.0170707051103687E-002                  1.1615601838471639E-026                  0.0000000000000000E+000                  0.0000000000000000E+000 
                                      67                  1.9959212216254003E+000                  8.2203956124743771E-001                  3.9978496383863344E+000                 -7.0874921927676287E+000                  4.7466336301234948E+000                  6.9431877984383528E-001                  2.8551051310506098E-001                  2.0170707051103687E-002                  1.1800385082486641E-026                  0.0000000000000000E+000                  0.0000000000000000E+000 
                                      68                  1.9959212197759026E+000                  8.2202377549467665E-001                  4.0015548756848327E+000                 -7.0780310815411465E+000                  4.7618423493287763E+000                  6.9431877984383528E-001                  2.8551051310506098E-001                  2.0170707051103687E-002                  1.2060349751599633E-026                  0.0000000000000000E+000                  0.0000000000000000E+000 
                                      69                  1.9959212173099061E+000                  8.2200317880169149E-001                  4.0055738131730099E+000                 -7.0670663882461842E+000                  4.7791120692761959E+000                  6.9431877984383528E-001                  2.8551051310506098E-001                  2.0170707051103687E-002                  1.2368802587076228E-026                  0.0000000000000000E+000                  0.0000000000000000E+000 
                                      70                  1.9959212146897845E+000                  8.2198183731607177E-001                  4.0093881526500335E+000                 -7.0560104773166028E+000                  4.7962180634730025E+000                  6.9431877984383528E-001                  2.8551051310506098E-001                  2.0170707051103687E-002                  1.2687810855096213E-026                  0.0000000000000000E+000                  0.0000000000000000E+000 
                                      71                  1.9959212120696630E+000                  8.2196102923834158E-001                  4.0129217772618793E+000                 -7.0452093809219098E+000                  4.8126788372339933E+000                  6.9431877984383528E-001                  2.8551051310506098E-001                  2.0170707051103687E-002                  1.3007411668946328E-026                  0.0000000000000000E+000                  0.0000000000000000E+000 
                                      72                  1.9959212094495413E+000                  8.2194072940244711E-001                  4.0161155653352614E+000                 -7.0349628232526529E+000                  4.8280829697021952E+000                  6.9431877984383528E-001                  2.8551051310506098E-001                  2.0170707051103687E-002                  1.3318043008895424E-026                  0.0000000000000000E+000                  0.0000000000000000E+000 
                                      73                  1.9959212069835446E+000                  8.2192206665948941E-001                  4.0190228966045947E+000                 -7.0252564174221970E+000                  4.8425184389470886E+000                  6.9431877984383528E-001                  2.8551051310506098E-001                  2.0170707051103687E-002                  1.3619139385232580E-026                  0.0000000000000000E+000                  0.0000000000000000E+000 
                                      74                  1.9959212045175481E+000                  8.2190381407187485E-001                  4.0217621158328933E+000                 -7.0157662982944542E+000                  4.8564917961737102E+000                  6.9431877984383528E-001                  2.8551051310506098E-001                  2.0170707051103687E-002                  1.3920107749991390E-026                  0.0000000000000000E+000                  0.0000000000000000E+000 
                                      75                  1.9959212020515513E+000                  8.2188595378246498E-001                  4.0249959639441384E+000                 -7.0042367000620356E+000                  4.8733517743761690E+000                  6.9431877984383528E-001                  2.8551051310506098E-001                  2.0170707051103687E-002                  1.4294720045979291E-026                  0.0000000000000000E+000                  0.0000000000000000E+000 
                                      76                  1.9959211983525560E+000                  8.2185986125906030E-001                  4.0279875026872931E+000                 -6.9929520076445426E+000                  4.8895854381085400E+000                  6.9431877984383528E-001                  2.8551051310506098E-001                  2.0170707051103687E-002                  1.4671137148958601E-026                  0.0000000000000000E+000                  0.0000000000000000E+000 
                                      77                  1.9959211958865595E+000                  8.2184290989323616E-001                  4.0302631101692743E+000                 -6.9841713493255417E+000                  4.9021510840171612E+000                  6.9431877984383528E-001                  2.8551051310506098E-001                  2.0170707051103687E-002                  1.4970873310960999E-026                  0.0000000000000000E+000                  0.0000000000000000E+000 
                                      78                  1.9959211934205627E+000                  8.2182629588635048E-001                  4.0324332694550220E+000                 -6.9755790594619800E+000                  4.9143652052146107E+000                  6.9431877984383528E-001                  2.8551051310506098E-001                  2.0170707051103687E-002                  1.5270107466116107E-026                  0.0000000000000000E+000                  0.0000000000000000E+000 
                                      79                  1.9959211909545662E+000                  8.2181000549742966E-001                  4.0345071715363696E+000                 -6.9671688264499014E+000                  4.9262469500480588E+000                  6.9431877984383528E-001                  2.8551051310506098E-001                  2.0170707051103687E-002                  1.5568793701324009E-026                  0.0000000000000000E+000                  0.0000000000000000E+000 
                                      80                  1.9959211884885693E+000                  8.2179402576051064E-001                  4.0369878737382150E+000                 -6.9569264389333370E+000                  4.9406581877263571E+000                  6.9431877984383528E-001                  2.8551051310506098E-001                  2.0170707051103687E-002                  1.5940450754760677E-026                  0.0000000000000000E+000                  0.0000000000000000E+000 
                                      81                  1.9959211847895744E+000                  8.2177061165413545E-001                  4.0397875233362290E+000                 -6.9449524940138545E+000                  4.9573467712653265E+000                  6.9431877984383528E-001                  2.8551051310506098E-001                  2.0170707051103687E-002                  1.6386205114543479E-026                  0.0000000000000000E+000                  0.0000000000000000E+000 
                                      82                  1.9959211810905790E+000                  8.2174783064622192E-001                  4.0428669149423397E+000                 -6.9314626585140617E+000                  4.9760431751017151E+000                  6.9431877984383528E-001                  2.8551051310506098E-001                  2.0170707051103687E-002                  1.6903343482372791E-026                  0.0000000000000000E+000                  0.0000000000000000E+000 
                                      83                  1.9959211761585858E+000                  8.2171837963686378E-001                  4.0453241334096193E+000                 -6.9202021748221849E+000                  4.9914561038939240E+000                  6.9431877984383528E-001                  2.8551051310506098E-001                  2.0170707051103687E-002                  1.7347496984740203E-026                  0.0000000000000000E+000                  0.0000000000000000E+000 
                                      84                  1.9959211736925888E+000                  8.2170402886013560E-001                  4.0472993920006024E+000                 -6.9111144281459671E+000                  5.0038967372267980E+000                  6.9431877984383528E-001                  2.8551051310506098E-001                  2.0170707051103687E-002                  1.7714447235225497E-026                  0.0000000000000000E+000                  0.0000000000000000E+000 
                                      85                  1.9959211699935939E+000                  8.2168294587656010E-001                  4.0495555745349217E+000                 -6.9004693644627730E+000                  5.0183726034789595E+000                  6.9431877984383528E-001                  2.8551051310506098E-001                  2.0170707051103687E-002                  1.8154164545993199E-026                  0.0000000000000000E+000                  0.0000000000000000E+000 
                                      86                  1.9959211662945986E+000                  8.2166237041935253E-001                  4.0517072122363356E+000                 -6.8901149675154256E+000                  5.0323840976929803E+000                  6.9431877984383528E-001                  2.8551051310506098E-001                  2.0170707051103687E-002                  1.8592346613573933E-026                  0.0000000000000000E+000                  0.0000000000000000E+000 
                                      87                  1.9959211625956035E+000                  8.2164227689576819E-001                  4.0544468243079885E+000                 -6.8767753614428315E+000                  5.0503927498385686E+000                  6.9431877984383528E-001                  2.8551051310506098E-001                  2.0170707051103687E-002                  1.9172486468110936E-026                  0.0000000000000000E+000                  0.0000000000000000E+000 
                                      88                  1.9959211564306116E+000                  8.2160979479514451E-001                  4.0574794046184950E+000                 -6.8614711606851690E+000                  5.0708571566693941E+000                  6.9431877984383528E-001                  2.8551051310506098E-001                  2.0170707051103687E-002                  1.9860402069453136E-026                  0.0000000000000000E+000                  0.0000000000000000E+000 
                                      89                  1.9959211508821189E+000                  8.2158156722594022E-001                  4.0595849158620565E+000                 -6.8505618591859472E+000                  5.0853458753664516E+000                  6.9431877984383528E-001                  2.8551051310506098E-001                  2.0170707051103687E-002                  2.0365789113106166E-026                  0.0000000000000000E+000                  0.0000000000000000E+000 
                                      90                  1.9959211477996230E+000                  8.2156627196259180E-001                  4.0611860606887573E+000                 -6.8422342768464617E+000                  5.0964017203726213E+000                  6.9431877984383528E-001                  2.8551051310506098E-001                  2.0170707051103687E-002                  2.0760214579779429E-026                  0.0000000000000000E+000                  0.0000000000000000E+000 
                                      91                  1.9959211441006277E+000                  8.2154826416596971E-001                  4.0637091935049856E+000                 -6.8290340014190116E+000                  5.1139100226435072E+000                  6.9431877984383528E-001                  2.8551051310506098E-001                  2.0170707051103687E-002                  2.1401142040837310E-026                  0.0000000000000000E+000                  0.0000000000000000E+000 
                                      92                  1.9959211367026373E+000                  8.2151332039871994E-001                  4.0663275811328825E+000                 -6.8148183476146311E+000                  5.1325759750821076E+000                  6.9431877984383528E-001                  2.8551051310506098E-001                  2.0170707051103687E-002                  2.2113520767843516E-026                  0.0000000000000000E+000                  0.0000000000000000E+000 
                                      93                  1.9959211317706440E+000                  8.2149077026858253E-001                  4.0678310461119134E+000                 -6.8065440771018322E+000                  5.1434044321122974E+000                  6.9431877984383528E-001                  2.8551051310506098E-001                  2.0170707051103687E-002                  2.2539033195782152E-026                  0.0000000000000000E+000                  0.0000000000000000E+000 
                                      94                  1.9959211293046473E+000                  8.2147970670063852E-001                  4.0693012139256259E+000                 -6.7984824639906938E+000                  5.1539705170801327E+000                  6.9431877984383528E-001                  2.8551051310506098E-001                  2.0170707051103687E-002                  2.2961484567676597E-026                  0.0000000000000000E+000                  0.0000000000000000E+000 
                                      95                  1.9959211243726538E+000                  8.2145798405243853E-001                  4.0711834218754870E+000                 -6.7879792250059028E+000                  5.1676729648733142E+000                  6.9431877984383528E-001                  2.8551051310506098E-001                  2.0170707051103687E-002                  2.3523787200710881E-026                  0.0000000000000000E+000                  0.0000000000000000E+000 
                                      96                  1.9959211194406605E+000                  8.2143677731184661E-001                  4.0734438740270171E+000                 -6.7752789044842130E+000                  5.1842177499687327E+000                  6.9431877984383528E-001                  2.8551051310506098E-001                  2.0170707051103687E-002                  2.4222140120394351E-026                  0.0000000000000000E+000                  0.0000000000000000E+000 
                                      97                  1.9959211120426703E+000                  8.2140587841172708E-001                  4.0755825567895663E+000                 -6.7629592329313715E+000                  5.2001597645926116E+000                  6.9431877984383528E-001                  2.8551051310506098E-001                  2.0170707051103687E-002                  2.4919369747605982E-026                  0.0000000000000000E+000                  0.0000000000000000E+000 
                                      98                  1.9959211071106768E+000                  8.2138585175384704E-001                  4.0772324624799081E+000                 -6.7534075417115789E+000                  5.2125072438322748E+000                  6.9431877984383528E-001                  2.8551051310506098E-001                  2.0170707051103687E-002                  2.5473731622945556E-026                  0.0000000000000000E+000                  0.0000000000000000E+000 
                                      99                  1.9959211021786836E+000                  8.2136625806450370E-001                  4.0788263228949448E+000                 -6.7440975357607540E+000                  5.2245154907085514E+000                  6.9431877984383528E-001                  2.8551051310506098E-001                  2.0170707051103687E-002                  2.6025935093772030E-026                  0.0000000000000000E+000                  0.0000000000000000E+000 
                                     100                  1.9959210972466899E+000                  8.2134707736799462E-001                  4.0803678854993883E+000                 -6.7350175521788289E+000                  5.2362026604392149E+000                  6.9431877984383528E-001                  2.8551051310506098E-001                  2.0170707051103687E-002                  2.6576025947748581E-026                  0.0000000000000000E+000                  0.0000000000000000E+000 
                                     101                  1.9959210923146966E+000                  8.2132829106421879E-001                  4.0819515776592858E+000                 -6.7256253540958584E+000                  5.2482714792909748E+000                  6.9431877984383528E-001                  2.8551051310506098E-001                  2.0170707051103687E-002                  2.7157270550475842E-026                  0.0000000000000000E+000                  0.0000000000000000E+000 
                                     102                  1.9959210867799455E+000                  8.2130765704285957E-001                  4.0839725630449566E+000                 -6.7135810136058298E+000                  5.2637311619787912E+000                  6.9431877984383528E-001                  2.8551051310506098E-001                  2.0170707051103687E-002                  2.7921291237849039E-026                  0.0000000000000000E+000                  0.0000000000000000E+000 
                                     103                  1.9959210784778187E+000                  8.2127754730950164E-001                  4.0862802162607892E+000                 -6.6996102207619481E+000                  5.2815892801291655E+000                  6.9431877984383528E-001                  2.8551051310506098E-001                  2.0170707051103687E-002                  2.8834486682795194E-026                  0.0000000000000000E+000                  0.0000000000000000E+000 
                                     104                  1.9959210701756922E+000                  8.2124838479114737E-001                  4.0881145988334442E+000                 -6.6883462841017538E+000                  5.2959336250077218E+000                  6.9431877984383528E-001                  2.8551051310506098E-001                  2.0170707051103687E-002                  2.9592456239031615E-026                  0.0000000000000000E+000                  0.0000000000000000E+000 
                                     105                  1.9959210646409409E+000                  8.2122943772399859E-001                  4.0902471187853600E+000                 -6.6753232134808966E+000                  5.3125467854888200E+000                  6.9431877984383528E-001                  2.8551051310506098E-001                  2.0170707051103687E-002                  3.0493675476545603E-026                  0.0000000000000000E+000                  0.0000000000000000E+000 
                                     106                  1.9959210535714387E+000                  8.2119265596354696E-001                  4.0922623128848379E+000                 -6.6626843102695537E+000                  5.3285531072510697E+000                  6.9431877984383528E-001                  2.8551051310506098E-001                  2.0170707051103687E-002                  3.1394551311659499E-026                  0.0000000000000000E+000                  0.0000000000000000E+000 
                                     107                  1.9959210480366876E+000                  8.2117478921248277E-001                  4.0942192675780218E+000                 -6.6505261943755682E+000                  5.3439929067828773E+000                  6.9431877984383528E-001                  2.8551051310506098E-001                  2.0170707051103687E-002                  3.2286269198250469E-026                  0.0000000000000000E+000                  0.0000000000000000E+000 
                                     108                  1.9959210369671854E+000                  8.2114003588477769E-001                  4.0962318978039018E+000                 -6.6377448425296839E+000                  5.3601273341666227E+000                  6.9431877984383528E-001                  2.8551051310506098E-001                  2.0170707051103687E-002                  3.3251025601291950E-026                  0.0000000000000000E+000                  0.0000000000000000E+000 
                                     109                  1.9959210300487464E+000                  8.2111894091856319E-001                  4.0977307817909407E+000                 -6.6282246931432676E+000                  5.3721452601371054E+000                  6.9431877984383528E-001                  2.8551051310506098E-001                  2.0170707051103687E-002                  3.3988311732427823E-026                  0.0000000000000000E+000                  0.0000000000000000E+000 
                                     110                  1.9959210231303075E+000                  8.2109830036749265E-001                  4.0999090924135047E+000                 -6.6144304665758096E+000                  5.3895739503376525E+000                  6.9431877984383528E-001                  2.8551051310506098E-001                  2.0170707051103687E-002                  3.5085710669275092E-026                  0.0000000000000000E+000                  0.0000000000000000E+000 
                                     111                  1.9959210092934299E+000                  8.2105830147051051E-001                  4.1023768088882342E+000                 -6.5984822570635062E+000                  5.4096123513091241E+000                  6.9431877984383528E-001                  2.8551051310506098E-001                  2.0170707051103687E-002                  3.6398717535816159E-026                  0.0000000000000000E+000                  0.0000000000000000E+000 
                                     112                  1.9959209982239274E+000                  8.2102744856485965E-001                  4.1042126634425626E+000                 -6.5865441100527757E+000                  5.4245868591669355E+000                  6.9431877984383528E-001                  2.8551051310506098E-001                  2.0170707051103687E-002                  3.7413643668776478E-026                  0.0000000000000000E+000                  0.0000000000000000E+000 
                                     113                  1.9959209899218007E+000                  8.2100493215000203E-001                  4.1057362138828513E+000                 -6.5766230981385929E+000                  5.4370261494040939E+000                  6.9431877984383528E-001                  2.8551051310506098E-001                  2.0170707051103687E-002                  3.8278585276723391E-026                  0.0000000000000000E+000                  0.0000000000000000E+000 
                                     114                  1.9959209816196741E+000                  8.2098292088403790E-001                  4.1074590100162167E+000                 -6.5653899462506748E+000                  5.4511049997442536E+000                  6.9431877984383528E-001                  2.8551051310506098E-001                  2.0170707051103687E-002                  3.9282091341790327E-026                  0.0000000000000000E+000                  0.0000000000000000E+000 
                                     115                  1.9959209705501719E+000                  8.2095431689988763E-001                  4.1093517286949668E+000                 -6.5529522712103470E+000                  5.4666593810823310E+000                  6.9431877984383528E-001                  2.8551051310506098E-001                  2.0170707051103687E-002                  4.0423929555880654E-026                  0.0000000000000000E+000                  0.0000000000000000E+000 
                                     116                  1.9959209594806695E+000                  8.2092651506482606E-001                  4.1116279266494500E+000                 -6.5380038011699888E+000                  5.4853549490637414E+000                  6.9431877984383528E-001                  2.8551051310506098E-001                  2.0170707051103687E-002                  4.1840284740502846E-026                  0.0000000000000000E+000                  0.0000000000000000E+000 
                                     117                  1.9959209428764162E+000                  8.2088621382514937E-001                  4.1137857986394639E+000                 -6.5236025357607499E+000                  5.5032853325495994E+000                  6.9431877984383528E-001                  2.8551051310506098E-001                  2.0170707051103687E-002                  4.3251719203106461E-026                  0.0000000000000000E+000                  0.0000000000000000E+000 
                                     118                  1.9959209318069140E+000                  8.2086021669973708E-001                  4.1158683029696297E+000                 -6.5097901747084768E+000                  5.5205087391205776E+000                  6.9431877984383528E-001                  2.8551051310506098E-001                  2.0170707051103687E-002                  4.4650160534553805E-026                  0.0000000000000000E+000                  0.0000000000000000E+000 
                                     119                  1.9959209152026607E+000                  8.2082243339881078E-001                  4.1178624593983812E+000                 -6.4963786645177679E+000                  5.5371669219260937E+000                  6.9431877984383528E-001                  2.8551051310506098E-001                  2.0170707051103687E-002                  4.6051281823406030E-026                  0.0000000000000000E+000                  0.0000000000000000E+000 
                                     120                  1.9959209039864418E+000                  8.2079768145454501E-001                  4.1194190232962580E+000                 -6.4859279185131760E+000                  5.5501514949868795E+000                  6.9431877984383528E-001                  2.8551051310506098E-001                  2.0170707051103687E-002                  4.7173505199658948E-026                  0.0000000000000000E+000                  0.0000000000000000E+000 
                                     121                  1.9959208927702230E+000                  8.2077351394205889E-001                  4.1209281280007035E+000                 -6.4757699251311776E+000                  5.5627618638414953E+000                  6.9431877984383528E-001                  2.8551051310506098E-001                  2.0170707051103687E-002                  4.8290502594019321E-026                  0.0000000000000000E+000                  0.0000000000000000E+000 
                                     122                  1.9959208815540039E+000                  8.2074990124319003E-001                  4.1223926912929070E+000                 -6.4658888244418451E+000                  5.5750190088498686E+000                  6.9431877984383528E-001                  2.8551051310506098E-001                  2.0170707051103687E-002                  4.9402431094803289E-026                  0.0000000000000000E+000                  0.0000000000000000E+000 
                                     123                  1.9959208703377851E+000                  8.2072681599357122E-001                  4.1245249439718457E+000                 -6.4515884033499376E+000                  5.5927832382497487E+000                  6.9431877984383528E-001                  2.8551051310506093E-001                  2.0170707051103798E-002                  5.1057177812150702E-026                  0.0000000000000000E+000                  0.0000000000000000E+000 
                                     124                  1.9959208479053470E+000                  8.2068213057769490E-001                  4.1272168185412887E+000                 -6.4333164407456644E+000                  5.6154012244188198E+000                  6.9431877984383528E-001                  2.8551051310506098E-001                  2.0170707051103687E-002                  5.3252409673194953E-026                  0.0000000000000000E+000                  0.0000000000000000E+000 
                                     125                  1.9959208254729091E+000                  8.2063927324328156E-001                  4.1291343417317590E+000                 -6.4201658885352835E+000                  5.6316300476171017E+000                  6.9431877984383528E-001                  2.8551051310506093E-001                  2.0170707051103798E-002                  5.4890540560766135E-026                  0.0000000000000000E+000                  0.0000000000000000E+000 
                                     126                  1.9959208142566902E+000                  8.2061847914528641E-001                  4.1306910341693559E+000                 -6.4095934664689764E+000                  5.6447081387256608E+000                  6.9431877984383528E-001                  2.8551051310506093E-001                  2.0170707051103798E-002                  5.6243999726017105E-026                  0.0000000000000000E+000                  0.0000000000000000E+000 
                                     127                  1.9959207974323616E+000                  8.2058803275686576E-001                  4.1324930242040923E+000                 -6.3972888392575369E+000                  5.6599032898181862E+000                  6.9431877984383528E-001                  2.8551051310506098E-001                  2.0170707051103687E-002                  5.7861303767175185E-026                  0.0000000000000000E+000                  0.0000000000000000E+000 
                                     128                  1.9959207806080332E+000                  8.2055843074495249E-001                  4.1345224398674825E+000                 -6.3834562602513234E+000                  5.6769886487883570E+000                  6.9431877984383528E-001                  2.8551051310506098E-001                  2.0170707051103687E-002                  5.9735049447203946E-026                  0.0000000000000000E+000                  0.0000000000000000E+000 
                                     129                  1.9959207581755951E+000                  8.2052018975286878E-001                  4.1361876558836519E+000                 -6.3719758528132626E+000                  5.6911215073124080E+000                  6.9431877984383528E-001                  2.8551051310506098E-001                  2.0170707051103687E-002                  6.1336181609450565E-026                  0.0000000000000000E+000                  0.0000000000000000E+000 
                                     130                  1.9959207469593763E+000                  8.2050156441979172E-001                  4.1378153675966969E+000                 -6.3608880761077824E+000                  5.7048112223019709E+000                  6.9431877984383528E-001                  2.8551051310506098E-001                  2.0170707051103687E-002                  6.2923295525849811E-026                  0.0000000000000000E+000                  0.0000000000000000E+000 
                                     131                  1.9959207245269384E+000                  8.2046524585467340E-001                  4.1398985766855265E+000                 -6.3465900401480519E+000                  5.7224235044471348E+000                  6.9431877984383528E-001                  2.8551051310506098E-001                  2.0170707051103687E-002                  6.5030723498406568E-026                  0.0000000000000000E+000                  0.0000000000000000E+000 
                                     132                  1.9959207020945002E+000                  8.2043009484125418E-001                  4.1419006105501444E+000                 -6.3328368318261061E+000                  5.7393546665765962E+000                  6.9431877984383528E-001                  2.8551051310506098E-001                  2.0170707051103687E-002                  6.7124440472929022E-026                  0.0000000000000000E+000                  0.0000000000000000E+000 
                                     133                  1.9959206796620623E+000                  8.2039603140443373E-001                  4.1438278444201559E+000                 -6.3195886718938370E+000                  5.7556554712567296E+000                  6.9431877984383528E-001                  2.8551051310506098E-001                  2.0170707051103687E-002                  6.9205009044993490E-026                  0.0000000000000000E+000                  0.0000000000000000E+000 
                                     134                  1.9959206572296242E+000                  8.2036298372489447E-001                  4.1452221581784912E+000                 -6.3099483507814753E+000                  5.7674952677076989E+000                  6.9431877984383528E-001                  2.8551051310506098E-001                  2.0170707051103687E-002                  7.0759419016764768E-026                  0.0000000000000000E+000                  0.0000000000000000E+000 
                                     135                  1.9959206460134051E+000                  8.2034681988753699E-001                  4.1461348772618489E+000                 -6.3036709495525081E+000                  5.7752140021125120E+000                  6.9431877984383528E-001                  2.8551051310506098E-001                  2.0170707051103687E-002                  7.1790316839315955E-026                  0.0000000000000000E+000                  0.0000000000000000E+000 
                                     136                  1.9959206347971863E+000                  8.2033088623960315E-001                  4.1474796547463511E+000                 -6.2944681754124119E+000                  5.7865424626162030E+000                  6.9431877984383528E-001                  2.8551051310506098E-001                  2.0170707051103687E-002                  7.3328849570694237E-026                  0.0000000000000000E+000                  0.0000000000000000E+000 
                                     137                  1.9959206123647484E+000                  8.2029968203300963E-001                  4.1496464618592688E+000                 -6.2796332823186640E+000                  5.8047954552235259E+000                  6.9431877984383528E-001                  2.8551051310506098E-001                  2.0170707051103687E-002                  7.5878710536799086E-026                  0.0000000000000000E+000                  0.0000000000000000E+000 
                                     138                  1.9959205787160914E+000                  8.2025443561686306E-001                  4.1521303370214788E+000                 -6.2625428815237347E+000                  5.8257858742754518E+000                  6.9431877984383528E-001                  2.8551051310506098E-001                  2.0170707051103687E-002                  7.8926398006057698E-026                  0.0000000000000000E+000                  0.0000000000000000E+000 
                                     139                  1.9959205449190047E+000                  8.2021072984977306E-001                  4.1541190668316643E+000                 -6.2488024107846281E+000                  5.8426353986860251E+000                  6.9431877984383528E-001                  2.8551051310506098E-001                  2.0170707051103687E-002                  8.1465274322794011E-026                  0.0000000000000000E+000                  0.0000000000000000E+000 
                                     140                  1.9959205221897067E+000                  8.2018224504056692E-001                  4.1556708117306940E+000                 -6.2381335328626788E+000                  5.8557303811038706E+000                  6.9431877984383528E-001                  2.8551051310506098E-001                  2.0170707051103687E-002                  8.3492813289922801E-026                  0.0000000000000000E+000                  0.0000000000000000E+000 
                                     141                  1.9959204994604089E+000                  8.2015444606046550E-001                  4.1575545866944505E+000                 -6.2252425559684559E+000                  5.8715666507800091E+000                  6.9431877984383528E-001                  2.8551051310506098E-001                  2.0170707051103687E-002                  8.6010107896289698E-026                  0.0000000000000000E+000                  0.0000000000000000E+000 
                                     142                  1.9959204653664622E+000                  8.2011395757092931E-001                  4.1593632365671320E+000                 -6.2127699022127825E+000                  5.8868513189035303E+000                  6.9431877984383528E-001                  2.8551051310506098E-001                  2.0170707051103687E-002                  8.8517959510047891E-026                  0.0000000000000000E+000                  0.0000000000000000E+000 
                                     143                  1.9959204426371642E+000                  8.2008772337562907E-001                  4.1607715039472026E+000                 -6.2031050626662960E+000                  5.8987060084233764E+000                  6.9431877984383528E-001                  2.8551051310506098E-001                  2.0170707051103687E-002                  9.0511443421613050E-026                  0.0000000000000000E+000                  0.0000000000000000E+000 
                                     144                  1.9959204199078664E+000                  8.2006206195170461E-001                  4.1621437790962634E+000                 -6.1936935140396203E+000                  5.9102483785355728E+000                  6.9431877984383528E-001                  2.8551051310506098E-001                  2.0170707051103687E-002                  9.2495836366091059E-026                  0.0000000000000000E+000                  0.0000000000000000E+000 
                                     145                  1.9959203971785684E+000                  8.2003694624699486E-001                  4.1641583358141991E+000                 -6.1799920993016126E+000                  5.9270827942444875E+000                  6.9431877984383528E-001                  2.8551051310506098E-001                  2.0170707051103687E-002                  9.5462793159503396E-026                  0.0000000000000000E+000                  0.0000000000000000E+000 
                                     146                  1.9959203514187744E+000                  8.1998793980433970E-001                  4.1667330370901361E+000                 -6.1623723470691978E+000                  5.9486840137537040E+000                  6.9431877984383528E-001                  2.8551051310506098E-001                  2.0170707051103687E-002                  9.9418609972629090E-026                  0.0000000000000000E+000                  0.0000000000000000E+000 
                                     147                  1.9959203053577814E+000                  8.1994055629279061E-001                  4.1691991665193315E+000                 -6.1455238828914043E+000                  5.9693362550120259E+000                  6.9431877984383539E-001                  2.8551051310506098E-001                  2.0170707051103687E-002                  1.0335455135496922E-025                  0.0000000000000000E+000                  0.0000000000000000E+000 
                                     148                  1.9959202592967891E+000                  8.1989496118500793E-001                  4.1712647166276131E+000                 -6.1313923209755279E+000                  5.9866420198040800E+000                  6.9431877984383539E-001                  2.8551051310506098E-001                  2.0170707051103687E-002                  1.0677575591331456E-025                  0.0000000000000000E+000                  0.0000000000000000E+000 
                                     149                  1.9959202247510444E+000                  8.1986185066454953E-001                  4.1726941113557769E+000                 -6.1216294873144079E+000                  5.9985978412819518E+000                  6.9431877984383528E-001                  2.8551051310506098E-001                  2.0170707051103687E-002                  1.0920525386036539E-025                  0.0000000000000000E+000                  0.0000000000000000E+000 
                                     150                  1.9959202017205477E+000                  8.1984026358153417E-001                  4.1738140589050605E+000                 -6.1140129554090734E+000                  6.0079328704643569E+000                  6.9431877984383528E-001                  2.8551051310506098E-001                  2.0170707051103687E-002                  1.1113897908659661E-025                  0.0000000000000000E+000                  0.0000000000000000E+000 
                                     151                  1.9959201786900513E+000                  8.1981904865008359E-001                  4.1754596197098213E+000                 -6.1029017756224722E+000                  6.0215722650705823E+000                  6.9431877984383528E-001                  2.8551051310506098E-001                  2.0170707051103687E-002                  1.1402154693539993E-025                  0.0000000000000000E+000                  0.0000000000000000E+000 
                                     152                  1.9959201326290585E+000                  8.1977768162206377E-001                  4.1773081988560206E+000                 -6.0903306429020230E+000                  6.0369674587525228E+000                  6.9431877984383528E-001                  2.8551051310506098E-001                  2.0170707051103687E-002                  1.1737315517428037E-025                  0.0000000000000000E+000                  0.0000000000000000E+000 
                                     153                  1.9959200980833138E+000                  8.1974753409291534E-001                  4.1791046917932784E+000                 -6.0782050236312157E+000                  6.0518396030130521E+000                  6.9431877984383528E-001                  2.8551051310506098E-001                  2.0170707051103687E-002                  1.2069933658378056E-025                  0.0000000000000000E+000                  0.0000000000000000E+000 
                                     154                  1.9959200520223210E+000                  8.1970843481736000E-001                  4.1808387116544274E+000                 -6.0664602933671592E+000                  6.0662243718768609E+000                  6.9431877984383528E-001                  2.8551051310506098E-001                  2.0170707051103687E-002                  1.2401091377452581E-025                  0.0000000000000000E+000                  0.0000000000000000E+000 
                                     155                  1.9959200174765765E+000                  8.1967988609240738E-001                  4.1827849046621912E+000                 -6.0534099566660498E+000                  6.0822430816904820E+000                  6.9431877984383528E-001                  2.8551051310506098E-001                  2.0170707051103687E-002                  1.2779734924946736E-025                  0.0000000000000000E+000                  0.0000000000000000E+000 
                                     156                  1.9959199590853944E+000                  8.1963304767966005E-001                  4.1844297346587709E+000                 -6.0422632330800061E+000                  6.0958799173666058E+000                  6.9431877984383528E-001                  2.8551051310506098E-001                  2.0170707051103687E-002                  1.3112292128438707E-025                  0.0000000000000000E+000                  0.0000000000000000E+000 
                                     157                  1.9959199356474275E+000                  8.1961471922422546E-001                  4.1855870971558602E+000                 -6.0345110697073689E+000                  6.1053897886463764E+000                  6.9431877984383528E-001                  2.8551051310506098E-001                  2.0170707051103687E-002                  1.3348665261246245E-025                  0.0000000000000000E+000                  0.0000000000000000E+000 
                                     158                  1.9959199004904771E+000                  8.1958770870257414E-001                  4.1873943493821724E+000                 -6.0224555841720004E+000                  6.1201889063942891E+000                  6.9431877984383528E-001                  2.8551051310506098E-001                  2.0170707051103687E-002                  1.3724749812599510E-025                  0.0000000000000000E+000                  0.0000000000000000E+000 
                                     159                  1.9959198418955597E+000                  8.1954391290454798E-001                  4.1897855851776047E+000                 -6.0065079250340165E+000                  6.1397554953884725E+000                  6.9431877984383528E-001                  2.8551051310506098E-001                  2.0170707051103687E-002                  1.4238591381723774E-025                  0.0000000000000000E+000                  0.0000000000000000E+000 
                                     160                  1.9959197715816588E+000                  8.1949323627306614E-001                  4.1920743281413886E+000                 -5.9912259269095731E+000                  6.1584869650341476E+000                  6.9431877984383528E-001                  2.8551051310506093E-001                  2.0170707051103798E-002                  1.4749034444046908E-025                  0.0000000000000000E+000                  0.0000000000000000E+000 
                                     161                  1.9959197129867414E+000                  8.1945245303676562E-001                  4.1944829354930366E+000                 -5.9752981812872621E+000                  6.1780472250877425E+000                  6.9431877984383539E-001                  2.8551051310506098E-001                  2.0170707051103687E-002                  1.5300541042384478E-025                  0.0000000000000000E+000                  0.0000000000000000E+000 
                                     162                  1.9959196309538569E+000                  8.1939739436409598E-001                  4.1966017865478866E+000                 -5.9611954599613064E+000                  6.1953246773054866E+000                  6.9431877984383539E-001                  2.8551051310506098E-001                  2.0170707051103687E-002                  1.5806052774545461E-025                  0.0000000000000000E+000                  0.0000000000000000E+000 
                                     163                  1.9959195834577943E+000                  8.1936652543678934E-001                  4.1981146205413911E+000                 -5.9512133482107643E+000                  6.2075757443483104E+000                  6.9431877984383528E-001                  2.8551051310506098E-001                  2.0170707051103687E-002                  1.6173928799260168E-025                  0.0000000000000000E+000                  0.0000000000000000E+000 
                                     164                  1.9959195359617312E+000                  8.1933635156848339E-001                  4.1999575237607898E+000                 -5.9391302978854279E+000                  6.2224230845988595E+000                  6.9431877984383528E-001                  2.8551051310506098E-001                  2.0170707051103687E-002                  1.6630711119024127E-025                  0.0000000000000000E+000                  0.0000000000000000E+000 
                                     165                  1.9959194647176368E+000                  8.1929232138406893E-001                  4.2024540251101739E+000                 -5.9228168415332449E+000                  6.2424734562950910E+000                  6.9431877984383528E-001                  2.8551051310506098E-001                  2.0170707051103687E-002                  1.7267961611366099E-025                  0.0000000000000000E+000                  0.0000000000000000E+000 
                                     166                  1.9959193690981512E+000                  8.1923538550510322E-001                  4.2045055403334652E+000                 -5.9093224396106176E+000                  6.2590181046097921E+000                  6.9431877984383528E-001                  2.8551051310506098E-001                  2.0170707051103687E-002                  1.7813514423482539E-025                  0.0000000000000000E+000                  0.0000000000000000E+000 
                                     167                  1.9959193211838484E+000                  8.1920772008293807E-001                  4.2061774504353089E+000                 -5.8984716029263620E+000                  6.2723620454729030E+000                  6.9431877984383517E-001                  2.8551051310506098E-001                  2.0170707051103909E-002                  1.8264675875738875E-025                  0.0000000000000000E+000                  0.0000000000000000E+000 
                                     168                  1.9959192493123941E+000                  8.1916723640632150E-001                  4.2081311792361911E+000                 -5.8857911900919611E+000                  6.2879469475665770E+000                  6.9431877984383517E-001                  2.8551051310506098E-001                  2.0170707051103909E-002                  1.8806415643127994E-025                  0.0000000000000000E+000                  0.0000000000000000E+000 
                                     169                  1.9959191765953077E+000                  8.1912744402000603E-001                  4.2100345848615257E+000                 -5.8734790866267002E+000                  6.3030838235826065E+000                  6.9431877984383528E-001                  2.8551051310506098E-001                  2.0170707051103687E-002                  1.9347799359578919E-025                  0.0000000000000000E+000                  0.0000000000000000E+000 
                                     170                  1.9959191038782214E+000                  8.1908875340747633E-001                  4.2116499995310557E+000                 -5.8630405699323278E+000                  6.3159136823588433E+000                  6.9431877984383528E-001                  2.8551051310506098E-001                  2.0170707051103687E-002                  1.9818995364654133E-025                  0.0000000000000000E+000                  0.0000000000000000E+000 
                                     171                  1.9959190493404069E+000                  8.1906041803724161E-001                  4.2132288310779149E+000                 -5.8529142229912141E+000                  6.3283785799006562E+000                  6.9431877984383528E-001                  2.8551051310506098E-001                  2.0170707051103687E-002                  2.0287069359632300E-025                  0.0000000000000000E+000                  0.0000000000000000E+000 
                                     172                  1.9959189766233205E+000                  8.1902349995261958E-001                  4.2152137211496719E+000                 -5.8402267368998766E+000                  6.3440014868107184E+000                  6.9431877984383528E-001                  2.8551051310506098E-001                  2.0170707051103687E-002                  2.0889169913951529E-025                  0.0000000000000000E+000                  0.0000000000000000E+000 
                                     173                  1.9959188846560285E+000                  8.1897814005955483E-001                  4.2177142985167748E+000                 -5.8243307469446197E+000                  6.3635901026505017E+000                  6.9431877984383528E-001                  2.8551051310506098E-001                  2.0170707051103687E-002                  2.1668831254684306E-025                  0.0000000000000000E+000                  0.0000000000000000E+000 
                                     174                  1.9959187616759944E+000                  8.1891964313599142E-001                  4.2196317952586346E+000                 -5.8120578433379446E+000                  6.3786751424893549E+000                  6.9431877984383528E-001                  2.8551051310506098E-001                  2.0170707051103687E-002                  2.2290651405869094E-025                  0.0000000000000000E+000                  0.0000000000000000E+000 
                                     175                  1.9959187124839803E+000                  8.1889688996178855E-001                  4.2212445904184595E+000                 -5.8019046518722019E+000                  6.3912034036148455E+000                  6.9431877984383528E-001                  2.8551051310506098E-001                  2.0170707051103687E-002                  2.2818547253492951E-025                  0.0000000000000000E+000                  0.0000000000000000E+000 
                                     176                  1.9959186140999532E+000                  8.1885242482606435E-001                  4.2228059392536128E+000                 -5.7920088544768129E+000                  6.4033852855350410E+000                  6.9431877984383528E-001                  2.8551051310506098E-001                  2.0170707051103687E-002                  2.3345095678585498E-025                  0.0000000000000000E+000                  0.0000000000000000E+000 
                                     177                  1.9959185649079396E+000                  8.1883068814999960E-001                  4.2243582335144190E+000                 -5.7822987690119021E+000                  6.4153749218426270E+000                  6.9431877984383528E-001                  2.8551051310506098E-001                  2.0170707051103687E-002                  2.3873578439196160E-025                  0.0000000000000000E+000                  0.0000000000000000E+000 
                                     178                  1.9959184647841215E+000                  8.1878741451655146E-001                  4.2271290453529335E+000                 -5.7650783069634715E+000                  6.4366600497220938E+000                  6.9431877984383528E-001                  2.8551051310506098E-001                  2.0170707051103687E-002                  2.4840434710020356E-025                  0.0000000000000000E+000                  0.0000000000000000E+000 
                                     179                  1.9959182895674406E+000                  8.1871460048506983E-001                  4.2302392640271540E+000                 -5.7456921554370339E+000                  6.4605792181679318E+000                  6.9431877984383528E-001                  2.8551051310506098E-001                  2.0170707051103687E-002                  2.5975847255027060E-025                  0.0000000000000000E+000                  0.0000000000000000E+000 
                                     180                  1.9959181390507446E+000                  8.1865475420728229E-001                  4.2323118980388399E+000                 -5.7327973154316023E+000                  6.4764832351556043E+000                  6.9431877984383528E-001                  2.8551051310506104E-001                  2.0170707051103687E-002                  2.6759689977793298E-025                  0.0000000000000000E+000                  0.0000000000000000E+000 
                                     181                  1.9959180629649735E+000                  8.1862537805505198E-001                  4.2339000681946803E+000                 -5.7230390436384848E+000                  6.4885520272238590E+000                  6.9431877984383528E-001                  2.8551051310506098E-001                  2.0170707051103687E-002                  2.7368563925041761E-025                  0.0000000000000000E+000                  0.0000000000000000E+000 
                                     182                  1.9959179615172788E+000                  8.1858707116466645E-001                  4.2354529179022569E+000                 -5.7134937591478714E+000                  6.5003495984610717E+000                  6.9431877984383517E-001                  2.8551051310506098E-001                  2.0170707051103909E-002                  2.7977558663774514E-025                  0.0000000000000000E+000                  0.0000000000000000E+000 
                                     183                  1.9959178846497632E+000                  8.1855867024925899E-001                  4.2374190453563134E+000                 -5.7015500947345368E+000                  6.5151500588761166E+000                  6.9431877984383517E-001                  2.8551051310506098E-001                  2.0170707051103909E-002                  2.8758705848858474E-025                  0.0000000000000000E+000                  0.0000000000000000E+000 
                                     184                  1.9959177309147320E+000                  8.1850339328496236E-001                  4.2392639762898607E+000                 -5.6902580572126684E+000                  6.5291048944640488E+000                  6.9431877984383528E-001                  2.8551051310506104E-001                  2.0170707051103687E-002                  2.9517295946084856E-025                  0.0000000000000000E+000                  0.0000000000000000E+000 
                                     185                  1.9959176600197215E+000                  8.1847854964863620E-001                  4.2410607964462086E+000                 -5.6794368752753837E+000                  6.5425282985109723E+000                  6.9431877984383517E-001                  2.8551051310506098E-001                  2.0170707051103909E-002                  3.0263036072157580E-025                  0.0000000000000000E+000                  0.0000000000000000E+000 
                                     186                  1.9959175079715776E+000                  8.1842656505296518E-001                  4.2428763176968420E+000                 -5.6684331873210558E+000                  6.5561454592577046E+000                  6.9431877984383517E-001                  2.8551051310506104E-001                  2.0170707051103798E-002                  3.1040689755572418E-025                  0.0000000000000000E+000                  0.0000000000000000E+000 
                                     187                  1.9959174268184450E+000                  8.1839950592994870E-001                  4.2444131515592538E+000                 -5.6592255301406924E+000                  6.5675691863504895E+000                  6.9431877984383528E-001                  2.8551051310506098E-001                  2.0170707051103687E-002                  3.1706760275389847E-025                  0.0000000000000000E+000                  0.0000000000000000E+000 
                                     188                  1.9959173066644587E+000                  8.1836027411586387E-001                  4.2461998553232414E+000                 -5.6485359464698952E+000                  6.5808287061418156E+000                  6.9431877984383517E-001                  2.8551051310506098E-001                  2.0170707051103909E-002                  3.2497992866825855E-025                  0.0000000000000000E+000                  0.0000000000000000E+000 
                                     189                  1.9959171865104726E+000                  8.1832198590378091E-001                  4.2480739025598062E+000                 -5.6373869857081385E+000                  6.5946703626890599E+000                  6.9431877984383517E-001                  2.8551051310506098E-001                  2.0170707051103909E-002                  3.3344286650527985E-025                  0.0000000000000000E+000                  0.0000000000000000E+000 
                                     190                  1.9959170479459925E+000                  8.1827893801455565E-001                  4.2500243742771868E+000                 -5.6258250390721667E+000                  6.6090289981294079E+000                  6.9431877984383528E-001                  2.8551051310506098E-001                  2.0170707051103687E-002                  3.4245232025581037E-025                  0.0000000000000000E+000                  0.0000000000000000E+000 
                                     191                  1.9959169093815130E+000                  8.1823700873688920E-001                  4.2517464792992499E+000                 -5.6156488987171933E+000                  6.6216691227474662E+000                  6.9431877984383528E-001                  2.8551051310506098E-001                  2.0170707051103687E-002                  3.5058325272656161E-025                  0.0000000000000000E+000                  0.0000000000000000E+000 
                                     192                  1.9959167963826601E+000                  8.1820359874510229E-001                  4.2539645157503543E+000                 -5.6027040618816546E+000                  6.6377918109084266E+000                  6.9431877984383528E-001                  2.8551051310506093E-001                  2.0170707051103798E-002                  3.6120622292784744E-025                  0.0000000000000000E+000                  0.0000000000000000E+000 
                                     193                  1.9959165777995951E+000                  8.1814084809245846E-001                  4.2564567399284288E+000                 -5.5881205457478353E+000                  6.6559264309053985E+000                  6.9431877984383517E-001                  2.8551051310506098E-001                  2.0170707051103909E-002                  3.7356031688768847E-025                  0.0000000000000000E+000                  0.0000000000000000E+000 
                                     194                  1.9959164086377048E+000                  8.1809387108563247E-001                  4.2590377647728541E+000                 -5.5732152739769019E+000                  6.6745110680029756E+000                  6.9431877984383528E-001                  2.8551051310506093E-001                  2.0170707051103798E-002                  3.8662405091724924E-025                  0.0000000000000000E+000                  0.0000000000000000E+000 
                                     195                  1.9959161634517124E+000                  8.1802805343339913E-001                  4.2622408581228948E+000                 -5.5548248762736785E+000                  6.6974528188175899E+000                  6.9431877984383528E-001                  2.8551051310506093E-001                  2.0170707051103798E-002                  4.0337409867669464E-025                  0.0000000000000000E+000                  0.0000000000000000E+000 
                                     196                  1.9959158724029820E+000                  8.1795312732835301E-001                  4.2657333553340768E+000                 -5.5349338833847233E+000                  6.7222903051846670E+000                  6.9431877984383528E-001                  2.8551051310506098E-001                  2.0170707051103687E-002                  4.2230942356156599E-025                  0.0000000000000000E+000                  0.0000000000000000E+000 
                                     197                  1.9959155504881152E+000                  8.1787392304229645E-001                  4.2682476473004964E+000                 -5.5205993327654399E+000                  6.7401641639513041E+000                  6.9431877984383528E-001                  2.8551051310506093E-001                  2.0170707051103798E-002                  4.3650444273574613E-025                  0.0000000000000000E+000                  0.0000000000000000E+000 
                                     198                  1.9959154094298852E+000                  8.1784033066589179E-001                  4.2697466796927079E+000                 -5.5121677969068363E+000                  6.7507089072680904E+000                  6.9431877984383528E-001                  2.8551051310506098E-001                  2.0170707051103687E-002                  4.4507593627590414E-025                  0.0000000000000000E+000                  0.0000000000000000E+000 
                                     199                  1.9959152683716557E+000                  8.1780737659953850E-001                  4.2715234652887428E+000                 -5.5022431336675286E+000                  6.7631371944256813E+000                  6.9431877984383528E-001                  2.8551051310506093E-001                  2.0170707051103798E-002                  4.5538143570303547E-025                  0.0000000000000000E+000                  0.0000000000000000E+000 
                                     200                  1.9959150681092288E+000                  8.1776163583326589E-001                  4.2735520532351599E+000                 -5.4909439312634598E+000                  6.7772875510001764E+000                  6.9431877984383528E-001                  2.8551051310506098E-001                  2.0170707051103687E-002                  4.6740525256167934E-025                  0.0000000000000000E+000                  0.0000000000000000E+000 
                                     201                  1.9959148678468017E+000                  8.1771705586914378E-001                  4.2756799848681828E+000                 -5.4791741655231423E+000                  6.7920441563705838E+000                  6.9431877984383528E-001                  2.8551051310506098E-001                  2.0170707051103687E-002                  4.8026780440676738E-025                  0.0000000000000000E+000                  0.0000000000000000E+000 
                                     202                  1.9959146364654994E+000                  8.1766690934628505E-001                  4.2776835701484259E+000                 -5.4681254292304500E+000                  6.8058972290569359E+000                  6.9431877984383528E-001                  2.8551051310506098E-001                  2.0170707051103687E-002                  4.9266458379241961E-025                  0.0000000000000000E+000                  0.0000000000000000E+000 
                                     203                  1.9959144492586716E+000                  8.1762734353451239E-001                  4.2800156888618091E+000                 -5.4554213134434058E+000                  6.8218666995439561E+000                  6.9431877984383517E-001                  2.8551051310506098E-001                  2.0170707051103909E-002                  5.0731506251105970E-025                  0.0000000000000000E+000                  0.0000000000000000E+000 
                                     204                  1.9959141372472917E+000                  8.1756327863366496E-001                  4.2828404489685798E+000                 -5.4400789955853410E+000                  6.8411486669674106E+000                  6.9431877984383528E-001                  2.8551051310506098E-001                  2.0170707051103687E-002                  5.2559041310232754E-025                  0.0000000000000000E+000                  0.0000000000000000E+000 
                                     205                  1.9959138218767853E+000                  8.1750074432103303E-001                  4.2855794282322570E+000                 -5.4253202298673431E+000                  6.8597180477685757E+000                  6.9431877984383528E-001                  2.8551051310506098E-001                  2.0170707051103687E-002                  5.4379219893389419E-025                  0.0000000000000000E+000                  0.0000000000000000E+000 
                                     206                  1.9959135065062792E+000                  8.1744027374267814E-001                  4.2876708621997768E+000                 -5.4140842527384390E+000                  6.8738534408808247E+000                  6.9431877984383528E-001                  2.8551051310506098E-001                  2.0170707051103687E-002                  5.5807123060043672E-025                  0.0000000000000000E+000                  0.0000000000000000E+000 
                                     207                  1.9959133236142881E+000                  8.1740608967480366E-001                  4.2901018349631928E+000                 -5.4012518053343133E+000                  6.8900627074650131E+000                  6.9431877984383528E-001                  2.8551051310506098E-001                  2.0170707051103687E-002                  5.7483874127224201E-025                  0.0000000000000000E+000                  0.0000000000000000E+000 
                                     208                  1.9959129150054671E+000                  8.1733191308180153E-001                  4.2931630904533744E+000                 -5.3850924877716340E+000                  6.9104521417086069E+000                  6.9431877984383539E-001                  2.8551051310506098E-001                  2.0170707051103687E-002                  5.9667247395523280E-025                  0.0000000000000000E+000                  0.0000000000000000E+000 
                                     209                  1.9959125480557807E+000                  8.1726770141688043E-001                  4.2960977757241006E+000                 -5.3697733191639738E+000                  6.9298192475984575E+000                  6.9431877984383528E-001                  2.8551051310506098E-001                  2.0170707051103687E-002                  6.1813702354565360E-025                  0.0000000000000000E+000                  0.0000000000000000E+000 
                                     210                  1.9959121442941758E+000                  8.1719946567301049E-001                  4.2985436030069506E+000                 -5.3570495788086889E+000                  6.9459032816037967E+000                  6.9431877984383528E-001                  2.8551051310506098E-001                  2.0170707051103687E-002                  6.3655137804118208E-025                  0.0000000000000000E+000                  0.0000000000000000E+000 
                                     211                  1.9959118817654267E+000                  8.1715636271741432E-001                  4.3013398974588535E+000                 -5.3427623909851549E+000                  6.9640365889255893E+000                  6.9431877984383528E-001                  2.8551051310506104E-001                  2.0170707051103687E-002                  6.5788368443840893E-025                  0.0000000000000000E+000                  0.0000000000000000E+000 
                                     212                  1.9959113632266012E+000                  8.1707394652463594E-001                  4.3038506140271169E+000                 -5.3298607106242963E+000                  6.9803673454439741E+000                  6.9431877984383528E-001                  2.8551051310506098E-001                  2.0170707051103687E-002                  6.7776150752515803E-025                  0.0000000000000000E+000                  0.0000000000000000E+000 
                                     213                  1.9959111504337070E+000                  8.1704110225521154E-001                  4.3057129233455109E+000                 -5.3204526237564576E+000                  6.9923229513890703E+000                  6.9431877984383528E-001                  2.8551051310506098E-001                  2.0170707051103687E-002                  6.9263472980799506E-025                  0.0000000000000000E+000                  0.0000000000000000E+000 
                                     214                  1.9959108102844776E+000                  8.1698971087986461E-001                  4.3080399909848364E+000                 -5.3087443696682515E+000                  7.0072061620898243E+000                  6.9431877984383528E-001                  2.8551051310506098E-001                  2.0170707051103687E-002                  7.1160140449991874E-025                  0.0000000000000000E+000                  0.0000000000000000E+000 
                                     215                  1.9959104408131811E+000                  8.1693535433771247E-001                  4.3107552893421932E+000                 -5.2952119902954236E+000                  7.0244371676647095E+000                  6.9431877984383528E-001                  2.8551051310506098E-001                  2.0170707051103687E-002                  7.3417170163668349E-025                  0.0000000000000000E+000                  0.0000000000000000E+000 
                                     216                  1.9959099581911632E+000                  8.1686650009863615E-001                  4.3139427809198221E+000                 -5.2794540388926530E+000                  7.0445242959926686E+000                  6.9431877984383528E-001                  2.8551051310506098E-001                  2.0170707051103687E-002                  7.6135866078219909E-025                  0.0000000000000000E+000                  0.0000000000000000E+000 
                                     217                  1.9959094045063295E+000                  8.1679028415466859E-001                  4.3171379876043900E+000                 -5.2637817962466702E+000                  7.0645212657372207E+000                  6.9431877984383528E-001                  2.8551051310506098E-001                  2.0170707051103687E-002                  7.8939733004704764E-025                  0.0000000000000000E+000                  0.0000000000000000E+000 
                                     218                  1.9959088785693166E+000                  8.1672041848587773E-001                  4.3196577008261743E+000                 -5.2515003561777167E+000                  7.0802017554845111E+000                  6.9431877984383528E-001                  2.8551051310506098E-001                  2.0170707051103687E-002                  8.1209017372271205E-025                  0.0000000000000000E+000                  0.0000000000000000E+000 
                                     219                  1.9959085230278693E+000                  8.1667448677945720E-001                  4.3219569641272360E+000                 -5.2404353822788963E+000                  7.0943667671331898E+000                  6.9431877984383517E-001                  2.8551051310506104E-001                  2.0170707051103798E-002                  8.3309403817614470E-025                  0.0000000000000000E+000                  0.0000000000000000E+000 
                                     220                  1.9959080548034753E+000                  8.1661549808484979E-001                  4.3247150877372924E+000                 -5.2272573483541986E+000                  7.1112542764959255E+000                  6.9431877984383517E-001                  2.8551051310506104E-001                  2.0170707051103798E-002                  8.5881970548383567E-025                  0.0000000000000000E+000                  0.0000000000000000E+000 
                                     221                  1.9959075057233719E+000                  8.1654836113444729E-001                  4.3280171169643307E+000                 -5.2116479094467518E+000                  7.1312943841360577E+000                  6.9431877984383517E-001                  2.8551051310506098E-001                  2.0170707051103909E-002                  8.9032278079921685E-025                  0.0000000000000000E+000                  0.0000000000000000E+000 
                                     222                  1.9959067959013677E+000                  8.1646459040797714E-001                  4.3307593005124403E+000                 -5.1987049584369442E+000                  7.1478983663391977E+000                  6.9431877984383517E-001                  2.8551051310506104E-001                  2.0170707051103798E-002                  9.1731989276974211E-025                  0.0000000000000000E+000                  0.0000000000000000E+000 
                                     223                  1.9959064185990640E+000                  8.1642135098904967E-001                  4.3328233865594799E+000                 -5.1890990893966693E+000                  7.1602596056513432E+000                  6.9431877984383517E-001                  2.8551051310506109E-001                  2.0170707051103687E-002                  9.3788483326203688E-025                  0.0000000000000000E+000                  0.0000000000000000E+000 
                                     224                  1.9959059594765571E+000                  8.1636986901541175E-001                  4.3356219762609109E+000                 -5.1762031393128742E+000                  7.1768859329280730E+000                  6.9431877984383517E-001                  2.8551051310506104E-001                  2.0170707051103798E-002                  9.6622107860107044E-025                  0.0000000000000000E+000                  0.0000000000000000E+000 
                                     225                  1.9959052559168369E+000                  8.1629325225802263E-001                  4.3383628594635750E+000                 -5.1635950425343546E+000                  7.1931313074723811E+000                  6.9431877984383517E-001                  2.8551051310506109E-001                  2.0170707051103687E-002                  9.9475331826294510E-025                  0.0000000000000000E+000                  0.0000000000000000E+000 
                                     226                  1.9959047804522108E+000                  8.1624293426396199E-001                  4.3405334608476265E+000                 -5.1537194535867092E+000                  7.2058838910014984E+000                  6.9431877984383517E-001                  2.8551051310506109E-001                  2.0170707051103687E-002                  1.0176897778443341E-024                  0.0000000000000000E+000                  0.0000000000000000E+000 
                                     227                  1.9959042994293015E+000                  8.1619315534906567E-001                  4.3432267748307360E+000                 -5.1415970155064201E+000                  7.2215716217516013E+000                  6.9431877984383517E-001                  2.8551051310506109E-001                  2.0170707051103687E-002                  1.0465698265209467E-024                  0.0000000000000000E+000                  0.0000000000000000E+000 
                                     228                  1.9959035651888075E+000                  8.1611923208927095E-001                  4.3464085901456411E+000                 -5.1273592208398249E+000                  7.2400066331232322E+000                  6.9431877984383517E-001                  2.8551051310506109E-001                  2.0170707051103687E-002                  1.0815390277105600E-024                  0.0000000000000000E+000                  0.0000000000000000E+000 
                                     229                  1.9959028151059011E+000                  8.1604611231943247E-001                  4.3495466999472692E+000                 -5.1134522342022732E+000                  7.2580417375902613E+000                  6.9431877984383517E-001                  2.8551051310506109E-001                  2.0170707051103687E-002                  1.1168249282045089E-024                  0.0000000000000000E+000                  0.0000000000000000E+000 
                                     230                  1.9959020518187764E+000                  8.1597401413572412E-001                  4.3517724350882121E+000                 -5.1036200239041527E+000                  7.2707911263855118E+000                  6.9431877984383517E-001                  2.8551051310506104E-001                  2.0170707051103798E-002                  1.1424653701643599E-024                  0.0000000000000000E+000                  0.0000000000000000E+000 
                                     231                  1.9959017074515919E+000                  8.1594220280731500E-001                  4.3533153221598910E+000                 -5.0968840008734571E+000                  7.2795493465704313E+000                  6.9431877984383517E-001                  2.8551051310506109E-001                  2.0170707051103687E-002                  1.1603709955143496E-024                  0.0000000000000000E+000                  0.0000000000000000E+000 
                                     232                  1.9959012720799969E+000                  8.1590259404765564E-001                  4.3560498155476663E+000                 -5.0850804863858823E+000                  7.2949348068302848E+000                  6.9431877984383517E-001                  2.8551051310506104E-001                  2.0170707051103798E-002                  1.1924272511041274E-024                  0.0000000000000000E+000                  0.0000000000000000E+000 
                                     233                  1.9959002995489679E+000                  8.1581645110041245E-001                  4.3595648224287258E+000                 -5.0699463887055014E+000                  7.3146525866320271E+000                  6.9431877984383517E-001                  2.8551051310506109E-001                  2.0170707051103687E-002                  1.2348295526054198E-024                  0.0000000000000000E+000                  0.0000000000000000E+000 
                                     234                  1.9958993947440851E+000                  8.1573900804520749E-001                  4.3622052087481675E+000                 -5.0586500293738581E+000                  7.3293804774390088E+000                  6.9431877984383517E-001                  2.8551051310506104E-001                  2.0170707051103798E-002                  1.2674605628561096E-024                  0.0000000000000000E+000                  0.0000000000000000E+000 
                                     235                  1.9958988416705687E+000                  8.1569286572512112E-001                  4.3645127137250839E+000                 -5.0489044490167636E+000                  7.3421228809293453E+000                  6.9431877984383517E-001                  2.8551051310506104E-001                  2.0170707051103798E-002                  1.2963049210133469E-024                  0.0000000000000000E+000                  0.0000000000000000E+000 
                                     236                  1.9958980934436827E+000                  8.1563180455850404E-001                  4.3674516876382645E+000                 -5.0365864897690713E+000                  7.3582492204616363E+000                  6.9431877984383517E-001                  2.8551051310506109E-001                  2.0170707051103687E-002                  1.3337052316212339E-024                  0.0000000000000000E+000                  0.0000000000000000E+000 
                                     237                  1.9958971400541299E+000                  8.1555614055733705E-001                  4.3698630270718217E+000                 -5.0264945976359012E+000                  7.3714539049268826E+000                  6.9431877984383517E-001                  2.8551051310506104E-001                  2.0170707051103798E-002                  1.3651505825226200E-024                  0.0000000000000000E+000                  0.0000000000000000E+000 
                                     238                  1.9958966532903197E+000                  8.1551838199569648E-001                  4.3714656749089666E+000                 -5.0198551900635753E+000                  7.3801609755757349E+000                  6.9431877984383517E-001                  2.8551051310506109E-001                  2.0170707051103687E-002                  1.3862421537956076E-024                  0.0000000000000000E+000                  0.0000000000000000E+000 
                                     239                  1.9958961665265094E+000                  8.1548118666148117E-001                  4.3741952702131970E+000                 -5.0086870648628183E+000                  7.3948497031857041E+000                  6.9431877984383517E-001                  2.8551051310506104E-001                  2.0170707051103798E-002                  1.4224589345383910E-024                  0.0000000000000000E+000                  0.0000000000000000E+000 
                                     240                  1.9958949666478307E+000                  8.1539178835759429E-001                  4.3779844381694630E+000                 -4.9932287843451073E+000                  7.4151748235208519E+000                  6.9431877984383528E-001                  2.8551051310506104E-001                  2.0170707051103687E-002                  1.4741568628261641E-024                  0.0000000000000000E+000                  0.0000000000000000E+000 
                                     241                  1.9958937385721964E+000                  8.1530343452242426E-001                  4.3810943973191998E+000                 -4.9806194395338315E+000                  7.4317642783972468E+000                  6.9431877984383528E-001                  2.8551051310506098E-001                  2.0170707051103687E-002                  1.5177173500335916E-024                  0.0000000000000000E+000                  0.0000000000000000E+000 
                                     242                  1.9958929006473896E+000                  8.1524484547837839E-001                  4.3835765054775413E+000                 -4.9706657140687183E+000                  7.4448899373641417E+000                  6.9431877984383517E-001                  2.8551051310506104E-001                  2.0170707051103798E-002                  1.5530122778941242E-024                  0.0000000000000000E+000                  0.0000000000000000E+000 
                                     243                  1.9958920480031270E+000                  8.1518655456872358E-001                  4.3860423251125926E+000                 -4.9608427048430306E+000                  7.4578578451606177E+000                  6.9431877984383528E-001                  2.8551051310506098E-001                  2.0170707051103687E-002                  1.5886495363421393E-024                  0.0000000000000000E+000                  0.0000000000000000E+000 
                                     244                  1.9958911803832864E+000                  8.1512854309774374E-001                  4.3884925495734182E+000                 -4.9511451196855090E+000                  7.4706743882408873E+000                  6.9431877984383517E-001                  2.8551051310506104E-001                  2.0170707051103798E-002                  1.6246350977599980E-024                  0.0000000000000000E+000                  0.0000000000000000E+000 
                                     245                  1.9958902975273369E+000                  8.1507079332125221E-001                  4.3909278314461115E+000                 -4.9415679627508240E+000                  7.4833455939809674E+000                  6.9431877984383528E-001                  2.8551051310506104E-001                  2.0170707051103687E-002                  1.6609749565275700E-024                  0.0000000000000000E+000                  0.0000000000000000E+000 
                                     246                  1.9958893991702642E+000                  8.1501328837838871E-001                  4.3933487845753341E+000                 -4.9321065108934210E+000                  7.4958771569926208E+000                  6.9431877984383528E-001                  2.8551051310506098E-001                  2.0170707051103687E-002                  1.6976751402515390E-024                  0.0000000000000000E+000                  0.0000000000000000E+000 
                                     247                  1.9958884850424932E+000                  8.1495601222973391E-001                  4.3957559860583402E+000                 -4.9227562926868460E+000                  7.5082744630688003E+000                  6.9431877984383528E-001                  2.8551051310506098E-001                  2.0170707051103687E-002                  1.7347417190062124E-024                  0.0000000000000000E+000                  0.0000000000000000E+000 
                                     248                  1.9958875548698118E+000                  8.1489894960093445E-001                  4.3981499780888313E+000                 -4.9135130693516107E+000                  7.5205426110118436E+000                  6.9431877984383528E-001                  2.8551051310506098E-001                  2.0170707051103687E-002                  1.7721808143902288E-024                  0.0000000000000000E+000                  0.0000000000000000E+000 
                                     249                  1.9958866083732907E+000                  8.1484208593131557E-001                  4.4005312697380257E+000                 -4.9043728170273475E+000                  7.5326864325653169E+000                  6.9431877984383528E-001                  2.8551051310506098E-001                  2.0170707051103687E-002                  1.8099986099396957E-024                  0.0000000000000000E+000                  0.0000000000000000E+000 
                                     250                  1.9958856452692042E+000                  8.1478540732698579E-001                  4.4041111155772104E+000                 -4.8908163766879476E+000                  7.5507543095224303E+000                  6.9431877984383528E-001                  2.8551051310506098E-001                  2.0170707051103687E-002                  1.8675820274741885E-024                  0.0000000000000000E+000                  0.0000000000000000E+000 
                                     251                  1.9958836680789582E+000                  8.1467255975431241E-001                  4.4076044488942090E+000                 -4.8775339771065616E+000                  7.5684165631077560E+000                  6.9431877984383528E-001                  2.8551051310506104E-001                  2.0170707051103687E-002                  1.9257807910024550E-024                  0.0000000000000000E+000                  0.0000000000000000E+000 
                                     252                  1.9958826534006231E+000                  8.1461635884638173E-001                  4.4099395368128134E+000                 -4.8687692683623354E+000                  7.5801066631705414E+000                  6.9431877984383517E-001                  2.8551051310506098E-001                  2.0170707051103909E-002                  1.9651760683972980E-024                  0.0000000000000000E+000                  0.0000000000000000E+000 
                                     253                  1.9958816209302013E+000                  8.1456029327483692E-001                  4.4122641293336375E+000                 -4.8600902862729392E+000                  7.5916931772065954E+000                  6.9431877984383528E-001                  2.8551051310506104E-001                  2.0170707051103687E-002                  2.0049814349415486E-024                  0.0000000000000000E+000                  0.0000000000000000E+000 
                                     254                  1.9958805703587335E+000                  8.1450435188331338E-001                  4.4145786155417150E+000                 -4.8514940998121361E+000                  7.6031796688261490E+000                  6.9431877984383517E-001                  2.8551051310506104E-001                  2.0170707051103798E-002                  2.0452031484698784E-024                  0.0000000000000000E+000                  0.0000000000000000E+000 
                                     255                  1.9958795013719535E+000                  8.1444852396101064E-001                  4.4180613753994482E+000                 -4.8387190877957602E+000                  7.6203006351062861E+000                  6.9431877984383517E-001                  2.8551051310506104E-001                  2.0170707051103798E-002                  2.1064756959283746E-024                  0.0000000000000000E+000                  0.0000000000000000E+000 
                                     256                  1.9958773068683149E+000                  8.1433717371435888E-001                  4.4214658060386940E+000                 -4.8261763220396894E+000                  7.6370721503786410E+000                  6.9431877984383528E-001                  2.8551051310506098E-001                  2.0170707051103687E-002                  2.1684230813469266E-024                  0.0000000000000000E+000                  0.0000000000000000E+000 
                                     257                  1.9958761806955734E+000                  8.1428162583558206E-001                  4.4237434389213499E+000                 -4.8178847183068001E+000                  7.6481910003795202E+000                  6.9431877984383517E-001                  2.8551051310506104E-001                  2.0170707051103798E-002                  2.2103731241526655E-024                  0.0000000000000000E+000                  0.0000000000000000E+000 
                                     258                  1.9958750347955634E+000                  8.1422615252066322E-001                  4.4260126845980841E+000                 -4.8096631572314168E+000                  7.6592253357196238E+000                  6.9431877984383528E-001                  2.8551051310506104E-001                  2.0170707051103687E-002                  2.2527714957948723E-024                  0.0000000000000000E+000                  0.0000000000000000E+000 
                                     259                  1.9958738688261055E+000                  8.1417074492175590E-001                  4.4282738605162413E+000                 -4.8015094209335327E+000                  7.6701778572020016E+000                  6.9431877984383528E-001                  2.8551051310506109E-001                  2.0170707051103687E-002                  2.2956247372248313E-024                  0.0000000000000000E+000                  0.0000000000000000E+000 
                                     260                  1.9958726824391495E+000                  8.1411539450185877E-001                  4.4316791292987290E+000                 -4.7893723092966658E+000                  7.6865270332929354E+000                  6.9431877984383528E-001                  2.8551051310506104E-001                  2.0170707051103687E-002                  2.3609304933111397E-024                  0.0000000000000000E+000                  0.0000000000000000E+000 
                                     261                  1.9958702469905951E+000                  8.1400483775322785E-001                  4.4361571554446275E+000                 -4.7734482945036056E+000                  7.7079709222076058E+000                  6.9431877984383528E-001                  2.8551051310506109E-001                  2.0170707051103687E-002                  2.4494436493172269E-024                  0.0000000000000000E+000                  0.0000000000000000E+000 
                                     262                  1.9958677255442854E+000                  8.1389441375214155E-001                  4.4394708026479801E+000                 -4.7616903816721665E+000                  7.7237999215914526E+000                  6.9431877984383517E-001                  2.8551051310506109E-001                  2.0170707051103687E-002                  2.5169265315602254E-024                  0.0000000000000000E+000                  0.0000000000000000E+000 
                                     263                  1.9958664316365926E+000                  8.1383923046647988E-001                  4.4416899447528415E+000                 -4.7539030014512349E+000                  7.7343122100158626E+000                  6.9431877984383517E-001                  2.8551051310506109E-001                  2.0170707051103687E-002                  2.5626433439546715E-024                  0.0000000000000000E+000                  0.0000000000000000E+000 
                                     264                  1.9958651150941513E+000                  8.1378405865078995E-001                  4.4450344139767033E+000                 -4.7422962611476418E+000                  7.7500233241938892E+000                  6.9431877984383528E-001                  2.8551051310506109E-001                  2.0170707051103687E-002                  2.6323309188992733E-024                  0.0000000000000000E+000                  0.0000000000000000E+000 
                                     265                  1.9958624125302422E+000                  8.1367372705684449E-001                  4.4494388211502551E+000                 -4.7270437735323378E+000                  7.7706640071776816E+000                  6.9431877984383528E-001                  2.8551051310506104E-001                  2.0170707051103687E-002                  2.7268030754768164E-024                  0.0000000000000000E+000                  0.0000000000000000E+000 
                                     266                  1.9958596146351817E+000                  8.1356336141344965E-001                  4.4527122830859867E+000                 -4.7157320498800726E+000                  7.7859681704616825E+000                  6.9431877984383528E-001                  2.8551051310506098E-001                  2.0170707051103687E-002                  2.7990539434755155E-024                  0.0000000000000000E+000                  0.0000000000000000E+000 
                                     267                  1.9958581663578443E+000                  8.1350766957133780E-001                  4.4548993433524444E+000                 -4.7082540565121480E+000                  7.7961120648835918E+000                  6.9431877984383517E-001                  2.8551051310506104E-001                  2.0170707051103798E-002                  2.8478678929179996E-024                  0.0000000000000000E+000                  0.0000000000000000E+000 
                                     268                  1.9958567180805067E+000                  8.1345290757514432E-001                  4.4581890708833223E+000                 -4.6971280155058288E+000                  7.8112459868631481E+000                  6.9431877984383528E-001                  2.8551051310506098E-001                  2.0170707051103687E-002                  2.9220783193924863E-024                  0.0000000000000000E+000                  0.0000000000000000E+000 
                                     269                  1.9958537194228820E+000                  8.1334232762693759E-001                  4.4625400382554083E+000                 -4.6824468034190412E+000                  7.8312127529810054E+000                  6.9431877984383528E-001                  2.8551051310506098E-001                  2.0170707051103687E-002                  3.0229753727045790E-024                  0.0000000000000000E+000                  0.0000000000000000E+000 
                                     270                  1.9958506151001898E+000                  8.1323157165539417E-001                  4.4657785465570958E+000                 -4.6715462066464308E+000                  7.8460364929716109E+000                  6.9431877984383528E-001                  2.8551051310506098E-001                  2.0170707051103687E-002                  3.1001418192572706E-024                  0.0000000000000000E+000                  0.0000000000000000E+000 
                                     271                  1.9958490082638380E+000                  8.1317563179288366E-001                  4.4690604844518118E+000                 -4.6606836585806350E+000                  7.8608747592795272E+000                  6.9431877984383528E-001                  2.8551051310506098E-001                  2.0170707051103687E-002                  3.1790025033864562E-024                  0.0000000000000000E+000                  0.0000000000000000E+000 
                                     272                  1.9958457380101562E+000                  8.1306453047888905E-001                  4.4733821547510555E+000                 -4.6464203495345631E+000                  7.8803588213856637E+000                  6.9431877984383528E-001                  2.8551051310506098E-001                  2.0170707051103687E-002                  3.2856133066556238E-024                  0.0000000000000000E+000                  0.0000000000000000E+000 
                                     273                  1.9958423526228855E+000                  8.1295314809072150E-001                  4.4776960311896108E+000                 -4.6323115185089048E+000                  7.8996675119755109E+000                  6.9431877984383528E-001                  2.8551051310506098E-001                  2.0170707051103687E-002                  3.3945941707333606E-024                  0.0000000000000000E+000                  0.0000000000000000E+000 
                                     274                  1.9958388480908720E+000                  8.1284144530685609E-001                  4.4820043635831226E+000                 -4.6183511787480533E+000                  7.9188097633505743E+000                  6.9431877984383528E-001                  2.8551051310506104E-001                  2.0170707051103687E-002                  3.5059934777369069E-024                  0.0000000000000000E+000                  0.0000000000000000E+000 
                                     275                  1.9958352202648784E+000                  8.1272938399048233E-001                  4.4863094132657508E+000                 -4.6045337777663899E+000                  7.9377939314914636E+000                  6.9431877984383528E-001                  2.8551051310506104E-001                  2.0170707051103687E-002                  3.6198597034268695E-024                  0.0000000000000000E+000                  0.0000000000000000E+000 
                                     276                  1.9958314648528972E+000                  8.1261692705739519E-001                  4.4906134335752936E+000                 -4.5908540886172542E+000                  7.9566278432906419E+000                  6.9431877984383528E-001                  2.8551051310506098E-001                  2.0170707051103687E-002                  3.7362420301192584E-024                  0.0000000000000000E+000                  0.0000000000000000E+000 
                                     277                  1.9958275774153116E+000                  8.1250403837441143E-001                  4.4938089024056236E+000                 -4.5807386781336827E+000                  7.9705599293568774E+000                  6.9431877984383528E-001                  2.8551051310506098E-001                  2.0170707051103687E-002                  3.8247059455781370E-024                  0.0000000000000000E+000                  0.0000000000000000E+000 
                                     278                  1.9958256001257857E+000                  8.1244790833221225E-001                  4.4970534768199171E+000                 -4.5706398564003763E+000                  7.9845328523749846E+000                  6.9431877984383528E-001                  2.8551051310506098E-001                  2.0170707051103687E-002                  3.9151190618391955E-024                  0.0000000000000000E+000                  0.0000000000000000E+000 
                                     279                  1.9958215065939913E+000                  8.1233430814789953E-001                  4.5013647273857824E+000                 -4.5572841088116354E+000                  8.0030228532092185E+000                  6.9431877984383528E-001                  2.8551051310506098E-001                  2.0170707051103687E-002                  4.0379894037427706E-024                  0.0000000000000000E+000                  0.0000000000000000E+000 
                                     280                  1.9958172692792326E+000                  8.1222018928786832E-001                  4.5056828211113018E+000                 -4.5440513703755228E+000                  8.0213863759048039E+000                  6.9431877984383528E-001                  2.8551051310506098E-001                  2.0170707051103687E-002                  4.1635398809482703E-024                  0.0000000000000000E+000                  0.0000000000000000E+000 
                                     281                  1.9958128831854487E+000                  8.1210551790249186E-001                  4.5100100004082053E+000                 -4.5309381726387610E+000                  8.0396293379127979E+000                  6.9431877984383517E-001                  2.8551051310506098E-001                  2.0170707051103909E-002                  4.2918161413822335E-024                  0.0000000000000000E+000                  0.0000000000000000E+000 
                                     282                  1.9958083431451310E+000                  8.1199026057356027E-001                  4.5132492011738865E+000                 -4.5211790412078843E+000                  8.0532184432244058E+000                  6.9431877984383528E-001                  2.8551051310506104E-001                  2.0170707051103687E-002                  4.3898468939292174E-024                  0.0000000000000000E+000                  0.0000000000000000E+000 
                                     283                  1.9958059934793286E+000                  8.1193190044493968E-001                  4.5154211726798010E+000                 -4.5147091557735299E+000                  8.0622540375053209E+000                  6.9431877984383517E-001                  2.8551051310506104E-001                  2.0170707051103798E-002                  4.4560712721692345E-024                  0.0000000000000000E+000                  0.0000000000000000E+000 
                                     284                  1.9958036438135263E+000                  8.1187438027301406E-001                  4.5186997773466304E+000                 -4.5050568498636991E+000                  8.0757756041264415E+000                  6.9431877984383517E-001                  2.8551051310506104E-001                  2.0170707051103798E-002                  4.5567364971352720E-024                  0.0000000000000000E+000                  0.0000000000000000E+000 
                                     285                  1.9957987796626524E+000                  8.1175785238535036E-001                  4.5230673855054793E+000                 -4.4922840063799940E+000                  8.0936891030068594E+000                  6.9431877984383517E-001                  2.8551051310506104E-001                  2.0170707051103798E-002                  4.6934593557924561E-024                  0.0000000000000000E+000                  0.0000000000000000E+000 
                                     286                  1.9957937449751091E+000                  8.1164064010197057E-001                  4.5274528119226574E+000                 -4.4796193843291432E+000                  8.1115025409880577E+000                  6.9431877984383528E-001                  2.8551051310506098E-001                  2.0170707051103687E-002                  4.8330842262335424E-024                  0.0000000000000000E+000                  0.0000000000000000E+000 
                                     287                  1.9957885338376899E+000                  8.1152271093816153E-001                  4.5307420396719511E+000                 -4.4701906526286121E+000                  8.1247827269771857E+000                  6.9431877984383539E-001                  2.8551051310506098E-001                  2.0170707051103687E-002                  4.9397316167344230E-024                  0.0000000000000000E+000                  0.0000000000000000E+000 
                                     288                  1.9957858369862338E+000                  8.1146295466213958E-001                  4.5329496002014293E+000                 -4.4639374342628946E+000                  8.1336179052427173E+000                  6.9431877984383539E-001                  2.8551051310506098E-001                  2.0170707051103687E-002                  5.0117592017983976E-024                  0.0000000000000000E+000                  0.0000000000000000E+000 
                                     289                  1.9957831401347776E+000                  8.1140402847643900E-001                  4.5362848862710514E+000                 -4.4546049451762277E+000                  8.1468467917291605E+000                  6.9431877984383539E-001                  2.8551051310506098E-001                  2.0170707051103687E-002                  5.1212184989680369E-024                  0.0000000000000000E+000                  0.0000000000000000E+000 
                                     290                  1.9957775575415269E+000                  8.1128456851474795E-001                  4.5407361577252354E+000                 -4.4422517086743571E+000                  8.1643857587280451E+000                  6.9431877984383539E-001                  2.8551051310506098E-001                  2.0170707051103687E-002                  5.2698027756537601E-024                  0.0000000000000000E+000                  0.0000000000000000E+000 
                                     291                  1.9957717795168159E+000                  8.1116429440687665E-001                  4.5452133472406828E+000                 -4.4299982354399923E+000                  8.1818410685851450E+000                  6.9431877984383517E-001                  2.8551051310506098E-001                  2.0170707051103909E-002                  5.4214572289347974E-024                  0.0000000000000000E+000                  0.0000000000000000E+000 
                                     292                  1.9957657992959712E+000                  8.1104317364591372E-001                  4.5497183376891908E+000                 -4.4178428024238920E+000                  8.1992163046949269E+000                  6.9431877984383528E-001                  2.8551051310506098E-001                  2.0170707051103687E-002                  5.5762219304563287E-024                  0.0000000000000000E+000                  0.0000000000000000E+000 
                                     293                  1.9957596098832491E+000                  8.1092117358161830E-001                  4.5542529211399021E+000                 -4.4057837147040289E+000                  8.2165148697264776E+000                  6.9431877984383528E-001                  2.8551051310506098E-001                  2.0170707051103687E-002                  5.7341374512718902E-024                  0.0000000000000000E+000                  0.0000000000000000E+000 
                                     294                  1.9957532040440764E+000                  8.1079826139986755E-001                  4.5588187989702558E+000                 -4.3938192743029285E+000                  8.2337399969923659E+000                  6.9431877984383528E-001                  2.8551051310506098E-001                  2.0170707051103687E-002                  5.8952452989373026E-024                  0.0000000000000000E+000                  0.0000000000000000E+000 
                                     295                  1.9957465742970328E+000                  8.1067440411122271E-001                  4.5634175832221722E+000                 -4.3819477937347369E+000                  8.2508947609518408E+000                  6.9431877984383528E-001                  2.8551051310506098E-001                  2.0170707051103687E-002                  6.0595877975109222E-024                  0.0000000000000000E+000                  0.0000000000000000E+000 
                                     296                  1.9957397129055732E+000                  8.1054956853607152E-001                  4.5680507851736589E+000                 -4.3701677216846866E+000                  8.2679820869281251E+000                  6.9431877984383528E-001                  2.8551051310506098E-001                  2.0170707051103687E-002                  6.2272063212489475E-024                  0.0000000000000000E+000                  0.0000000000000000E+000 
                                     297                  1.9957326118694727E+000                  8.1042372125373729E-001                  4.5727197964500172E+000                 -4.3584775439646313E+000                  8.2850047601151342E+000                  6.9431877984383528E-001                  2.8551051310506098E-001                  2.0170707051103687E-002                  6.3981425609107795E-024                  0.0000000000000000E+000                  0.0000000000000000E+000 
                                     298                  1.9957252629159961E+000                  8.1029682857927687E-001                  4.5774258787192466E+000                 -4.3468756855631119E+000                  8.3019654339320059E+000                  6.9431877984383528E-001                  2.8551051310506098E-001                  2.0170707051103687E-002                  6.5724400005271753E-024                  0.0000000000000000E+000                  0.0000000000000000E+000 
                                     299                  1.9957176574907733E+000                  8.1016885656908122E-001                  4.5821701578588661E+000                 -4.3353605049485582E+000                  8.3188666377775764E+000                  6.9431877984383528E-001                  2.8551051310506098E-001                  2.0170707051103687E-002                  6.7501441918904375E-024                  0.0000000000000000E+000                  0.0000000000000000E+000 
                                     300                  1.9957097867483773E+000                  8.1003977102928015E-001                  4.5869536180632480E+000                 -4.3239303726120406E+000                  8.3357107842352143E+000                  6.9431877984383528E-001                  2.8551051310506098E-001                  2.0170707051103687E-002                  6.9313017000991220E-024                  0.0000000000000000E+000                  0.0000000000000000E+000 
                                     301                  1.9957016415425939E+000                  8.0990953750187189E-001                  4.5917770952168304E+000                 -4.3125836817854193E+000                  8.3525001757775694E+000                  6.9431877984383517E-001                  2.8551051310506098E-001                  2.0170707051103909E-002                  7.1159599758309008E-024                  0.0000000000000000E+000                  0.0000000000000000E+000 
                                     302                  1.9956932124163709E+000                  8.0977812124785287E-001                  4.5966412679482644E+000                 -4.3013187503126380E+000                  8.3692370110130589E+000                  6.9431877984383517E-001                  2.8551051310506098E-001                  2.0170707051103909E-002                  7.3041690430652606E-024                  0.0000000000000000E+000                  0.0000000000000000E+000 
                                     303                  1.9956844895914410E+000                  8.0964548726046670E-001                  4.6015466462241958E+000                 -4.2901338047075832E+000                  8.3859233905068180E+000                  6.9431877984383517E-001                  2.8551051310506098E-001                  2.0170707051103909E-002                  7.4959820212686935E-024                  0.0000000000000000E+000                  0.0000000000000000E+000 
                                     304                  1.9956754629576043E+000                  8.0951160028488856E-001                  4.6064935661294992E+000                 -4.2790270057299225E+000                  8.4025613222061146E+000                  6.9431877984383517E-001                  2.8551051310506104E-001                  2.0170707051103798E-002                  7.6914549631932081E-024                  0.0000000000000000E+000                  0.0000000000000000E+000 
                                     305                  1.9956661220616652E+000                  8.0937642483185712E-001                  4.6114821961187973E+000                 -4.2679964819350040E+000                  8.4191527264953212E+000                  6.9431877984383517E-001                  2.8551051310506098E-001                  2.0170707051103909E-002                  7.8906464905456139E-024                  0.0000000000000000E+000                  0.0000000000000000E+000 
                                     306                  1.9956564560960166E+000                  8.0923992518249044E-001                  4.6165125372875124E+000                 -4.2570402948475303E+000                  8.4356994409128845E+000                  6.9431877984383528E-001                  2.8551051310506093E-001                  2.0170707051103798E-002                  8.0936186295055951E-024                  0.0000000000000000E+000                  0.0000000000000000E+000 
                                     307                  1.9956464538868561E+000                  8.0910206540533602E-001                  4.6215844121531724E+000                 -4.2461564247119323E+000                  8.4522032245624867E+000                  6.9431877984383539E-001                  2.8551051310506093E-001                  2.0170707051103687E-002                  8.3004373586316679E-024                  0.0000000000000000E+000                  0.0000000000000000E+000 
                                     308                  1.9956361038820192E+000                  8.0896280937974963E-001                  4.6266974622109753E+000                 -4.2353427610212444E+000                  8.4686657622429617E+000                  6.9431877984383539E-001                  2.8551051310506087E-001                  2.0170707051103687E-002                  8.5111731173054478E-024                  0.0000000000000000E+000                  0.0000000000000000E+000 
                                     309                  1.9956253941384166E+000                  8.0882212082447935E-001                  4.6318511627120955E+000                 -4.2245971174771180E+000                  8.4850886683171236E+000                  6.9431877984383539E-001                  2.8551051310506087E-001                  2.0170707051103687E-002                  8.7259008636823360E-024                  0.0000000000000000E+000                  0.0000000000000000E+000 
                                     310                  1.9956143123090631E+000                  8.0867996332371372E-001                  4.6370448307872945E+000                 -4.2139172606591959E+000                  8.5014734903391727E+000                  6.9431877984383539E-001                  2.8551051310506076E-001                  2.0170707051103909E-002                  8.9446998200486839E-024                  0.0000000000000000E+000                  0.0000000000000000E+000 
                                     311                  1.9956028456296875E+000                  8.0853630034592006E-001                  4.6422776182249761E+000                 -4.2033009036062490E+000                  8.5178217124594493E+000                  6.9431877984383539E-001                  2.8551051310506081E-001                  2.0170707051103798E-002                  9.1676538910493393E-024                  0.0000000000000000E+000                  0.0000000000000000E+000 
                                     312                  1.9955909809049079E+000                  8.0839109526669573E-001                  4.6475485144368998E+000                 -4.1927456671113656E+000                  8.5341347586218141E+000                  6.9431877984383539E-001                  2.8551051310506087E-001                  2.0170707051103687E-002                  9.3948528183771538E-024                  0.0000000000000000E+000                  0.0000000000000000E+000 
                                     313                  1.9955787044939575E+000                  8.0824431140677777E-001                  4.6528563636679108E+000                 -4.1822490905709886E+000                  8.5504139955661458E+000                  6.9431877984383539E-001                  2.8551051310506087E-001                  2.0170707051103687E-002                  9.6263923683002707E-024                  0.0000000000000000E+000                  0.0000000000000000E+000 
                                     314                  1.9955660022959512E+000                  8.0809591206921838E-001                  4.6581998740400348E+000                 -4.1718086918820978E+000                  8.5666607356498226E+000                  6.9431877984383539E-001                  2.8551051310506076E-001                  2.0170707051103909E-002                  9.8623733822363484E-024                  0.0000000000000000E+000                  0.0000000000000000E+000 
                                     315                  1.9955528597346741E+000                  8.0794586055870665E-001                  4.6635776150692738E+000                 -4.1614219603745095E+000                  8.5828762395023581E+000                  6.9431877984383561E-001                  2.8551051310506070E-001                  2.0170707051103687E-002                  1.0102902215986863E-023                  0.0000000000000000E+000                  0.0000000000000000E+000 
                                     316                  1.9955392617428800E+000                  8.0779412020513841E-001                  4.6689880244881117E+000                 -4.1510862936664381E+000                  8.5990617185173939E+000                  6.9431877984383561E-001                  2.8551051310506070E-001                  2.0170707051103687E-002                  1.0348092561236440E-023                  0.0000000000000000E+000                  0.0000000000000000E+000 
                                     317                  1.9955251927460951E+000                  8.0764065441160293E-001                  4.6744294216991564E+000                 -4.1407990351139032E+000                  8.6152183371805204E+000                  6.9431877984383561E-001                  2.8551051310506065E-001                  2.0170707051103687E-002                  1.0598065027390902E-023                  0.0000000000000000E+000                  0.0000000000000000E+000 
                                     318                  1.9955106366459179E+000                  8.0748542669251588E-001                  4.6799000133839561E+000                 -4.1305575249563686E+000                  8.6313472152507487E+000                  6.9431877984383561E-001                  2.8551051310506065E-001                  2.0170707051103687E-002                  1.0852946270327787E-023                  0.0000000000000000E+000                  0.0000000000000000E+000 
                                     319                  1.9954955768027882E+000                  8.0732840069599199E-001                  4.6853978948188422E+000                 -4.1203590798883711E+000                  8.6474494298174207E+000                  6.9431877984383561E-001                  2.8551051310506065E-001                  2.0170707051103687E-002                  1.1112869801434982E-023                  0.0000000000000000E+000                  0.0000000000000000E+000 
                                     320                  1.9954799960182028E+000                  8.0716954023536991E-001                  4.6909210566738100E+000                 -4.1102009331195646E+000                  8.6635260172413098E+000                  6.9431877984383561E-001                  2.8551051310506070E-001                  2.0170707051103687E-002                  1.1377977927864336E-023                  0.0000000000000000E+000                  0.0000000000000000E+000 
                                     321                  1.9954638765163630E+000                  8.0700880934511876E-001                  4.6964673926156664E+000                 -4.1000802980603339E+000                  8.6795779749839248E+000                  6.9431877984383561E-001                  2.8551051310506065E-001                  2.0170707051103687E-002                  1.1648420593449471E-023                  0.0000000000000000E+000                  0.0000000000000000E+000 
                                     322                  1.9954471999252343E+000                  8.0684617231644384E-001                  4.7020347030115888E+000                 -4.0899943888938122E+000                  8.6956062633349429E+000                  6.9431877984383561E-001                  2.8551051310506065E-001                  2.0170707051103687E-002                  1.1924355196674432E-023                  0.0000000000000000E+000                  0.0000000000000000E+000 
                                     323                  1.9954299472570045E+000                  8.0668159372734005E-001                  4.7076206989274887E+000                 -4.0799403841669708E+000                  8.7116118070452142E+000                  6.9431877984383561E-001                  2.8551051310506065E-001                  2.0170707051103687E-002                  1.2205947960925044E-023                  0.0000000000000000E+000                  0.0000000000000000E+000 
                                     324                  1.9954120988879094E+000                  8.0651503848840900E-001                  4.7132230078847321E+000                 -4.0699154119688341E+000                  8.7275954968688811E+000                  6.9431877984383561E-001                  2.8551051310506059E-001                  2.0170707051103798E-002                  1.2493374840492340E-023                  0.0000000000000000E+000                  0.0000000000000000E+000 
                                     325                  1.9953936345374239E+000                  8.0634647189714781E-001                  4.7188391795121039E+000                 -4.0599165989700250E+000                  8.7435581910188933E+000                  6.9431877984383561E-001                  2.8551051310506065E-001                  2.0170707051103687E-002                  1.2786820615570171E-023                  0.0000000000000000E+000                  0.0000000000000000E+000 
                                     326                  1.9953745332467834E+000                  8.0617585967606298E-001                  4.7244666905038519E+000                 -4.0499410696934630E+000                  8.7595007165433216E+000                  6.9431877984383561E-001                  2.8551051310506076E-001                  2.0170707051103687E-002                  1.3086479323346977E-023                  0.0000000000000000E+000                  0.0000000000000000E+000 
                                     327                  1.9953547733568211E+000                  8.0600316801305016E-001                  4.7301029525662317E+000                 -4.0399859193336285E+000                  8.7754238706212675E+000                  6.9431877984383550E-001                  2.8551051310506076E-001                  2.0170707051103687E-002                  1.3392555535085302E-023                  0.0000000000000000E+000                  0.0000000000000000E+000 
                                     328                  1.9953343324851156E+000                  8.0582836361487953E-001                  4.7357453215114367E+000                 -4.0300482371553317E+000                  8.7913284217679859E+000                  6.9431877984383550E-001                  2.8551051310506076E-001                  2.0170707051103687E-002                  1.3705264163650202E-023                  0.0000000000000000E+000                  0.0000000000000000E+000 
                                     329                  1.9953131875024486E+000                  8.0565141375416682E-001                  4.7413911048039861E+000                 -4.0201251244678220E+000                  8.8072151109561361E+000                  6.9431877984383539E-001                  2.8551051310506087E-001                  2.0170707051103687E-002                  1.4024830372721933E-023                  0.0000000000000000E+000                  0.0000000000000000E+000 
                                     330                  1.9952913145085298E+000                  8.0547228631119161E-001                  4.7470375715547268E+000                 -4.0102136931351433E+000                  8.8230846526715947E+000                  6.9431877984383528E-001                  2.8551051310506087E-001                  2.0170707051103909E-002                  1.4351490078562049E-023                  0.0000000000000000E+000                  0.0000000000000000E+000 
                                     331                  1.9952686888069668E+000                  8.0529094981811422E-001                  4.7526819699746392E+000                 -4.0003110728947124E+000                  8.8389377359124577E+000                  6.9431877984383539E-001                  2.8551051310506081E-001                  2.0170707051103798E-002                  1.4685490181091063E-023                  0.0000000000000000E+000                  0.0000000000000000E+000 
                                     332                  1.9952452848794406E+000                  8.0510737350179773E-001                  4.7583215426630998E+000                 -3.9904144327242621E+000                  8.8547750251349768E+000                  6.9431877984383528E-001                  2.8551051310506081E-001                  2.0170707051103909E-002                  1.5027088294178836E-023                  0.0000000000000000E+000                  0.0000000000000000E+000 
                                     333                  1.9952210763590745E+000                  8.0492152731901812E-001                  4.7639535366576782E+000                 -3.9805209864287212E+000                  8.8705971611508847E+000                  6.9431877984383550E-001                  2.8551051310506081E-001                  2.0170707051103687E-002                  1.5376552959525296E-023                  0.0000000000000000E+000                  0.0000000000000000E+000 
                                     334                  1.9951960360029646E+000                  8.0473338199019973E-001                  4.7695752257899846E+000                 -3.9706280117686852E+000                  8.8864047619788700E+000                  6.9431877984383528E-001                  2.8551051310506087E-001                  2.0170707051103909E-002                  1.5734163357051278E-023                  0.0000000000000000E+000                  0.0000000000000000E+000 
                                     335                  1.9951701356638500E+000                  8.0454290902539871E-001                  4.7751839398286196E+000                 -3.9607328755579356E+000                  8.9021984236543830E+000                  6.9431877984383528E-001                  2.8551051310506087E-001                  2.0170707051103909E-002                  1.6100208712931991E-023                  0.0000000000000000E+000                  0.0000000000000000E+000 
                                     336                  1.9951433462608938E+000                  8.0435008073930403E-001                  4.7807770803006271E+000                 -3.9508330432560514E+000                  8.9179787210016332E+000                  6.9431877984383539E-001                  2.8551051310506087E-001                  2.0170707051103687E-002                  1.6474988183831027E-023                  0.0000000000000000E+000                  0.0000000000000000E+000 
                                     337                  1.9951156377495460E+000                  8.0415487026117927E-001                  4.7863521361494987E+000                 -3.9409260892699107E+000                  8.9337462083697066E+000                  6.9431877984383528E-001                  2.8551051310506098E-001                  2.0170707051103687E-002                  1.6858810668479582E-023                  0.0000000000000000E+000                  0.0000000000000000E+000 
                                     338                  1.9950869790904655E+000                  8.0395725153908082E-001                  4.7919067204352146E+000                 -3.9310097310866903E+000                  8.9495014203251078E+000                  6.9431877984383517E-001                  2.8551051310506098E-001                  2.0170707051103909E-002                  1.7251993610010889E-023                  0.0000000000000000E+000                  0.0000000000000000E+000 
                                     339                  1.9950573382175123E+000                  8.0375719932712231E-001                  4.7974386015805841E+000                 -3.9210818576290398E+000                  8.9652448722922351E+000                  6.9431877984383517E-001                  2.8551051310506098E-001                  2.0170707051103909E-002                  1.7654861842216028E-023                  0.0000000000000000E+000                  0.0000000000000000E+000 
                                     340                  1.9950266820047939E+000                  8.0355468915725159E-001                  4.8029457118011809E+000                 -3.9111405318198496E+000                  8.9809770611535313E+000                  6.9431877984383505E-001                  2.8551051310506115E-001                  2.0170707051103798E-002                  1.8067747341900431E-023                  0.0000000000000000E+000                  0.0000000000000000E+000 
                                     341                  1.9949949762327137E+000                  8.0334969730636185E-001                  4.8084261702370013E+000                 -3.9011839934520309E+000                  8.9966984658258067E+000                  6.9431877984383505E-001                  2.8551051310506109E-001                  2.0170707051103909E-002                  1.8490988927256416E-023                  0.0000000000000000E+000                  0.0000000000000000E+000 
                                     342                  1.9949621855529724E+000                  8.0314220075821707E-001                  4.8138783215748431E+000                 -3.8912106996920013E+000                  9.0124095478180486E+000                  6.9431877984383528E-001                  2.8551051310506098E-001                  2.0170707051103687E-002                  1.8924930252707164E-023                  0.0000000000000000E+000                  0.0000000000000000E+000 
                                     343                  1.9949282734524971E+000                  8.0293217714168030E-001                  4.8193007528027429E+000                 -3.8812193569646123E+000                  9.0281107517754773E+000                  6.9431877984383528E-001                  2.8551051310506093E-001                  2.0170707051103798E-002                  1.9369917905661537E-023                  0.0000000000000000E+000                  0.0000000000000000E+000 
                                     344                  1.9948932022162618E+000                  8.0271960464786274E-001                  4.8246922931265210E+000                 -3.8712089069151641E+000                  9.0438025060140941E+000                  6.9431877984383517E-001                  2.8551051310506093E-001                  2.0170707051103909E-002                  1.9826301364044696E-023                  0.0000000000000000E+000                  0.0000000000000000E+000 
                                     345                  1.9948569328889669E+000                  8.0250446194758274E-001                  4.8300520333214898E+000                 -3.8611784869213794E+000                  9.0594852230466500E+000                  6.9431877984383528E-001                  2.8551051310506093E-001                  2.0170707051103798E-002                  2.0294434176376812E-023                  0.0000000000000000E+000                  0.0000000000000000E+000 
                                     346                  1.9948194252355440E+000                  8.0228672812217372E-001                  4.8353793474350928E+000                 -3.8511275017633029E+000                  9.0751593000991626E+000                  6.9431877984383517E-001                  2.8551051310506093E-001                  2.0170707051103909E-002                  2.0774669962736330E-023                  0.0000000000000000E+000                  0.0000000000000000E+000 
                                     347                  1.9947806377004493E+000                  8.0206638255247975E-001                  4.8406738898130088E+000                 -3.8410556482008440E+000                  9.0908251196238918E+000                  6.9431877984383539E-001                  2.8551051310506087E-001                  2.0170707051103687E-002                  2.1267360191257789E-023                  0.0000000000000000E+000                  0.0000000000000000E+000 
                                     348                  1.9947405273657117E+000                  8.0184340478739435E-001                  4.8459355862242166E+000                 -3.8309628580035611E+000                  9.1064830498008007E+000                  6.9431877984383528E-001                  2.8551051310506093E-001                  2.0170707051103798E-002                  2.1772855815825110E-023                  0.0000000000000000E+000                  0.0000000000000000E+000 
                                     349                  1.9946990499077590E+000                  8.0161777443353455E-001                  4.8511646338743803E+000                 -3.8208492177752054E+000                  9.1221334450099736E+000                  6.9431877984383517E-001                  2.8551051310506098E-001                  2.0170707051103909E-002                  2.2291510416935883E-023                  0.0000000000000000E+000                  0.0000000000000000E+000 
                                     350                  1.9946561595530203E+000                  8.0138947108029868E-001                  4.8563614986930634E+000                 -3.8107150844253073E+000                  9.1377766462792049E+000                  6.9431877984383505E-001                  2.8551051310506109E-001                  2.0170707051103909E-002                  2.2823673448812041E-023                  0.0000000000000000E+000                  0.0000000000000000E+000 
                                     351                  1.9946118090322120E+000                  8.0115847415874697E-001                  4.8615269022756902E+000                 -3.8005610963362910E+000                  9.1534129817321634E+000                  6.9431877984383505E-001                  2.8551051310506109E-001                  2.0170707051103909E-002                  2.3369688212859470E-023                  0.0000000000000000E+000                  0.0000000000000000E+000 
                                     352                  1.9945659495332595E+000                  8.0092476278576319E-001                  4.8666618043098770E+000                 -3.7903880595686856E+000                  9.1690427670423400E+000                  6.9431877984383517E-001                  2.8551051310506104E-001                  2.0170707051103798E-002                  2.3929896580506475E-023                  0.0000000000000000E+000                  0.0000000000000000E+000 
                                     353                  1.9945185306528135E+000                  8.0068831566098764E-001                  4.8717673803647878E+000                 -3.7801968608784127E+000                  9.1846663058857079E+000                  6.9431877984383494E-001                  2.8551051310506115E-001                  2.0170707051103909E-002                  2.4504642964534888E-023                  0.0000000000000000E+000                  0.0000000000000000E+000 
                                     354                  1.9944695003463231E+000                  8.0044911100589289E-001                  4.8768450036250162E+000                 -3.7699886089448120E+000                  9.2002838903868298E+000                  6.9431877984383505E-001                  2.8551051310506115E-001                  2.0170707051103798E-002                  2.5094265583079073E-023                  0.0000000000000000E+000                  0.0000000000000000E+000 
                                     355                  1.9944188048766172E+000                  8.0020712642100189E-001                  4.8818962334355076E+000                 -3.7597646389774955E+000                  9.2158958015708308E+000                  6.9431877984383505E-001                  2.8551051310506109E-001                  2.0170707051103909E-002                  2.5699094655969091E-023                  0.0000000000000000E+000                  0.0000000000000000E+000 
                                     356                  1.9943663887609602E+000                  7.9996233873264633E-001                  4.8869227944341906E+000                 -3.7495263679149158E+000                  9.2315023098229769E+000                  6.9431877984383505E-001                  2.8551051310506109E-001                  2.0170707051103909E-002                  2.6319459595845923E-023                  0.0000000000000000E+000                  0.0000000000000000E+000 
                                     357                  1.9943121947165292E+000                  7.9971472391405629E-001                  4.8919265419568001E+000                 -3.7392752138039791E+000                  9.2471036753384812E+000                  6.9431877984383517E-001                  2.8551051310506104E-001                  2.0170707051103798E-002                  2.6955693326578537E-023                  0.0000000000000000E+000                  0.0000000000000000E+000 
                                     358                  1.9942561636043210E+000                  7.9946425704958846E-001                  4.8969094399332604E+000                 -3.7290127391463010E+000                  9.2627001485369806E+000                  6.9431877984383517E-001                  2.8551051310506104E-001                  2.0170707051103798E-002                  2.7608122870647225E-023                  0.0000000000000000E+000                  0.0000000000000000E+000 
                                     359                  1.9941982343715550E+000                  7.9921091221497431E-001                  4.9018735564712630E+000                 -3.7187406570710730E+000                  9.2782919704573477E+000                  6.9431877984383505E-001                  2.8551051310506109E-001                  2.0170707051103909E-002                  2.8277067613228030E-023                  0.0000000000000000E+000                  0.0000000000000000E+000 
                                     360                  1.9941383439924318E+000                  7.9895466234812729E-001                  4.9068210471162725E+000                 -3.7084607027816445E+000                  9.2938793731547804E+000                  6.9431877984383505E-001                  2.8551051310506115E-001                  2.0170707051103798E-002                  2.8962846501040505E-023                  0.0000000000000000E+000                  0.0000000000000000E+000 
                                     361                  1.9940764274071769E+000                  7.9869547919041528E-001                  4.9117541193206931E+000                 -3.6981745528994652E+000                  9.3094625800939710E+000                  6.9431877984383505E-001                  2.8551051310506120E-001                  2.0170707051103687E-002                  2.9665783089288286E-023                  0.0000000000000000E+000                  0.0000000000000000E+000 
                                     362                  1.9940124174593261E+000                  7.9843333327464305E-001                  4.9166750121080280E+000                 -3.6878839459578932E+000                  9.3250418065315515E+000                  6.9431877984383517E-001                  2.8551051310506109E-001                  2.0170707051103687E-002                  3.0386197118330347E-023                  0.0000000000000000E+000                  0.0000000000000000E+000 
                                     363                  1.9939462448312106E+000                  7.9816819384018267E-001                  4.9215859978987453E+000                 -3.6775906923690034E+000                  9.3406172598986466E+000                  6.9431877984383528E-001                  2.8551051310506098E-001                  2.0170707051103687E-002                  3.1124402875556044E-023                  0.0000000000000000E+000                  0.0000000000000000E+000 
                                     364                  1.9938778379775868E+000                  7.9790002873835431E-001                  4.9255057985577286E+000                 -3.6693297495552959E+000                  9.3530962934095818E+000                  6.9431877984383517E-001                  2.8551051310506104E-001                  2.0170707051103798E-002                  3.1729886290509633E-023                  0.0000000000000000E+000                  0.0000000000000000E+000 
                                     365                  1.9938351534786953E+000                  7.9773560640453600E-001                  4.9300683485458379E+000                 -3.6598022052752182E+000                  9.3675384522361274E+000                  6.9431877984383517E-001                  2.8551051310506104E-001                  2.0170707051103798E-002                  3.2442934868474399E-023                  0.0000000000000000E+000                  0.0000000000000000E+000 
                                     366                  1.9937454194682340E+000                  7.9739685989233822E-001                  4.9362110146890785E+000                 -3.6468945043617982E+000                  9.3870649494963541E+000                  6.9431877984383483E-001                  2.8551051310506126E-001                  2.0170707051103909E-002                  3.3434743158901561E-023                  0.0000000000000000E+000                  0.0000000000000000E+000 
                                     367                  1.9936495413377073E+000                  7.9704467883407892E-001                  4.9408592278934007E+000                 -3.6370674144958937E+000                  9.4019014541507815E+000                  6.9431877984383483E-001                  2.8551051310506126E-001                  2.0170707051103909E-002                  3.4210249048390435E-023                  0.0000000000000000E+000                  0.0000000000000000E+000 
                                     368                  1.9935991708292569E+000                  7.9686346311966694E-001                  4.9440409266014855E+000                 -3.6303839639366688E+000                  9.4120156250203166E+000                  6.9431877984383483E-001                  2.8551051310506137E-001                  2.0170707051103798E-002                  3.4747990022015909E-023                  0.0000000000000000E+000                  0.0000000000000000E+000 
                                     369                  1.9935471081552405E+000                  7.9667878672918369E-001                  4.9489419979628133E+000                 -3.6201638770072653E+000                  9.4275228573625025E+000                  6.9431877984383472E-001                  2.8551051310506137E-001                  2.0170707051103909E-002                  3.5586778164224446E-023                  0.0000000000000000E+000                  0.0000000000000000E+000 
                                     370                  1.9934376824529547E+000                  7.9629892032832572E-001                  4.9538142312647722E+000                 -3.6098994449248192E+000                  9.4430412044224425E+000                  6.9431877984383494E-001                  2.8551051310506120E-001                  2.0170707051103909E-002                  3.6449716991420706E-023                  0.0000000000000000E+000                  0.0000000000000000E+000 
                                     371                  1.9933802030462633E+000                  7.9610365633300151E-001                  4.9571480160359140E+000                 -3.6029304429164553E+000                  9.4536062059332995E+000                  6.9431877984383505E-001                  2.8551051310506115E-001                  2.0170707051103798E-002                  3.7047578936159188E-023                  0.0000000000000000E+000                  0.0000000000000000E+000 
                                     372                  1.9933207986107084E+000                  7.9590479472196596E-001                  4.9622814744109842E+000                 -3.5922918072695564E+000                  9.4697833006474212E+000                  6.9431877984383494E-001                  2.8551051310506126E-001                  2.0170707051103798E-002                  3.7979343680294945E-023                  0.0000000000000000E+000                  0.0000000000000000E+000 
                                     373                  1.9931959611533767E+000                  7.9549614659458634E-001                  4.9691858843348093E+000                 -3.5779601955246823E+000                  9.4915605785749300E+000                  6.9431877984383517E-001                  2.8551051310506098E-001                  2.0170707051103909E-002                  3.9271953734563158E-023                  0.0000000000000000E+000                  0.0000000000000000E+000 
                                     374                  1.9930626429587512E+000                  7.9507268838235379E-001                  4.9744066926156068E+000                 -3.5671095369132595E+000                  9.5080377790511452E+000                  6.9431877984383517E-001                  2.8551051310506098E-001                  2.0170707051103909E-002                  4.0279985685357148E-023                  0.0000000000000000E+000                  0.0000000000000000E+000 
                                     375                  1.9929926297425593E+000                  7.9485531224315931E-001                  4.9779774095731604E+000                 -3.5597604964313496E+000                  9.5192346562455299E+000                  6.9431877984383517E-001                  2.8551051310506104E-001                  2.0170707051103798E-002                  4.0977470619971936E-023                  0.0000000000000000E+000                  0.0000000000000000E+000 
                                     376                  1.9929202833668211E+000                  7.9463412635077946E-001                  4.9815887715855007E+000                 -3.5523541125401916E+000                  9.5305313007829415E+000                  6.9431877984383505E-001                  2.8551051310506109E-001                  2.0170707051103909E-002                  4.1692700607314110E-023                  0.0000000000000000E+000                  0.0000000000000000E+000 
                                     377                  1.9928455281817552E+000                  7.9440909402602700E-001                  4.9871467299765566E+000                 -3.5410795066765237E+000                  9.5477915345390318E+000                  6.9431877984383494E-001                  2.8551051310506115E-001                  2.0170707051103909E-002                  4.2805687000109210E-023                  0.0000000000000000E+000                  0.0000000000000000E+000 
                                     378                  1.9926884769628375E+000                  7.9394735103272218E-001                  4.9926715745459660E+000                 -3.5298104681743983E+000                  9.5650032001979159E+000                  6.9431877984383472E-001                  2.8551051310506148E-001                  2.0170707051103798E-002                  4.3948019742879830E-023                  0.0000000000000000E+000                  0.0000000000000000E+000 
                                     379                  1.9926060176019711E+000                  7.9371055311701733E-001                  4.9964488953183261E+000                 -3.5221924724720379E+000                  9.5766823734290636E+000                  6.9431877984383472E-001                  2.8551051310506148E-001                  2.0170707051103798E-002                  4.4737590306869508E-023                  0.0000000000000000E+000                  0.0000000000000000E+000 
                                     380                  1.9925208226361206E+000                  7.9346975657904906E-001                  5.0022604281162426E+000                 -3.5106128328414079E+000                  9.5945069043292079E+000                  6.9431877984383461E-001                  2.8551051310506159E-001                  2.0170707051103798E-002                  4.5965214039835900E-023                  0.0000000000000000E+000                  0.0000000000000000E+000 
                                     381                  1.9923418707711815E+000                  7.9297602087670882E-001                  5.0080371796119794E+000                 -3.4990561720792055E+000                  9.6122615482509879E+000                  6.9431877984383450E-001                  2.8551051310506170E-001                  2.0170707051103798E-002                  4.7224228995362596E-023                  0.0000000000000000E+000                  0.0000000000000000E+000 
                                     382                  1.9922479294608246E+000                  7.9272298706009980E-001                  5.0119853725799111E+000                 -3.4912545649354754E+000                  9.6242962928411675E+000                  6.9431877984383450E-001                  2.8551051310506165E-001                  2.0170707051103909E-002                  4.8093738906742814E-023                  0.0000000000000000E+000                  0.0000000000000000E+000 
                                     383                  1.9921508835651518E+000                  7.9246579185979871E-001                  5.0159769130310892E+000                 -3.4834113351279843E+000                  9.6364156836071011E+000                  6.9431877984383472E-001                  2.8551051310506143E-001                  2.0170707051103909E-002                  4.8984143668873649E-023                  0.0000000000000000E+000                  0.0000000000000000E+000 
                                     384                  1.9920506336676713E+000                  7.9220439264174336E-001                  5.0221149568084416E+000                 -3.4715093049750241E+000                  9.6548878497121446E+000                  6.9431877984383483E-001                  2.8551051310506126E-001                  2.0170707051103909E-002                  5.0367146713452719E-023                  0.0000000000000000E+000                  0.0000000000000000E+000 
                                     385                  1.9918401089456641E+000                  7.9166882209502365E-001                  5.0282147129341546E+000                 -3.4596496720114329E+000                  9.6732645860698092E+000                  6.9431877984383483E-001                  2.8551051310506137E-001                  2.0170707051103798E-002                  5.1784351438339961E-023                  0.0000000000000000E+000                  0.0000000000000000E+000 
                                     386                  1.9917296197702923E+000                  7.9139454557196309E-001                  5.0323812673364632E+000                 -3.4516559208893396E+000                  9.6857056547573048E+000                  6.9431877984383483E-001                  2.8551051310506131E-001                  2.0170707051103909E-002                  5.2762187993451102E-023                  0.0000000000000000E+000                  0.0000000000000000E+000 
                                     387                  1.9916154977107137E+000                  7.9111588587847659E-001                  5.0365917870408738E+000                 -3.4436283641635423E+000                  9.6982229504327488E+000                  6.9431877984383505E-001                  2.8551051310506115E-001                  2.0170707051103798E-002                  5.3762882496808646E-023                  0.0000000000000000E+000                  0.0000000000000000E+000 
                                     388                  1.9914976272891611E+000                  7.9083279592531031E-001                  5.0408462688975524E+000                 -3.4355684024350701E+000                  9.7108148175576048E+000                  6.9431877984383505E-001                  2.8551051310506120E-001                  2.0170707051103687E-002                  5.4786856971911345E-023                  0.0000000000000000E+000                  0.0000000000000000E+000 
                                     389                  1.9913758895332310E+000                  7.9054522767495616E-001                  5.0451446587163922E+000                 -3.4274773830258840E+000                  9.7234796142064415E+000                  6.9431877984383494E-001                  2.8551051310506115E-001                  2.0170707051103909E-002                  5.5834544021491154E-023                  0.0000000000000000E+000                  0.0000000000000000E+000 
                                     390                  1.9912501618758383E+000                  7.9025313212479287E-001                  5.0494868522716665E+000                 -3.4193566366757868E+000                  9.7362157136393073E+000                  6.9431877984383494E-001                  2.8551051310506126E-001                  2.0170707051103798E-002                  5.6906382346465558E-023                  0.0000000000000000E+000                  0.0000000000000000E+000 
                                     391                  1.9911203180525658E+000                  7.8995645926636582E-001                  5.0538726954796038E+000                 -3.4112074271070449E+000                  9.7490215057825758E+000                  6.9431877984383505E-001                  2.8551051310506120E-001                  2.0170707051103687E-002                  5.8002823560136751E-023                  0.0000000000000000E+000                  0.0000000000000000E+000 
                                     392                  1.9909862279962447E+000                  7.8965515807877951E-001                  5.0583019803533853E+000                 -3.4030309379276544E+000                  9.7618953986260149E+000                  6.9431877984383505E-001                  2.8551051310506120E-001                  2.0170707051103687E-002                  5.9124334629501895E-023                  0.0000000000000000E+000                  0.0000000000000000E+000 
                                     393                  1.9908477577285650E+000                  7.8934917653287195E-001                  5.0627744406135298E+000                 -3.3948282702301968E+000                  9.7748358196178007E+000                  6.9431877984383494E-001                  2.8551051310506120E-001                  2.0170707051103909E-002                  6.0271399062274483E-023                  0.0000000000000000E+000                  0.0000000000000000E+000 
                                     394                  1.9907047692469373E+000                  7.8903846159578128E-001                  5.0672897523973459E+000                 -3.3866004805071133E+000                  9.7878412170716125E+000                  6.9431877984383494E-001                  2.8551051310506126E-001                  2.0170707051103798E-002                  6.1444512386864646E-023                  0.0000000000000000E+000                  0.0000000000000000E+000 
                                     395                  1.9905571204075572E+000                  7.8872295920948055E-001                  5.0718475389869342E+000                 -3.3783485774033730E+000                  9.8009100614331306E+000                  6.9431877984383472E-001                  2.8551051310506143E-001                  2.0170707051103909E-002                  6.2644183092906631E-023                  0.0000000000000000E+000                  0.0000000000000000E+000 
                                     396                  1.9904046648067437E+000                  7.8840261427578362E-001                  5.0764473711315832E+000                 -3.3700734945798998E+000                  9.8140408463578481E+000                  6.9431877984383483E-001                  2.8551051310506143E-001                  2.0170707051103687E-002                  6.3870937233085611E-023                  0.0000000000000000E+000                  0.0000000000000000E+000 
                                     397                  1.9902472516596688E+000                  7.8807737066413741E-001                  5.0810887636875028E+000                 -3.3617760866617337E+000                  9.8272320896505416E+000                  6.9431877984383483E-001                  2.8551051310506137E-001                  2.0170707051103798E-002                  6.5125320016538429E-023                  0.0000000000000000E+000                  0.0000000000000000E+000 
                                     398                  1.9900847256763703E+000                  7.8774717122634075E-001                  5.0857711752615105E+000                 -3.3534571423119002E+000                  9.8404823340791694E+000                  6.9431877984383483E-001                  2.8551051310506143E-001                  2.0170707051103687E-002                  6.6407894871735632E-023                  0.0000000000000000E+000                  0.0000000000000000E+000 
                                     399                  1.9899169269349362E+000                  7.8741195780520512E-001                  5.0904940145524273E+000                 -3.3451174058918545E+000                  9.8537901481240002E+000                  6.9431877984383472E-001                  2.8551051310506137E-001                  2.0170707051103909E-002                  6.7719240972054656E-023                  0.0000000000000000E+000                  0.0000000000000000E+000 
                                     400                  1.9897436907505144E+000                  7.8707167122707755E-001                  5.0952566453461694E+000                 -3.3367575605980839E+000                  9.8671541267049232E+000                  6.9431877984383505E-001                  2.8551051310506109E-001                  2.0170707051103909E-002                  6.9059956647909900E-023                  0.0000000000000000E+000                  0.0000000000000000E+000 
                                     401                  1.9895648475402217E+000                  7.8672625130781471E-001                  5.1000583855893042E+000                 -3.3283782246111229E+000                  9.8805728918140456E+000                  6.9431877984383539E-001                  2.8551051310506081E-001                  2.0170707051103798E-002                  7.0430661015750500E-023                  0.0000000000000000E+000                  0.0000000000000000E+000 
                                     402                  1.9893802226854564E+000                  7.8637563686621770E-001                  5.1048985074345206E+000                 -3.3199799543112523E+000                  9.8940450929997006E+000                  6.9431877984383550E-001                  2.8551051310506076E-001                  2.0170707051103687E-002                  7.1831994551757423E-023                  0.0000000000000000E+000                  0.0000000000000000E+000 
                                     403                  1.9891896363915915E+000                  7.8601976573939281E-001                  5.1097762439069561E+000                 -3.3115632597325004E+000                  9.9075694077098291E+000                  6.9431877984383539E-001                  2.8551051310506093E-001                  2.0170707051103687E-002                  7.3264617562450473E-023                  0.0000000000000000E+000                  0.0000000000000000E+000 
                                     404                  1.9889929035451523E+000                  7.8565857478991530E-001                  5.1147524306168357E+000                 -3.3030245110647742E+000                  9.9213130921952430E+000                  6.9431877984383550E-001                  2.8551051310506087E-001                  2.0170707051103687E-002                  7.4747469172199045E-023                  0.0000000000000000E+000                  0.0000000000000000E+000 
                                     405                  1.9887847905978182E+000                  7.8528297485168097E-001                  5.1199326573831332E+000                 -3.2941843589744457E+000                  9.9355655567405616E+000                  6.9431877984383539E-001                  2.8551051310506087E-001                  2.0170707051103687E-002                  7.6314568085255699E-023                  0.0000000000000000E+000                  0.0000000000000000E+000 
                                     406                  1.9885607690759217E+000                  7.8488575108555547E-001                  5.1253999356352917E+000                 -3.2849054623886276E+000                  9.9505501759451942E+000                  6.9431877984383550E-001                  2.8551051310506065E-001                  2.0170707051103909E-002                  7.7995109783791381E-023                  0.0000000000000000E+000                  0.0000000000000000E+000 
                                     407                  1.9883165648692707E+000                  7.8446068824929516E-001                  5.1311645022198231E+000                 -3.2751742335215033E+000                  9.9662903426287439E+000                  6.9431877984383572E-001                  2.8551051310506059E-001                  2.0170707051103687E-002                  7.9797703039740208E-023                  0.0000000000000000E+000                  0.0000000000000000E+000 
                                     408                  1.9880531515646378E+000                  7.8401099269738983E-001                  5.1372556436045036E+000                 -3.2649489199690342E+000                  9.9828574694543448E+000                  6.9431877984383583E-001                  2.8551051310506043E-001                  2.0170707051103687E-002                  8.1737130477397117E-023                  0.0000000000000000E+000                  0.0000000000000000E+000 
                                     409                  1.9877642465699195E+000                  7.8352770017384044E-001                  5.1436479076976740E+000                 -3.2542737243111497E+000                  1.0000179917087749E+001                  6.9431877984383550E-001                  2.8551051310506076E-001                  2.0170707051103687E-002                  8.3812657337465757E-023                  0.0000000000000000E+000                  0.0000000000000000E+000 
                                     410                  1.9874552513874706E+000                  7.8302162437152834E-001                  5.1502580686788768E+000                 -3.2432926490359977E+000                  1.0018026519634441E+001                  6.9431877984383539E-001                  2.8551051310506076E-001                  2.0170707051103909E-002                  8.6003166722126576E-023                  0.0000000000000000E+000                  0.0000000000000000E+000 
                                     411                  1.9871256824934356E+000                  7.8249344630274087E-001                  5.1571877266980346E+000                 -3.2318435914465278E+000                  1.0036664315269110E+001                  6.9431877984383539E-001                  2.8551051310506081E-001                  2.0170707051103798E-002                  8.8348584794973931E-023                  0.0000000000000000E+000                  0.0000000000000000E+000 
                                     412                  1.9867630256298112E+000                  7.8192521445582375E-001                  5.1644572016674335E+000                 -3.2198910610283336E+000                  1.0056148967078974E+001                  6.9431877984383517E-001                  2.8551051310506109E-001                  2.0170707051103687E-002                  9.0866059873165330E-023                  0.0000000000000000E+000                  0.0000000000000000E+000 
                                     413                  1.9863733383919988E+000                  7.8132881086933315E-001                  5.1700846536107621E+000                 -3.2106294829526916E+000                  1.0071234481629050E+001                  6.9431877984383528E-001                  2.8551051310506093E-001                  2.0170707051103798E-002                  9.2866451447993884E-023                  0.0000000000000000E+000                  0.0000000000000000E+000 
                                     414                  1.9861601134334894E+000                  7.8100834923719153E-001                  5.1740293919453739E+000                 -3.2041882155274339E+000                  1.0081755629825839E+001                  6.9431877984383517E-001                  2.8551051310506098E-001                  2.0170707051103909E-002                  9.4283843507840151E-023                  0.0000000000000000E+000                  0.0000000000000000E+000 
                                     415                  1.9859415072367208E+000                  7.8068391510030433E-001                  5.1801095572035907E+000                 -3.1943481785247752E+000                  1.0097880205041367E+001                  6.9431877984383528E-001                  2.8551051310506093E-001                  2.0170707051103798E-002                  9.6491413883754228E-023                  0.0000000000000000E+000                  0.0000000000000000E+000 
                                     416                  1.9854796161914778E+000                  7.8001146725753567E-001                  5.1881818227282714E+000                 -3.1812595092975746E+000                  1.0119302770448140E+001                  6.9431877984383528E-001                  2.8551051310506087E-001                  2.0170707051103909E-002                  9.9508898212439137E-023                  0.0000000000000000E+000                  0.0000000000000000E+000 
                                     417                  1.9850030522467264E+000                  7.7933511214882811E-001                  5.1961839015297189E+000                 -3.1683403593639126E+000                  1.0140474153609270E+001                  6.9431877984383528E-001                  2.8551051310506087E-001                  2.0170707051103909E-002                  1.0258074876873783E-022                  0.0000000000000000E+000                  0.0000000000000000E+000 
                                     418                  1.9845113695843271E+000                  7.7865457054924037E-001                  5.2041190878186381E+000                 -3.1555803479612297E+000                  1.0161408829399516E+001                  6.9431877984383528E-001                  2.8551051310506087E-001                  2.0170707051103909E-002                  1.0570877080987001E-022                  0.0000000000000000E+000                  0.0000000000000000E+000 
                                     419                  1.9840041097581931E+000                  7.7796957374961317E-001                  5.2119905833114473E+000                 -3.1429699695096862E+000                  1.0182120222320080E+001                  6.9431877984383528E-001                  2.8551051310506087E-001                  2.0170707051103909E-002                  1.0889476929596492E-022                  0.0000000000000000E+000                  0.0000000000000000E+000 
                                     420                  1.9834808013948724E+000                  7.7727986231244184E-001                  5.2178316925272616E+000                 -3.1335890806094397E+000                  1.0197506901735975E+001                  6.9431877984383528E-001                  2.8551051310506087E-001                  2.0170707051103909E-002                  1.1132760560706288E-022                  0.0000000000000000E+000                  0.0000000000000000E+000 
                                     421                  1.9832108806427204E+000                  7.7693046133729604E-001                  5.2237149763220829E+000                 -3.1242677977174735E+000                  1.0212874586805404E+001                  6.9431877984383528E-001                  2.8551051310506087E-001                  2.0170707051103909E-002                  1.1379937350515054E-022                  0.0000000000000000E+000                  0.0000000000000000E+000 
                                     422                  1.9826625234980106E+000                  7.7623319331242557E-001                  5.2314401292745645E+000                 -3.1119952080885240E+000                  1.0233079618556845E+001                  6.9431877984383528E-001                  2.8551051310506087E-001                  2.0170707051103909E-002                  1.1713852359204119E-022                  0.0000000000000000E+000                  0.0000000000000000E+000 
                                     423                  1.9820968790811422E+000                  7.7553059524416401E-001                  5.2391117049266791E+000                 -3.0998443282141199E+000                  1.0253101435608087E+001                  6.9431877984383528E-001                  2.8551051310506087E-001                  2.0170707051103909E-002                  1.2054210143854377E-022                  0.0000000000000000E+000                  0.0000000000000000E+000 
                                     424                  1.9815134283364240E+000                  7.7482243278688701E-001                  5.2447804904221345E+000                 -3.0908381263717239E+000                  1.0267919151997718E+001                  6.9431877984383528E-001                  2.8551051310506087E-001                  2.0170707051103909E-002                  1.2312916187779196E-022                  0.0000000000000000E+000                  0.0000000000000000E+000 
                                     425                  1.9812171856160155E+000                  7.7446895431193463E-001                  5.2504945981080215E+000                 -3.0818773312328460E+000                  1.0282735830636863E+001                  6.9431877984383528E-001                  2.8551051310506087E-001                  2.0170707051103909E-002                  1.2575887420955391E-022                  0.0000000000000000E+000                  0.0000000000000000E+000 
                                     426                  1.9806060902042266E+000                  7.7375203749105803E-001                  5.2580430564509948E+000                 -3.0700015999080641E+000                  1.0302341637667164E+001                  6.9431877984383528E-001                  2.8551051310506087E-001                  2.0170707051103909E-002                  1.2933171563252530E-022                  0.0000000000000000E+000                  0.0000000000000000E+000 
                                     427                  1.9799758294861682E+000                  7.7302899438746431E-001                  5.2655459862545735E+000                 -3.0582257230934986E+000                  1.0321795692097870E+001                  6.9431877984383528E-001                  2.8551051310506087E-001                  2.0170707051103909E-002                  1.3297584396836465E-022                  0.0000000000000000E+000                  0.0000000000000000E+000 
                                     428                  1.9793258330625698E+000                  7.7229960796469022E-001                  5.2730053529232821E+000                 -3.0465442860446057E+000                  1.0341105754673006E+001                  6.9431877984383528E-001                  2.8551051310506087E-001                  2.0170707051103909E-002                  1.3669332027322749E-022                  0.0000000000000000E+000                  0.0000000000000000E+000 
                                     429                  1.9786555151628660E+000                  7.7156366514412267E-001                  5.2785520947087390E+000                 -3.0378273544018155E+000                  1.0355491695468016E+001                  6.9431877984383528E-001                  2.8551051310506087E-001                  2.0170707051103909E-002                  1.3953568969478257E-022                  0.0000000000000000E+000                  0.0000000000000000E+000 
                                     430                  1.9783098947532836E+000                  7.7119032044989455E-001                  5.2822503466962445E+000                 -3.0320526358928577E+000                  1.0365045123456888E+001                  6.9431877984383528E-001                  2.8551051310506087E-001                  2.0170707051103909E-002                  1.4145151443576793E-022                  0.0000000000000000E+000                  0.0000000000000000E+000 
                                     431                  1.9779642743437009E+000                  7.7082096090693564E-001                  5.2878002765105174E+000                 -3.0234441715832934E+000                  1.0379322735187273E+001                  6.9431877984383528E-001                  2.8551051310506087E-001                  2.0170707051103909E-002                  1.4435696298142676E-022                  0.0000000000000000E+000                  0.0000000000000000E+000 
                                     432                  1.9772514931913650E+000                  7.7007128098715116E-001                  5.2951396571983240E+000                 -3.0120168176748607E+000                  1.0398242821724107E+001                  6.9431877984383528E-001                  2.8551051310506087E-001                  2.0170707051103909E-002                  1.4830727866000025E-022                  0.0000000000000000E+000                  0.0000000000000000E+000 
                                     433                  1.9765165380247958E+000                  7.6931442551004692E-001                  5.3024423264668661E+000                 -3.0006654029898581E+000                  1.0417045565062052E+001                  6.9431877984383528E-001                  2.8551051310506087E-001                  2.0170707051103909E-002                  1.6179431090929298E-022                  0.0000000000000000E+000                  0.0000000000000000E+000 
                                     434                  1.9757587585998444E+000                  7.6855019367166888E-001                  5.3097098124418842E+000                 -2.9893860086947477E+000                  1.0435736682701421E+001                  6.9431877984383528E-001                  2.8551051310506087E-001                  2.0170707051103909E-002                  2.2627724518295239E-022                  0.0000000000000000E+000                  0.0000000000000000E+000 
                                     435                  1.9749774878155593E+000                  7.6777838695255418E-001                  5.3169435856542817E+000                 -2.9781749574690481E+000                  1.0454321566279010E+001                  6.9431877984383528E-001                  2.8551051310506087E-001                  2.0170707051103909E-002                  3.1539787500968035E-022                  0.0000000000000000E+000                  0.0000000000000000E+000 
                                     436                  1.9741720414260733E+000                  7.6699880886106386E-001                  5.3241450636909562E+000                 -2.9670288121477668E+000                  1.0472805303508645E+001                  6.9431877984383528E-001                  2.8551051310506087E-001                  2.0170707051103909E-002                  4.3818864153513373E-022                  0.0000000000000000E+000                  0.0000000000000000E+000 
                                     437                  1.9733417177583286E+000                  7.6621126467233469E-001                  5.3313156123777601E+000                 -2.9559443463163664E+000                  1.0491192698223474E+001                  6.9431877984383528E-001                  2.8551051310506087E-001                  2.0170707051103909E-002                  6.0686241345815080E-022                  0.0000000000000000E+000                  0.0000000000000000E+000 
                                     438                  1.9724857974331256E+000                  7.6541556120986753E-001                  5.3384565445488459E+000                 -2.9449185277664016E+000                  1.0509488288762645E+001                  6.9431877984383528E-001                  2.8551051310506087E-001                  2.0170707051103909E-002                  8.3788910162790868E-022                  0.0000000000000000E+000                  0.0000000000000000E+000 
                                     439                  1.9716035430883871E+000                  7.6461150664654320E-001                  5.3455691206613229E+000                 -2.9339485117663440E+000                  1.0527696364928843E+001                  6.9431877984383528E-001                  2.8551051310506087E-001                  2.0170707051103909E-002                  1.1534229687572054E-021                  0.0000000000000000E+000                  0.0000000000000000E+000 
                                     440                  1.9706941991004452E+000                  7.6379891030338132E-001                  5.3526545477568233E+000                 -2.9230316158036351E+000                  1.0545820983644473E+001                  6.9431877984383528E-001                  2.8551051310506087E-001                  2.0170707051103909E-002                  1.5831905685680223E-021                  0.0000000000000000E+000                  0.0000000000000000E+000 
                                     441                  1.9697569913090924E+000                  7.6297758248601688E-001                  5.3597139770775408E+000                 -2.9121653089521642E+000                  1.0563865983347753E+001                  6.9431877984383528E-001                  2.8551051310506087E-001                  2.0170707051103909E-002                  2.1669822624215733E-021                  0.0000000000000000E+000                  0.0000000000000000E+000 
                                     442                  1.9687911267495164E+000                  7.6214733433535919E-001                  5.3667485047752796E+000                 -2.9013472031041578E+000                  1.0581834997275747E+001                  6.9431877984383528E-001                  2.8551051310506087E-001                  2.0170707051103909E-002                  2.9579333967588624E-021                  0.0000000000000000E+000                  0.0000000000000000E+000 
                                     443                  1.9677957933863690E+000                  7.6130797768456904E-001                  5.3737591717499349E+000                 -2.8905750356695461E+000                  1.0599731465881826E+001                  6.9431877984383528E-001                  2.8551051310506087E-001                  2.0170707051103909E-002                  4.0268360481662421E-021                  0.0000000000000000E+000                  0.0000000000000000E+000 
                                     444                  1.9667701598393486E+000                  7.6045932493039392E-001                  5.3807469633709273E+000                 -2.8798466627893631E+000                  1.0617558648506199E+001                  6.9431877984383528E-001                  2.8551051310506087E-001                  2.0170707051103909E-002                  5.4677929484847628E-021                  0.0000000000000000E+000                  0.0000000000000000E+000 
                                     445                  1.9657133751047529E+000                  7.5960118890403161E-001                  5.3877128114067787E+000                 -2.8691600512769617E+000                  1.0635319634212442E+001                  6.9431877984383528E-001                  2.8551051310506087E-001                  2.0170707051103909E-002                  7.4056165977967414E-021                  0.0000000000000000E+000                  0.0000000000000000E+000 
                                     446                  1.9646245682855077E+000                  7.5873338275459201E-001                  5.3946575956962990E+000                 -2.8585132681417149E+000                  1.0653017351827677E+001                  6.9431877984383528E-001                  2.8551051310506087E-001                  2.0170707051103909E-002                  1.0005492460748648E-020                  0.0000000000000000E+000                  0.0000000000000000E+000 
                                     447                  1.9635028483221653E+000                  7.5785571984393063E-001                  5.3998357307174532E+000                 -2.8505391400156657E+000                  1.0666247137101211E+001                  6.9431877984383528E-001                  2.8551051310506087E-001                  2.0170707051103909E-002                  1.2510635202717677E-020                  0.0000000000000000E+000                  0.0000000000000000E+000 
                                     448                  1.9629250760167793E+000                  7.5740984631707864E-001                  5.4032926932911396E+000                 -2.8452437220786502E+000                  1.0675050904907778E+001                  6.9431877984383528E-001                  2.8551051310506087E-001                  2.0170707051103909E-002                  1.4515495224022330E-020                  0.0000000000000000E+000                  0.0000000000000000E+000 
                                     449                  1.9623473037113930E+000                  7.5696802382937045E-001                  5.4084868848349092E+000                 -2.8373314592085963E+000                  1.0688234048943839E+001                  6.9431877984383528E-001                  2.8551051310506087E-001                  2.0170707051103909E-002                  1.8133130816895308E-020                  0.0000000000000000E+000                  0.0000000000000000E+000 
                                     450                  1.9611570022201747E+000                  7.5607008878932536E-001                  5.4153732683463467E+000                 -2.8267934944971400E+000                  1.0705758066499989E+001                  6.9431877984383528E-001                  2.8551051310506087E-001                  2.0170707051103909E-002                  2.4326685921542504E-020                  0.0000000000000000E+000                  0.0000000000000000E+000 
                                     451                  1.9599309906067284E+000                  7.5516173721196111E-001                  5.4222416379538458E+000                 -2.8162885279088115E+000                  1.0723229110743036E+001                  6.9431877984383528E-001                  2.8551051310506087E-001                  2.0170707051103909E-002                  3.2562388604790100E-020                  0.0000000000000000E+000                  0.0000000000000000E+000 
                                     452                  1.9586682943410838E+000                  7.5424278217345375E-001                  5.4290926563209441E+000                 -2.8058150546460414E+000                  1.0740649440889230E+001                  6.9431877984383528E-001                  2.8551051310506087E-001                  2.0170707051103909E-002                  4.3490427992484616E-020                  0.0000000000000000E+000                  0.0000000000000000E+000 
                                     453                  1.9573679173175915E+000                  7.5331303639469416E-001                  5.4359269564523833E+000                 -2.7953716453627488E+000                  1.0758021204982555E+001                  6.9431877984383528E-001                  2.8551051310506087E-001                  2.0170707051103909E-002                  5.7960923805312168E-020                  0.0000000000000000E+000                  0.0000000000000000E+000 
                                     454                  1.9560288415668436E+000                  7.5237231211848166E-001                  5.4427451468724781E+000                 -2.7849569481002412E+000                  1.0775346446445482E+001                  6.9431877984383528E-001                  2.8551051310506087E-001                  2.0170707051103909E-002                  7.7083315311786007E-020                  0.0000000000000000E+000                  0.0000000000000000E+000 
                                     455                  1.9546500269701810E+000                  7.5142042097521666E-001                  5.4495478168092077E+000                 -2.7745696832607742E+000                  1.0792627110209093E+001                  6.9431877984383528E-001                  2.8551051310506087E-001                  2.0170707051103909E-002                  1.0230280310493456E-019                  0.0000000000000000E+000                  0.0000000000000000E+000 
                                     456                  1.9532304109764744E+000                  7.5045717385125388E-001                  5.4563355441155883E+000                 -2.7642086445390324E+000                  1.0809865048487470E+001                  6.9431877984383528E-001                  2.8551051310506087E-001                  2.0170707051103909E-002                  1.3549859527948435E-019                  0.0000000000000000E+000                  0.0000000000000000E+000 
                                     457                  1.9517689083165772E+000                  7.4948238074357088E-001                  5.4631089008944480E+000                 -2.7538727045555134E+000                  1.0827062026261761E+001                  6.9431877984383528E-001                  2.8551051310506087E-001                  2.0170707051103909E-002                  1.7910997152349225E-019                  0.0000000000000000E+000                  0.0000000000000000E+000 
                                     458                  1.9502644107134570E+000                  7.4849585058814005E-001                  5.4698684563049307E+000                 -2.7435608059465921E+000                  1.0844219726474611E+001                  6.9431877984383528E-001                  2.8551051310506087E-001                  2.0170707051103909E-002                  2.3629779236848507E-019                  0.0000000000000000E+000                  0.0000000000000000E+000 
                                     459                  1.9487157865933780E+000                  7.4749739109765090E-001                  5.4766147793238309E+000                 -2.7332719584649490E+000                  1.0861339754911240E+001                  6.9431877984383528E-001                  2.8551051310506087E-001                  2.0170707051103909E-002                  3.1115112329404684E-019                  0.0000000000000000E+000                  0.0000000000000000E+000 
                                     460                  1.9471218808003095E+000                  7.4648680859688687E-001                  5.4833484403634714E+000                 -2.7230052433379548E+000                  1.0878423644854500E+001                  6.9431877984383528E-001                  2.8551051310506087E-001                  2.0170707051103909E-002                  4.0895118040405773E-019                  0.0000000000000000E+000                  0.0000000000000000E+000 
                                     461                  1.9454815142995603E+000                  7.4546390782949512E-001                  5.4900700082526424E+000                 -2.7127598005361655E+000                  1.0895472861586390E+001                  6.9431877984383528E-001                  2.8551051310506087E-001                  2.0170707051103909E-002                  5.3650797104122647E-019                  0.0000000000000000E+000                  0.0000000000000000E+000 
                                     462                  1.9437934838729747E+000                  7.4442849177770420E-001                  5.4967800431341018E+000                 -2.7025348174579817E+000                  1.0912488806679400E+001                  6.9431877984383528E-001                  2.8551051310506087E-001                  2.0170707051103909E-002                  7.0258894356669900E-019                  0.0000000000000000E+000                  0.0000000000000000E+000 
                                     463                  1.9420565618137657E+000                  7.4338036149865450E-001                  5.5034790922903429E+000                 -2.6923295263227827E+000                  1.0929472822103762E+001                  6.9431877984383528E-001                  2.8551051310506087E-001                  2.0170707051103909E-002                  9.1846407267755742E-019                  0.0000000000000000E+000                  0.0000000000000000E+000 
                                     464                  1.9402694956087325E+000                  7.4231931595027700E-001                  5.5101676850934531E+000                 -2.6821431951969696E+000                  1.0946426194252627E+001                  6.9431877984383528E-001                  2.8551051310506087E-001                  2.0170707051103909E-002                  1.1985979225253270E-018                  0.0000000000000000E+000                  0.0000000000000000E+000 
                                     465                  1.9384310075991364E+000                  7.4124515181804429E-001                  5.5168463239424881E+000                 -2.6719751153096576E+000                  1.0963350157873801E+001                  6.9431877984383528E-001                  2.8551051310506087E-001                  2.0170707051103909E-002                  1.5615268013640557E-018                  0.0000000000000000E+000                  0.0000000000000000E+000 
                                     466                  1.9365397946278113E+000                  7.4015766335860067E-001                  5.5235154798558597E+000                 -2.6618245933675659E+000                  1.0980245899872555E+001                  6.9431877984383528E-001                  2.8551051310506087E-001                  2.0170707051103909E-002                  2.0309690787392653E-018                  0.0000000000000000E+000                  0.0000000000000000E+000 
                                     467                  1.9345945276692798E+000                  7.3905664224841672E-001                  5.5301755915846416E+000                 -2.6516909509637290E+000                  1.0997114563064192E+001                  6.9431877984383528E-001                  2.8551051310506087E-001                  2.0170707051103909E-002                  2.6372286571130616E-018                  0.0000000000000000E+000                  0.0000000000000000E+000 
                                     468                  1.9325938514254204E+000                  7.3794187741136275E-001                  5.5368270642429467E+000                 -2.6415735194479550E+000                  1.1013957249925358E+001                  6.9431877984383528E-001                  2.8551051310506087E-001                  2.0170707051103909E-002                  3.4189662621454065E-018                  0.0000000000000000E+000                  0.0000000000000000E+000 
                                     469                  1.9305363838870646E+000                  7.3681315483843313E-001                  5.5434702696037084E+000                 -2.6314716331670289E+000                  1.1030775026308905E+001                  6.9431877984383528E-001                  2.8551051310506087E-001                  2.0170707051103909E-002                  4.4254318929976782E-018                  0.0000000000000000E+000                  0.0000000000000000E+000 
                                     470                  1.9284207158616362E+000                  7.3567025740613168E-001                  5.5492614835809597E+000                 -2.6226460664975408E+000                  1.1045454228586635E+001                  6.9431877984383528E-001                  2.8551051310506087E-001                  2.0170707051103909E-002                  5.5363520127231443E-018                  0.0000000000000000E+000                  0.0000000000000000E+000 
                                     471                  1.9267949074503761E+000                  7.3480365825719496E-001                  5.5550768769251464E+000                 -2.6138286025047988E+000                  1.1060149315482715E+001                  6.9431877984383528E-001                  2.8551051310506087E-001                  2.0170707051103909E-002                  6.9253387729932597E-018                  0.0000000000000000E+000                  0.0000000000000000E+000 
                                     472                  1.9245739140751077E+000                  7.3363542271955107E-001                  5.5600186280683266E+000                 -2.6062825400570633E+000                  1.1072689097523137E+001                  6.9431877984383528E-001                  2.8551051310506087E-001                  2.0170707051103909E-002                  8.3711528322755332E-018                  0.0000000000000000E+000                  0.0000000000000000E+000 
                                     473                  1.9234401788290119E+000                  7.3304578341320625E-001                  5.5641654998303798E+000                 -2.5999970038612288E+000                  1.1083165018938407E+001                  6.9431877984383528E-001                  2.8551051310506087E-001                  2.0170707051103909E-002                  9.8086491904475481E-018                  0.0000000000000000E+000                  0.0000000000000000E+000 
                                     474                  1.9217099980047416E+000                  7.3215432312841766E-001                  5.5691254332535012E+000                 -2.5924621055370074E+000                  1.1095711326643917E+001                  6.9431877984383528E-001                  2.8551051310506087E-001                  2.0170707051103909E-002                  1.1848750638659383E-017                  0.0000000000000000E+000                  0.0000000000000000E+000 
                                     475                  1.9199437501830054E+000                  7.3125438151092759E-001                  5.5740815362166884E+000                 -2.5849341753380646E+000                  1.1108246315910829E+001                  6.9431877984383528E-001                  2.8551051310506087E-001                  2.0170707051103909E-002                  1.4301335481498546E-017                  0.0000000000000000E+000                  0.0000000000000000E+000 
                                     476                  1.9181407814322462E+000                  7.3034585909137928E-001                  5.5790339163599993E+000                 -2.5774129462368220E+000                  1.1120770377720564E+001                  6.9431877984383528E-001                  2.8551051310506087E-001                  2.0170707051103909E-002                  1.7247453207766823E-017                  0.0000000000000000E+000                  0.0000000000000000E+000 
                                     477                  1.9163004280472182E+000                  7.2942865492104048E-001                  5.5839826787896012E+000                 -2.5698981524671107E+000                  1.1133283899209811E+001                  6.9431877984383528E-001                  2.8551051310506087E-001                  2.0170707051103909E-002                  2.0783624975273059E-017                  0.0000000000000000E+000                  0.0000000000000000E+000 
                                     478                  1.9144220163378600E+000                  7.2850266648241391E-001                  5.5897663220903890E+000                 -2.5611379860683932E+000                  1.1147885682032916E+001                  6.9431877984383528E-001                  2.8551051310506087E-001                  2.0170707051103909E-002                  2.5822083876005409E-017                  0.0000000000000000E+000                  0.0000000000000000E+000 
                                     479                  1.9118570820322187E+000                  7.2725415655674852E-001                  5.5963540152521292E+000                 -2.5511371982679361E+000                  1.1164539352640032E+001                  6.9431877984383528E-001                  2.8551051310506087E-001                  2.0170707051103909E-002                  3.3030025167447325E-017                  0.0000000000000000E+000                  0.0000000000000000E+000 
                                     480                  1.9092216215327031E+000                  7.2598959185863576E-001                  5.6029359201419568E+000                 -2.5411462137296152E+000                  1.1181176666678910E+001                  6.9431877984383528E-001                  2.8551051310506087E-001                  2.0170707051103909E-002                  4.2191246104092064E-017                  0.0000000000000000E+000                  0.0000000000000000E+000 
                                     481                  1.9065139510466260E+000                  7.2470871465611564E-001                  5.6095122842059881E+000                 -2.5311644164996459E+000                  1.1197798524871377E+001                  6.9431877984383528E-001                  2.8551051310506087E-001                  2.0170707051103909E-002                  5.3819510378343767E-017                  0.0000000000000000E+000                  0.0000000000000000E+000 
                                     482                  1.9037323518985105E+000                  7.2341126088742735E-001                  5.6160833604381830E+000                 -2.5211911929340336E+000                  1.1214405829958304E+001                  6.9431877984383528E-001                  2.8551051310506087E-001                  2.0170707051103909E-002                  6.8559739940139283E-017                  0.0000000000000000E+000                  0.0000000000000000E+000 
                                     483                  1.9008750694886229E+000                  7.2209695974443822E-001                  5.6226494093502968E+000                 -2.5112259321457926E+000                  1.1230999489117023E+001                  6.9431877984383528E-001                  2.8551051310506087E-001                  2.0170707051103909E-002                  8.7220525266860582E-017                  0.0000000000000000E+000                  0.0000000000000000E+000 
                                     484                  1.8979403122863936E+000                  7.2076553327524873E-001                  5.6292107005035881E+000                 -2.5012680241701357E+000                  1.1247580415958147E+001                  6.9431877984383528E-001                  2.8551051310506087E-001                  2.0170707051103909E-002                  1.1081446733123203E-016                  0.0000000000000000E+000                  0.0000000000000000E+000 
                                     485                  1.8949262508017666E+000                  7.1941669598440006E-001                  5.6357675146219872E+000                 -2.4913168597965512E+000                  1.1264149532373008E+001                  6.9431877984383528E-001                  2.8551051310506087E-001                  2.0170707051103909E-002                  1.4060819131172702E-016                  0.0000000000000000E+000                  0.0000000000000000E+000 
                                     486                  1.8918310165109871E+000                  7.1805015441443398E-001                  5.6423201450665834E+000                 -2.4813718322923006E+000                  1.1280707770029526E+001                  6.9431877984383528E-001                  2.8551051310506087E-001                  2.0170707051103909E-002                  1.7818428791206409E-016                  0.0000000000000000E+000                  0.0000000000000000E+000 
                                     487                  1.8886527008425920E+000                  7.1666560674876345E-001                  5.6488688989952509E+000                 -2.4714323357801091E+000                  1.1297256071322950E+001                  6.9431877984383528E-001                  2.8551051310506087E-001                  2.0170707051103909E-002                  2.2551795787599190E-016                  0.0000000000000000E+000                  0.0000000000000000E+000 
                                     488                  1.8853893542135423E+000                  7.1526274243815047E-001                  5.6554140992444344E+000                 -2.4614977655861110E+000                  1.1313795389940015E+001                  6.9431877984383528E-001                  2.8551051310506087E-001                  2.0170707051103909E-002                  2.8507177198339377E-016                  0.0000000000000000E+000                  0.0000000000000000E+000 
                                     489                  1.8820389850972816E+000                  7.1384124183385389E-001                  5.6619560856545199E+000                 -2.4515675218854374E+000                  1.1330326691188242E+001                  6.9431877984383528E-001                  2.8551051310506087E-001                  2.0170707051103909E-002                  3.5991272075322704E-016                  0.0000000000000000E+000                  0.0000000000000000E+000 
                                     490                  1.8785995591065734E+000                  7.1240077580653727E-001                  5.6684952157586386E+000                 -2.4416410079277568E+000                  1.1346850952135245E+001                  6.9431877984383528E-001                  2.8551051310506087E-001                  2.0170707051103909E-002                  4.5385668018468767E-016                  0.0000000000000000E+000                  0.0000000000000000E+000 
                                     491                  1.8750689981084976E+000                  7.1094100537339466E-001                  5.6750318658261891E+000                 -2.4317176292920406E+000                  1.1363369161508050E+001                  6.9431877984383528E-001                  2.8551051310506087E-001                  2.0170707051103909E-002                  5.7164658292284981E-016                  0.0000000000000000E+000                  0.0000000000000000E+000 
                                     492                  1.8714451793926556E+000                  7.0946158133661519E-001                  5.6815664314668162E+000                 -2.4217967987568958E+000                  1.1379882319306850E+001                  6.9431877984383528E-001                  2.8551051310506087E-001                  2.0170707051103909E-002                  7.1917197678681625E-016                  0.0000000000000000E+000                  0.0000000000000000E+000 
                                     493                  1.8677259349143187E+000                  7.0796214391971268E-001                  5.6880993267730586E+000                 -2.4118779340993108E+000                  1.1396391436198655E+001                  6.9431877984383528E-001                  2.8551051310506087E-001                  2.0170707051103909E-002                  9.0373937000898836E-016                  0.0000000000000000E+000                  0.0000000000000000E+000 
                                     494                  1.8639090505896569E+000                  7.0644232241242777E-001                  5.6946309818250471E+000                 -2.4019604537749197E+000                  1.1412897532941102E+001                  6.9431877984383528E-001                  2.8551051310506087E-001                  2.0170707051103909E-002                  1.1344048287550968E-015                  0.0000000000000000E+000                  0.0000000000000000E+000 
                                     495                  1.8599922655714958E+000                  7.0490173480128993E-001                  5.7011618404752866E+000                 -2.3920437793498976E+000                  1.1429401639865281E+001                  6.9431877984383528E-001                  2.8551051310506087E-001                  2.0170707051103909E-002                  1.4223828661255979E-015                  0.0000000000000000E+000                  0.0000000000000000E+000 
                                     496                  1.8559732715683248E+000                  7.0333998738634673E-001                  5.7076923581403074E+000                 -2.3821273336076842E+000                  1.1445904796225749E+001                  6.9431877984383528E-001                  2.8551051310506087E-001                  2.0170707051103909E-002                  1.7815487709261008E-015                  0.0000000000000000E+000                  0.0000000000000000E+000 
                                     497                  1.8518497122432733E+000                  7.0175667441066969E-001                  5.7142229964357787E+000                 -2.3722105349078104E+000                  1.1462408049348808E+001                  6.9431877984383528E-001                  2.8551051310506087E-001                  2.0170707051103909E-002                  2.2290550814730905E-015                  0.0000000000000000E+000                  0.0000000000000000E+000 
                                     498                  1.8476191827118669E+000                  7.0015137772091174E-001                  5.7207542185509670E+000                 -2.3622927952217938E+000                  1.1478912453832629E+001                  6.9431877984383528E-001                  2.8551051310506087E-001                  2.0170707051103909E-002                  2.7860876443076652E-015                  0.0000000000000000E+000                  0.0000000000000000E+000 
                                     499                  1.8432792290124866E+000                  6.9852366639577901E-001                  5.7272864869971967E+000                 -2.3523735194361608E+000                  1.1495419070961123E+001                  6.9431877984383528E-001                  2.8551051310506087E-001                  2.0170707051103909E-002                  3.4787923377790988E-015                  0.0000000000000000E+000                  0.0000000000000000E+000 
                                     500                  1.8388273475952988E+000                  6.9687309635452066E-001                  5.7338202595770600E+000                 -2.3424521032344980E+000                  1.1511928968139081E+001                  6.9431877984383528E-001                  2.8551051310506087E-001                  2.0170707051103909E-002                  4.3394098308873140E-015                  0.0000000000000000E+000                  0.0000000000000000E+000 
                                     501                  1.8342609848814582E+000                  6.9519920996835982E-001                  5.7403559857712549E+000                 -2.3325279287815937E+000                  1.1528443218189340E+001                  6.9431877984383528E-001                  2.8551051310506087E-001                  2.0170707051103909E-002                  5.4076641534702623E-015                  0.0000000000000000E+000                  0.0000000000000000E+000 
                                     502                  1.8295775369395335E+000                  6.9350153569840745E-001                  5.7468941054421130E+000                 -2.3226003651014908E+000                  1.1544962898588647E+001                  6.9431877984383528E-001                  2.8551051310506087E-001                  2.0170707051103909E-002                  6.7324608610375371E-015                  0.0000000000000000E+000                  0.0000000000000000E+000 
                                     503                  1.8247743492110224E+000                  6.9177958771450632E-001                  5.7534350477090861E+000                 -2.3126687705525848E+000                  1.1561489090877380E+001                  6.9431877984383528E-001                  2.8551051310506087E-001                  2.0170707051103909E-002                  8.3739621494752936E-015                  0.0000000000000000E+000                  0.0000000000000000E+000 
                                     504                  1.8198487162322563E+000                  6.9003286546520903E-001                  5.7583319524410497E+000                 -2.3051978392193044E+000                  1.1573896687007704E+001                  6.9431877984383528E-001                  2.8551051310506087E-001                  2.0170707051103909E-002                  9.8540684346889118E-015                  0.0000000000000000E+000                  0.0000000000000000E+000 
                                     505                  1.8173232988265700E+000                  6.8914452675680493E-001                  5.7616047148325524E+000                 -2.3002281711264585E+000                  1.1582165696362726E+001                  6.9431877984383528E-001                  2.8551051310506087E-001                  2.0170707051103909E-002                  1.0982315359887403E-014                  0.0000000000000000E+000                  0.0000000000000000E+000 
                                     506                  1.8147978814208838E+000                  6.8826090404979279E-001                  5.7665268689615594E+000                 -2.2927906678616066E+000                  1.1594565345431461E+001                  6.9431877984383528E-001                  2.8551051310506087E-001                  2.0170707051103909E-002                  1.2919707130644418E-014                  0.0000000000000000E+000                  0.0000000000000000E+000 
                                     507                  1.8096190369602485E+000                  6.8646307195856970E-001                  5.7730787349603103E+000                 -2.2828429994370105E+000                  1.1611117588912983E+001                  6.9431877984383528E-001                  2.8551051310506087E-001                  2.0170707051103909E-002                  1.6026327729062451E-014                  0.0000000000000000E+000                  0.0000000000000000E+000 
                                     508                  1.8043093238214210E+000                  6.8463887126110623E-001                  5.7796350267231640E+000                 -2.2728886062949134E+000                  1.1627680701595285E+001                  6.9431877984383528E-001                  2.8551051310506087E-001                  2.0170707051103909E-002                  1.9862672703375632E-014                  0.0000000000000000E+000                  0.0000000000000000E+000 
                                     509                  1.7988658318273865E+000                  6.8278773806273507E-001                  5.7861961198828640E+000                 -2.2629267888239459E+000                  1.1644255777981602E+001                  6.9431877984383528E-001                  2.8551051310506087E-001                  2.0170707051103909E-002                  2.4596336355177394E-014                  0.0000000000000000E+000                  0.0000000000000000E+000 
                                     510                  1.7932855997755177E+000                  6.8090909140573797E-001                  5.7911098789649929E+000                 -2.2554299361034955E+000                  1.1656705101347729E+001                  6.9431877984383528E-001                  2.8551051310506087E-001                  2.0170707051103909E-002                  2.8849960881319044E-014                  0.0000000000000000E+000                  0.0000000000000000E+000 
                                     511                  1.7904256077114213E+000                  6.7995340683229966E-001                  5.7943941717434067E+000                 -2.2504425616919783E+000                  1.1665002672161121E+001                  6.9431877984383528E-001                  2.8551051310506087E-001                  2.0170707051103909E-002                  3.2083933262409575E-014                  0.0000000000000000E+000                  0.0000000000000000E+000 
                                     512                  1.7875656156473247E+000                  6.7900239207087154E-001                  5.7993340074107955E+000                 -2.2429779135016710E+000                  1.1677446173032767E+001                  6.9431877984383528E-001                  2.8551051310506087E-001                  2.0170707051103909E-002                  3.7622463099795215E-014                  0.0000000000000000E+000                  0.0000000000000000E+000 
                                     513                  1.7817028169674380E+000                  6.7706690595274299E-001                  5.8059116910356439E+000                 -2.2329895758994991E+000                  1.1694063710913609E+001                  6.9431877984383528E-001                  2.8551051310506087E-001                  2.0170707051103909E-002                  4.6473555811260131E-014                  0.0000000000000000E+000                  0.0000000000000000E+000 
                                     514                  1.7756940913116277E+000                  6.7510205539937174E-001                  5.8124956236647174E+000                 -2.2229909676554018E+000                  1.1710697599976994E+001                  6.9431877984383528E-001                  2.8551051310506087E-001                  2.0170707051103909E-002                  5.7361306079703640E-014                  0.0000000000000000E+000                  0.0000000000000000E+000 
                                     515                  1.7695362768951177E+000                  6.7310718533144964E-001                  5.8190861653810524E+000                 -2.2129813760693366E+000                  1.1727348937708403E+001                  6.9431877984383528E-001                  2.8551051310506087E-001                  2.0170707051103909E-002                  7.0744502253341980E-014                  0.0000000000000000E+000                  0.0000000000000000E+000 
                                     516                  1.7632261632548085E+000                  6.7108162047770881E-001                  5.8240135605679733E+000                 -2.2054604092490022E+000                  1.1739835298181932E+001                  6.9431877984383528E-001                  2.8551051310506087E-001                  2.0170707051103909E-002                  8.2706600848754231E-014                  0.0000000000000000E+000                  0.0000000000000000E+000 
                                     517                  1.7600129778399543E+000                  6.7005714518486126E-001                  5.8289850885857373E+000                 -2.1979447933685234E+000                  1.1752361031744053E+001                  6.9431877984383528E-001                  2.8551051310506087E-001                  2.0170707051103909E-002                  9.6756238885481641E-014                  0.0000000000000000E+000                  0.0000000000000000E+000 
                                     518                  1.7534682912998927E+000                  6.6798422670383706E-001                  5.8355937659189898E+000                 -2.1879046606358989E+000                  1.1769060787243292E+001                  6.9431877984383528E-001                  2.8551051310506087E-001                  2.0170707051103909E-002                  1.1910511440132855E-013                  0.0000000000000000E+000                  0.0000000000000000E+000 
                                     519                  1.7467630721956990E+000                  6.6587883180342655E-001                  5.8405457525309119E+000                 -2.1803438086011009E+000                  1.1781611545885776E+001                  6.9431877984383528E-001                  2.8551051310506087E-001                  2.0170707051103909E-002                  1.3909618312939530E-013                  0.0000000000000000E+000                  0.0000000000000000E+000 
                                     520                  1.7433285097249569E+000                  6.6480731406224314E-001                  5.8438559383044018E+000                 -2.1753132964769426E+000                  1.1789977665198787E+001                  6.9431877984383528E-001                  2.8551051310506087E-001                  2.0170707051103909E-002                  1.5424171749674944E-013                  0.0000000000000000E+000                  0.0000000000000000E+000 
                                     521                  1.7398939472542163E+000                  6.6374028392936624E-001                  5.8488351557421190E+000                 -2.1677833581913206E+000                  1.1802525179020339E+001                  6.9431877984383528E-001                  2.8551051310506087E-001                  2.0170707051103909E-002                  1.8008723163714376E-013                  0.0000000000000000E+000                  0.0000000000000000E+000 
                                     522                  1.7328574994541606E+000                  6.6156765684635732E-001                  5.8554688702054971E+000                 -2.1577009570066230E+000                  1.1819292077918165E+001                  6.9431877984383528E-001                  2.8551051310506087E-001                  2.0170707051103909E-002                  2.2120676274401828E-013                  0.0000000000000000E+000                  0.0000000000000000E+000 
                                     523                  1.7256502694866709E+000                  6.5936022320604626E-001                  5.8621117960422771E+000                 -2.1476031582352970E+000                  1.1836083553104254E+001                  6.9431877984383528E-001                  2.8551051310506087E-001                  2.0170707051103909E-002                  2.7152795524692540E-013                  0.0000000000000000E+000                  0.0000000000000000E+000 
                                     524                  1.7182687574255531E+000                  6.5711715526958170E-001                  5.8670910517114603E+000                 -2.1399962586132988E+000                  1.1848707515280763E+001                  6.9431877984383528E-001                  2.8551051310506087E-001                  2.0170707051103909E-002                  3.1644504432179299E-013                  0.0000000000000000E+000                  0.0000000000000000E+000 
                                     525                  1.7144890910011716E+000                  6.5597526513088789E-001                  5.8704196894327891E+000                 -2.1349349578302057E+000                  1.1857122806723956E+001                  6.9431877984383528E-001                  2.8551051310506087E-001                  2.0170707051103909E-002                  3.5041808981463249E-013                  0.0000000000000000E+000                  0.0000000000000000E+000 
                                     526                  1.7107094245767900E+000                  6.5483768437539913E-001                  5.8754269510313488E+000                 -2.1273587793020079E+000                  1.1869744509294172E+001                  6.9431877984383528E-001                  2.8551051310506087E-001                  2.0170707051103909E-002                  4.0829363275022007E-013                  0.0000000000000000E+000                  0.0000000000000000E+000 
                                     527                  1.7029686954495320E+000                  6.5252075549952926E-001                  5.8821002846735153E+000                 -2.1172110109578921E+000                  1.1886616289997392E+001                  6.9431877984383528E-001                  2.8551051310506087E-001                  2.0170707051103909E-002                  5.0018328312420615E-013                  0.0000000000000000E+000                  0.0000000000000000E+000 
                                     528                  1.6950429598141068E+000                  6.5016553968775648E-001                  5.8887846923741289E+000                 -2.1070453240067568E+000                  1.1903517044359035E+001                  6.9431877984383528E-001                  2.8551051310506087E-001                  2.0170707051103909E-002                  6.1236701993195430E-013                  0.0000000000000000E+000                  0.0000000000000000E+000 
                                     529                  1.6869285749231113E+000                  6.4777109186680082E-001                  5.8954806349937403E+000                 -2.0968610775077932E+000                  1.1920447879356704E+001                  6.9431877984383528E-001                  2.8551051310506087E-001                  2.0170707051103909E-002                  7.4924954885903037E-013                  0.0000000000000000E+000                  0.0000000000000000E+000 
                                     530                  1.6786218679506713E+000                  6.4533643417816167E-001                  5.9004919542312404E+000                 -2.0892005313376001E+000                  1.1933157414925429E+001                  6.9431877984383528E-001                  2.8551051310506087E-001                  2.0170707051103909E-002                  8.7088963930792978E-013                  0.0000000000000000E+000                  0.0000000000000000E+000 
                                     531                  1.6743952383311604E+000                  6.4410376236807199E-001                  5.9055470766806923E+000                 -2.0815484630783980E+000                  1.1945902890658360E+001                  6.9431877984383528E-001                  2.8551051310506087E-001                  2.0170707051103909E-002                  1.0128797637826036E-012                  0.0000000000000000E+000                  0.0000000000000000E+000 
                                     532                  1.6657931022012027E+000                  6.4160688178408076E-001                  5.9105726562713921E+000                 -2.0738648739712593E+000                  1.1958649735137374E+001                  6.9431877984383528E-001                  2.8551051310506087E-001                  2.0170707051103909E-002                  1.1765531143216079E-012                  0.0000000000000000E+000                  0.0000000000000000E+000 
                                     533                  1.6614166614592363E+000                  6.4034250996961528E-001                  5.9156419351515401E+000                 -2.0661903299850830E+000                  1.1971431858760250E+001                  6.9431877984383528E-001                  2.8551051310506087E-001                  2.0170707051103909E-002                  1.3674705330553533E-012                  0.0000000000000000E+000                  0.0000000000000000E+000 
                                     534                  1.6525106891591894E+000                  6.3778100573278873E-001                  5.9206824834101273E+000                 -2.0584824886599011E+000                  1.1984217957168179E+001                  6.9431877984383528E-001                  2.8551051310506087E-001                  2.0170707051103909E-002                  1.5874406331487193E-012                  0.0000000000000000E+000                  0.0000000000000000E+000 
                                     535                  1.6479802158529551E+000                  6.3648370131115239E-001                  5.9257666014787338E+000                 -2.0507842891083605E+000                  1.1997038621453061E+001                  6.9431877984383528E-001                  2.8551051310506087E-001                  2.0170707051103909E-002                  1.8438438020304179E-012                  0.0000000000000000E+000                  0.0000000000000000E+000 
                                     536                  1.6387619327935057E+000                  6.3385504021598915E-001                  5.9308228003002981E+000                 -2.0430509321720729E+000                  1.2009865953322507E+001                  6.9431877984383528E-001                  2.8551051310506087E-001                  2.0170707051103909E-002                  2.1391335552215938E-012                  0.0000000000000000E+000                  0.0000000000000000E+000 
                                     537                  1.6340731754726556E+000                  6.3252350182979278E-001                  5.9359224186459993E+000                 -2.0353278511859925E+000                  1.2022727086148610E+001                  6.9431877984383528E-001                  2.8551051310506087E-001                  2.0170707051103909E-002                  2.4830921393522639E-012                  0.0000000000000000E+000                  0.0000000000000000E+000 
                                     538                  1.6245340546617113E+000                  6.2982500758573368E-001                  5.9409949436906411E+000                 -2.0275676739744837E+000                  1.2035597675973086E+001                  6.9431877984383528E-001                  2.8551051310506087E-001                  2.0170707051103909E-002                  2.8790485918967222E-012                  0.0000000000000000E+000                  0.0000000000000000E+000 
                                     539                  1.6196827394943307E+000                  6.2845785938000220E-001                  5.9461107226735335E+000                 -2.0198184436338047E+000                  1.2048501251809991E+001                  6.9431877984383528E-001                  2.8551051310506087E-001                  2.0170707051103909E-002                  3.3399514025559818E-012                  0.0000000000000000E+000                  0.0000000000000000E+000 
                                     540                  1.6098142170924039E+000                  6.2568670033392848E-001                  5.9512002604900722E+000                 -2.0120300976542618E+000                  1.2061417181570363E+001                  6.9431877984383528E-001                  2.8551051310506087E-001                  2.0170707051103909E-002                  3.8703190591038523E-012                  0.0000000000000000E+000                  0.0000000000000000E+000 
                                     541                  1.6047960559510341E+000                  6.2428248546612741E-001                  5.9563328780789666E+000                 -2.0042534107411725E+000                  1.2074365234236836E+001                  6.9431877984383528E-001                  2.8551051310506087E-001                  2.0170707051103909E-002                  4.4872686770638154E-012                  0.0000000000000000E+000                  0.0000000000000000E+000 
                                     542                  1.5945895480464543E+000                  6.2143566081864610E-001                  5.9614401503395413E+000                 -1.9964355134397145E+000                  1.2087328657338512E+001                  6.9431877984383528E-001                  2.8551051310506087E-001                  2.0170707051103909E-002                  5.1969366770413351E-012                  0.0000000000000000E+000                  0.0000000000000000E+000 
                                     543                  1.5894002470437472E+000                  6.1999283407511441E-001                  5.9665903261274105E+000                 -1.9886300313140901E+000                  1.2100323294887167E+001                  6.9431877984383528E-001                  2.8551051310506087E-001                  2.0170707051103909E-002                  6.0219213627794532E-012                  0.0000000000000000E+000                  0.0000000000000000E+000 
                                     544                  1.5788471668418160E+000                  6.1706715801133660E-001                  5.9717161077360004E+000                 -1.9807811639976614E+000                  1.2113336452555737E+001                  6.9431877984383528E-001                  2.8551051310506087E-001                  2.0170707051103909E-002                  6.9705622616234986E-012                  0.0000000000000000E+000                  0.0000000000000000E+000 
                                     545                  1.5734824350984655E+000                  6.1558407735738485E-001                  5.9768846205752597E+000                 -1.9729455118147077E+000                  1.2126379874056799E+001                  6.9431877984383528E-001                  2.8551051310506087E-001                  2.0170707051103909E-002                  8.0726561344921773E-012                  0.0000000000000000E+000                  0.0000000000000000E+000 
                                     546                  1.5625742111404139E+000                  6.1257616113963620E-001                  5.9820297598427032E+000                 -1.9650642196716099E+000                  1.2139445113439795E+001                  6.9431877984383528E-001                  2.8551051310506087E-001                  2.0170707051103909E-002                  9.3395464844694369E-012                  0.0000000000000000E+000                  0.0000000000000000E+000 
                                     547                  1.5570297702194826E+000                  6.1105107820976645E-001                  5.9872174674884109E+000                 -1.9571969891354668E+000                  1.2152539627506998E+001                  6.9431877984383528E-001                  2.8551051310506087E-001                  2.0170707051103909E-002                  1.0810472615306758E-011                  0.0000000000000000E+000                  0.0000000000000000E+000 
                                     548                  1.5457578656422142E+000                  6.0795730984976148E-001                  5.9923829018361401E+000                 -1.9492817722736779E+000                  1.2165659421995686E+001                  6.9431877984383528E-001                  2.8551051310506087E-001                  2.0170707051103909E-002                  1.2500879368655628E-011                  0.0000000000000000E+000                  0.0000000000000000E+000 
                                     549                  1.5400294593576898E+000                  6.0638835912773670E-001                  5.9975907559415287E+000                 -1.9413815050776932E+000                  1.2178807467628920E+001                  6.9431877984383528E-001                  2.8551051310506087E-001                  2.0170707051103909E-002                  1.4462378931234751E-011                  0.0000000000000000E+000                  0.0000000000000000E+000 
                                     550                  1.5283853921284236E+000                  6.0320488044029152E-001                  6.0045298306245591E+000                 -1.9307990617083683E+000                  1.2196382102862662E+001                  6.9431877984383528E-001                  2.8551051310506087E-001                  2.0170707051103909E-002                  1.7549863290195799E-011                  2.2227200770172812E-037                  0.0000000000000000E+000 
                                     551                  1.5164885411247133E+000                  5.9995931747200881E-001                  6.0114884919177696E+000                 -1.9201845495441767E+000                  1.2214008729233678E+001                  6.9431877984383528E-001                  2.8551051310506087E-001                  2.0170707051103909E-002                  2.1287848127345922E-011                  4.6551684325972602E-037                  0.0000000000000000E+000 
                                     552                  1.5043351984833144E+000                  5.9664974737206800E-001                  6.0167055360067003E+000                 -1.9121840065234763E+000                  1.2227266327292105E+001                  6.9431877984383528E-001                  2.8551051310506087E-001                  2.0170707051103909E-002                  2.4590833587092505E-011                  8.0831417672774499E-037                  0.0000000000000000E+000 
                                     553                  1.4981611930207248E+000                  5.9497043046011855E-001                  6.0219647260421274E+000                 -1.9042006532351645E+000                  1.2240549679218457E+001                  6.9431877984383528E-001                  2.8551051310506087E-001                  2.0170707051103909E-002                  2.8418675123485872E-011                  1.4064543652697434E-036                  0.0000000000000000E+000 
                                     554                  1.4856162345921671E+000                  5.9156103806878768E-001                  6.0280894096920168E+000                 -1.8948298334038125E+000                  1.2256092510371593E+001                  6.9431877984383528E-001                  2.8551051310506087E-001                  2.0170707051103909E-002                  3.3616551031030914E-011                  2.6738691646555030E-036                  0.0000000000000000E+000 
                                     555                  1.4760334084746318E+000                  5.8895876881035925E-001                  6.0324746837241445E+000                 -1.8881194735868858E+000                  1.2267222110935066E+001                  6.9431877984383528E-001                  2.8551051310506087E-001                  2.0170707051103909E-002                  3.7895813677788588E-011                  4.2279378091027639E-036                  0.0000000000000000E+000 
                                     556                  1.4695611100847710E+000                  5.8720186194091750E-001                  6.0359942021589728E+000                 -1.8827474320096127E+000                  1.2276141041400495E+001                  6.9431877984383528E-001                  2.8551051310506087E-001                  2.0170707051103909E-002                  4.1708555717777172E-011                  6.1002049047034693E-036                  0.0000000000000000E+000 
                                     557                  1.4630212962335623E+000                  5.8542693183676242E-001                  6.0412987395927393E+000                 -1.8746922874902250E+000                  1.2289542241577751E+001                  6.9431877984383528E-001                  2.8551051310506087E-001                  2.0170707051103909E-002                  4.8165588002181113E-011                  1.0579699795333866E-035                  0.0000000000000000E+000 
                                     558                  1.4497373668961164E+000                  5.8182156699214982E-001                  6.0465882020938837E+000                 -1.8665750654398074E+000                  1.2302990032533231E+001                  6.9431877984383528E-001                  2.8551051310506087E-001                  2.0170707051103909E-002                  5.5580519969396967E-011                  1.8283784553960136E-035                  0.0000000000000000E+000 
                                     559                  1.4429923828208471E+000                  5.7999073287182734E-001                  6.0501316315594611E+000                 -1.8611652722152336E+000                  1.2311970967902434E+001                  6.9431877984383528E-001                  2.8551051310506087E-001                  2.0170707051103909E-002                  6.1153686625383749E-011                  2.6343523285014710E-035                  0.0000000000000000E+000 
                                     560                  1.4361781465017633E+000                  5.7814062599750471E-001                  6.0554723372453632E+000                 -1.8530537325598135E+000                  1.2325465246440935E+001                  6.9431877984383528E-001                  2.8551051310506087E-001                  2.0170707051103909E-002                  7.0588324743765058E-011                  4.5592067594325834E-035                  0.0000000000000000E+000 
                                     561                  1.4223402240516174E+000                  5.7438100276602921E-001                  6.0608002252124491E+000                 -1.8448756567864457E+000                  1.2339012835001610E+001                  6.9431877984383528E-001                  2.8551051310506087E-001                  2.0170707051103909E-002                  8.1422696016290605E-011                  7.8645554435081286E-035                  0.0000000000000000E+000 
                                     562                  1.4153157024811736E+000                  5.7247103716751724E-001                  6.0661699745584148E+000                 -1.8367191588964338E+000                  1.2352581510130262E+001                  6.9431877984383528E-001                  2.8551051310506087E-001                  2.0170707051103909E-002                  9.3955568155419978E-011                  1.3591667420392913E-034                  0.0000000000000000E+000 
                                     563                  1.4010534857267649E+000                  5.6858847648403421E-001                  6.0733358068943302E+000                 -1.8257761831645740E+000                  1.2370746805656092E+001                  6.9431877984383528E-001                  2.8551051310506087E-001                  2.0170707051103909E-002                  1.1365474872903327E-010                  2.8113650220833074E-034                  0.0000000000000000E+000 
                                     564                  1.3865043601994658E+000                  5.6462021031628951E-001                  6.0805301259978517E+000                 -1.8147888018056186E+000                  1.2388985374528557E+001                  6.9431877984383528E-001                  2.8551051310506087E-001                  2.0170707051103909E-002                  1.3745524154067952E-010                  5.8091777264779801E-034                  0.0000000000000000E+000 
                                     565                  1.3716651914124034E+000                  5.6056303624751114E-001                  6.0877540789958440E+000                 -1.8037552195577311E+000                  1.2407300179190436E+001                  6.9431877984383528E-001                  2.8551051310506087E-001                  2.0170707051103909E-002                  1.6620884159016794E-010                  1.1992344156581279E-033                  0.0000000000000000E+000 
                                     566                  1.3565329419830043E+000                  5.5641355986570096E-001                  6.0950088761108754E+000                 -1.7926735121963322E+000                  1.2425694381265307E+001                  6.9431877984383528E-001                  2.8551051310506087E-001                  2.0170707051103909E-002                  2.0094489789424928E-010                  2.4735823539691033E-033                  0.0000000000000000E+000 
                                     567                  1.3411046807757208E+000                  5.5216817886187419E-001                  6.1022958012782516E+000                 -1.7815416152925958E+000                  1.2444171359339768E+001                  6.9431877984383528E-001                  2.8551051310506087E-001                  2.0170707051103909E-002                  2.4290778545026817E-010                  5.0982898147205804E-033                  0.0000000000000000E+000 
                                     568                  1.3253775928795690E+000                  5.4782306553391868E-001                  6.1077716638105297E+000                 -1.7731302142214742E+000                  1.2458102256168893E+001                  6.9431877984383528E-001                  2.8551051310506087E-001                  2.0170707051103909E-002                  2.7996472292290051E-010                  8.7574880958490624E-033                  0.0000000000000000E+000 
                                     569                  1.3174011436237318E+000                  5.4561202188566527E-001                  6.1114406033905286E+000                 -1.7675244516060835E+000                  1.2467406411604808E+001                  6.9431877984383528E-001                  2.8551051310506087E-001                  2.0170707051103909E-002                  3.0779005638386103E-010                  1.2567060447928795E-032                  0.0000000000000000E+000 
                                     570                  1.3093489901422239E+000                  5.4337450287742850E-001                  6.1151183784444303E+000                 -1.7619048482115207E+000                  1.2476733377821159E+001                  6.9431877984383528E-001                  2.8551051310506087E-001                  2.0170707051103909E-002                  3.3837510968068937E-010                  1.8031565357521910E-032                  0.0000000000000000E+000 
                                     571                  1.3012208180574760E+000                  5.4110995781912807E-001                  6.1188051858021328E+000                 -1.7562710865871765E+000                  1.2486083674009873E+001                  6.9431877984383528E-001                  2.8551051310506087E-001                  2.0170707051103909E-002                  3.7199450702541923E-010                  2.5869332094281993E-032                  0.0000000000000000E+000 
                                     572                  1.2930163223768485E+000                  5.3881781790022509E-001                  6.1225012297187886E+000                 -1.7506228379773623E+000                  1.2495457838225372E+001                  6.9431877984383528E-001                  2.8551051310506087E-001                  2.0170707051103909E-002                  4.0895049813960041E-010                  3.7110412300366314E-032                  0.0000000000000000E+000 
                                     573                  1.2847352078921672E+000                  5.3649749537806268E-001                  6.1262067223435794E+000                 -1.7449597617284041E+000                  1.2504856428274380E+001                  6.9431877984383528E-001                  2.8551051310506087E-001                  2.0170707051103909E-002                  4.4957579644304780E-010                  5.3231910680721607E-032                  0.0000000000000000E+000 
                                     574                  1.2763771895842619E+000                  5.3414838271827514E-001                  6.1299218842874339E+000                 -1.7392815049707635E+000                  1.2514280022663236E+001                  6.9431877984383528E-001                  2.8551051310506087E-001                  2.0170707051103909E-002                  4.9423671980795525E-010                  7.6352150440251525E-032                  0.0000000000000000E+000 
                                     575                  1.2679419930393292E+000                  5.3176985168412794E-001                  6.1336469450998488E+000                 -1.7335877022106225E+000                  1.2523729221603118E+001                  6.9431877984383528E-001                  2.8551051310506087E-001                  2.0170707051103909E-002                  5.4333666561591966E-010                  1.0950927833711479E-031                  0.0000000000000000E+000 
                                     576                  1.2594293548774318E+000                  5.2936125237145915E-001                  6.1373821437119522E+000                 -1.7278779747139426E+000                  1.2533204648077577E+001                  6.9431877984383528E-001                  2.8551051310506087E-001                  2.0170707051103909E-002                  5.9731995850560122E-010                  1.5706114994106508E-031                  0.0000000000000000E+000 
                                     577                  1.2508390231932225E+000                  5.2692191218621742E-001                  6.1411277289056745E+000                 -1.7221519298480079E+000                  1.2542706948974352E+001                  6.9431877984383528E-001                  2.8551051310506087E-001                  2.0170707051103909E-002                  6.5667611288497487E-010                  2.2525940364689040E-031                  0.0000000000000000E+000 
                                     578                  1.2421707580144952E+000                  5.2445113476194838E-001                  6.1448839598080749E+000                 -1.7164091601540281E+000                  1.2552236796286143E+001                  6.9431877984383528E-001                  2.8551051310506087E-001                  2.0170707051103909E-002                  7.2194455782556555E-010                  3.2307384019945661E-031                  0.0000000000000000E+000 
                                     579                  1.2334243317742277E+000                  5.2194819881276422E-001                  6.1486511063907949E+000                 -1.7106492424031596E+000                  1.2561794888391145E+001                  6.9431877984383528E-001                  2.8551051310506087E-001                  2.0170707051103909E-002                  7.9371987674902438E-010                  4.6337661318205723E-031                  0.0000000000000000E+000 
                                     580                  1.2245995297914962E+000                  5.1941235691538223E-001                  6.1524294500185812E+000                 -1.7048717371302440E+000                  1.2571381951419768E+001                  6.9431877984383528E-001                  2.8551051310506087E-001                  2.0170707051103909E-002                  8.7265762063173470E-010                  6.6464382756875479E-031                  0.0000000000000000E+000 
                                     581                  1.2156961507654465E+000                  5.1684283421298138E-001                  6.1562192840170553E+000                 -1.6990761877898717E+000                  1.2580998740711850E+001                  6.9431877984383528E-001                  2.8551051310506087E-001                  2.0170707051103909E-002                  9.5948076240055502E-010                  9.5340153410653844E-031                  0.0000000000000000E+000 
                                     582                  1.2067140072829017E+000                  5.1423882703686097E-001                  6.1600209143053251E+000                 -1.6932621198440352E+000                  1.2590646042371072E+001                  6.9431877984383528E-001                  2.8551051310506087E-001                  2.0170707051103909E-002                  1.0549868679682356E-009                  1.3677432590262273E-030                  0.0000000000000000E+000 
                                     583                  1.1976529263404556E+000                  5.1159950143979083E-001                  6.1638346600191731E+000                 -1.6874290396436100E+000                  1.2600324674926060E+001                  6.9431877984383528E-001                  2.8551051310506087E-001                  2.0170707051103909E-002                  1.1600560669298729E-009                  1.9623904652198853E-030                  0.0000000000000000E+000 
                                     584                  1.1885127498778278E+000                  5.0892399163396917E-001                  6.1676608540892524E+000                 -1.6815764329707088E+000                  1.2610035491110846E+001                  6.9431877984383528E-001                  2.8551051310506087E-001                  2.0170707051103909E-002                  1.2756599178832766E-009                  2.8159767373779813E-030                  0.0000000000000000E+000 
                                     585                  1.1792933353181079E+000                  5.0621139832637141E-001                  6.1724665812907409E+000                 -1.6742457200457406E+000                  1.2622212400207642E+001                  6.9431877984383528E-001                  2.8551051310506087E-001                  2.0170707051103909E-002                  1.4367301434016819E-009                  4.4255657969697120E-030                  0.0000000000000000E+000 
                                     586                  1.1653054292751994E+000                  5.0206778545785680E-001                  6.1782548034551050E+000                 -1.6653898795638751E+000                  1.2636905306487806E+001                  6.9431877984383528E-001                  2.8551051310506087E-001                  2.0170707051103909E-002                  1.6571742305566737E-009                  7.6127236546074068E-030                  0.0000000000000000E+000 
                                     587                  1.1511584815095672E+000                  4.9784121560767158E-001                  6.1830974923693773E+000                 -1.6579586594138234E+000                  1.2649220168043021E+001                  6.9431877984383528E-001                  2.8551051310506087E-001                  2.0170707051103909E-002                  1.8666502970662382E-009                  1.1963815265876396E-029                  0.0000000000000000E+000 
                                     588                  1.1416210185823352E+000                  4.9497056001656831E-001                  6.1869914567380100E+000                 -1.6519999039701321E+000                  1.2659106037145252E+001                  6.9431877984383528E-001                  2.8551051310506087E-001                  2.0170707051103909E-002                  2.0534596707279595E-009                  1.7187143228162125E-029                  0.0000000000000000E+000 
                                     589                  1.1320038572998026E+000                  4.9205775541700769E-001                  6.1918839335907006E+000                 -1.6445341291167861E+000                  1.2671506220773365E+001                  6.9431877984383528E-001                  2.8551051310506087E-001                  2.0170707051103909E-002                  2.3139281600097638E-009                  2.7052727840402146E-029                  0.0000000000000000E+000 
                                     590                  1.1174186355419544E+000                  4.8760373557713660E-001                  6.1977814892529919E+000                 -1.6355072104070365E+000                  1.2686481361529323E+001                  6.9431877984383528E-001                  2.8551051310506087E-001                  2.0170707051103909E-002                  2.6709093658692458E-009                  4.6640345734978550E-029                  0.0000000000000000E+000 
                                     591                  1.1026739109126382E+000                  4.8305434491011168E-001                  6.2027199444138867E+000                 -1.6279254112742565E+000                  1.2699044146272243E+001                  6.9431877984383528E-001                  2.8551051310506087E-001                  2.0170707051103909E-002                  3.0106494411355843E-009                  7.3462403674104765E-029                  0.0000000000000000E+000 
                                     592                  1.0927377855921669E+000                  4.7996102021012343E-001                  6.2076918286783505E+000                 -1.6203362763302407E+000                  1.2711648426380437E+001                  6.9431877984383528E-001                  2.8551051310506087E-001                  2.0170707051103909E-002                  3.3945896424046868E-009                  1.1585711908195594E-028                  0.0000000000000000E+000 
                                     593                  1.0776742733891214E+000                  4.7522649714796938E-001                  6.2126879961857382E+000                 -1.6126639004216683E+000                  1.2724360414659531E+001                  6.9431877984383528E-001                  2.8551051310506087E-001                  2.0170707051103909E-002                  3.8285338770147099E-009                  1.8283302094941442E-028                  0.0000000000000000E+000 
                                     594                  1.0675390993849085E+000                  4.7200953108821769E-001                  6.2156962374928284E+000                 -1.6080439128580817E+000                  1.2732014906374348E+001                  6.9431877984383528E-001                  2.8551051310506087E-001                  2.0170707051103909E-002                  4.1153053977014567E-009                  2.4043373514861892E-028                  0.0000000000000000E+000 
                                     595                  1.0624516329090745E+000                  4.7038485810775932E-001                  6.2187162182431086E+000                 -1.6034332718865960E+000                  1.2739672122580554E+001                  6.9431877984383528E-001                  2.8551051310506087E-001                  2.0170707051103909E-002                  4.4238466037968950E-009                  3.1630256341965880E-028                  0.0000000000000000E+000 
                                     596                  1.0521972988803858E+000                  4.6708925785390204E-001                  6.2227613522269927E+000                 -1.5972384681745695E+000                  1.2749947711204518E+001                  6.9431877984383528E-001                  2.8551051310506087E-001                  2.0170707051103909E-002                  4.8727195392475255E-009                  4.5628959985384172E-028                  0.0000000000000000E+000 
                                     597                  1.0418637057711131E+000                  4.6373920399400831E-001                  6.2278480091362214E+000                 -1.5894713054694483E+000                  1.2762846701900532E+001                  6.9431877984383528E-001                  2.8551051310506087E-001                  2.0170707051103909E-002                  5.4999402813857268E-009                  7.2218165070279665E-028                  0.0000000000000000E+000 
                                     598                  1.0262052315626529E+000                  4.5860472432458277E-001                  6.2329659440221006E+000                 -1.5816078568106560E+000                  1.2775873519015075E+001                  6.9431877984383528E-001                  2.8551051310506087E-001                  2.0170707051103909E-002                  6.2105180162328541E-009                  1.1443654490320700E-027                  0.0000000000000000E+000 
                                     599                  1.0156743148799614E+000                  4.5511087280018231E-001                  6.2381139704114164E+000                 -1.5737453864682491E+000                  1.2788930236131035E+001                  6.9431877984383528E-001                  2.8551051310506087E-001                  2.0170707051103909E-002                  7.0140696346712570E-009                  1.8148410136575266E-027                  0.0000000000000000E+000 
                                     600                  9.9974051378683115E-001                  4.4975845009464421E-001                  6.2432974432537556E+000                 -1.5657790809042642E+000                  1.2802126547081530E+001                  6.9431877984383528E-001                  2.8551051310506087E-001                  2.0170707051103909E-002                  7.9256338870102122E-009                  2.8824753391158897E-027                  0.0000000000000000E+000 
                                     601                  9.8901369976604592E-001                  4.4610879511533025E-001                  6.2464283528941991E+000                 -1.5609668420008416E+000                  1.2810097933008487E+001                  6.9431877984383528E-001                  2.8551051310506087E-001                  2.0170707051103909E-002                  8.5308624141894657E-009                  3.8084899249942924E-027                  0.0000000000000000E+000 
                                     602                  9.8361137932599485E-001                  4.4425606879753848E-001                  6.2495721020879538E+000                 -1.5561644056388255E+000                  1.2818072742286564E+001                  6.9431877984383528E-001                  2.8551051310506087E-001                  2.0170707051103909E-002                  9.1829643107043164E-009                  5.0340867635275583E-027                  0.0000000000000000E+000 
                                     603                  9.7276799737881414E-001                  4.4050644586358001E-001                  6.2527271694473594E+000                 -1.5513140854018601E+000                  1.2826106790526815E+001                  6.9431877984383528E-001                  2.8551051310506087E-001                  2.0170707051103909E-002                  9.8866263293521362E-009                  6.6568790571550612E-027                  0.0000000000000000E+000 
                                     604                  9.6732693587169305E-001                  4.3860914777338267E-001                  6.2558953878854373E+000                 -1.5464736921542723E+000                  1.2834144463680559E+001                  6.9431877984383528E-001                  2.8551051310506087E-001                  2.0170707051103909E-002                  1.0644998578675517E-008                  8.8065805863506815E-027                  0.0000000000000000E+000 
                                     605                  9.5636770862472908E-001                  4.3475427538021116E-001                  6.2612135215470319E+000                 -1.5383476804106653E+000                  1.2847637641030722E+001                  6.9431877984383528E-001                  2.8551051310506087E-001                  2.0170707051103909E-002                  1.2046625939255095E-008                  1.4066049862337837E-026                  0.0000000000000000E+000 
                                     606                  9.3977570770059604E-001                  4.2882973772554606E-001                  6.2665784715781312E+000                 -1.5300964954294374E+000                  1.2861303260897794E+001                  6.9431877984383528E-001                  2.8551051310506087E-001                  2.0170707051103909E-002                  1.3643006457128966E-008                  2.2519851190529785E-026                  0.0000000000000000E+000 
                                     607                  9.2862566455926732E-001                  4.2478631455633148E-001                  6.2698165882506407E+000                 -1.5251157696895099E+000                  1.2869552131978320E+001                  6.9431877984383528E-001                  2.8551051310506087E-001                  2.0170707051103909E-002                  1.4703898392515080E-008                  2.9890662605090928E-026                  0.0000000000000000E+000 
                                     608                  9.2303170311350435E-001                  4.2273817649939882E-001                  6.2730688475522163E+000                 -1.5201450466671473E+000                  1.2877805589166048E+001                  6.9431877984383528E-001                  2.8551051310506087E-001                  2.0170707051103909E-002                  1.5848607351249663E-008                  3.9692676507880868E-026                  0.0000000000000000E+000 
                                     609                  9.1176854354946291E-001                  4.1857295643946874E-001                  6.2774369007027575E+000                 -1.5134464349598438E+000                  1.2888913260699708E+001                  6.9431877984383528E-001                  2.8551051310506087E-001                  2.0170707051103909E-002                  1.7523725675184015E-008                  5.8035992888657897E-026                  0.0000000000000000E+000 
                                     610                  9.0043070967339911E-001                  4.1432253458495943E-001                  6.2818374655261460E+000                 -1.5066970227680359E+000                  1.2900104791994632E+001                  6.9431877984383528E-001                  2.8551051310506087E-001                  2.0170707051103909E-002                  1.9384437704519813E-008                  8.4990378911568415E-026                  0.0000000000000000E+000 
                                     611                  8.8901880479888074E-001                  4.0998348891479969E-001                  6.2862720009276467E+000                 -1.4998945093336329E+000                  1.2911383969452102E+001                  6.9431877984383528E-001                  2.8551051310506087E-001                  2.0170707051103909E-002                  2.1452770783514959E-008                  1.2467285825775059E-025                  0.0000000000000000E+000 
                                     612                  8.7753347466954601E-001                  4.0555218150795463E-001                  6.2907420644209191E+000                 -1.4930364368142777E+000                  1.2922754837504140E+001                  6.9431877984383528E-001                  2.8551051310506087E-001                  2.0170707051103909E-002                  2.3753619682952815E-008                  1.8321089903607306E-025                  0.0000000000000000E+000 
                                     613                  8.6597540899498493E-001                  4.0102473986460752E-001                  6.2952493211754108E+000                 -1.4861201754589308E+000                  1.2934221722171372E+001                  6.9431877984383528E-001                  2.8551051310506087E-001                  2.0170707051103909E-002                  2.6315164878024116E-008                  2.6974821802599821E-025                  0.0000000000000000E+000 
                                     614                  8.5434534305415444E-001                  3.9639703616348992E-001                  6.2997955540668595E+000                 -1.4791429075328260E+000                  1.2945789257345480E+001                  6.9431877984383528E-001                  2.8551051310506087E-001                  2.0170707051103909E-002                  2.9169360149742700E-008                  3.9796778318891491E-025                  0.0000000000000000E+000 
                                     615                  8.4264405936973130E-001                  3.9166466416978191E-001                  6.3043826749491769E+000                 -1.4721016095336432E+000                  1.2957462414189287E+001                  6.9431877984383528E-001                  2.8551051310506087E-001                  2.0170707051103909E-002                  3.2352502685962617E-008                  5.8840629730348507E-025                  0.0000000000000000E+000 
                                     616                  8.3087238944305208E-001                  3.8682291345811209E-001                  6.3090127374199083E+000                 -1.4649930327061664E+000                  1.2969246534110107E+001                  6.9431877984383528E-001                  2.8551051310506087E-001                  2.0170707051103909E-002                  3.5905901714507174E-008                  8.7198498684122982E-025                  0.0000000000000000E+000 
                                     617                  8.1903121555999225E-001                  3.8186674056473136E-001                  6.3136879511869024E+000                 -1.4578136802071300E+000                  1.2981147365832785E+001                  6.9431877984383528E-001                  2.8551051310506087E-001                  2.0170707051103909E-002                  3.9876665279754087E-008                  1.2954178671524623E-024                  0.0000000000000000E+000 
                                     618                  8.0712147267281498E-001                  3.7679073663018003E-001                  6.3184106981297967E+000                 -1.4505597815165117E+000                  1.2993171107195137E+001                  6.9431877984383528E-001                  2.8551051310506087E-001                  2.0170707051103909E-002                  4.4318628993944633E-008                  1.9295318606626130E-024                  0.0000000000000000E+000 
                                     619                  7.9514415036222774E-001                  3.7158909100498494E-001                  6.3231835504339022E+000                 -1.4432272636927501E+000                  1.3005324452401743E+001                  6.9431877984383528E-001                  2.8551051310506087E-001                  2.0170707051103909E-002                  4.9293456322691498E-008                  2.8821254771721058E-024                  0.0000000000000000E+000 
                                     620                  7.8310029488466215E-001                  3.6625555019602019E-001                  6.3280092914074038E+000                 -1.4358117192302511E+000                  1.3017614645607837E+001                  6.9431877984383528E-001                  2.8551051310506087E-001                  2.0170707051103909E-002                  5.4871947240862702E-008                  4.3179401541950849E-024                  0.0000000000000000E+000 
                                     621                  7.7099101131230952E-001                  3.6078337141367089E-001                  6.3328909393197241E+000                 -1.4283083693222873E+000                  1.3030049541875288E+001                  6.9431877984383528E-001                  2.8551051310506087E-001                  2.0170707051103909E-002                  6.1135600967622041E-008                  6.4898411307427922E-024                  0.0000000000000000E+000 
                                     622                  7.5881746576613318E-001                  3.5516526984382152E-001                  6.3378317743591150E+000                 -1.4207120216261564E+000                  1.3042637676747662E+001                  6.9431877984383528E-001                  2.8551051310506087E-001                  2.0170707051103909E-002                  6.8178489615775500E-008                  9.7877735203876312E-024                  0.0000000000000000E+000 
                                     623                  7.4658088774811038E-001                  3.4939335860314436E-001                  6.3428353693618140E+000                 -1.4130170218844853E+000                  1.3055388345939356E+001                  6.9431877984383528E-001                  2.8551051310506087E-001                  2.0170707051103909E-002                  7.6109514587852375E-008                  1.4816086600603838E-023                  0.0000000000000000E+000 
                                     624                  7.3428257257984109E-001                  3.4345908012477860E-001                  6.3479056256630013E+000                 -1.4052171983787782E+000                  1.3068311696944075E+001                  6.9431877984383528E-001                  2.8551051310506087E-001                  2.0170707051103909E-002                  8.5055137693276361E-008                  2.2516450302945877E-023                  0.0000000000000000E+000 
                                     625                  7.2192388395404905E-001                  3.3735312746217727E-001                  6.3530468149241006E+000                 -1.3973057988413466E+000                  1.3081418834755054E+001                  6.9431877984383528E-001                  2.8551051310506087E-001                  2.0170707051103909E-002                  9.5162703497913943E-008                  3.4364591237579535E-023                  0.0000000000000000E+000 
                                     626                  7.0950625660613564E-001                  3.3106535366435252E-001                  6.3582636271067940E+000                 -1.3892754172471091E+000                  1.3094721944374973E+001                  6.9431877984383528E-001                  2.8551051310506087E-001                  2.0170707051103909E-002                  1.0660450123008825E-007                  5.2687506067458697E-023                  0.0000000000000000E+000 
                                     627                  6.9703119911126232E-001                  3.2458466698492644E-001                  6.3635612259062908E+000                 -1.3811179075904569E+000                  1.3108234433401115E+001                  6.9431877984383528E-001                  2.8551051310506087E-001                  2.0170707051103909E-002                  1.1958275913713571E-007                  8.1178990128245874E-023                  0.0000000000000000E+000 
                                     628                  6.8450029681819713E-001                  3.1789890919963598E-001                  6.3689453141228016E+000                 -1.3728242817812564E+000                  1.3121971098739085E+001                  6.9431877984383528E-001                  2.8551051310506087E-001                  2.0170707051103909E-002                  1.3433582453980795E-007                  1.2574461174372883E-022                  0.0000000000000000E+000 
                                     629                  6.7191521493040429E-001                  3.1099471367830128E-001                  6.3730566136808351E+000                 -1.3664631893190913E+000                  1.3132488757111110E+001                  6.9431877984383528E-001                  2.8551051310506087E-001                  2.0170707051103909E-002                  1.4678209432240718E-007                  1.7543852151632548E-022                  0.0000000000000000E+000 
                                     630                  6.6559645833650305E-001                  3.0745289009299237E-001                  6.3772000816480130E+000                 -1.3601035669697188E+000                  1.3143038243901032E+001                  6.9431877984383528E-001                  2.8551051310506087E-001                  2.0170707051103909E-002                  1.6043287583282097E-007                  2.4512714268577867E-022                  0.0000000000000000E+000 
                                     631                  6.5293364689299527E-001                  3.0019293718236928E-001                  6.3814235774835932E+000                 -1.3535643256988661E+000                  1.3153848284551307E+001                  6.9431877984383528E-001                  2.8551051310506087E-001                  2.0170707051103909E-002                  1.7563164902773185E-007                  3.4439856049378297E-022                  0.0000000000000000E+000 
                                     632                  6.4658959204337541E-001                  2.9647127174388505E-001                  6.3856826249451943E+000                 -1.3470243674433380E+000                  1.3164695834527999E+001                  6.9431877984383528E-001                  2.8551051310506087E-001                  2.0170707051103909E-002                  1.9234127043428252E-007                  4.8467223450688802E-022                  0.0000000000000000E+000 
                                     633                  6.3385281069605892E-001                  2.8881679119999731E-001                  6.3914834849914319E+000                 -1.3380749637092051E+000                  1.3179512629906315E+001                  6.9431877984383528E-001                  2.8551051310506087E-001                  2.0170707051103909E-002                  2.1761356682223841E-007                  7.7061872028411537E-022                  0.0000000000000000E+000 
                                     634                  6.2106937640639859E-001                  2.8087450666625069E-001                  6.3974106664051087E+000                 -1.3289268945076083E+000                  1.3194656706725578E+001                  6.9431877984383528E-001                  2.8551051310506087E-001                  2.0170707051103909E-002                  2.4674551210581610E-007                  1.2351604893741208E-021                  0.0000000000000000E+000 
                                     635                  6.0824140569035479E-001                  2.7262180926483276E-001                  6.4019645873964119E+000                 -1.3218636756082069E+000                  1.3206327067732378E+001                  6.9431877984383528E-001                  2.8551051310506087E-001                  2.0170707051103909E-002                  2.7167784836176008E-007                  1.7723948271107167E-021                  0.0000000000000000E+000 
                                     636                  6.0180626138001947E-001                  2.6836841783303794E-001                  6.4050336923978701E+000                 -1.3171241657317383E+000                  1.3214172011864772E+001                  6.9431877984383528E-001                  2.8551051310506087E-001                  2.0170707051103909E-002                  2.8982363265610291E-007                  2.2591205841676333E-021                  0.0000000000000000E+000 
                                     637                  5.9537111706968382E-001                  2.6403454522494874E-001                  6.4096888283446694E+000                 -1.3099669949356543E+000                  1.3226040141149040E+001                  6.9431877984383528E-001                  2.8551051310506087E-001                  2.0170707051103909E-002                  3.1957961287886956E-007                  3.2604958584102222E-021                  0.0000000000000000E+000 
                                     638                  5.8246083550675010E-001                  2.5508143621352108E-001                  6.4160681032997742E+000                 -1.3001082425292920E+000                  1.3242355202212050E+001                  6.9431877984383528E-001                  2.8551051310506087E-001                  2.0170707051103909E-002                  3.6523708935420830E-007                  5.3802437803310592E-021                  0.0000000000000000E+000 
                                     639                  5.6951299709660463E-001                  2.4573113692319754E-001                  6.4209953946693537E+000                 -1.2924527223452893E+000                  1.3254997933256265E+001                  6.9431877984383528E-001                  2.8551051310506087E-001                  2.0170707051103909E-002                  4.0479668583850827E-007                  7.9094704440711641E-021                  0.0000000000000000E+000 
                                     640                  5.6302157556684562E-001                  2.4089331368076727E-001                  6.4243243908966452E+000                 -1.2873048881864539E+000                  1.3263515817553696E+001                  6.9431877984383528E-001                  2.8551051310506087E-001                  2.0170707051103909E-002                  4.3381199910920350E-007                  1.0252691695699486E-020                  0.0000000000000000E+000 
                                     641                  5.5653015403708594E-001                  2.3594820716099899E-001                  6.4293869002022364E+000                 -1.2795137482000662E+000                  1.3276432798554104E+001                  6.9431877984383528E-001                  2.8551051310506087E-001                  2.0170707051103909E-002                  4.8178399646946299E-007                  1.5192771721791791E-020                  0.0000000000000000E+000 
                                     642                  5.4351497989742514E-001                  2.2568612096201371E-001                  6.4346323412040372E+000                 -1.2713530809913285E+000                  1.3289904563715561E+001                  6.9431877984383528E-001                  2.8551051310506087E-001                  2.0170707051103909E-002                  5.3699498950682930E-007                  2.2804533349640617E-020                  0.0000000000000000E+000 
                                     643                  5.3699262754689436E-001                  2.2035916315381363E-001                  6.4399525587195514E+000                 -1.2631609798631305E+000                  1.3303485000933483E+001                  6.9431877984383528E-001                  2.8551051310506087E-001                  2.0170707051103909E-002                  5.9910275470702808E-007                  3.4366115457132919E-020                  0.0000000000000000E+000 
                                     644                  5.2393462427099691E-001                  2.0928582013687552E-001                  6.4473180651348088E+000                 -1.2517513928982467E+000                  1.3322355215886317E+001                  6.9431877984383528E-001                  2.8551051310506087E-001                  2.0170707051103909E-002                  6.9676602375446033E-007                  6.0481277756115371E-020                  0.0000000000000000E+000 
                                     645                  5.1085156016631272E-001                  1.9759525254006549E-001                  6.4530736056458204E+000                 -1.2427792227713876E+000                  1.3337157916876391E+001                  6.9431877984383528E-001                  2.8551051310506087E-001                  2.0170707051103909E-002                  7.8372376137258429E-007                  9.3880668677999022E-020                  0.0000000000000000E+000 
                                     646                  5.0430414698699555E-001                  1.9150004792821992E-001                  6.4569854597415928E+000                 -1.2367147778690957E+000                  1.3347186071624158E+001                  6.9431877984383528E-001                  2.8551051310506087E-001                  2.0170707051103909E-002                  8.4865081445974397E-007                  1.2643341970815246E-019                  0.0000000000000000E+000 
                                     647                  4.9774658086960893E-001                  1.8521712164650470E-001                  6.4629722364543856E+000                 -1.2274852956757669E+000                  1.3362483116747004E+001                  6.9431877984383528E-001                  2.8551051310506087E-001                  2.0170707051103909E-002                  9.5807233042783315E-007                  1.9904131498701554E-019                  0.0000000000000000E+000 
                                     648                  4.8462298161883038E-001                  1.7205598534590372E-001                  6.4692703686122384E+000                 -1.2176477232226268E+000                  1.3378703939648014E+001                  6.9431877984383528E-001                  2.8551051310506087E-001                  2.0170707051103909E-002                  1.0881835643042531E-006                  3.2022966787500511E-019                  0.0000000000000000E+000 
                                     649                  4.7805694848544927E-001                  1.6515505799122146E-001                  6.4735671223245470E+000                 -1.2109766510975475E+000                  1.3389730977577340E+001                  6.9431877984383528E-001                  2.8551051310506087E-001                  2.0170707051103909E-002                  1.1864645572424838E-006                  4.4234250321486492E-019                  0.0000000000000000E+000 
                                     650                  4.7148421472891355E-001                  1.5801439000423934E-001                  6.4779787425228008E+000                 -1.2041243105587607E+000                  1.3401056379709502E+001                  6.9431877984383528E-001                  2.8551051310506087E-001                  2.0170707051103909E-002                  1.2962816641293993E-006                  6.1566442984544792E-019                  0.0000000000000000E+000 
                                     651                  4.6491148097237872E-001                  1.5062378007898075E-001                  6.4847647170157066E+000                 -1.1936501232596790E+000                  1.3418413048898056E+001                  6.9431877984383528E-001                  2.8551051310506087E-001                  2.0170707051103909E-002                  1.4843709265064883E-006                  1.0214635991387594E-018                  0.0000000000000000E+000 
                                     652                  4.5175631421497797E-001                  1.3499512582655482E-001                  6.4920060895242475E+000                 -1.1823026827485053E+000                  1.3437105091749963E+001                  6.9431877984383528E-001                  2.8551051310506087E-001                  2.0170707051103909E-002                  1.7147642227954123E-006                  1.7490951793973925E-018                  0.0000000000000000E+000 
                                     653                  4.4517582126624106E-001                  1.2672060714459180E-001                  6.4969791843632247E+000                 -1.1745634055171996E+000                  1.3449890020391262E+001                  6.9431877984383528E-001                  2.8551051310506087E-001                  2.0170707051103909E-002                  1.8923663379524399E-006                  2.5261157215610490E-018                  0.0000000000000000E+000 
                                     654                  4.3859532831750370E-001                  1.1810402308832284E-001                  6.5021251789248797E+000                 -1.1665507170281080E+000                  1.3463124748439791E+001                  6.9431877984383528E-001                  2.8551051310506087E-001                  2.0170707051103909E-002                  2.0948145477953853E-006                  3.6900163754932059E-018                  0.0000000000000000E+000 
                                     655                  4.3201395968594009E-001                  1.0911349477496135E-001                  6.5061334216436606E+000                 -1.1602809838699477E+000                  1.3473462389249198E+001                  6.9431877984383528E-001                  2.8551051310506087E-001                  2.0170707051103909E-002                  2.2669824593847783E-006                  4.9523492479266005E-018                  0.0000000000000000E+000 
                                     656                  4.2872327537016125E-001                  1.0446844890825008E-001                  6.5102054818691775E+000                 -1.1539614214418505E+000                  1.3483915787547827E+001                  6.9431877984383528E-001                  2.8551051310506087E-001                  2.0170707051103909E-002                  2.4555614623359926E-006                  6.6709641676840080E-018                  0.0000000000000000E+000 
                                     657                  4.2214253533706564E-001                  9.4852566525154114E-002                  6.5158635178947657E+000                 -1.1451384127070019E+000                  1.3498483350036800E+001                  6.9431877984383528E-001                  2.8551051310506087E-001                  2.0170707051103909E-002                  2.7431639288760047E-006                  1.0077456106010777E-017                  0.0000000000000000E+000 
                                     658                  4.1556242390243792E-001                  8.4767756776736994E-002                  6.5232281598257433E+000                 -1.1336971715887501E+000                  1.3517404261833461E+001                  6.9431877984383528E-001                  2.8551051310506087E-001                  2.0170707051103909E-002                  3.1662173160139900E-006                  1.7194318080500635E-017                  0.0000000000000000E+000 
                                     659                  4.0569575139127950E-001                  6.8648951436673031E-002                  6.5311468492310336E+000                 -1.1212674689138149E+000                  1.3537877486254246E+001                  6.9431877984383528E-001                  2.8551051310506087E-001                  2.0170707051103909E-002                  3.6922910493583024E-006                  3.0450608581923344E-017                  0.0000000000000000E+000 
                                     660                  3.9911913459743698E-001                  5.7160645223205291E-002                  6.5377934752032365E+000                 -1.1108779959899979E+000                  1.3555020854738702E+001                  6.9431877984383528E-001                  2.8551051310506087E-001                  2.0170707051103909E-002                  4.1976582049780716E-006                  4.9064509192387462E-017                  0.0000000000000000E+000 
                                     661                  3.9254836048329544E-001                  4.5000478713574148E-002                  6.5428646001045596E+000                 -1.0912086128315350E+000                  1.3568667038637246E+001                  6.6149976821982748E-001                  3.1793841517247901E-001                  2.0561816607693517E-002                  4.3155814858199130E-006                  5.3217382101987595E-019                  0.0000000000000000E+000 
                                     662                  3.8926297342622956E-001                  3.8808012367599988E-002                  6.5462646617635274E+000                 -1.0851413776959948E+000                  1.3577969015138184E+001                  6.6087226668493293E-001                  3.1856650416860222E-001                  2.0561229146464854E-002                  4.6054651254036457E-006                  6.8241236632277334E-019                  0.0000000000000000E+000 
                                     663                  3.8597758636916396E-001                  3.2430528973972646E-002                  6.5513923727194054E+000                 -1.0757443682401757E+000                  1.3592236041597728E+001                  6.5990796844396449E-001                  3.1953173023694098E-001                  2.0560301319094476E-002                  5.0810473458967981E-006                  9.9242556744851055E-019                  0.0000000000000000E+000 
                                     664                  3.7941512011809453E-001                  1.9089411318233534E-002                  6.5566469762591684E+000                 -1.0654044191726912E+000                  1.3607556457152674E+001                  6.5891254929557075E-001                  3.2052815416951236E-001                  2.0559296534916838E-002                  5.6264833441175825E-006                  1.4567103642281537E-018                  0.0000000000000000E+000 
                                     665                  3.7613388699256173E-001                  1.2100182082904464E-002                  6.5619447659753254E+000                 -1.0547914098118272E+000                  1.3623178672594547E+001                  6.5787828759832701E-001                  3.2156351018105517E-001                  2.0558202220617883E-002                  6.2355432174977651E-006                  2.1428352499409044E-018                  0.0000000000000000E+000 
                                     666                  3.6957686940143325E-001                 -2.5840676898673770E-003                  6.5674263725882138E+000                 -1.0430510667048283E+000                  1.3640095838925067E+001                  6.5681508592363347E-001                  3.2262787964902723E-001                  2.0557034427339360E-002                  6.9448687562649163E-006                  3.1949003926802051E-018                  0.0000000000000000E+000 
                                     667                  3.6630108493583580E-001                 -1.0301223118071254E-002                  6.5711364379124761E+000                 -1.0349379484096779E+000                  1.3651703633967507E+001                  6.5607419672049683E-001                  3.2336964320842676E-001                  2.0556160071076413E-002                  7.4709451489828240E-006                  4.1852366696640078E-018                  0.0000000000000000E+000 
                                     668                  3.6302530047023823E-001                 -1.8297929096252746E-002                  6.5749199433929872E+000                 -1.0264457522720503E+000                  1.3663754134631604E+001                  6.5530978631002623E-001                  3.2413499473102375E-001                  2.0555218958949961E-002                  8.0508646239890376E-006                  5.5108416471138749E-018                  0.0000000000000000E+000 
                                     669                  3.5974951600464072E-001                 -2.6593634933099252E-002                  6.5787815824568581E+000                 -1.0175550824815429E+000                  1.3676271547043667E+001                  6.5452251618427093E-001                  3.2492326939621513E-001                  2.0554214419513883E-002                  8.6918380391266839E-006                  7.2961838553979502E-018                  0.0000000000000000E+000 
                                     670                  3.5648054094438636E-001                 -3.5191587421815211E-002                  6.5827304589452638E+000                 -1.0082369995111484E+000                  1.3689294765782590E+001                  6.5371506119704670E-001                  3.2573179854512702E-001                  2.0553140257826286E-002                  9.4030803824350166E-006                  9.7182887370299471E-018                  0.0000000000000000E+000 
                                     671                  3.5321156588413161E-001                 -4.4132462061634320E-002                  6.5867810561852789E+000                 -9.9844610150211877E-001                  1.3702883330477912E+001                  6.5288659364746526E-001                  3.2656141094816055E-001                  2.0551995404374246E-002                  1.0196508023653661E-005                  1.3035870779918112E-017                  0.0000000000000000E+000 
                                     672                  3.4994259082387680E-001                 -5.3442681750309744E-002                  6.5909449704500940E+000                 -9.8813695486872899E-001                  1.3717089511105453E+001                  6.5202368677624312E-001                  3.2742557764599167E-001                  2.0550735577765211E-002                  1.1085416358220802E-005                  1.7625366428919571E-017                  0.0000000000000000E+000 
                                     673                  3.4667361576362199E-001                 -6.3151648505818669E-002                  6.5952297655782566E+000                 -9.7727947283260441E-001                  1.3731954077610252E+001                  6.5113590104981289E-001                  3.2831454635206631E-001                  2.0549552598120746E-002                  1.2085262376446519E-005                  2.4025088590074986E-017                  0.0000000000000000E+000 
                                     674                  3.4341288111147178E-001                 -7.3266226275718035E-002                  6.6007470813654425E+000                 -9.6304084947097046E-001                  1.3751350540183072E+001                  6.4999694346620107E-001                  3.2945534649214131E-001                  2.0547710041657563E-002                  1.3510243344436926E-005                  3.5789248450416276E-017                  0.0000000000000000E+000 
                                     675                  3.3852177913323406E-001                 -8.9333360073326901E-002                  6.6065812036072735E+000                 -9.4734672395289798E-001                  1.3772508654485653E+001                  6.4884539862589341E-001                  3.3060896465614048E-001                  2.0545636717966165E-002                  1.5218726282699733E-005                  5.4538645872281114E-017                  0.0000000000000000E+000 
                                     676                  3.3526104448108407E-001                 -1.0069409083683649E-001                  6.6102208536609321E+000                 -9.3735443818596709E-001                  1.3785924143001116E+001                  6.4817685783961010E-001                  3.3127878735117583E-001                  2.0544354809214127E-002                  1.6398933004588086E-005                  7.0902295761085270E-017                  0.0000000000000000E+000 
                                     677                  3.3363067715499856E-001                 -1.0658722371522672E-001                  6.6139183702469309E+000                 -9.2720705411120763E-001                  1.3799559596880446E+001                  6.4752827554967551E-001                  3.3192868053293867E-001                  2.0543043917385817E-002                  1.7690167801276290E-005                  9.2499747782776025E-017                  0.0000000000000000E+000 
                                     678                  3.3037968881905277E-001                 -1.1880512017400997E-001                  6.6190694182941376E+000                 -9.1259576768464890E-001                  1.3818935835511382E+001                  6.4636770706862778E-001                  3.3309188585462873E-001                  2.0540407076743428E-002                  1.9660535511665551E-005                  1.3405108240666233E-016                  0.0000000000000000E+000 
                                     679                  3.2712870048310683E-001                 -1.3168827772447567E-001                  6.6239179421289300E+000                 -8.9845341139744939E-001                  1.3837499244274065E+001                  6.4510406098826534E-001                  3.3435824433454442E-001                  2.0537694677190244E-002                  2.1716653531484541E-005                  1.9000253769774797E-016                  0.0000000000000000E+000 
                                     680                  3.2454305312612253E-001                 -1.4245161279435814E-001                  6.6272726456373565E+000                 -8.8848714802338014E-001                  1.3850530377979418E+001                  6.4425428392493367E-001                  3.3521010990151079E-001                  2.0535606173555543E-002                  2.3271320793575956E-005                  2.4188009560386733E-016                  0.0000000000000000E+000 
                                     681                  3.2325022944763465E-001                 -1.4801728197234801E-001                  6.6295530853922369E+000                 -8.8169111725431704E-001                  1.3859411599234754E+001                  6.4368286501066985E-001                  3.3578305997762931E-001                  2.0534075011700903E-002                  2.4390916025921018E-005                  2.8498076751103090E-016                  0.0000000000000000E+000 
                                     682                  3.2195740576914650E-001                 -1.5371385204029778E-001                  6.6330429570684917E+000                 -8.7126665059668829E-001                  1.3873036906301570E+001                  6.4283815009216272E-001                  3.3663010739485738E-001                  2.0531742512979845E-002                  2.6210053182188167E-005                  3.6608271954730243E-016                  0.0000000000000000E+000 
                                     683                  3.1937175841216220E-001                 -1.6552772089331047E-001                  6.6379155169953679E+000                 -8.5638408075008132E-001                  1.3892380452164415E+001                  6.4164827554013804E-001                  3.3782359698542924E-001                  2.0528127474432667E-002                  2.8992763845419892E-005                  5.1941161666905001E-016                  0.0000000000000000E+000 
                                     684                  3.1678611105517768E-001                 -1.7793954487936925E-001                  6.6416279993608720E+000                 -8.4478259347527207E-001                  1.3907379265388727E+001                  6.4074742128229090E-001                  3.3872741902362047E-001                  2.0525159694088635E-002                  3.1322978747011446E-005                  6.7805224704486673E-016                  0.0000000000000000E+000 
                                     685                  3.1562064630024445E-001                 -1.8374169385264200E-001                  6.6451561198538123E+000                 -8.3380887995548847E-001                  1.3921586975106793E+001                  6.3990565702528623E-001                  3.3957193905135113E-001                  2.0522403923362686E-002                  3.3702978285772002E-005                  8.7279296697244689E-016                  0.0000000000000000E+000 
                                     686                  3.1328971679035850E-001                 -1.9577261432266146E-001                  6.6488629836492912E+000                 -8.2198675579927893E-001                  1.3936817211065446E+001                  6.3906220874590680E-001                  3.4041813463040888E-001                  2.0519656623684268E-002                  3.6421866261809080E-005                  1.1377255811529299E-015                  0.0000000000000000E+000 
                                     687                  3.1212425203542521E-001                 -2.0200908983077465E-001                  6.6516075150001193E+000                 -8.1322856554669554E-001                  1.3948100093847229E+001                  6.3844220311139821E-001                  3.4104020079836966E-001                  2.0517596090232182E-002                  3.8572075135510270E-005                  1.3838943570177460E-015                  0.0000000000000000E+000 
                                     688                  3.1075894441214352E-001                 -2.0951690815373661E-001                  6.6546577213820139E+000                 -8.0341326492280862E-001                  1.3960735598727055E+001                  6.3779790336175712E-001                  3.4168647915958267E-001                  2.0515617478660264E-002                  4.1120107054776867E-005                  1.7194116905228582E-015                  0.0000000000000000E+000 
                                     689                  3.0939363678886206E-001                 -2.1725372640594118E-001                  6.6593654257135038E+000                 -7.8826030453072526E-001                  1.3980261755833933E+001                  6.3686349566101130E-001                  3.4262353696667991E-001                  2.0512967372308788E-002                  4.5385932588120572E-005                  2.4005003410218046E-015                  0.0000000000000000E+000 
                                     690                  3.0666302154229774E-001                 -2.3347959029944054E-001                  6.6644001302393017E+000                 -7.7155072068937303E-001                  1.4001687131077254E+001                  6.3599520350855931E-001                  3.4349384547794537E-001                  2.0510951013495315E-002                  5.0503532359286998E-005                  3.4267173181225882E-015                  0.0000000000000000E+000 
                                     691                  3.0530015213445449E-001                 -2.4197005650168021E-001                  6.6687203063123608E+000                 -7.5724890355111918E-001                  1.4020022299558910E+001                  6.3521115575194209E-001                  3.4428018039880309E-001                  2.0508663849254871E-002                  5.5327594798074550E-005                  4.6486421617823414E-015                  0.0000000000000000E+000 
                                     692                  3.0325666076117663E-001                 -2.5524736301870748E-001                  6.6735082971360438E+000                 -7.4106272451640243E-001                  1.4040673613572832E+001                  6.3434029990026208E-001                  3.4515367439001771E-001                  2.0506025709720266E-002                  6.1245302912353350E-005                  6.5167336135928534E-015                  0.0000000000000000E+000 
                                     693                  3.0172526133894240E-001                 -2.6565185571208716E-001                  6.6765187790500233E+000                 -7.2712558532963478E-001                  1.4053788181604851E+001                  6.2350847818577315E-001                  3.5603984233913571E-001                  2.0451679475091078E-002                  6.3725486882246614E-005                  8.5324677920182107E-015                  0.0000000000000000E+000 
                                     694                  3.0110135787061892E-001                 -2.6997178542527595E-001                  6.6785296244432173E+000                 -7.0353025163674932E-001                  1.4062525425005251E+001                  5.7688822348335489E-001                  4.0289816161364345E-001                  2.0213614903001664E-002                  5.9236907089800483E-005                  1.2143372894952894E-014                  0.0000000000000000E+000 
                                     695                  3.0030729891093610E-001                 -2.7535652594482568E-001                  6.6822989506097477E+000                 -6.9070213324166185E-001                  1.4078894082496605E+001                  5.7630759427103784E-001                  4.0347990132000672E-001                  2.0212504408955390E-002                  6.4165960551400457E-005                  1.5794165066647311E-014                  0.0000000000000000E+000 
                                     696                  2.9849230700310780E-001                 -2.8807389161762165E-001                  6.6864375646140131E+000                 -6.7625107302783238E-001                  1.4097232964425631E+001                  5.7568367481748695E-001                  4.0410503870138043E-001                  2.0211286481132573E-002                  7.0100582579106385E-005                  2.1079864718018179E-014                  0.0000000000000000E+000 
                                     697                  2.9758481104918727E-001                 -2.9464983971198677E-001                  6.6900421980568794E+000                 -6.6373098659983043E-001                  1.4113140507667790E+001                  5.7514151554075943E-001                  4.0464826942278287E-001                  2.0210215036457702E-002                  7.5691228946178819E-005                  2.7083981158862329E-014                  0.0000000000000000E+000 
                                     698                  2.9617315067641792E-001                 -3.0519232087160325E-001                  6.6934742301449699E+000                 -6.5158876571854185E-001                  1.4128506627420315E+001                  5.7462905109287432E-001                  4.0516177078634086E-001                  2.0209178120784821E-002                  8.1459207168523703E-005                  3.4381670087050293E-014                  0.0000000000000000E+000 
                                     699                  2.9546732049003782E-001                 -3.1060959579641401E-001                  6.6971289487540062E+000                 -6.3876179032187652E-001                  1.4144764162197133E+001                  5.7407298347994640E-001                  4.0571898944483087E-001                  2.0208027075222734E-002                  8.8047935310222832E-005                  4.4290994809821953E-014                  0.0000000000000000E+000 
                                     700                  2.9395753910483047E-001                 -3.2255250708228722E-001                  6.7011333250557064E+000                 -6.2440204257444276E-001                  1.4162886937949388E+001                  5.7348553578385764E-001                  4.0630766163315474E-001                  2.0206802582987571E-002                  9.5938225836689737E-005                  5.8453470754880967E-014                  0.0000000000000000E+000 
                                     701                  2.9315358790600587E-001                 -3.2911254728346734E-001                  6.7039820068458464E+000                 -6.1420849193480576E-001                  1.4175761689343371E+001                  5.7307840213698513E-001                  4.0671564239973956E-001                  2.0205955463275305E-002                  1.0196521050267861E-004                  7.1169498118889735E-014                  0.0000000000000000E+000 
                                     702                  2.9234963670718128E-001                 -3.3582086760921731E-001                  6.7069038589483787E+000                 -6.0370889094498037E-001                  1.4189014703043945E+001                  5.7267137897496245E-001                  4.0712351272288350E-001                  2.0205108302154051E-002                  1.0854501052566728E-004                  8.7065971511678484E-014                  0.0000000000000000E+000 
                                     703                  2.9154568550835669E-001                 -3.4268314523399401E-001                  6.7106488511943674E+000                 -5.8819774383792334E-001                  1.4206010539516891E+001                  5.6663433687011122E-001                  4.1317446976998168E-001                  2.0191193359907045E-002                  1.1587711060879614E-004                  1.1351601161060036E-013                  0.0000000000000000E+000 
                                     704                  2.9033975871011880E-001                 -3.5322959052054742E-001                  6.7153281301121215E+000                 -5.7009280928153061E-001                  1.4227424080846667E+001                  5.6302931492791353E-001                  4.1680850084786475E-001                  2.0162184224221669E-002                  1.2707233239486995E-004                  1.6022370593695355E-013                  0.0000000000000000E+000 
                                     705                  2.8913383191188063E-001                 -3.6412275772906644E-001                  6.7201975606048494E+000                 -5.4496824853685433E-001                  1.4249821143897977E+001                  5.4290127578222502E-001                  4.3699303860518118E-001                  2.0105685612593849E-002                  1.3367666005453910E-004                  2.3086983204535583E-013                  0.0000000000000000E+000 
                                     706                  2.8792986501641743E-001                 -3.7519585706761283E-001                  6.7252625389273248E+000                 -5.2162323361552354E-001                  1.4273231591582091E+001                  5.2988610380651513E-001                  4.5004723294614529E-001                  2.0066663247339633E-002                  1.4382773533060919E-004                  3.3253714776013433E-013                  0.0000000000000000E+000 
                                     707                  2.8672589812095400E-001                 -3.8653383675011810E-001                  6.7296601202012765E+000                 -5.0344843942929496E-001                  1.4293728012075992E+001                  5.2457435713413847E-001                  4.5537928929872012E-001                  2.0046353567141351E-002                  1.5588057624178709E-004                  4.5233802878285960E-013                  0.0000000000000000E+000 
                                     708                  2.8592390682490504E-001                 -3.9427111433106854E-001                  6.7332697571117084E+000                 -4.8868726885180724E-001                  1.4310541077193255E+001                  5.2061229580190693E-001                  4.5935300913323635E-001                  2.0034695064856667E-002                  1.6666674782091995E-004                  5.8115007702911327E-013                  0.0000000000000000E+000 
                                     709                  2.8512191552885602E-001                 -4.0216464145278058E-001                  6.7369799079405350E+000                 -4.7448068773135166E-001                  1.4327876137677725E+001                  5.1918350564021643E-001                  4.6078282961171635E-001                  2.0033664748067226E-002                  1.7991360236766914E-004                  7.4856721805974950E-013                  0.0000000000000000E+000 
                                     710                  2.8431992423280700E-001                 -4.1023719964412214E-001                  6.7407951015937222E+000                 -4.5929608865819788E-001                  1.4345756758954842E+001                  5.1637642322858401E-001                  4.6359645649790715E-001                  2.0027120273508836E-002                  1.9385267572086262E-004                  9.7222987749246050E-013                  0.0000000000000000E+000 
                                     711                  2.8351793293675798E-001                 -4.1848434561422981E-001                  6.7445944390246719E+000                 -4.4401992257350387E-001                  1.4363626228167988E+001                  5.1335548921065499E-001                  4.6662514583427422E-001                  2.0019364955070840E-002                  2.0865211126783894E-004                  1.2609935231244733E-012                  0.0000000000000000E+000 
                                     712                  2.8276738750638691E-001                 -4.2636256424755037E-001                  6.7483669925067007E+000                 -4.2876569888481242E-001                  1.4381409526806690E+001                  5.1024826096929343E-001                  4.6974022407961247E-001                  2.0011514951094100E-002                  2.2436367610183559E-004                  1.6314543379412909E-012                  0.0000000000000000E+000 
                                     713                  2.8201684207601557E-001                 -4.3439862203527080E-001                  6.7522428951881688E+000                 -4.1303367824376164E-001                  1.4399730489306618E+001                  5.0704318148034744E-001                  4.7295325498865726E-001                  2.0003563530995305E-002                  2.4170153431440984E-004                  2.1241969444059116E-012                  0.0000000000000000E+000 
                                     714                  2.8126629664564423E-001                 -4.4259568857060255E-001                  6.7562255873738675E+000                 -3.9676272289074982E-001                  1.4418609414540471E+001                  5.0362903978678142E-001                  4.7637599211677262E-001                  1.9994968096445964E-002                  2.6078531029150221E-004                  2.7842895726776276E-012                  0.0000000000000000E+000 
                                     715                  2.8051575121527317E-001                 -4.5095597587246500E-001                  6.7601786559558796E+000                 -3.8047229289162671E-001                  1.4437414313669567E+001                  5.0006623262011796E-001                  4.7994784525697509E-001                  1.9985922122906952E-002                  2.8103818987836043E-004                  3.6401134252939115E-012                  0.0000000000000000E+000 
                                     716                  2.7981665165058001E-001                 -4.5889087825623887E-001                  6.7640889449453212E+000                 -3.6439947199035266E-001                  1.4456057108629112E+001                  4.9676248293029235E-001                  4.8325954016104511E-001                  1.9977976908662542E-002                  3.0277756709394212E-004                  4.7405792370132001E-012                  0.0000000000000000E+000 
                                     717                  2.7911755208588662E-001                 -4.6697236613239224E-001                  6.7681004011888959E+000                 -3.4790202617575167E-001                  1.4475236616865748E+001                  4.9349734082675106E-001                  4.8653217598498216E-001                  1.9970483188266774E-002                  3.2691218040443467E-004                  6.2103277293625616E-012                  0.0000000000000000E+000 
                                     718                  2.7841845252119324E-001                 -4.7520352028016161E-001                  6.7722164745639430E+000                 -3.3078121050622139E-001                  1.4494970572614928E+001                  4.8980776611659066E-001                  4.9023009285956431E-001                  1.9962141023845081E-002                  3.5324852720351117E-004                  8.1889775912521312E-012                  0.0000000000000000E+000 
                                     719                  2.7771935295649985E-001                 -4.8358372880783135E-001                  6.7759147560637585E+000                 -3.1520009334881649E-001                  1.4512789502669023E+001                  4.8622802272585530E-001                  4.9381786870572758E-001                  1.9954108568417173E-002                  3.7838135556836187E-004                  1.0495308142505091E-011                  0.0000000000000000E+000 
                                     720                  2.7719502828297671E-001                 -4.8996493190625756E-001                  6.7791451448821034E+000                 -3.0162245173753166E-001                  1.4528347641503181E+001                  4.8317322828433673E-001                  4.9687943335012025E-001                  1.9947338365543077E-002                  4.0179889745146116E-004                  1.3026984785866038E-011                  0.0000000000000000E+000 
                                     721                  2.7667070360945373E-001                 -4.9643030903304347E-001                  6.7824393725285042E+000                 -2.8775126548448765E-001                  1.4544242956715308E+001                  4.8007737244192883E-001                  4.9998207166621411E-001                  1.9940555891857059E-002                  4.2714680685923366E-004                  1.6230345898409210E-011                  0.0000000000000000E+000 
                                     722                  2.7614637893593080E-001                 -5.0298036289197534E-001                  6.7857989233964870E+000                 -2.7352535181839044E-001                  1.4560482618792637E+001                  4.7680311424491389E-001                  5.0326343295468734E-001                  1.9933452800398710E-002                  4.5441177684936283E-004                  2.0300771765118685E-011                  0.0000000000000000E+000 
                                     723                  2.7562205426240788E-001                 -5.0961465387129079E-001                  6.7897936077513164E+000                 -2.5655250966925824E-001                  1.4579778184771937E+001                  4.7274303506014881E-001                  5.0733220496454412E-001                  1.9924759975307071E-002                  4.8868772820881076E-004                  2.6470095622412113E-011                  0.0000000000000000E+000 
                                     724                  2.7492295469771477E-001                 -5.1859196401407148E-001                  6.7944839277419176E+000                 -2.3685436819246397E-001                  1.4602540315400768E+001                  4.6882617921029629E-001                  5.1125741735744923E-001                  1.9916403432254537E-002                  5.3368221555604378E-004                  3.6106034476592553E-011                  0.0000000000000000E+000 
                                     725                  2.7422385513302133E-001                 -5.2772491323727033E-001                  6.7987015279067320E+000                 -2.1925289544422141E-001                  1.4623099019266668E+001                  4.6581396471519781E-001                  5.1427594498507223E-001                  1.9910090299730010E-002                  5.7860217879855908E-004                  4.7688246582682846E-011                  0.0000000000000000E+000 
                                     726                  2.7369953045949863E-001                 -5.3467886134702225E-001                  6.8023873869808451E+000                 -2.0400059421830000E-001                  1.4641037863390249E+001                  4.6343743014850436E-001                  5.1665739748683226E-001                  1.9905172364663382E-002                  6.2130519044536787E-004                  6.0764379840808264E-011                  0.0000000000000000E+000 
                                     727                  2.7317520578597571E-001                 -5.4172544849594162E-001                  6.8061483890508416E+000                 -1.8848557571021163E-001                  1.4659361656246075E+001                  4.6118279261186745E-001                  5.1891665561228451E-001                  1.9900551775848041E-002                  6.6841324154305181E-004                  7.7760517469164377E-011                  0.0000000000000000E+000 
                                     728                  2.7265088111245278E-001                 -5.4886619567512929E-001                  6.8099864863081585E+000                 -1.7273819127643050E-001                  1.4678078063801475E+001                  4.5913747835822027E-001                  5.2096610119341269E-001                  1.9896420448367036E-002                  7.2068471932520669E-004                  9.9944388015394535E-011                  0.0000000000000000E+000 
                                     729                  2.7212655643892986E-001                 -5.5610324908688358E-001                  6.8145531012160632E+000                 -1.5419425374256318E-001                  1.4700300832079428E+001                  4.5706372361303665E-001                  5.2304394034972801E-001                  1.9892336037235392E-002                  7.8892103041258103E-004                  1.3457888238045291E-010                  0.0000000000000000E+000 
                                     730                  2.7142745687423625E-001                 -5.6590904970761036E-001                  6.8185853584717897E+000                 -1.3761380977597590E-001                  1.4720113788226877E+001                  4.5520139415471789E-001                  5.2490987060413297E-001                  1.9888735241149202E-002                  8.5463037217401166E-004                  1.7496766255216027E-010                  0.0000000000000000E+000 
                                     731                  2.7107790709188889E-001                 -5.7087604249357982E-001                  6.8213065443735710E+000                 -1.2663529809342211E-001                  1.4733407121695604E+001                  4.5426850766249266E-001                  5.2584450775079949E-001                  1.9886984586707790E-002                  9.0278510158760771E-004                  2.0872484066972767E-010                  0.0000000000000000E+000 
                                     732                  2.7072835730954181E-001                 -5.7588888870235855E-001                  6.8258181266372793E+000                 -1.0880913954326764E-001                  1.4755283487038481E+001                  4.5323498868862666E-001                  5.2687985293563278E-001                  1.9885158375740564E-002                  9.8987259581947203E-004                  2.7928870179579993E-010                  0.0000000000000000E+000 
                                     733                  2.6993238597225200E-001                 -5.8748926165771920E-001                  6.8323022606583210E+000                 -8.2574729892840287E-002                  1.4786992237352655E+001                  4.5091509879228914E-001                  5.2920394563471351E-001                  1.9880955572997294E-002                  1.1269441688827248E-003                  4.2422262266899332E-010                  0.0000000000000000E+000 
                                     734                  2.6913641463496207E-001                 -5.9933044209276443E-001                  6.8373315843345850E+000                 -6.1858482928722550E-002                  1.4811773038856455E+001                  4.4868295851411483E-001                  5.3144014722950961E-001                  1.9876894256375621E-002                  1.2444427868674307E-003                  5.8632624929451929E-010                  0.0000000000000000E+000 
                                     735                  2.6873842896631750E-001                 -6.0533537068928855E-001                  6.8407311306760654E+000                 -4.7948698285046457E-002                  1.4828396873079768E+001                  4.4709253605063554E-001                  5.3303344902093275E-001                  1.9874014928431771E-002                  1.3297240348308207E-003                  7.2905834388046112E-010                  0.0000000000000000E+000 
                                     736                  2.6834044329767315E-001                 -6.1139853867626481E-001                  6.8441843802756770E+000                 -3.3797489943893463E-002                  1.4845285073066362E+001                  4.4543094469737582E-001                  5.3469802039054393E-001                  1.9871034912080310E-002                  1.4219071270807047E-003                  9.0923630566526718E-010                  0.0000000000000000E+000 
                                     737                  2.6794245762902885E-001                 -6.1751956252747253E-001                  6.8476920057126636E+000                 -1.9393316047696885E-002                  1.4862440447535793E+001                  4.4367586965296396E-001                  5.3645628875677520E-001                  1.9867841590260893E-002                  1.5214987612337698E-003                  1.1373533174858419E-009                  0.0000000000000000E+000 
                                     738                  2.6754447196038428E-001                 -6.2369785210460915E-001                  6.8521406348523346E+000                 -1.1822907518262587E-003                  1.4884114799505781E+001                  4.4138925036296278E-001                  5.3874717127040872E-001                  1.9863578366628554E-002                  1.6568572997193321E-003                  1.5094565104079533E-009                  0.0000000000000000E+000 
                                     739                  2.6694749345742103E-001                 -6.3307428444916281E-001                  6.8576098534918950E+000                  2.1351057017935011E-002                  1.4910870978078032E+001                  4.3850265586481602E-001                  5.4163893820782893E-001                  1.9858405927354994E-002                  1.8392288720393247E-003                  2.1357370152802272E-009                  0.0000000000000000E+000 
                                     740                  2.6635051495445816E-001                 -6.4257639417494228E-001                  6.8618142969403726E+000                  3.8824339089162788E-002                  1.4931564026219997E+001                  4.3622789037300147E-001                  5.4391766478786951E-001                  1.9854444839129015E-002                  1.9926273013496421E-003                  2.7872284669776654E-009                  0.0000000000000000E+000 
                                     741                  2.6605202570298192E-001                 -6.4737175255683677E-001                  6.8646448965241449E+000                  5.0522907689199800E-002                  1.4945405524373534E+001                  4.3463786860691578E-001                  5.4551042360250035E-001                  1.9851707790583872E-002                  2.1018892099700713E-003                  3.3322669253675035E-009                  0.0000000000000000E+000 
                                     742                  2.6575353645150546E-001                 -6.5219737930847499E-001                  6.8675077437111973E+000                  6.2366175154299396E-002                  1.4959403902847139E+001                  4.3300287421846806E-001                  5.4714821766507060E-001                  1.9848908116461339E-002                  2.2180365135977343E-003                  3.9906528564350269E-009                  0.0000000000000000E+000 
                                     743                  2.6545504720002899E-001                 -6.5705285590866003E-001                  6.8704029889727201E+000                  7.4371715413866363E-002                  1.4973559691297909E+001                  4.3128226247552270E-001                  5.4887173017454072E-001                  1.9846007349936579E-002                  2.3411923841458199E-003                  4.7871187225753305E-009                  0.0000000000000000E+000 
                                     744                  2.6515655794855275E-001                 -6.6193753815732836E-001                  6.8738122408636810E+000                  8.8532006622797615E-002                  1.4990192020349509E+001                  4.2911663914598386E-001                  5.5104093755547745E-001                  1.9842423298538692E-002                  2.4931581254848604E-003                  5.9277144358847511E-009                  0.0000000000000000E+000 
                                     745                  2.6475949623643658E-001                 -6.6847982280925800E-001                  6.8777645626579611E+000                  1.0490946024756946E-001                  1.5009513668327470E+001                  4.2679796517481422E-001                  5.5336348792959622E-001                  1.9838546895589504E-002                  2.6833486201377514E-003                  7.5909593838707261E-009                  0.0000000000000000E+000 
                                     746                  2.6436243452432040E-001                 -6.7507237641464501E-001                  6.8817750377274090E+000                  1.2146680360953584E-001                  1.5029115638346921E+001                  4.2458507760491709E-001                  5.5558009591595436E-001                  1.9834826479128598E-002                  2.8920579599195848E-003                  9.7504057594353340E-009                  0.0000000000000000E+000 
                                     747                  2.6396537281220439E-001                 -6.8171513893855151E-001                  6.8858439367361308E+000                  1.3827331286482675E-001                  1.5048998303864233E+001                  4.2231431801971159E-001                  5.5785462176349632E-001                  1.9831060216792151E-002                  3.1194253458981247E-003                  1.2561608200718606E-008                  0.0000000000000000E+000 
                                     748                  2.6356831110008822E-001                 -6.8840694752089826E-001                  6.8894540498098484E+000                  1.5328414413678590E-001                  1.5066674599990549E+001                  4.2015442316417662E-001                  5.6001805200855037E-001                  1.9827524827273013E-002                  3.3339465627180839E-003                  1.5720134671099983E-008                  0.0000000000000000E+000 
                                     749                  2.6327120778339735E-001                 -6.9344418579057976E-001                  6.8925753000441992E+000                  1.6614676973072931E-001                  1.5081917694700515E+001                  4.1846792088014101E-001                  5.6170732288139447E-001                  1.9824756238464580E-002                  3.5328950493960011E-003                  1.9075234584080041E-008                  0.0000000000000000E+000 
                                     750                  2.6297410446670627E-001                 -6.9850804096726637E-001                  6.8972978566995335E+000                  1.8533886904723829E-001                  1.5104817406951467E+001                  4.1616557858493786E-001                  5.6401345711941042E-001                  1.9820964295651722E-002                  3.8580479805811318E-003                  2.5534438976643579E-008                  0.0000000000000000E+000 
                                     751                  2.6237989783332033E-001                 -7.0872136270831432E-001                  6.9032053369417712E+000                  2.0944646282583301E-001                  1.5133718922780682E+001                  4.1366175989110510E-001                  5.6652142325389088E-001                  1.9816816855004027E-002                  4.3145078908305252E-003                  3.6757523065393108E-008                  0.0000000000000000E+000 
                                     752                  2.6188472563883208E-001                 -7.1731373393864262E-001                  6.9086648931130359E+000                  2.3166489821902847E-001                  1.5160346080483812E+001                  4.1130047072779713E-001                  5.6888655935455978E-001                  1.9812969917643031E-002                  4.7808656287616005E-003                  5.1401349357582483E-008                  0.0000000000000000E+000 
                                     753                  2.6138955344434400E-001                 -7.2597896020660813E-001                  6.9128357120229040E+000                  2.4872785487354998E-001                  1.5180797048457283E+001                  4.0954852258946550E-001                  5.7064133033198405E-001                  1.9810147078550444E-002                  5.1721063890860820E-003                  6.6378340922688226E-008                  0.0000000000000000E+000 
                                     754                  2.6114196734709927E-001                 -7.3033678705130423E-001                  6.9156349400848933E+000                  2.6008086313488216E-001                  1.5194431013841935E+001                  4.0838887292939785E-001                  5.7180283821555045E-001                  1.9808288855051703E-002                  5.4511284275481032E-003                  7.8759387081438603E-008                  0.0000000000000000E+000 
                                     755                  2.6089438124985498E-001                 -7.3471217587029036E-001                  6.9184572371882522E+000                  2.7151654961423638E-001                  1.5208172191158425E+001                  4.0723406153989861E-001                  5.7295949453070805E-001                  1.9806443929393347E-002                  5.7475003409840839E-003                  9.3552718415682954E-008                  0.0000000000000000E+000 
                                     756                  2.6064679515261030E-001                 -7.3910489049693551E-001                  6.9213026083762159E+000                  2.8303210774747323E-001                  1.5222020208084343E+001                  4.0608968085949720E-001                  5.7410568902216497E-001                  1.9804630118337885E-002                  6.0625377030889844E-003                  1.1124599075560643E-007                  0.0000000000000000E+000 
                                     757                  2.6039920905536557E-001                 -7.4351471298346850E-001                  6.9250278569147135E+000                  2.9802121776776913E-001                  1.5240075029796214E+001                  4.0461937026781863E-001                  5.7557831186233466E-001                  1.9802317869846764E-002                  6.5000809634691639E-003                  1.3947563416569920E-007                  0.0000000000000000E+000 
                                     758                  2.6000307129977351E-001                 -7.5060686947007427E-001                  6.9296763716373446E+000                  3.1679177415910748E-001                  1.5262676231608133E+001                  4.0280055713107177E-001                  5.7739997987252034E-001                  1.9799462996407891E-002                  7.0910296620712082E-003                  1.8485380581387627E-007                  0.0000000000000000E+000 
                                     759                  2.5960693354418146E-001                 -7.5774109458241035E-001                  6.9343839976452415E+000                  3.3577514044054452E-001                  1.5285546401137530E+001                  4.0097836252181740E-001                  5.7922502250447616E-001                  1.9796614973706439E-002                  7.7431241820962700E-003                  2.4567048268982242E-007                  0.0000000000000000E+000 
                                     760                  2.5921079578858941E-001                 -7.6491617708607484E-001                  6.9379640166454859E+000                  3.5027745330183135E-001                  1.5303013471298097E+001                  3.9961654113250766E-001                  5.8058895667803545E-001                  1.9794502189456886E-002                  8.2801528440695753E-003                  3.0488455656064160E-007                  0.0000000000000000E+000 
                                     761                  2.5901272691079019E-001                 -7.6851775515660625E-001                  6.9403621765068895E+000                  3.5992240987787655E-001                  1.5314645880893433E+001                  3.9870691734371172E-001                  5.8149998461553332E-001                  1.9793098040755019E-002                  8.6588299082740374E-003                  3.5218637753422867E-007                  0.0000000000000000E+000 
                                     762                  2.5881465803299120E-001                 -7.7212908517711154E-001                  6.9439764137606863E+000                  3.7435613328497347E-001                  1.5332077032514990E+001                  3.9733986732835086E-001                  5.8286913429273091E-001                  1.9790998378918179E-002                  9.2597910456896863E-003                  4.3741711755056218E-007                  0.0000000000000000E+000 
                                     763                  2.5841852027739892E-001                 -7.7938222400736834E-001                  6.9488608409431931E+000                  3.9394436514495618E-001                  1.5355738478324220E+001                  3.9554697891992013E-001                  5.8466475743959412E-001                  1.9788263640485804E-002                  1.0142155473021230E-002                  5.8599768789037441E-007                  0.0000000000000000E+000 
                                     764                  2.5802238252180687E-001                 -7.8667264538126547E-001                  6.9538041045136474E+000                  4.1372105332586723E-001                  1.5379657601149928E+001                  3.9377961546923251E-001                  5.8643479119889663E-001                  1.9785593331870910E-002                  1.1120787294560132E-002                  7.8710456457565342E-007                  0.0000000000000000E+000 
                                     765                  2.5762624476621482E-001                 -7.9399922005078316E-001                  6.9575611488130935E+000                  4.2882001958674615E-001                  1.5397912582701029E+001                  3.9245613513499045E-001                  5.8776026412283378E-001                  1.9783600742175778E-002                  1.1929520019743725E-002                  9.8456772022078281E-007                  0.0000000000000000E+000 
                                     766                  2.5742817588841538E-001                 -7.9767466336995085E-001                  6.9600769334255723E+000                  4.3884963628384199E-001                  1.5410059739419527E+001                  3.9157858352213143E-001                  5.8863912927179796E-001                  1.9782287206070670E-002                  1.2501569240813949E-002                  1.1432380554189484E-006                  0.0000000000000000E+000 
                                     767                  2.5723010701061594E-001                 -8.0135865995092870E-001                  6.9632376732648211E+000                  4.5139734330030584E-001                  1.5425268724926875E+001                  3.9047763923348144E-001                  5.8974171665169994E-001                  1.9780644114818613E-002                  1.3257503273586326E-002                  1.3786951278838090E-006                  0.0000000000000000E+000 
                                     768                  2.5693300369392502E-001                 -8.0690092588222539E-001                  6.9670663443345164E+000                  4.6660998955356026E-001                  1.5443723397324685E+001                  3.8918719761549886E-001                  5.9103407055939083E-001                  1.9778731825110363E-002                  1.4238009326197067E-002                  1.7291181082342384E-006                  0.0000000000000000E+000 
                                     769                  2.5663590037723416E-001                 -8.1246161962797436E-001                  6.9709281469798450E+000                  4.8192105881796066E-001                  1.5462315258828008E+001                  3.8791032813906928E-001                  5.9231282488510240E-001                  1.9776846975828377E-002                  1.5301261677830120E-002                  2.1716598718166898E-006                  0.0000000000000000E+000 
                                     770                  2.5633879706054330E-001                 -8.1804023866523068E-001                  6.9748231831264196E+000                  4.9731638493993602E-001                  1.5481042518785701E+001                  3.8667483047591378E-001                  5.9355012449852207E-001                  1.9775045025564153E-002                  1.6457192507468771E-002                  2.7312433298047238E-006                  0.0000000000000000E+000 
                                     771                  2.5604169374385222E-001                 -8.2363644142676007E-001                  6.9787516003020471E+000                  5.1279391941573726E-001                  1.5499903351860571E+001                  3.8548070445138499E-001                  5.9474596957405368E-001                  1.9773325974561384E-002                  1.7715233561282854E-002                  3.4397533553957973E-006                  0.0000000000000000E+000 
                                     772                  2.5574459042716130E-001                 -8.2924989617824862E-001                  6.9827135553118289E+000                  5.2838176490907074E-001                  1.5518895902155185E+001                  3.8425951209347492E-001                  5.9596892144814251E-001                  1.9771566458382628E-002                  1.9080416289621611E-002                  4.3379646756564324E-006                  0.0000000000000000E+000 
                                     773                  2.5544748711047022E-001                 -8.3487988305750782E-001                  6.9867092113441345E+000                  5.4406703017911529E-001                  1.5538018218711027E+001                  3.8303569874701354E-001                  5.9719448976010192E-001                  1.9769811492884592E-002                  2.0565499738434183E-002                  5.4781866987368095E-006                  0.0000000000000000E+000 
                                     774                  2.5515038379377913E-001                 -8.4052581767392942E-001                  6.9907387601561748E+000                  5.5986046795701105E-001                  1.5557268282478956E+001                  3.8177990388258165E-001                  5.9845209161214397E-001                  1.9768004505274384E-002                  2.2180180564077959E-002                  6.9272174954696865E-006                  0.0000000000000000E+000 
                                     775                  2.5485328047708827E-001                 -8.4618694404816475E-001                  6.9954759400836286E+000                  5.7835205698644532E-001                  1.5579790857173757E+001                  3.8022890946432081E-001                  6.0000534556630758E-001                  1.9765744969371557E-002                  2.4234237863589286E-002                  9.1188131270024519E-006                  0.0000000000000000E+000 
                                     776                  2.5445714272149644E-001                 -8.5375835783735421E-001                  6.9995919851591450E+000                  5.9448469232781598E-001                  1.5599478232707954E+001                  3.7900222669172634E-001                  6.0123376677282103E-001                  1.9764006535452627E-002                  2.6201546448879259E-002                  1.0731286852440504E-005                  1.7367748926025785E-055 
                                     777                  2.5425907384369695E-001                 -8.5755237743562718E-001                  7.0023471474398766E+000                  6.0516619961217155E-001                  1.5612557158708539E+001                  3.7822036579246998E-001                  6.0201671694122560E-001                  1.9762917266304414E-002                  2.7610475354874094E-002                  1.2573093149020110E-005                  6.2734044802180868E-054 
                                     778                  2.5406100496589751E-001                 -8.6135260312895312E-001                  7.0051178628839663E+000                  6.1586920159841385E-001                  1.5625689101098025E+001                  3.7747452371302731E-001                  6.0276357989802809E-001                  1.9761896388944544E-002                  2.9112765274771461E-002                  1.4739889653938942E-005                  9.5064448653699330E-054 
                                     779                  2.5386293608809851E-001                 -8.6515901965795028E-001                  7.0079042311807767E+000                  6.2660903704364235E-001                  1.5638873418798553E+001                  3.7672840522446333E-001                  6.0351071539439760E-001                  1.9760879381139018E-002                  3.0711339510593169E-002                  1.7290076137247354E-005                  1.4425993142094009E-053 
                                     780                  2.5366486721029907E-001                 -8.6897147480452464E-001                  7.0107063301269541E+000                  6.3738161617630107E-001                  1.5652109462457704E+001                  3.7598956173983172E-001                  6.0425055956174789E-001                  1.9759878698420330E-002                  3.2415012923753865E-002                  2.0293298330750281E-005                  2.1921009435865924E-053 
                                     781                  2.5346679833249958E-001                 -8.7278984795221370E-001                  7.0135242291541013E+000                  6.4818349470415837E-001                  1.5665396578611729E+001                  3.7526408385388027E-001                  6.0497700710349889E-001                  1.9758909042620898E-002                  3.4233486350282429E-002                  2.3831940057104357E-005                  3.3353479285110612E-053 
                                     782                  2.5326872945470014E-001                 -8.7661404538977261E-001                  7.0160047835528951E+000                  6.5768583770471190E-001                  1.5677089150383225E+001                  3.7463117699365001E-001                  6.0561075306241852E-001                  1.9758069943931478E-002                  3.5927997116882465E-002                  2.7447873051559961E-005                  4.8225809964610520E-053 
                                     783                  2.5312017779635659E-001                 -8.7948580891172556E-001                  7.0181390520877995E+000                  6.6581963638160213E-001                  1.5687119989430956E+001                  3.7411448180751739E-001                  6.0612812179369224E-001                  1.9757396398790372E-002                  3.7462298518413671E-002                  3.0988137748061467E-005                  6.6175199290488794E-053 
                                     784                  2.5297162613801283E-001                 -8.8236078989770550E-001                  7.0213499246870574E+000                  6.7794745707730186E-001                  1.5702121852628821E+001                  3.7338090038574101E-001                  6.0686263716716204E-001                  1.9756462447096945E-002                  3.9909356520230657E-002                  3.7174611451744096E-005                  1.0634703253938406E-052 
                                     785                  2.5267452282132197E-001                 -8.8812140730923950E-001                  7.0256723155055072E+000                  6.9429023815503954E-001                  1.5722351241073323E+001                  3.7243365905424630E-001                  6.0781106350495095E-001                  1.9755277440802743E-002                  4.3504475142781482E-002                  4.7478044648872139E-005                  2.0104826711464459E-052 
                                     786                  2.5237741950463105E-001                 -8.9389474631400812E-001                  7.0300307973971279E+000                  7.1066024890512147E-001                  1.5742687996296397E+001                  3.7158450712308871E-001                  6.0866122976293524E-001                  1.9754263113975989E-002                  4.7523059584309420E-002                  6.0707449339251591E-005                  3.8097058114318430E-052 
                                     787                  2.5208031618793997E-001                 -8.9968098421189702E-001                  7.0336924860263865E+000                  7.2436558931867823E-001                  1.5759772419248657E+001                  3.7097519193611161E-001                  6.0927120650293831E-001                  1.9753601560950074E-002                  5.1256192121025404E-002                  7.4606311456977352E-005                  6.5032959632429389E-052 
                                     788                  2.5188274255890453E-001                 -9.0353567813244506E-001                  7.0366309461962500E+000                  7.3531558025445254E-001                  1.5773410856123528E+001                  3.7043300429840820E-001                  6.0981401658319767E-001                  1.9752979118394132E-002                  5.4478147158455038E-002                  8.7980480493330949E-005                  9.9790317078872729E-052 
                                     789                  2.5168516892986931E-001                 -9.0739589980359903E-001                  7.0395853043829213E+000                  7.4631406086031593E-001                  1.5787094555024730E+001                  3.6984763367901058E-001                  6.1040008105516286E-001                  1.9752285265826508E-002                  5.7944823557515526E-002                  1.0380371441912905E-004                  1.5336557606890691E-051 
                                     790                  2.5148759530083409E-001                 -9.1126136943695857E-001                  7.0425555082298290E+000                  7.5732076641400159E-001                  1.5800822900255929E+001                  3.6930791595041079E-001                  6.1094040386264814E-001                  1.9751680186941067E-002                  6.1706434088843867E-002                  1.2254505630585397E-004                  2.3592395637715411E-051 
                                     791                  2.5129002167179842E-001                 -9.1513216218133042E-001                  7.0470193443372358E+000                  7.7366555146804128E-001                  1.5821287643362824E+001                  3.6856048539065772E-001                  6.1168863201349577E-001                  1.9750882595846564E-002                  6.7913940704400058E-002                  1.5710642213820372E-004                  4.4936830408837794E-051 
                                     792                  2.5089586491124405E-001                 -9.2287274024437682E-001                  7.0515417733326018E+000                  7.9050184402558143E-001                  1.5842192006288311E+001                  3.6756903121353196E-001                  6.1268128869845684E-001                  1.9749680088011257E-002                  7.4936311210552539E-002                  2.0200524271545524E-004                  8.6354342338649817E-051 
                                     793                  2.5069878653096289E-001                 -9.2674862236734723E-001                  7.0545668991750574E+000                  8.0168552085493872E-001                  1.5856057850292236E+001                  3.6681710785048888E-001                  6.1343416541901907E-001                  1.9748726730492105E-002                  8.0070763704813988E-002                  2.3882211989080355E-004                  1.3352638125270307E-050 
                                     794                  2.5050170815068196E-001                 -9.3062852234521132E-001                  7.0583639122816502E+000                  8.1568060373456786E-001                  1.5873373285967176E+001                  3.6576937686344257E-001                  6.1448327493597710E-001                  1.9747348200580328E-002                  8.7075516295730848E-002                  2.9446411129206631E-004                  2.3052127691257413E-050 
                                     795                  2.5020609058026605E-001                 -9.3645573754679479E-001                  7.0618141236329866E+000                  8.2846765514320542E-001                  1.5889182648773648E+001                  3.6483054728369740E-001                  6.1542332302971714E-001                  1.9746129686585512E-002                  9.4121435389749999E-002                  3.5610918077647025E-004                  3.7823980946271530E-050 
                                     796                  2.5005828179505984E-001                 -9.3937169204386661E-001                  7.0641195970049910E+000                  8.3694614696834835E-001                  1.5899680253430647E+001                  3.6420151231248449E-001                  6.1605317041304175E-001                  1.9745317274473706E-002                  9.9200486929934426E-002                  4.0418245785576610E-004                  5.2607471811187487E-050 
                                     797                  2.4991047300985364E-001                 -9.4228947408160968E-001                  7.0675856073851699E+000                  8.4959659723111769E-001                  1.5915365500253113E+001                  3.6325323694449940E-001                  6.1700266450000441E-001                  1.9744098555496192E-002                  1.0745121928394957E-001                  4.8866008980593539E-004                  8.6262662837762620E-050 
                                     798                  2.4961485543943798E-001                 -9.4813131477557666E-001                  7.0722459345859994E+000                  8.6666801077530664E-001                  1.5936493461973825E+001                  3.6192624028537645E-001                  6.1833138149608491E-001                  1.9742378218538637E-002                  1.1987838867853602E-001                  6.3035655229366934E-004                  1.6750197650841287E-049 
                                     799                  2.4931923786902233E-001                 -9.5397939215330330E-001                  7.0761601540677184E+000                  8.8103387412916445E-001                  1.5954240630413320E+001                  3.6075524981987017E-001                  6.1950389998217892E-001                  1.9740850197950910E-002                  1.3163073485977958E-001                  7.8018329765055562E-004                  2.9209522905220215E-049 
                                     800                  2.4912215948874139E-001                 -9.5788057464703014E-001                  7.0793029643947767E+000                  8.9248606943512221E-001                  1.5968415859879261E+001                  3.5983254154862315E-001                  6.2042780511857909E-001                  1.9739653332797813E-002                  1.4205181502877962E-001                  9.2538616274278924E-004                  4.5576989170202855E-049 
                                     801                  2.4892508110846040E-001                 -9.6178404636657233E-001                  7.0824598768988967E+000                  9.0395925281770484E-001                  1.5982626294288513E+001                  3.5891021961406860E-001                  6.2135131615024575E-001                  1.9738464235685704E-002                  1.5349731132301836E-001                  1.0980133511341540E-003                  7.1175695027407610E-049 
                                     802                  2.4872800272817946E-001                 -9.6568967995730715E-001                  7.0856307568813355E+000                  9.1546137763790192E-001                  1.5996871153884570E+001                  3.5796926943701551E-001                  6.2229348777242011E-001                  1.9737242790564435E-002                  1.6605714727785523E-001                  1.3032840042140740E-003                  1.1125680706156058E-048 
                                     803                  2.4853092434789847E-001                 -9.6959727182804978E-001                  7.0896079562531993E+000                  9.2980326552992199E-001                  1.6014647113251446E+001                  3.5677504998901144E-001                  6.2348927722403169E-001                  1.9735672786956870E-002                  1.8344093001941378E-001                  1.6146970616401030E-003                  1.9448785954365250E-048 
                                     804                  2.4823530677748282E-001                 -9.7546272558946556E-001                  7.0932188000925720E+000                  9.4290458996814630E-001                  1.6030866260408565E+001                  3.5569288384022468E-001                  6.2457283698528776E-001                  1.9734279174487557E-002                  2.0104378254469449E-001                  1.9608728994664213E-003                  3.2261880345544415E-048 
                                     805                  2.4808749799227667E-001                 -9.7839625908639738E-001                  7.0956303052145584E+000                  9.5158628917825183E-001                  1.6041629307573007E+001                  3.5496765592856477E-001                  6.2529899042473891E-001                  1.9733353646696372E-002                  2.1377979212966713E-001                  2.2315353705547108E-003                  4.5189109980515894E-048 
                                     806                  2.4793968920707049E-001                 -9.8133060403315908E-001                  7.0980493301260656E+000                  9.6027896484811059E-001                  1.6052409883158191E+001                  3.5424042077500273E-001                  6.2602714798096348E-001                  1.9732431244033788E-002                  2.2743453584148368E-001                  2.5399716653538955E-003                  6.3321356684680222E-048 
                                     807                  2.4779188042186431E-001                 -9.8426570233642818E-001                  7.1004758119161382E+000                  9.6898386068727471E-001                  1.6063207655127041E+001                  3.5350785448450900E-001                  6.2676063537278470E-001                  1.9731510142706243E-002                  2.4201120397960965E-001                  2.8914704565895255E-003                  8.8765275127293286E-048 
                                     808                  2.4764407163665816E-001                 -9.8720148617424719E-001                  7.1041214775541288E+000                  9.8196413883664191E-001                  1.6079330269434784E+001                  3.5240189663173865E-001                  6.2786797313188036E-001                  1.9730130236381038E-002                  2.6568712194107141E-001                  3.5109178566010311E-003                  1.4722298813908537E-047 
                                     809                  2.4734845406624251E-001                 -9.9307593033101260E-001                  7.1077993483367923E+000                  9.9516732862585133E-001                  1.6095704662716013E+001                  3.5129087123782538E-001                  6.2898037264251905E-001                  1.9728756119655522E-002                  2.9201789872879130E-001                  4.2694119107365563E-003                  2.4507071329421081E-047 
                                     810                  2.4720064528103630E-001                 -9.9601340287341822E-001                  7.1102550133090663E+000                  1.0039188519860338E+000                  1.6106567914039374E+001                  3.5053620217174503E-001                  6.2973596987216485E-001                  1.9727827956090183E-002                  3.1093414409060693E-001                  4.8629780506757704E-003                  3.4405973702571283E-047 
                                     811                  2.4705283649583012E-001                 -9.9895129152821127E-001                  7.1127177615208215E+000                  1.0126786152755363E+000                  1.6117446703538533E+001                  3.4978218129654820E-001                  6.3049091184007200E-001                  1.9726906863379856E-002                  3.3108076872706865E-001                  5.5398513585279358E-003                  4.8317346583490890E-047 
                                     812                  2.4690502771062395E-001                 -1.0018895485690154E+000                  7.1151874384727183E+000                  1.0214716761874476E+000                  1.6128340700890092E+001                  3.4897354490130800E-001                  6.3130052591193253E-001                  1.9725929186759528E-002                  3.5236571890051155E-001                  6.3112166014293045E-003                  6.7897563025682577E-047 
                                     813                  2.4675721892541780E-001                 -1.0048279539966711E+000                  7.1184862138985530E+000                  1.0331801079935936E+000                  1.6142825793238931E+001                  3.4782861006943022E-001                  6.3244683345291097E-001                  1.9724556477658806E-002                  3.8255321216959781E-001                  7.5073316147811764E-003                  1.0687101162778635E-046 
                                     814                  2.4651087095007093E-001                 -1.0097256626792535E+000                  7.1226321147444587E+000                  1.0478565166746290E+000                  1.6161048903140461E+001                  3.4651581942260612E-001                  6.3376120246884282E-001                  1.9722978108551059E-002                  4.2395988199088752E-001                  9.3338393365470264E-003                  1.8856739086307378E-046 
                                     815                  2.4626452297472406E-001                 -1.0146235631193661E+000                  7.1257590872529706E+000                  1.0589139414422339E+000                  1.6174816541055161E+001                  3.4560353796214821E-001                  6.3467458207661476E-001                  1.9721879961237088E-002                  4.5780250529089178E-001                  1.0997091172823726E-002                  2.8893680190809323E-046 
                                     816                  2.4614134898704992E-001                 -1.0170723904299142E+000                  7.1288853427834944E+000                  1.0698336141226867E+000                  1.6188454055872715E+001                  3.4470838635923523E-001                  6.3557080841939928E-001                  1.9720805221365545E-002                  4.9370726982378432E-001                  1.2948234618199808E-002                  4.4194669793062864E-046 
                                     817                  2.4589500101170306E-001                 -1.0219710145682017E+000                  7.1320325648686387E+000                  1.0808879683281205E+000                  1.6202263334935392E+001                  3.4384983011537190E-001                  6.3643039413847735E-001                  1.9719775746150692E-002                  5.3228623100574579E-001                  1.5260646326380771E-002                  6.7733318719035624E-046 
                                     818                  2.4577182702402919E-001                 -1.0244202304604011E+000                  7.1347576299196414E+000                  1.0903521105067582E+000                  1.6214128956660840E+001                  3.4314066859781400E-001                  6.3714040679733841E-001                  1.9718924604847587E-002                  5.6748402974720868E-001                  1.7585582113358433E-002                  9.7888968557561255E-046 
                                     819                  2.4557510181454945E-001                 -1.0283325855128542E+000                  7.1372839469561278E+000                  1.0991681385193226E+000                  1.6225171723277416E+001                  3.4248489104187418E-001                  6.3779696815375075E-001                  1.9718140804375062E-002                  6.0173713464654588E-001                  2.0053894349721733E-002                  1.3766011833663193E-045 
                                     820                  2.4547673920981006E-001                 -1.0302887479985114E+000                  7.1389692762706627E+000                  1.1050171251416545E+000                  1.6232507641664188E+001                  3.4205032634133792E-001                  6.3823205073063050E-001                  1.9717622928031586E-002                  6.2535779253003454E-001                  2.1886003018245861E-002                  1.7273040918095960E-045 
                                     821                  2.4537837660507084E-001                 -1.0322449989185642E+000                  7.1414988689762140E+000                  1.1137584928740392E+000                  1.6243473420308437E+001                  3.4138163996962240E-001                  6.3890153113385229E-001                  1.9716828896525262E-002                  6.6198561573612325E-001                  2.4947469226479172E-002                  2.4268102399710603E-045 
                                     822                  2.4518165139559134E-001                 -1.0361579742506106E+000                  7.1448856310411379E+000                  1.1254517202879852E+000                  1.6258177493553966E+001                  3.4055796233821101E-001                  6.3972618893465827E-001                  1.9715848727130725E-002                  7.1362372747146585E-001                  2.9720639234369500E-002                  3.8208368639550302E-045 
                                     823                  2.4498492618611187E-001                 -1.0400713669627044E+000                  7.1482799464173166E+000                  1.1371153636504927E+000                  1.6272888588991663E+001                  3.3979727620231975E-001                  6.4048778162097941E-001                  1.9714942176700889E-002                  7.6821881449418372E-001                  3.5407108585894076E-002                  6.0116935405946477E-045 
                                     824                  2.4478855414743425E-001                 -1.0439783363419441E+000                  7.1516814669538036E+000                  1.1488925164939021E+000                  1.6287605619681067E+001                  3.3878784462861450E-001                  6.4149838238421009E-001                  1.9713772987175471E-002                  8.2499935459702645E-001                  4.2168215074959950E-002                  9.4722953036087642E-045 
                                     825                  2.4459218210875666E-001                 -1.0478847928809503E+000                  7.1550928609478071E+000                  1.1607186030597163E+000                  1.6302341329580472E+001                  3.3769199374723363E-001                  6.4259549158216900E-001                  1.9712514670597425E-002                  8.8446160708214738E-001                  5.0218780989938407E-002                  1.4934924502803226E-044 
                                     826                  2.4439581007007907E-001                 -1.0517902765604448E+000                  7.1585137689773921E+000                  1.1726112850837080E+000                  1.6317094978746240E+001                  3.3647108086309685E-001                  6.4381779015106266E-001                  1.9711128985840487E-002                  9.4652389087189426E-001                  5.9803242335674398E-002                  2.3568512147049264E-044 
                                     827                  2.4419943803140148E-001                 -1.0556941542099123E+000                  7.1619438023674897E+000                  1.1845490593097161E+000                  1.6331865764559730E+001                  3.3517113137331239E-001                  6.4511920483820995E-001                  1.9709663788477716E-002                  1.0113977711026207E+000                  7.1215537546643434E-002                  3.7211924230846009E-044 
                                     828                  2.4400306599272387E-001                 -1.0595959719669188E+000                  7.1653825588085462E+000                  1.1965397777676310E+000                  1.6346652847684091E+001                  3.3377466422807678E-001                  6.4651723832377228E-001                  1.9708097448150941E-002                  1.0791583578449380E+000                  8.4800951687533543E-002                  5.8786851606344874E-044 
                                     829                  2.4380669395404628E-001                 -1.0634951928504170E+000                  7.1696870155649366E+000                  1.2115396515821830E+000                  1.6365078455104374E+001                  3.3186784111660489E-001                  6.4842618739058344E-001                  1.9705971492811614E-002                  1.1676828283463163E+000                  1.0542603310259413E-001                  1.0410718639682239E-043 
                                     830                  2.4351213589602458E-001                 -1.0693386090960448E+000                  7.1748748569525977E+000                  1.2296244889208661E+000                  1.6387316919676145E+001                  3.2962793762255910E-001                  6.5066857667315825E-001                  1.9703485704282597E-002                  1.2821232973266901E+000                  1.3699298519175337E-001                  2.0677496071725638E-043 
                                     831                  2.4321757783800282E-001                 -1.0751744157845737E+000                  7.1792159359861687E+000                  1.2447956540305976E+000                  1.6405951463099552E+001                  3.2773132023854451E-001                  6.5256728464897895E-001                  1.9701395112476483E-002                  1.3846895795743417E+000                  1.7049694270102522E-001                  3.6655821167594753E-043 
                                     832                  2.4302120579932524E-001                 -1.0790598241156402E+000                  7.1826918989729851E+000                  1.2569698337846917E+000                  1.6420806271580521E+001                  3.2601691164971908E-001                  6.5428357195969500E-001                  1.9699516390585980E-002                  1.4703657590225894E+000                  2.0301706620085450E-001                  5.7958508217364094E-043 
                                     833                  2.4282483376064765E-001                 -1.0829405387033411E+000                  7.1879040984418276E+000                  1.2751600408568002E+000                  1.6442917920890142E+001                  3.2324120444743720E-001                  6.5706231312371477E-001                  1.9696482428848028E-002                  1.6056122880323944E+000                  2.6351746102037193E-001                  1.1502996569534045E-042 
                                     834                  2.4243208968329621E-001                 -1.0906879178490387E+000                  7.1931525976333131E+000                  1.2938020452546510E+000                  1.6465439017476218E+001                  3.2030949730080788E-001                  6.5999721119849097E-001                  1.9693291500701093E-002                  1.7530876958236274E+000                  3.4276091896843552E-001                  2.2929236005259492E-042 
                                     835                  2.4223571764461840E-001                 -1.0945510315369211E+000                  7.1966487994111459E+000                  1.3062079905198629E+000                  1.6480329892035009E+001                  3.1815110248256434E-001                  6.6215795367823072E-001                  1.9690943839205000E-002                  1.8561544214857846E+000                  4.0814774191264525E-001                  3.6282109887370338E-042 
                                     836                  2.4203934560594079E-001                 -1.0984067907261137E+000                  7.2010188009877991E+000                  1.3217749417058067E+000                  1.6498872574145800E+001                  3.1518546616121301E-001                  6.6512681430016940E-001                  1.9687719538617587E-002                  1.9904408016694795E+000                  5.0746078097940106E-001                  6.4378388262853853E-042 
                                     837                  2.4174478754791909E-001                 -1.1041751797057404E+000                  7.2049664906208228E+000                  1.3357264403927058E+000                  1.6515748062393108E+001                  3.1301159853169774E-001                  6.6730304502480953E-001                  1.9685356443492674E-002                  2.1245791239497414E+000                  6.1848631647118657E-001                  1.0760547824704108E-041 
                                     838                  2.4159750851890832E-001                 -1.1070530017870024E+000                  7.2075957568308011E+000                  1.3448855340645165E+000                  1.6526926982108911E+001                  3.1171777601577222E-001                  6.6859827361023827E-001                  1.9683950373989512E-002                  2.2197818441764960E+000                  7.0575518933980796E-001                  1.5117980214336603E-041 
                                     839                  2.4145022948989761E-001                 -1.1099273081548016E+000                  7.2106632105622328E+000                  1.3554561196986423E+000                  1.6539942975004045E+001                  3.1039657365273654E-001                  6.6992091304963097E-001                  1.9682513297632487E-002                  2.3377372594026529E+000                  8.2352727302330209E-001                  2.2428767350635454E-041 
                                     840                  2.4125385745121999E-001                 -1.1137551046855971E+000                  7.2141726655554530E+000                  1.3675910759111105E+000                  1.6554852346113037E+001                  3.0883856753853284E-001                  6.7148061778976020E-001                  1.9680814671706903E-002                  2.4796928479175899E+000                  9.8283101893343428E-001                  3.5197341612112160E-041 
                                     841                  2.4105748541254240E-001                 -1.1175770863031200E+000                  7.2176836997673632E+000                  1.3797335342927766E+000                  1.6569762557935807E+001                  3.0726585039997339E-001                  6.7305505581385372E-001                  1.9679093786172830E-002                  2.6297096497456987E+000                  1.1732423000696854E+000                  5.5186796620158103E-041 
                                     842                  2.4086111337386482E-001                 -1.1213930398393663E+000                  7.2211959208964558E+000                  1.3918323719047256E+000                  1.6584672758619451E+001                  3.0578397643984012E-001                  6.7453855389222639E-001                  1.9677469667933489E-002                  2.7895122482573749E+000                  1.4013862495683576E+000                  8.6388336931632943E-041 
                                     843                  2.4066474133518720E-001                 -1.1252032019326710E+000                  7.2264547731841269E+000                  1.4097443688163662E+000                  1.6606849207166324E+001                  3.0368211206349344E-001                  6.7664272831897510E-001                  1.9675159617531524E-002                  3.0464708254538277E+000                  1.8289537733142276E+000                  1.6837810246343690E-040 
                                     844                  2.4027199725783580E-001                 -1.1328090572959468E+000                  7.2317361525946904E+000                  1.4279855530956538E+000                  1.6629404001106320E+001                  3.0164237901564467E-001                  6.7868472540630853E-001                  1.9672895578046745E-002                  3.3297728025457030E+000                  2.3924976846539541E+000                  3.2857476753601606E-040 
                                     845                  2.4007562521915818E-001                 -1.1366023214516188E+000                  7.2352499048719867E+000                  1.4399936131191216E+000                  1.6644306679653141E+001                  3.0033773090780175E-001                  6.7999082647265818E-001                  1.9671442619540125E-002                  3.5314971419973360E+000                  2.8603461938211194E+000                  5.1147309278865407E-040 
                                     846                  2.3987925318048059E-001                 -1.1403900297216225E+000                  7.2387632013359102E+000                  1.4519857322877001E+000                  1.6659205741619957E+001                  2.9906086045218960E-001                  6.8126911907802346E-001                  1.9670020469786942E-002                  3.7446839378046426E+000                  3.4194955749552873E+000                  7.9508337896947968E-040 
                                     847                  2.3968288114180300E-001                 -1.1441721839373282E+000                  7.2414003230000832E+000                  1.4609967656862470E+000                  1.6670424465628948E+001                  2.9815627070848943E-001                  6.8217472149135183E-001                  1.9669007800158678E-002                  3.9135057999406242E+000                  3.9101273022597796E+000                  1.1061615201439949E-039 
                                     848                  2.3958469512246508E-001                 -1.1460611062184478E+000                  7.2431564041508389E+000                  1.4669627280275961E+000                  1.6677870147943846E+001                  2.9757364538583281E-001                  6.8275800133371201E-001                  1.9668353280455131E-002                  4.0298006461902123E+000                  4.2748059230760918E+000                  1.3773726877075808E-039 
                                     849                  2.3948650910312716E-001                 -1.1479487191073867E+000                  7.2446923081243897E+000                  1.4721764724942574E+000                  1.6684387485023631E+001                  2.9708359387767169E-001                  6.8324860571544854E-001                  1.9667800406879765E-002                  4.1345271636122209E+000                  4.6215110599592002E+000                  1.6680094019694098E-039 
                                     850                  2.3941296235736351E-001                 -1.1493617946598156E+000                  7.2460073535500467E+000                  1.4766368996177843E+000                  1.6689962988095580E+001                  2.9666184310122551E-001                  6.8367083135460438E-001                  1.9667325544170167E-002                  4.2259397974263866E+000                  4.9401991310508393E+000                  1.9647697219070176E-039 
                                     851                  2.3933941561159983E-001                 -1.1507741471481991E+000                  7.2473222203536949E+000                  1.4810944425365833E+000                  1.6695537731888908E+001                  2.9624490072884446E-001                  6.8408824280522218E-001                  1.9666856465933358E-002                  4.3192909303833575E+000                  5.2806210248657068E+000                  2.3138389363013645E-039 
                                     852                  2.3926586886583598E-001                 -1.1521857792797836E+000                  7.2486368943170829E+000                  1.4855503949257489E+000                  1.6701111688920612E+001                  2.9583007176435394E-001                  6.8450353790835639E-001                  1.9666390327289673E-002                  4.4144495852865351E+000                  5.6441198415069813E+000                  2.7243952306988691E-039 
                                     853                  2.3919232212007208E-001                 -1.1535966895611640E+000                  7.2496231202164534E+000                  1.4888970665065104E+000                  1.6705298236697132E+001                  2.9552140419068751E-001                  6.8481255154469245E-001                  1.9666044264620042E-002                  4.4871521298276171E+000                  5.9330582311870268E+000                  3.0792396003516191E-039 
                                     854                  2.3915554874718967E-001                 -1.1543018665814171E+000                  7.2502803012428370E+000                  1.4911228765798510E+000                  1.6708084571008428E+001                  2.9531748728531393E-001                  6.8501669738159510E-001                  1.9665815333090975E-002                  4.5361770020612875E+000                  6.1335473800340532E+000                  3.3407388364614350E-039 
                                     855                  2.3911877537430729E-001                 -1.1550068641243840E+000                  7.2512656150572807E+000                  1.4944530005882246E+000                  1.6712257080574442E+001                  2.9501582794245268E-001                  6.8531869555089764E-001                  1.9665476506649737E-002                  4.6105966550672957E+000                  6.4466401205976558E+000                  3.7745242023477194E-039 
                                     856                  2.3904522862854363E-001                 -1.1564163408218764E+000                  7.2525796308151227E+000                  1.4988951889974089E+000                  1.6717828516058287E+001                  2.9462565252079231E-001                  6.8570930888596293E-001                  1.9665038593244755E-002                  4.7118486481937403E+000                  6.8890496140597666E+000                  4.4410890287610589E-039 
                                     857                  2.3897168188277995E-001                 -1.1578251205645587E+000                  7.2538934067461263E+000                  1.5033265247681431E+000                  1.6723399059901311E+001                  2.9425649531175824E-001                  6.8607888085223001E-001                  1.9664623836011752E-002                  4.8155021950934236E+000                  7.3614282960668165E+000                  5.2236699578243715E-039 
                                     858                  2.3889813513701630E-001                 -1.1592332322453296E+000                  7.2549871912040054E+000                  1.5070038386098707E+000                  1.6728040700105623E+001                  2.9398184765218832E-001                  6.8635383802879602E-001                  1.9664314319015608E-002                  4.9041306449745150E+000                  7.7793781798240893E+000                  5.9775209478087572E-039 
                                     859                  2.3884922766482533E-001                 -1.1601692599589677E+000                  7.2558605585293003E+000                  1.5099506271834708E+000                  1.6731743979005589E+001                  2.9373476437838592E-001                  6.8660119777351614E-001                  1.9664037848097893E-002                  4.9752134805864676E+000                  8.1293188098759828E+000                  6.6574625803081654E-039 
                                     860                  2.3880032019263434E-001                 -1.1611049878027107E+000                  7.2567338017155949E+000                  1.5129056797036793E+000                  1.6735446839295228E+001                  2.9347011173219434E-001                  6.8686614526061374E-001                  1.9663743007191981E-002                  5.0467445388195706E+000                  8.4944043243920522E+000                  7.4149938142862807E-039 
                                     861                  2.3875141272044334E-001                 -1.1620403960718351E+000                  7.2576069129429319E+000                  1.5158626586586688E+000                  1.6739149273569172E+001                  2.9320092110161672E-001                  6.8713563483273532E-001                  1.9663444065648017E-002                  5.1190342583233210E+000                  8.8754494828301311E+000                  8.2582748767631923E-039 
                                     862                  2.3870250524825234E-001                 -1.1629754786436530E+000                  7.2589157111740805E+000                  1.5202941570090263E+000                  1.6744690507807935E+001                  2.9278154865401257E-001                  6.8755547097769421E-001                  1.9662980368293281E-002                  5.2285452219920643E+000                  9.4778074037081819E+000                  9.7046968652432444E-039 
                                     863                  2.3860469030386483E-001                 -1.1648446649965001E+000                  7.2606610496973953E+000                  1.5262279815650504E+000                  1.6752092862395561E+001                  2.9219921049770992E-001                  6.8813845139528595E-001                  1.9662338107004129E-002                  5.3772239326493558E+000                  1.0343771183100644E+001                  1.2034899099306447E-038 
                                     864                  2.3850687535947734E-001                 -1.1667124385483481E+000                  7.2619702232803434E+000                  1.5307063558622414E+000                  1.6757655031594389E+001                  2.9172616416356428E-001                  6.8861201659163784E-001                  1.9661819244797929E-002                  5.4902104606039321E+000                  1.1043416505866103E+001                  1.4144681517592458E-038 
                                     865                  2.3845796788728635E-001                 -1.1676457352196903E+000                  7.2628423937745543E+000                  1.5336793178602919E+000                  1.6761354742367431E+001                  2.9142072173985489E-001                  6.8891779406972620E-001                  1.9661484190418910E-002                  5.5667726624219771E+000                  1.1535082436625380E+001                  1.5748894844358432E-038 
                                     866                  2.3840906041509535E-001                 -1.1685786588335292E+000                  7.2637143851117392E+000                  1.5366518755559524E+000                  1.6765053968819288E+001                  2.9111552777098049E-001                  6.8922332235030159E-001                  1.9661149878717921E-002                  5.6442180344292812E+000                  1.2048100420661099E+001                  1.7533460427305505E-038 
                                     867                  2.3836015294290439E-001                 -1.1695112079994816E+000                  7.2645861914517225E+000                  1.5396239750692267E+000                  1.6768752702263360E+001                  2.9081068697313794E-001                  6.8952849650513626E-001                  1.9660816521725799E-002                  5.7225554004171411E+000                  1.2583372623380571E+001                  1.9518448558254895E-038 
                                     868                  2.3831124547071339E-001                 -1.1704433814360125E+000                  7.2658929567002755E+000                  1.5440702566989193E+000                  1.6774288306990908E+001                  2.9035408878583940E-001                  6.8998559289479178E-001                  1.9660318319368875E-002                  5.8415653591581238E+000                  1.3429377457873580E+001                  2.2918532820743991E-038 
                                     869                  2.3821343052632590E-001                 -1.1723066322776623E+000                  7.2676353766961466E+000                  1.5500216794555306E+000                  1.6781682846613187E+001                  2.8972633604486742E-001                  6.9061402820795414E-001                  1.9659635747178439E-002                  6.0030466986650630E+000                  1.4644719748085079E+001                  2.8389497951249076E-038 
                                     870                  2.3811561558193814E-001                 -1.1741683220776737E+000                  7.2689422067157095E+000                  1.5545043984859368E+000                  1.6787238917472020E+001                  2.8923730036694628E-001                  6.9110359304485669E-001                  1.9659106588197028E-002                  6.1261313211372475E+000                  1.5626310237693962E+001                  3.3333605042965856E-038 
                                     871                  2.3806670810974692E-001                 -1.1750985400192733E+000                  7.2698127660524063E+000                  1.5574812018456490E+000                  1.6790934509299365E+001                  2.8891924541660496E-001                  6.9142199178016528E-001                  1.9658762803229757E-002                  6.2094307804153592E+000                  1.6315713326056891E+001                  3.7090180659585268E-038 
                                     872                  2.3801780063755595E-001                 -1.1760283580485693E+000                  7.2706830950586507E+000                  1.5604559938539260E+000                  1.6794629545754542E+001                  2.8860469511893155E-001                  6.9173688147459977E-001                  1.9658423406468728E-002                  6.2937497841278374E+000                  1.7034848288225106E+001                  4.1265277932302117E-038 
                                     873                  2.3796889316536496E-001                 -1.1769577780805458E+000                  7.2715531879993920E+000                  1.5634303408531496E+000                  1.6798324017984392E+001                  2.8829043674000726E-001                  6.9205147763599084E-001                  1.9658085624001842E-002                  6.3789937291927288E+000                  1.7784863965948510E+001                  4.5905928254060939E-038 
                                     874                  2.3791998569317396E-001                 -1.1778867986787691E+000                  7.2728573079257881E+000                  1.5678792428073438E+000                  1.6803853151230470E+001                  2.8782125314647466E-001                  6.9252116326544888E-001                  1.9657583588076455E-002                  6.5084626653085458E+000                  1.8969723071109975E+001                  5.3847134954848193E-038 
                                     875                  2.3782217074878648E-001                 -1.1797436753108168E+000                  7.2741619771073207E+000                  1.5723538020174366E+000                  1.6809404083401294E+001                  2.8734331877584302E-001                  6.9299960832381235E-001                  1.9657072900344685E-002                  6.6401248404415618E+000                  2.0233170723782610E+001                  6.3166172076134358E-038 
                                     876                  2.3777326327659548E-001                 -1.1806714825477209E+000                  7.2750310589240277E+000                  1.5753303845073758E+000                  1.6813096210886236E+001                  2.8702198319443606E-001                  6.9332128629431888E-001                  1.9656730511245057E-002                  6.7288343283693619E+000                  2.1119856511982267E+001                  7.0246102186513897E-038 
                                     877                  2.3772435580440451E-001                 -1.1815988758920390E+000                  7.2763336203742170E+000                  1.5797857256227730E+000                  1.6818621788806677E+001                  2.8653589740441127E-001                  6.9380788858555442E-001                  1.9656214010034256E-002                  6.8632959698262077E+000                  2.2520044602982761E+001                  8.2359385721422796E-038 
                                     878                  2.3762654086001697E-001                 -1.1834524409889651E+000                  7.2780701018653309E+000                  1.5857432359512529E+000                  1.6826002471656842E+001                  2.8588085625628057E-001                  6.9446362377895432E-001                  1.9655519964765111E-002                  7.0458862966687956E+000                  2.4529782124545228E+001                  1.0180463383879801E-037 
                                     879                  2.3752872591562949E-001                 -1.1853043023823753E+000                  7.2793722266258634E+000                  1.5902262125863726E+000                  1.6831547780340735E+001                  2.8537999375257422E-001                  6.9496501428673307E-001                  1.9654991960692758E-002                  7.1851620215189582E+000                  2.6151592348461250E+001                  1.1933536311296257E-037 
                                     880                  2.3747981844343849E-001                 -1.1862295615745015E+000                  7.2802395685644612E+000                  1.5932062289921340E+000                  1.6835236119878775E+001                  2.8504784314162451E-001                  6.9529751510595372E-001                  1.9654641752421709E-002                  7.2791176002686759E+000                  2.7289556183862846E+001                  1.3264131982955209E-037 
                                     881                  2.3743091097124752E-001                 -1.1871543843480130E+000                  7.2815394549469623E+000                  1.5976651589259245E+000                  1.6840755957324944E+001                  2.8454875758763026E-001                  6.9579712596107768E-001                  1.9654116451292003E-002                  7.4215810604957255E+000                  2.9086022986056012E+001                  1.5538751275958107E-037 
                                     882                  2.3733309602685998E-001                 -1.1890027468433813E+000                  7.2832721830991689E+000                  1.6036281910866927E+000                  1.6848128731352269E+001                  2.8387478098931318E-001                  6.9647180815407372E-001                  1.9653410856613096E-002                  7.6148405603459777E+000                  3.1662984189807492E+001                  1.9186504023174120E-037 
                                     883                  2.3723528108247249E-001                 -1.1908493200291721E+000                  7.2850035357333685E+000                  1.6095918101422775E+000                  1.6855498719860172E+001                  2.8319702340253700E-001                  6.9715027332282031E-001                  1.9652703274642747E-002                  7.8117992517607391E+000                  3.4461574406873105E+001                  2.3681279689696565E-037 
                                     884                  2.3713746613808476E-001                 -1.1926940801921571E+000                  7.2863016234145617E+000                  1.6140752706750239E+000                  1.6861035748554265E+001                  2.8268737038981145E-001                  6.9766045832006884E-001                  1.9652171290119647E-002                  7.9622497568344919E+000                  3.6718845069410548E+001                  2.7726264003065583E-037 
                                     885                  2.3708855866589398E-001                 -1.1936157562683773E+000                  7.2871662135833839E+000                  1.6170574834258169E+000                  1.6864718516738126E+001                  2.8234557154813084E-001                  6.9800261285847931E-001                  1.9651815593389799E-002                  8.0635265859509957E+000                  3.8301615002635273E+001                  3.0794003194234338E-037 
                                     886                  2.3703965119370299E-001                 -1.1945369700733943E+000                  7.2880304229710928E+000                  1.6200402075300613E+000                  1.6868400546058222E+001                  2.8200208063661386E-001                  6.9834646031973413E-001                  1.9651459043652064E-002                  8.1657093177552174E+000                  3.9950584912095067E+001                  3.4197868271435629E-037 
                                     887                  2.3699074372151199E-001                 -1.1954577178026624E+000                  7.2888942431050943E+000                  1.6230232174939310E+000                  1.6872081827006642E+001                  2.8165735597447455E-001                  6.9869154234653241E-001                  1.9651101678993088E-002                  8.2688203454404050E+000                  4.1668471711774217E+001                  3.7974175456387917E-037 
                                     888                  2.3694183624932103E-001                 -1.1963779961127492E+000                  7.2897576653498311E+000                  1.6260066528241852E+000                  1.6875762350048692E+001                  2.8131111387467839E-001                  6.9903814281493737E-001                  1.9650743310384300E-002                  8.3728490957325867E+000                  4.3458031468555340E+001                  4.2163299601613546E-037 
                                     889                  2.3689292877713003E-001                 -1.1972978013478781E+000                  7.2906206811459269E+000                  1.6289902308338557E+000                  1.6879442105612533E+001                  2.8096392853684460E-001                  6.9938568691296832E-001                  1.9650384550187083E-002                  8.4778243089343270E+000                  4.5322195049239014E+001                  4.6809691601618385E-037 
                                     890                  2.3684402130493903E-001                 -1.1982171304351932E+000                  7.2914832817392750E+000                  1.6319739504900506E+000                  1.6883121084109398E+001                  2.8061580172491635E-001                  6.9973417299020535E-001                  1.9650025284878359E-002                  8.5837490975372326E+000                  4.7263967598977338E+001                  5.1962683245749625E-037 
                                     891                  2.3679511383274807E-001                 -1.1991359802894999E+000                  7.2923454583971328E+000                  1.6349581521561669E+000                  1.6886799275933349E+001                  2.8026604208525147E-001                  7.0008429267054273E-001                  1.9649665244205750E-002                  8.6905931482439680E+000                  4.9286392291211207E+001                  5.7677123593963622E-037 
                                     892                  2.3674620636055707E-001                 -1.2000543470890506E+000                  7.2932072020722156E+000                  1.6379425752070842E+000                  1.6890476671436666E+001                  2.7991517950346601E-001                  7.0043551531561854E-001                  1.9649305180915455E-002                  8.7983838471796183E+000                  5.1392738483232648E+001                  6.4013268475533469E-037 
                                     893                  2.3669729888836608E-001                 -1.2009722275466730E+000                  7.2940685036379467E+000                  1.6409279819041243E+000                  1.6894153260948414E+001                  2.7956166765383433E-001                  7.0078939011029573E-001                  1.9648942235869882E-002                  8.9070468706341366E+000                  5.3586253184387239E+001                  7.1038678223911932E-037 
                                     894                  2.3664839141617508E-001                 -1.2018896167445194E+000                  7.2949293535358972E+000                  1.6439141995698219E+000                  1.6897829034719678E+001                  2.7920585959534183E-001                  7.0114556346117951E-001                  1.9648576943478657E-002                  9.0165990162353147E+000                  5.5870433706994987E+001                  7.8827328731688425E-037 
                                     895                  2.3659948394398414E-001                 -1.2028065101074159E+000                  7.2957897423609674E+000                  1.6469012255333990E+000                  1.6901503982935964E+001                  2.7884776286047824E-001                  7.0150402723856098E-001                  1.9648209900960723E-002                  9.1270403790664822E+000                  5.8248862894059087E+001                  8.7461200864714602E-037 
                                     896                  2.3655057647179314E-001                 -1.2037229030445100E+000                  7.2966496604783755E+000                  1.6498888079186671E+000                  1.6905178095717368E+001                  2.7848789025530934E-001                  7.0186426858145190E-001                  1.9647841163238811E-002                  9.2383972164836194E+000                  6.0725350628761845E+001                  9.7030647232576396E-037 
                                     897                  2.3650166899960215E-001                 -1.2046387914765231E+000                  7.2975090980180513E+000                  1.6528780311130959E+000                  1.6908851363136495E+001                  2.7812404715731265E-001                  7.0222848306134378E-001                  1.9647469781343574E-002                  9.3505543159251410E+000                  6.3303479097516238E+001                  1.0763739366231242E-036 
                                     898                  2.3645276152741118E-001                 -1.2055541690125136E+000                  7.2983680446406147E+000                  1.6558693415776977E+000                  1.6912523775141146E+001                  2.7775533453157625E-001                  7.0259757123280009E-001                  1.9647094235623719E-002                  9.4634588631745036E+000                  6.5987153863790638E+001                  1.1939340283640287E-036 
                                     899                  2.3640385405522019E-001                 -1.2064690282885970E+000                  7.2992264903596675E+000                  1.6588599535430386E+000                  1.6916195321522778E+001                  2.7738739813459362E-001                  7.0296588045110886E-001                  1.9646721414297463E-002                  9.5774109593974615E+000                  6.8781168255269904E+001                  1.3241704720012305E-036 
                                     900                  2.3635494658302919E-001                 -1.2073833677906534E+000                  7.3000844261016029E+000                  1.6618496087044072E+000                  1.6919865992115021E+001                  2.7702075831814321E-001                  7.0333288905959523E-001                  1.9646352622261554E-002                  9.6924458487506193E+000                  7.1689928707627899E+001                  1.4684259905959205E-036 
                                     901                  2.3630603911083820E-001                 -1.2082971865431256E+000                  7.3009418416266252E+000                  1.6648421861223526E+000                  1.6923535776811491E+001                  2.7664753028070099E-001                  7.0370649412097064E-001                  1.9645975598328369E-002                  9.8081292323703959E+000                  7.4717074021808813E+001                  1.6282718384528379E-036 
                                     902                  2.3625713163864723E-001                 -1.2092104753830972E+000                  7.3017987257542201E+000                  1.6678369671358413E+000                  1.6927204665289803E+001                  2.7626904003329111E-001                  7.0408536728122106E-001                  1.9645592685487823E-002                  9.9245231806913790E+000                  7.7867320025420312E+001                  1.8053611227415938E-036 
                                     903                  2.3620822416645623E-001                 -1.2101232266212081E+000                  7.3026550678799671E+000                  1.6708326875752322E+000                  1.6930872647063310E+001                  2.7588770199663393E-001                  7.0446709138464048E-001                  1.9645206618725597E-002                  1.0041756447484358E+001                  8.1145772230798570E+001                  2.0015025565043364E-036 
                                     904                  2.3615931669426524E-001                 -1.2110354351971644E+000                  7.3035108575338343E+000                  1.6738295398467351E+000                  1.6934539711571098E+001                  2.7550299190341809E-001                  7.0485219146107192E-001                  1.9644816635509987E-002                  1.0159793689999772E+001                  8.4557334394105169E+001                  2.2187279561492018E-036 
                                     905                  2.3611040922207427E-001                 -1.2119470956229752E+000                  7.3043660842389029E+000                  1.6768277074270221E+000                  1.6938205848164454E+001                  2.7511441318132163E-001                  7.0524116393381553E-001                  1.9644422884862900E-002                  1.0278599310105381E+001                  8.8107036341997841E+001                  2.4592839869576467E-036 
                                     906                  2.3606150174988327E-001                 -1.2128582020001799E+000                  7.3056474302736998E+000                  1.6813165976280551E+000                  1.6943692110376933E+001                  2.7452410795733684E-001                  7.0583206732853554E-001                  1.9643824714127622E-002                  1.0457922656807847E+001                  9.3698231928322713E+001                  2.8690826191856313E-036 
                                     907                  2.3596368680549579E-001                 -1.2146787643197856E+000                  7.3069282681360468E+000                  1.6858325390466919E+000                  1.6949198695691297E+001                  2.7391967796183347E-001                  7.0643711278149335E-001                  1.9643209256673178E-002                  1.0639193195556141E+001                  9.9638247693616790E+001                  3.3471410002677374E-036 
                                     908                  2.3591477933330479E-001                 -1.2155881680045375E+000                  7.3077811369912959E+000                  1.6888346238271927E+000                  1.6952861012203641E+001                  2.7351725467266197E-001                  7.0683994346773860E-001                  1.9642801859599435E-002                  1.0761091983576319E+001                  1.0379592322241292E+002                  3.7084786682228836E-036 
                                     909                  2.3586587186111380E-001                 -1.2164969965807773E+000                  7.3090588886966703E+000                  1.6933249966168309E+000                  1.6958341502427253E+001                  2.7291436447008427E-001                  7.0744344045488250E-001                  1.9642195075033175E-002                  1.0945513194197076E+001                  1.1034384414085848E+002                  4.3234448292767846E-036 
                                     910                  2.3576805691672606E-001                 -1.2183129581269028E+000                  7.3107608743757782E+000                  1.6993231209499169E+000                  1.6965660303537916E+001                  2.7211114508125928E-001                  7.0824746233458902E-001                  1.9641392584151651E-002                  1.1195296333864095E+001                  1.1970458299233970E+002                  5.3030518339066035E-036 
                                     911                  2.3567024197233852E-001                 -1.2201266058907883E+000                  7.3120360523654195E+000                  1.7038329075568841E+000                  1.6971157859313262E+001                  2.7150271261941156E-001                  7.0885649990391419E-001                  1.9640787476674193E-002                  1.1385137368665376E+001                  1.2722751812991200E+002                  6.1794787001773647E-036 
                                     912                  2.3562133450014780E-001                 -1.2210325359306744E+000                  7.3128850947244066E+000                  1.7068320506826646E+000                  1.6974814116017612E+001                  2.7109478230701473E-001                  7.0926483457085665E-001                  1.9640383122128569E-002                  1.1512556378588998E+001                  1.3248989173649210E+002                  6.8413670627461999E-036 
                                     913                  2.3557242702795680E-001                 -1.2219378774251761E+000                  7.3141570266615838E+000                  1.7113197399124620E+000                  1.6980285456748891E+001                  2.7047951559167333E-001                  7.0988071027194311E-001                  1.9639774136383625E-002                  1.1704961280966760E+001                  1.4077249536296142E+002                  7.9669034910655207E-036 
                                     914                  2.3547461208356907E-001                 -1.2237468168996588E+000                  7.3158510139576851E+000                  1.7173174322920806E+000                  1.6987591745395687E+001                  2.6965226442472617E-001                  7.1070877640268282E-001                  1.9638959172590953E-002                  1.1964863475484274E+001                  1.5260203060219422E+002                  9.7576914867510745E-036 
                                     915                  2.3537679713918153E-001                 -1.2255533652220651E+000                  7.3171200125145717E+000                  1.7218262825612547E+000                  1.6993079680427392E+001                  2.6902632646951907E-001                  7.1133532827023171E-001                  1.9638345260249213E-002                  1.2162284693528520E+001                  1.6210179147633906E+002                  1.1357571086319998E-035 
                                     916                  2.3532788966699081E-001                 -1.2264557176743467E+000                  7.3179648812792726E+000                  1.7248247217446171E+000                  1.6996729484950777E+001                  2.6860670582832868E-001                  7.1175535951789992E-001                  1.9637934653771394E-002                  1.2294716398486484E+001                  1.6874346035488847E+002                  1.2564630811037404E-035 
                                     917                  2.3527898219479979E-001                 -1.2273574630241733E+000                  7.3188090204412992E+000                  1.7278230743007126E+000                  1.7000378175838737E+001                  2.6818500805758960E-001                  7.1217746933490600E-001                  1.9637522607504398E-002                  1.2427959758769358E+001                  1.7564606726326073E+002                  1.3898204088540528E-035 
                                     918                  2.3523007472260879E-001                 -1.2282585980706842E+000                  7.3196524204311091E+000                  1.7308210485445525E+000                  1.7004025742169276E+001                  2.6776181311046510E-001                  7.1260107672798323E-001                  1.9637110161551674E-002                  1.2562054220225711E+001                  1.8281948734380458E+002                  1.5371291923781924E-035 
                                     919                  2.3518116725041785E-001                 -1.2291591202068211E+000                  7.3204950718057233E+000                  1.7338182944763503E+000                  1.7007672173034685E+001                  2.6733782131915568E-001                  7.1302548050893322E-001                  1.9636698171911160E-002                  1.2697050729336340E+001                  1.9027404283998450E+002                  1.6998182576951125E-035 
                                     920                  2.3513225977822685E-001                 -1.2300590275426704E+000                  7.3213369646988458E+000                  1.7368166725665206E+000                  1.7011317457565564E+001                  2.6690931193101253E-001                  7.1345440621733702E-001                  1.9636281851650450E-002                  1.2832657786512836E+001                  1.9801886025105469E+002                  1.8795128137050001E-035 
                                     921                  2.3508335230603586E-001                 -1.2309583143165557E+000                  7.3221780887563952E+000                  1.7398158783434750E+000                  1.7014961584801139E+001                  2.6647690945480124E-001                  7.1388722844759878E-001                  1.9635862097600043E-002                  1.2968912245332934E+001                  2.0606480377343678E+002                  2.0779576198104328E-035 
                                     922                  2.3503444483384486E-001                 -1.2318569753754385E+000                  7.3230184337101933E+000                  1.7428154894079342E+000                  1.7018604543710566E+001                  2.6604147712987503E-001                  7.1432308309448689E-001                  1.9635439775638086E-002                  1.3105872414077400E+001                  2.1442327405797249E+002                  2.2970682711748323E-035 
                                     923                  2.3498553736165390E-001                 -1.2327550064217598E+000                  7.3238579896298770E+000                  1.7458155960838668E+000                  1.7022246323222294E+001                  2.6560285507745862E-001                  7.1476213048460435E-001                  1.9635014437937026E-002                  1.3243517022269046E+001                  2.2310569572554874E+002                  2.5389671795872576E-035 
                                     924                  2.3493662988946290E-001                 -1.2336524029536970E+000                  7.3246967459853192E+000                  1.7488165161293909E+000                  1.7025886912217764E+001                  2.6516043501432329E-001                  7.1520497833368024E-001                  1.9634586651996466E-002                  1.3381786934920246E+001                  2.3212345956556481E+002                  2.8059999878007661E-035 
                                     925                  2.3488772241727190E-001                 -1.2345491597934917E+000                  7.3255346925165510E+000                  1.7518182700207845E+000                  1.7029526299509421E+001                  2.6471420656652805E-001                  7.1565163716514613E-001                  1.9634156268325764E-002                  1.3520670169168922E+001                  2.4148876414553413E+002                  3.1007401493635762E-035 
                                     926                  2.3483881494508094E-001                 -1.2354452717006090E+000                  7.3263718185794335E+000                  1.7548207547935277E+000                  1.7033164473839381E+001                  2.6426441008085233E-001                  7.1610186698375600E-001                  1.9633722935391673E-002                  1.3660175514285244E+001                  2.5121441003232965E+002                  3.4260145999892072E-035 
                                     927                  2.3478990747288994E-001                 -1.2363407336269487E+000                  7.3276256549960541E+000                  1.7593154919912970E+000                  1.7038608540850586E+001                  2.6358258514123156E-001                  7.1678434751635478E-001                  1.9633067342413657E-002                  1.3870165680319717E+001                  2.6649689902944698E+002                  3.9777713888011824E-035 
                                     928                  2.3469209252850246E-001                 -1.2381297198025154E+000                  7.3292948491201155E+000                  1.7653251398449514E+000                  1.7045877603059228E+001                  2.6266176820276904E-001                  7.1770604670286053E-001                  1.9632185094370369E-002                  1.4152785706024591E+001                  2.8827275022100150E+002                  4.8524418570768468E-035 
                                     929                  2.3459427758411469E-001                 -1.2399160441211763E+000                  7.3309605694216327E+000                  1.7713389183049548E+000                  1.7053141607709225E+001                  2.6172506518110622E-001                  7.1864364268435565E-001                  1.9631292134538070E-002                  1.4437546254690888E+001                  3.1173749804008821E+002                  5.9165002500106368E-035 
                                     930                  2.3449646263972718E-001                 -1.2416996604991988E+000                  7.3322077882156469E+000                  1.7758628397457876E+000                  1.7058597090463742E+001                  2.6101184275325606E-001                  7.1935754332695268E-001                  1.9630613919791262E-002                  1.4652821668845528E+001                  3.3052967129503327E+002                  6.8633223092859383E-035 
                                     931                  2.3444755516753640E-001                 -1.2425904214337633E+000                  7.3330379621631030E+000                  1.7788730161690527E+000                  1.7062225148341042E+001                  2.6053147327674803E-001                  7.1983836883609464E-001                  1.9630157887157385E-002                  1.4796699809305832E+001                  3.4364319105142471E+002                  7.5757009973616183E-035 
                                     932                  2.3439864769534546E-001                 -1.2434804874661249E+000                  7.3342812468612593E+000                  1.7833793119771273E+000                  1.7067653964334045E+001                  2.5980464994239760E-001                  7.2056588189262216E-001                  1.9629468164980235E-002                  1.5013116039171742E+001                  3.6423304131404217E+002                  8.7824496172302211E-035 
                                     933                  2.3430083275095770E-001                 -1.2452585460593064E+000                  7.3355229028801761E+000                  1.7879112346331376E+000                  1.7073101472686048E+001                  2.5906562397805205E-001                  7.2130560695089452E-001                  1.9628769071053487E-002                  1.5231030075203931E+001                  3.8601624106590765E+002                  1.0180228210515187E-034 
                                     934                  2.3425192527876695E-001                 -1.2461464892922764E+000                  7.3363493231723433E+000                  1.7909277967791670E+000                  1.7076724188204334E+001                  2.5856633625808340E-001                  7.2180536589549682E-001                  1.9628297846419729E-002                  1.5376415672440933E+001                  4.0120885275072436E+002                  1.1231340822718739E-034 
                                     935                  2.3420301780657596E-001                 -1.2470337094200945E+000                  7.3375869079303024E+000                  1.7954452069812668E+000                  1.7082144950827050E+001                  2.5780866820536341E-001                  7.2256374818265956E-001                  1.9627583611977029E-002                  1.5594716461143745E+001                  4.2505019742635875E+002                  1.3010944888201832E-034 
                                     936                  2.3410520286218819E-001                 -1.2488059847086472E+000                  7.3392338417186069E+000                  1.8014902574579570E+000                  1.7089382234197629E+001                  2.5677886734120925E-001                  7.2359451707886291E-001                  1.9626615579927842E-002                  1.5887068396257499E+001                  4.5894953180415212E+002                  1.5824763519816790E-034 
                                     937                  2.3400738791780071E-001                 -1.2505752725185804E+000                  7.3404665781483560E+000                  1.8060406528738793E+000                  1.7094817221714621E+001                  2.5599152721562718E-001                  7.2438259542094852E-001                  1.9625877363424360E-002                  1.6107179572876014E+001                  4.8604965101603779E+002                  1.8323186207613078E-034 
                                     938                  2.3395848044560996E-001                 -1.2514587577268512E+000                  7.3412869759351835E+000                  1.8090701886760174E+000                  1.7098431548194025E+001                  2.5545936612940312E-001                  7.2491525455423911E-001                  1.9625379316357772E-002                  1.6253791675692586E+001                  5.0493662354189291E+002                  2.0200263764455357E-034 
                                     939                  2.3390957297341897E-001                 -1.2523414697539657E+000                  7.3421063201359624E+000                  1.8121021986431340E+000                  1.7102044430617699E+001                  2.5492139279469456E-001                  7.2545373073933528E-001                  1.9624876465970109E-002                  1.6400494154542532E+001                  5.2451418745074182E+002                  2.2266905545751954E-034 
                                     940                  2.3386066550122797E-001                 -1.2532233995141944E+000                  7.3429245956859619E+000                  1.8151369326207218E+000                  1.7105655855449019E+001                  2.5437719914677309E-001                  7.2599843224901672E-001                  1.9624368604210130E-002                  1.6547218672722881E+001                  5.4480497944415708E+002                  2.4542017780317721E-034 
                                     941                  2.3381175802903698E-001                 -1.2541045373833251E+000                  7.3437417870717105E+000                  1.8181743859273432E+000                  1.7109265808961762E+001                  2.5382688003391329E-001                  7.2654926410046528E-001                  1.9623855865621431E-002                  1.6693949111210845E+001                  5.6583288528139053E+002                  2.7046284561830805E-034 
                                     942                  2.3376285055684601E-001                 -1.2549848737152163E+000                  7.3445578783442507E+000                  1.8212149964234692E+000                  1.7112874277240813E+001                  2.5326966101622267E-001                  7.2710700178164933E-001                  1.9623337202127944E-002                  1.6840573812823393E+001                  5.8762149481861593E+002                  2.9802571592125848E-034 
                                     943                  2.3371394308465501E-001                 -1.2558643979432094E+000                  7.3453728531202973E+000                  1.8242587579406331E+000                  1.7116481246154390E+001                  2.5270564290035463E-001                  7.2767154422924518E-001                  1.9622812870400130E-002                  1.6987074153273667E+001                  6.1019594279514388E+002                  3.2835827254988924E-034 
                                     944                  2.3366503561246402E-001                 -1.2567430994795237E+000                  7.3461866944911201E+000                  1.8273059590888383E+000                  1.7120086701354911E+001                  2.5213434832088416E-001                  7.2824336953491864E-001                  1.9622282144197145E-002                  1.7133366482734605E+001                  6.3358143092925559E+002                  3.6173559681874586E-034 
                                     945                  2.3361612814027305E-001                 -1.2576209671180310E+000                  7.3469993851302560E+000                  1.8303567757417016E+000                  1.7123690628262036E+001                  2.5155552287466448E-001                  7.2882273267147690E-001                  1.9621744453858669E-002                  1.7279389655410377E+001                  6.5780412273200830E+002                  3.9845925104664930E-034 
                                     946                  2.3356722066808205E-001                 -1.2584979892617461E+000                  7.3478109072002464E+000                  1.8334109493250768E+000                  1.7127293012051144E+001                  2.5096976500909501E-001                  7.2940903296615334E-001                  1.9621202024751705E-002                  1.7425178797688098E+001                  6.8289134227336569E+002                  4.3885781420400783E-034 
                                     947                  2.3351831319589106E-001                 -1.2593741548016764E+000                  7.3486212425585533E+000                  1.8364686836849156E+000                  1.7130893837672790E+001                  2.5037676541832127E-001                  7.3000258034371446E-001                  1.9620654237964219E-002                  1.7570666059359208E+001                  7.0887059686439568E+002                  4.8329409102391469E-034 
                                     948                  2.3346940572370006E-001                 -1.2602494521836194E+000                  7.3494303724903984E+000                  1.8395301834631803E+000                  1.7134493089840166E+001                  2.4977621455689389E-001                  7.3060368493180927E-001                  1.9620100511296812E-002                  1.7715781467879893E+001                  7.3577005362705654E+002                  5.3216620182565422E-034 
                                     949                  2.3342049825150910E-001                 -1.2611238694062250E+000                  7.3502382776435091E+000                  1.8425953691270682E+000                  1.7138090753016925E+001                  2.4916835968388129E-001                  7.3121209909043261E-001                  1.9619541225686099E-002                  1.7860519098161138E+001                  7.6361931715163712E+002                  5.8590889692859794E-034 
                                     950                  2.3337159077931810E-001                 -1.2619973945940208E+000                  7.3510449382209657E+000                  1.8456651476418893E+000                  1.7141686811424215E+001                  2.4855152080818971E-001                  7.3182950461941376E-001                  1.9618974572396475E-002                  1.8004642203225899E+001                  7.9244552641723180E+002                  6.4500664368166787E-034 
                                     951                  2.3332268330712710E-001                 -1.2628700140101563E+000                  7.3518503332155651E+000                  1.8487393512338091E+000                  1.7145281248982293E+001                  2.4792612146293577E-001                  7.3245547756176643E-001                  1.9618400975297767E-002                  1.8148160143764503E+001                  8.2227988578110330E+002                  7.0998284087191454E-034 
                                     952                  2.3327377583493611E-001                 -1.2637417142173513E+000                  7.3526544413584283E+000                  1.8518185737655559E+000                  1.7148874049322799E+001                  2.4729109848986078E-001                  7.3309108184841898E-001                  1.9617819661720270E-002                  1.8290901472023013E+001                  8.5315148193625510E+002                  7.8141832871527594E-034 
                                     953                  2.3322486836274517E-001                 -1.2646124805475600E+000                  7.3534572401018110E+000                  1.8549033022446504E+000                  1.7152465195751958E+001                  2.4664560174391098E-001                  7.3373716836245673E-001                  1.9617229893632349E-002                  1.8432714810475165E+001                  8.8509028988504417E+002                  8.5995009987719005E-034 
                                     954                  2.3317596089055417E-001                 -1.2654822973153870E+000                  7.3542587065507874E+000                  1.8579918587745008E+000                  1.7156054671220922E+001                  2.4599299466536617E-001                  7.3439037085041170E-001                  1.9616634484222129E-002                  1.8573972535080909E+001                  9.1813587167057085E+002                  9.4625192855641904E-034 
                                     955                  2.3312705341836318E-001                 -1.2663511521615980E+000                  7.3550588175384810E+000                  1.8610845808790026E+000                  1.7159642458438405E+001                  2.4533271015173577E-001                  7.3505125687547501E-001                  1.9616032972789244E-002                  1.8714565853671555E+001                  9.5232083984560484E+002                  1.0410827134045449E-033 
                                     956                  2.3307814594617221E-001                 -1.2672190320195604E+000                  7.3558575487216853E+000                  1.8641826828875991E+000                  1.7163228539850422E+001                  2.4466248127697190E-001                  7.3572209531821520E-001                  1.9615423404812926E-002                  1.8854164413295731E+001                  9.8767440548397497E+002                  1.1452871735035061E-033 
                                     957                  2.3302923847398122E-001                 -1.2680859213595130E+000                  7.3566548746545957E+000                  1.8672864469834438E+000                  1.7166812897562600E+001                  2.4398185810053705E-001                  7.3640333655291879E-001                  1.9614805346544140E-002                  1.8992660421924832E+001                  1.0242301261597886E+003                  1.2597805922768212E-033 
                                     958                  2.3298033100179022E-001                 -1.2689518040500860E+000                  7.3574507693803266E+000                  1.8703944556247263E+000                  1.7170395513323662E+001                  2.4329368552910613E-001                  7.3709213297853071E-001                  1.9614181492363159E-002                  1.9130374365683934E+001                  1.0620303040915419E+003                  1.3855369953381014E-033 
                                     959                  2.3293142352959922E-001                 -1.2698166667536337E+000                  7.3582452061393937E+000                  1.8735076778200417E+000                  1.7173976368621407E+001                  2.4259617628723373E-001                  7.3779027348894910E-001                  1.9613550223817167E-002                  1.9267028814215308E+001                  1.1011070878042417E+003                  1.5236611660888884E-033 
                                     960                  2.3288251605740826E-001                 -1.2706804941695902E+000                  7.3590381577591675E+000                  1.8766246066676431E+000                  1.7177555444621397E+001                  2.4189233786070025E-001                  7.3849474788966663E-001                  1.9612914249633073E-002                  1.9402976950704748E+001                  1.1415057236297173E+003                  1.6753155271052250E-033 
                                     961                  2.3283360858521726E-001                 -1.2715432739665278E+000                  7.3598280223104204E+000                  1.8797373399062971E+000                  1.7181125628594902E+001                  2.4118698164865809E-001                  7.3920074047423445E-001                  1.9612277877107509E-002                  1.9538372433674905E+001                  1.1831902256587603E+003                  1.8414109861719366E-033 
                                     962                  2.3278489587652887E-001                 -1.2724015676439646E+000                  7.3606147792377339E+000                  1.8828551217754070E+000                  1.7184686857308570E+001                  2.4046222359995784E-001                  7.3992615119878236E-001                  1.9611625201259808E-002                  1.9670749344051302E+001                  1.2261395486134882E+003                  2.0234883718950746E-033 
                                     963                  2.3273618316784048E-001                 -1.2732587858790034E+000                  7.3613999730774999E+000                  1.8859824876794873E+000                  1.7188246263347438E+001                  2.3972006937600129E-001                  7.4066897259464726E-001                  1.9610958029351422E-002                  1.9800751040316189E+001                  1.2704805325690972E+003                  2.2234025673740792E-033 
                                     964                  2.3268747045915206E-001                 -1.2741149046950733E+000                  7.3621835712941452E+000                  1.8891179634114412E+000                  1.7191803826478470E+001                  2.3896347653911026E-001                  7.4142624434859206E-001                  1.9610279112297624E-002                  1.9928704447087362E+001                  1.3162587600710087E+003                  2.4428326823769117E-033 
                                     965                  2.3263875775046367E-001                 -1.2749699029804786E+000                  7.3633559948970380E+000                  1.8938276148213657E+000                  1.7197126518136233E+001                  2.3779886848136672E-001                  7.4259189496177269E-001                  1.9609236556860532E-002                  2.0115794023360884E+001                  1.3876648957476134E+003                  2.8126567083128602E-033 
                                     966                  2.3254133233306609E-001                 -1.2766764806891806E+000                  7.3649132027518736E+000                  1.9001488322921709E+000                  1.7204230453559195E+001                  2.3619751572730424E-001                  7.4419467684283069E-001                  1.9607807429865121E-002                  2.0358279328549138E+001                  1.4883024353681278E+003                  3.3932118907995902E-033 
                                     967                  2.3244390691566824E-001                 -1.2783783158192878E+000                  7.3660763719301903E+000                  1.9049238303178273E+000                  1.7209563425251119E+001                  2.3495497941068375E-001                  7.4543831866126231E-001                  1.9606701928053916E-002                  2.0533852856911221E+001                  1.5680054133706578E+003                  3.9051417887547602E-033 
                                     968                  2.3239519420698007E-001                 -1.2792273803883580E+000                  7.3668496617082617E+000                  1.9081110787319362E+000                  1.7213109478588333E+001                  2.3410802571988285E-001                  7.4628602381995213E-001                  1.9605950460165000E-002                  2.0647390353210252E+001                  1.6231965036653553E+003                  4.2879804205874562E-033 
                                     969                  2.3234648149829168E-001                 -1.2800751908756676E+000                  7.3676211007855237E+000                  1.9113069512893563E+000                  1.7216653533239459E+001                  2.3324639265885216E-001                  7.4714841974473933E-001                  1.9605187596408502E-002                  2.0758305400345709E+001                  1.6800945561189428E+003                  4.7078313020852018E-033 
                                     970                  2.3229776878960326E-001                 -1.2809217249240998E+000                  7.3683906482925607E+000                  1.9145121064650952E+000                  1.7220195564933675E+001                  2.3236892617096613E-001                  7.4802666145877683E-001                  1.9604412370257007E-002                  2.0866345252164539E+001                  1.7387342429830453E+003                  5.1682466070194433E-033 
                                     971                  2.3224905608091487E-001                 -1.2817669588672587E+000                  7.3691582622701644E+000                  1.9177263356073633E+000                  1.7223735548871225E+001                  2.3147613086609081E-001                  7.4892024387570988E-001                  1.9603625258199253E-002                  2.0971501768996813E+001                  1.7991572888431942E+003                  5.6730583810318684E-033 
                                     972                  2.3220034337222648E-001                 -1.2826108694223475E+000                  7.3699238993193816E+000                  1.9209509304817356E+000                  1.7227273459742026E+001                  2.3056565073606355E-001                  7.4983152480656434E-001                  1.9602824457372048E-002                  2.1073330899783620E+001                  1.8613918999146904E+003                  6.2265630873974780E-033 
                                     973                  2.3215163066353808E-001                 -1.2834534307732475E+000                  7.3706875146444686E+000                  1.9241857051157454E+000                  1.7230809271649825E+001                  2.2963795259335290E-001                  7.5076003703327632E-001                  1.9602010373370726E-002                  2.1171810981834362E+001                  1.9254786547468782E+003                  6.8333568470810507E-033 
                                     974                  2.3210291795484966E-001                 -1.2842946174455563E+000                  7.3714490622050022E+000                  1.9274312535201734E+000                  1.7234342958129343E+001                  2.2869201846643428E-001                  7.5170679912671101E-001                  1.9601182406854711E-002                  2.1266690850604462E+001                  1.9914504137141596E+003                  7.4985272004678634E-033 
                                     975                  2.3205420524616127E-001                 -1.2851344027968654E+000                  7.3722084944017690E+000                  1.9306879596418334E+000                  1.7237874492115758E+001                  2.2772723461073602E-001                  7.5267242520714084E-001                  1.9600340182123199E-002                  2.1357776605461336E+001                  2.0593412109053934E+003                  8.2276230738736692E-033 
                                     976                  2.3200549253747288E-001                 -1.2859727594278327E+000                  7.3729657627908889E+000                  1.9339548572209679E+000                  1.7241403845926900E+001                  2.2674554874408759E-001                  7.5365496616486127E-001                  1.9599485091051139E-002                  2.1445277152469924E+001                  2.1291983453519706E+003                  9.0265660568609565E-033 
                                     977                  2.3195677982878449E-001                 -1.2868096617959557E+000                  7.3737208176341271E+000                  1.9372322797156500E+000                  1.7244930991331081E+001                  2.2574643799574620E-001                  7.5465494515082343E-001                  1.9598616853430340E-002                  2.1529016095563822E+001                  2.2010560892675935E+003                  9.9019462998889690E-033 
                                     978                  2.3190806712009607E-001                 -1.2876450837094489E+000                  7.3744736077365154E+000                  1.9405210374796618E+000                  1.7248455899531695E+001                  2.2472848081813451E-001                  7.5567378468565138E-001                  1.9597734496214159E-002                  2.1608668511927590E+001                  2.2749419624266484E+003                  1.0861028727202686E-032 
                                     979                  2.3185935441140768E-001                 -1.2884789974131474E+000                  7.3752240803288522E+000                  1.9438210735913573E+000                  1.7251978541124643E+001                  2.2369190124654587E-001                  7.5671126056350591E-001                  1.9596838189948285E-002                  2.1684169216781722E+001                  2.3508920134315645E+003                  1.1911641630691543E-032 
                                     980                  2.3181064170271928E-001                 -1.2893113752615848E+000                  7.3759721815251282E+000                  1.9471330006455572E+000                  1.7255498886108835E+001                  2.2263565933920543E-001                  7.5776841303380571E-001                  1.9595927626988807E-002                  2.1755246373797274E+001                  2.4289328695140612E+003                  1.3062429109481765E-032 
                                     981                  2.3176192899403089E-001                 -1.2901421884382496E+000                  7.3767178555584243E+000                  1.9504569202484943E+000                  1.7259016903855027E+001                  2.2155968420024230E-001                  7.5884531307572900E-001                  1.9595002724028698E-002                  2.1821782482234163E+001                  2.5090960475722936E+003                  1.4322754118838496E-032 
                                     982                  2.3171321628534247E-001                 -1.2909714079402741E+000                  7.3774610455829697E+000                  1.9537930205128866E+000                  1.7262532563108216E+001                  2.2046374276502209E-001                  7.5994219360065318E-001                  1.9594063634324699E-002                  2.1883632513371502E+001                  2.5914102596729931E+003                  1.5702848483297868E-032 
                                     983                  2.3166450357665408E-001                 -1.2917990044178256E+000                  7.3782016932789727E+000                  1.9571411360349034E+000                  1.7266045831984037E+001                  2.1934826762532900E-001                  7.6105862140772851E-001                  1.9593110966942495E-002                  2.1940762112019787E+001                  2.6759078012066657E+003                  1.7213800289550326E-032 
                                     984                  2.3161579086796569E-001                 -1.2926249488535579E+000                  7.3789397384855713E+000                  1.9605029535578429E+000                  1.7269556677987609E+001                  2.1821021732749896E-001                  7.6219764091954534E-001                  1.9592141752955650E-002                  2.1992549106022388E+001                  2.7625928017441365E+003                  1.8868104706507271E-032 
                                     985                  2.3156707815927730E-001                 -1.2934492090410861E+000                  7.3796751197103383E+000                  1.9638783247237228E+000                  1.7273065067917265E+001                  2.1705000481688430E-001                  7.6335883864452814E-001                  1.9591156538587562E-002                  2.2038946317828696E+001                  2.8514919159339156E+003                  2.0679024067375858E-032 
                                     986                  2.3151836545058888E-001                 -1.2942717530835093E+000                  7.3804077736174696E+000                  1.9672673704666437E+000                  1.7276570967884957E+001                  2.1586753918194124E-001                  7.6454230486786068E-001                  1.9590155950198085E-002                  2.2079821852904605E+001                  2.9426253913316082E+003                  2.2661072303080882E-032 
                                     987                  2.3146965274190048E-001                 -1.2950925488876439E+000                  7.3811376357796767E+000                  1.9706701093694743E+000                  1.7280074343316905E+001                  2.1466292149812954E-001                  7.6574793820947795E-001                  1.9589140292392448E-002                  2.2115077154136674E+001                  3.0360133176335030E+003                  2.4830036309238332E-032 
                                     988                  2.3142094003321209E-001                 -1.2959115643636758E+000                  7.3818646399741068E+000                  1.9740875533819475E+000                  1.7283575158964037E+001                  2.1343440277215275E-001                  7.6697748951973632E-001                  1.9588107708110924E-002                  2.2144290300692525E+001                  3.1316565040243991E+003                  2.7203429679357789E-032 
                                     989                  2.3137222732452370E-001                 -1.2967287655563065E+000                  7.3825887186112906E+000                  1.9775194642254190E+000                  1.7287073378849527E+001                  2.1218257312472022E-001                  7.6823036766016428E-001                  1.9587059215115499E-002                  2.2167443681555365E+001                  3.2295725948503282E+003                  2.9799963303732610E-032 
                                     990                  2.3132351461583528E-001                 -1.2975441190106969E+000                  7.3836698922165587E+000                  1.9826882328127897E+000                  1.7292306265475460E+001                  2.1025402996959733E-001                  7.7016051997398283E-001                  1.9585450056419873E-002                  2.2188857958900694E+001                  3.3806628259844474E+003                  3.4160562583271793E-032 
                                     991                  2.3122608919843812E-001                 -1.2991691664279863E+000                  7.3847426526281055E+000                  1.9879083646434592E+000                  1.7297552155305755E+001                  2.0827709694466393E-001                  7.7213909288555060E-001                  1.9583810169785498E-002                  2.2197533115721942E+001                  3.5369239782352433E+003                  3.9144604072909442E-032 
                                     992                  2.3117737648974973E-001                 -1.2999787647382379E+000                  7.3854543220215270E+000                  1.9914004430911478E+000                  1.7301039618185929E+001                  2.0692925865674472E-001                  7.7348804089894641E-001                  1.9582700444308876E-002                  2.2194752286784460E+001                  3.6439564333094745E+003                  4.2858155110873652E-032 
                                     993                  2.3112866378106131E-001                 -1.3007863778002708E+000                  7.3861627050923904E+000                  1.9949081186622730E+000                  1.7304524294600217E+001                  2.0555677770957989E-001                  7.7486164624153320E-001                  1.9581576048886884E-002                  2.2185076274301764E+001                  3.7532554393367486E+003                  4.6917363744156821E-032 
                                     994                  2.3107995107237292E-001                 -1.3015919704039036E+000                  7.3872198038936343E+000                  2.0001899219309736E+000                  1.7309736656756137E+001                  2.0344988353305998E-001                  7.7697025473303161E-001                  1.9579861733908466E-002                  2.2156605412164808E+001                  3.9214333252649585E+003                  5.3725858647047241E-032 
                                     995                  2.3098252565497532E-001                 -1.3031969809984745E+000                  7.3886159150576169E+000                  2.0073021025859905E+000                  1.7316688914750493E+001                  2.0055333661249450E-001                  7.7986913765357058E-001                  1.9577525733934897E-002                  2.2093753823741260E+001                  4.1534024019317822E+003                  6.4327527441269296E-032 
                                     996                  2.3088510023757841E-001                 -1.3047934776324599E+000                  7.3896524167600317E+000                  2.0126878344805750E+000                  1.7321904559318018E+001                  1.9831753446488115E-001                  7.8210672627801614E-001                  1.9575739257102764E-002                  2.2027820935168084E+001                  4.3330527080252505E+003                  7.3593822937197893E-032 
                                     997                  2.3083638752889019E-001                 -1.3055884300020386E+000                  7.3903393191356956E+000                  2.0162946297443667E+000                  1.7325371648314778E+001                  1.9679078330611613E-001                  7.8363468836499128E-001                  1.9574528328892615E-002                  2.1973117485423398E+001                  4.4554197216601879E+003                  8.0488703250718631E-032 
                                     998                  2.3078767482020179E-001                 -1.3063811426976006E+000                  7.3913633871739162E+000                  2.0217287056299824E+000                  1.7330557351071331E+001                  1.9444812849134191E-001                  7.8597918767755925E-001                  1.9572683831098781E-002                  2.1875004503514436E+001                  4.6427878993724880E+003                  9.2037067615089420E-032 
                                     999                  2.3069024940280400E-001                 -1.3079597244053969E+000                  7.3927131398060224E+000                  2.0290494706537578E+000                  1.7337472868677501E+001                  1.9123156211062275E-001                  7.8919826148223426E-001                  1.9570176407142981E-002                  2.1715804498758484E+001                  4.8992589720482320E+003                  1.0997236118635432E-031 
                                    1000                  2.3059282398540618E-001                 -1.3095288869857689E+000                  7.3940459779470915E+000                  2.0364437616917268E+000                  1.7344375407848624E+001                  1.8790542052449885E-001                  7.9252696366229625E-001                  1.9567615813204875E-002                  2.1522239863866798E+001                  5.1628490404592048E+003                  1.3130089349579118E-031 
                                    1001                  2.3049539856800833E-001                 -1.3110883194489729E+000                  7.3953611724925858E+000                  2.0439111370101681E+000                  1.7351264583247435E+001                  1.8447031279532977E-001                  7.9596468261516795E-001                  1.9565004589502277E-002                  2.1293616028411279E+001                  5.4328413747991062E+003                  1.5663422553400663E-031 
                                    1002                  2.3039797315061053E-001                 -1.3126377155734670E+000                  7.3966579790715734E+000                  2.0514568798603112E+000                  1.7358139998664331E+001                  1.8091951923988811E-001                  7.9951813427376084E-001                  1.9562346486351023E-002                  2.1027938174830393E+001                  5.7082301511775640E+003                  1.8669583986396189E-031 
                                    1003                  2.3030054773321271E-001                 -1.3141767537810642E+000                  7.3979356412834258E+000                  2.0590819662110458E+000                  1.7365001246395870E+001                  1.7725323859294567E-001                  8.0318711585722657E-001                  1.9559645549827698E-002                  2.0724622106674232E+001                  5.9879662564603850E+003                  2.2232306124380566E-031 
                                    1004                  2.3020312231581486E-001                 -1.3157051129955479E+000                  7.3991933946044135E+000                  2.0667871614226847E+000                  1.7371847907642074E+001                  1.7347211940252485E-001                  8.0697097525182038E-001                  1.9556905345654796E-002                  2.0383282795628542E+001                  6.2708393098575698E+003                  2.6448868768612583E-031 
                                    1005                  2.3010569689841706E-001                 -1.3172224737717928E+000                  7.4004304726995036E+000                  2.0745654863001080E+000                  1.7378679552969555E+001                  1.6959053238556981E-001                  8.1085533684009081E-001                  1.9554130774339429E-002                  2.0006455863343987E+001                  6.5558533650462750E+003                  3.1429302076257534E-031 
                                    1006                  2.3000827148101924E-001                 -1.3187285456765327E+000                  7.4016461063174770E+000                  2.0824266230115622E+000                  1.7385495744481045E+001                  1.6559355633779863E-001                  8.1485511375371011E-001                  1.9551329908491288E-002                  1.9590873859827806E+001                  6.8410359556949443E+003                  3.7306114456188760E-031 
                                    1007                  2.2991084606362139E-001                 -1.3202230094910590E+000                  7.4028395278787054E+000                  2.0903653683318750E+000                  1.7392296034342341E+001                  1.6149280202483435E-001                  8.1895868857940057E-001                  1.9548509395765024E-002                  1.9138812555893168E+001                  7.1249624356777813E+003                  4.4226433403205014E-031 
                                    1008                  2.2981342064622359E-001                 -1.3217055693071511E+000                  7.4040099780103379E+000                  2.0983835824943595E+000                  1.7399079966588090E+001                  1.5728745012749210E-001                  8.2316687398955202E-001                  1.9545675882955860E-002                  1.8650176886411508E+001                  7.4056665515251016E+003                  5.2361648482937678E-031 
                                    1009                  2.2971599522882574E-001                 -1.3231759284283862E+000                  7.4051567085560492E+000                  2.1064797292562703E+000                  1.7405847077396508E+001                  1.5298260589213469E-001                  8.2747455773761713E-001                  1.9542836370248118E-002                  1.8126260339739559E+001                  7.6811833740971488E+003                  6.1905660815280320E-031 
                                    1010                  2.2961856981142795E-001                 -1.3246338012939396E+000                  7.4068390271149926E+000                  2.1187288748222453E+000                  1.7415932869051122E+001                  1.4634494296955308E-001                  8.3411649782863473E-001                  1.9538559201812244E-002                  1.7275710069416608E+001                  8.0815234726721546E+003                  7.9404191405466450E-031 
                                    1011                  2.2942371897663097E-001                 -1.3275111869677623E+000                  7.4089815243221375E+000                  2.1353487505409361E+000                  1.7429361289564842E+001                  1.3723639164184190E-001                  8.4323071548105610E-001                  1.9532892877102026E-002                  1.6043400737177404E+001                  8.5757836865795325E+003                  1.0989161482541494E-030 
                                    1012                  2.2922886814183310E-001                 -1.3303356193958935E+000                  7.4105089218460929E+000                  2.1480188871410935E+000                  1.7439413972237883E+001                  1.3023584105928845E-001                  8.5023546825466467E-001                  1.9528690686046901E-002                  1.5054544107648134E+001                  8.9056210656299500E+003                  1.3940547515426065E-030 
                                    1013                  2.2913144272443531E-001                 -1.3317273671941054E+000                  7.4119930848215931E+000                  2.1607476060847359E+000                  1.7449360351553231E+001                  1.2309935274366457E-001                  8.5737609170288420E-001                  1.9524555553451228E-002                  1.4015279983894184E+001                  9.1965089372677958E+003                  1.7629296019445460E-030 
                                    1014                  2.2893659188963833E-001                 -1.3344693045484033E+000                  7.4138593957094638E+000                  2.1779169037802841E+000                  1.7462591752569040E+001                  1.1350242765199792E-001                  8.6697836613296808E-001                  1.9519206215034002E-002                  1.2588878761466058E+001                  9.5039610814392618E+003                  2.3882908868651055E-030 
                                    1015                  2.2874174105484135E-001                 -1.3371548325985212E+000                  7.4156088366115300E+000                  2.1952125419753834E+000                  1.7475737634530830E+001                  1.0387802776852864E-001                  8.7660786447870842E-001                  1.9514107752762966E-002                  1.1140364718066754E+001                  9.7069872282605247E+003                  3.2020472148684316E-030 
                                    1016                  2.2854689022004437E-001                 -1.3397833165788970E+000                  7.4172389618520977E+000                  2.2125831983853943E+000                  1.7488794306865628E+001                  9.4310040913716794E-002                  8.8618067920248100E-001                  1.9509279883802244E-002                  9.7002274852895720E+000                  9.7908489220725060E+003                  4.2448664038686318E-030 
                                    1017                  2.2835203938524740E-001                 -1.3423545082272390E+000                  7.4187484563300705E+000                  2.2299368593978248E+000                  1.7501758239901342E+001                  8.4940228903274601E-002                  8.9555498042829207E-001                  1.9504790668433358E-002                  8.3088299866912489E+000                  9.7498065920785757E+003                  5.5575539978573606E-030 
                                    1018                  2.2815718855045042E-001                 -1.3448687625572342E+000                  7.4201377287046428E+000                  2.2472026779222425E+000                  1.7514626131221178E+001                  7.5867606259316281E-002                  9.0463172887260235E-001                  1.9500664868081330E-002                  6.9956339729943275E+000                  9.5811102783223687E+003                  7.1805756695722284E-030 
                                    1019                  2.2796233771565344E-001                 -1.3473268774787888E+000                  7.4214087422426758E+000                  2.2642993839256329E+000                  1.7527394948683757E+001                  6.7199834267794231E-002                  9.1330327269916400E-001                  1.9496893033041807E-002                  5.7877460800394545E+000                  9.2899409653139592E+003                  9.1496228875297668E-030 
                                    1020                  2.2776748688085646E-001                 -1.3497301208042429E+000                  7.4225647463171347E+000                  2.2811539014235693E+000                  1.7540061973089603E+001                  5.9025265846478020E-002                  9.2148124218262539E-001                  1.9493491970896559E-002                  4.7040654451140540E+000                  8.8870353915179203E+003                  1.1493081034873997E-029 
                                    1021                  2.2757263604605948E-001                 -1.3520801505275923E+000                  7.4236101820034799E+000                  2.2977066002975106E+000                  1.7552624828135659E+001                  5.1406846207471414E-002                  9.2910270385163096E-001                  1.9490449940897658E-002                  3.7544801522680689E+000                  8.3873375813055536E+003                  1.4229983044264672E-029 
                                    1022                  2.2737778521126251E-001                 -1.3543789127433652E+000                  7.4245505584761080E+000                  2.3138926080824653E+000                  1.7565081495943215E+001                  4.4411829765273900E-002                  9.3610038424198150E-001                  1.9487785992744588E-002                  2.9444566774286449E+000                  7.8131097817651407E+003                  1.7365663876886035E-029 
                                    1023                  2.2718293437646553E-001                 -1.3566286457378662E+000                  7.4251819669664032E+000                  2.3258052680082901E+000                  1.7574375884447608E+001                  3.9581942838151238E-002                  9.4093205707405236E-001                  1.9486000087796440E-002                  2.4249598394783263E+000                  7.3432258111873380E+003                  1.9962157720026316E-029 
                                    1024                  2.2708550895906818E-001                 -1.3577358481850881E+000                  7.4255794417643646E+000                  2.3336034100889180E+000                  1.7580522783886305E+001                  3.6552444619166576E-002                  9.4396265573692995E-001                  1.9484899643903431E-002                  2.1173895546446118E+000                  7.0167127526090226E+003                  2.1824588342201270E-029 
                                    1025                  2.2698808354167077E-001                 -1.3588316535651768E+000                  7.4259076134598327E+000                  2.3403374673545154E+000                  1.7585882092726727E+001                  3.4042719242290666E-002                  9.4647327140726822E-001                  1.9484009350441145E-002                  1.8742825372250023E+000                  6.7265251414074328E+003                  2.3527799152575236E-029 
                                    1026                  2.2691501447861873E-001                 -1.3596462202739603E+000                  7.4261767269220176E+000                  2.3460449437778244E+000                  1.7590456285197117E+001                  3.1981566391508572E-002                  9.4853515948794642E-001                  1.9483274120544958E-002                  1.6828303956541129E+000                  6.4736894061346557E+003                  2.5046663328293069E-029 
                                    1027                  2.2684194541556682E-001                 -1.3604546712976799E+000                  7.4265627078036545E+000                  2.3544483436452603E+000                  1.7597276529851548E+001                  2.9094953176831292E-002                  9.5142279853380496E-001                  1.9482248289363735E-002                  1.4282706909955196E+000                  6.0999976623343064E+003                  2.7422179255846443E-029 
                                    1028                  2.2669580728947639E-001                 -1.3620538245056872E+000                  7.4268955113065926E+000                  2.3622438922417563E+000                  1.7603705589346184E+001                  2.6609561649723633E-002                  9.5390906699005829E-001                  1.9481371360218103E-002                  1.2226078682171873E+000                  5.7581312723192586E+003                  2.9730792887705379E-029 
                                    1029                  2.2663506961045443E-001                 -1.3627117498785608E+000                  7.4270835729032871E+000                  2.3667896656804315E+000                  1.7607458368034873E+001                  2.5178123652143680E-002                  9.5534100593891513E-001                  1.9480870408941198E-002                  1.1094554234938561E+000                  5.5485326604182974E+003                  3.1144678007278133E-029 
                                    1030                  2.2657433193143248E-001                 -1.3633657815836564E+000                  7.4273550032971620E+000                  2.3734997211807221E+000                  1.7613059365643679E+001                  2.3166292995037769E-002                  9.5735352888164238E-001                  1.9480178123319813E-002                  9.5802419951689344E-001                  5.2430225199780552E+003                  3.3324201389492583E-029 
                                    1031                  2.2645285657338673E-001                 -1.3646624943189269E+000                  7.4276228430108366E+000                  2.3805519996633966E+000                  1.7619018642552678E+001                  2.1185102757899872E-002                  9.5933538138959340E-001                  1.9479515852506735E-002                  8.1786679724001110E-001                  4.9274771975331605E+003                  3.5699659885888371E-029 
                                    1032                  2.2638009392403646E-001                 -1.3654321781241574E+000                  7.4278143398311132E+000                  2.3857749476474464E+000                  1.7623460228821667E+001                  1.9770417729780505E-002                  9.6075052974118968E-001                  1.9479052529029817E-002                  7.2320930027344288E-001                  4.6912436512565091E+003                  3.7534626562686788E-029 
                                    1033                  2.2630733127468602E-001                 -1.3661967014109757E+000                  7.4279970736009782E+000                  2.3909333336303216E+000                  1.7627886344342091E+001                  1.8440219587860806E-002                  9.6208115011304052E-001                  1.9478630299098687E-002                  6.3864223264244702E-001                  4.4617195665310983E+003                  3.9405152649889050E-029 
                                    1034                  2.2623456862533556E-001                 -1.3669561849213956E+000                  7.4281714288861069E+000                  2.3960274389764034E+000                  1.7632296994900809E+001                  1.7193045583861487E-002                  9.6332869805360388E-001                  1.9478256362534641E-002                  5.6338588580954119E-001                  4.2397932520095137E+003                  4.1309185449345652E-029 
                                    1035                  2.2616180597598512E-001                 -1.3677107475977079E+000                  7.4283793566060234E+000                  2.4023111014501559E+000                  1.7637784075317473E+001                  1.5732236825813050E-002                  9.6478991736795916E-001                  1.9477845806227800E-002                  4.8028855762072037E-001                  3.9705034901757363E+003                  4.3742221103207935E-029 
                                    1036                  2.2605266200196192E-001                 -1.3688335890187588E+000                  7.4286118989165555E+000                  2.4097522080665601E+000                  1.7644342211833422E+001                  1.4108793970423599E-002                  9.6641382307045021E-001                  1.9477382959126155E-002                  3.9453935412746455E-001                  3.6579653293790407E+003                  4.6727113916056227E-029 
                                    1037                  2.2594351802793852E-001                 -1.3699459098797833E+000                  7.4287744859204263E+000                  2.4152519825843859E+000                  1.7649243984066558E+001                  1.2999724721130796E-002                  9.6752319466239456E-001                  1.9477080616474685E-002                  3.4017915265938897E-001                  3.4369543331096374E+003                  4.9002086676011808E-029 
                                    1038                  2.2588894604091922E-001                 -1.3704982391925191E+000                  7.4288791414845763E+000                  2.4188796976326703E+000                  1.7652497029726220E+001                  1.2299907536009397E-002                  9.6822319577498095E-001                  1.9476896689009648E-002                  3.0765401729346464E-001                  3.2938074335767956E+003                  5.0544536297841180E-029 
                                    1039                  2.2583437405389964E-001                 -1.3710480630867570E+000                  7.4289802090064398E+000                  2.4224842078997315E+000                  1.7655741440232280E+001                  1.1625935475036349E-002                  9.6889734079931478E-001                  1.9476723725648903E-002                  2.7764522136680742E-001                  3.1528091086983550E+003                  5.2105856966078611E-029 
                                    1040                  2.2577980206688031E-001                 -1.3715954127584209E+000                  7.4290778282268342E+000                  2.4260545373183895E+000                  1.7658977228867474E+001                  1.0992924028779839E-002                  9.6953050455134926E-001                  1.9476571419870914E-002                  2.5070972502782901E-001                  3.0182982758079515E+003                  5.3680322270430401E-029 
                                    1041                  2.2572523007986098E-001                 -1.3721403329989448E+000                  7.4291878481695059E+000                  2.4301803879766082E+000                  1.7662739949922518E+001                  1.0298162297224052E-002                  9.7022541712954791E-001                  1.9476420573228070E-002                  2.2254603206193285E-001                  2.8679836900151959E+003                  5.5536773922956684E-029 
                                    1042                  2.2565246743051054E-001                 -1.3728631814985046E+000                  7.4293079620307134E+000                  2.4348606134231066E+000                  1.7667027604139125E+001                  9.5436222674599221E-003                  9.7098012697466496E-001                  1.9476250757875069E-002                  1.9360682930990575E-001                  2.7005545571902671E+003                  5.7686165669660860E-029 
                                    1043                  2.2557970478116007E-001                 -1.3735818512085920E+000                  7.4294227503181149E+000                  2.4394942820196746E+000                  1.7671300028112817E+001                  8.8404500157146931E-003                  9.7168345848132276E-001                  1.9476091502962589E-002                  1.6824709305879107E-001                  2.5409833281702913E+003                  5.9862239824351506E-029 
                                    1044                  2.2550694213180958E-001                 -1.3742964224586134E+000                  7.4295325013310718E+000                  2.4440862297418504E+000                  1.7675557263886869E+001                  8.1813901399312491E-003                  9.7234265407581133E-001                  1.9475955784257426E-002                  1.4590758774150520E-001                  2.3878898850885976E+003                  6.2066508698779294E-029 
                                    1045                  2.2543417948245933E-001                 -1.3750069669382743E+000                  7.4296637383625956E+000                  2.4497705788411763E+000                  1.7680853435930334E+001                  7.4079715272458279E-003                  9.7311621682024141E-001                  1.9475811652512776E-002                  1.2147980119539531E-001                  2.2031983013292797E+003                  6.4868198744569781E-029 
                                    1046                  2.2532503550843594E-001                 -1.3760653699562682E+000                  7.4298112929606273E+000                  2.4565087373963763E+000                  1.7687182693373490E+001                  6.5726023373540001E-003                  9.7395173150171543E-001                  1.9475666160930549E-002                  9.7371504066927170E-002                  1.9982225359413758E+003                  6.8279189045149940E-029 
                                    1047                  2.2521589153441279E-001                 -1.3771150939336265E+000                  7.4299151603648363E+000                  2.4615039778933334E+000                  1.7691912838864098E+001                  6.0129502090764996E-003                  9.7451146997621274E-001                  1.9475579814710708E-002                  8.2585087575191035E-002                  1.8577447170588878E+003                  7.0869201257193171E-029 
                                    1048                  2.2516131954739346E-001                 -1.3776367781652552E+000                  7.4299822828782522E+000                  2.4648093279401841E+000                  1.7695052127259395E+001                  5.6574475464771373E-003                  9.7486702189184948E-001                  1.9475530561673393E-002                  7.3751808261037569E-002                  1.7665226815585829E+003                  7.2621403092077735E-029 
                                    1049                  2.2510674756037413E-001                 -1.3781563723471195E+000                  7.4300799301963938E+000                  2.4697199409626900E+000                  1.7699740053909906E+001                  5.1647741062108158E-003                  9.7535974961725225E-001                  1.9475476276536896E-002                  6.2267260218385932E-002                  1.6381344812014650E+003                  7.5280701236664816E-029 
                                    1050                  2.2499760358635074E-001                 -1.3791893999026814E+000                  7.4301821606796574E+000                  2.4751331469368489E+000                  1.7704936627187639E+001                  4.6680797508262531E-003                  9.7585647400529130E-001                  1.9475446243882422E-002                  5.1592879725287789E-002                  1.5060601238433519E+003                  7.8269466102848083E-029 
                                    1051                  2.2492484093700049E-001                 -1.3798736010554435E+000                  7.4302608521270974E+000                  2.4794270000570697E+000                  1.7709074120377949E+001                  4.2980510755237867E-003                  9.7622652371067664E-001                  1.9475425213799524E-002                  4.4230119034271841E-002                  1.4054406909360789E+003                  8.0698355560897985E-029 
                                    1052                  2.2485207828765000E-001                 -1.3805542720758006E+000                  7.4303366503435528E+000                  2.4836885298888607E+000                  1.7713196892579649E+001                  3.9559551004023615E-003                  9.7656863173967012E-001                  1.9475413159927513E-002                  3.7886098555255342E-002                  1.3108356467299543E+003                  8.3157173571085709E-029 
                                    1053                  2.2477931563829956E-001                 -1.3812314651865980E+000                  7.4304097428719054E+000                  2.4879184254143629E+000                  1.7717305003113275E+001                  3.6406189847075160E-003                  9.7688397006821637E-001                  1.9475410947076166E-002                  3.2439339568214300E-002                  1.2222234642791179E+003                  8.5646403779875396E-029 
                                    1054                  2.2470655298894932E-001                 -1.3819052311662030E+000                  7.4305155835420633E+000                  2.4941958622500557E+000                  1.7723430888362874E+001                  3.2150994595506778E-003                  9.7730947477726193E-001                  1.9475425763187393E-002                  2.5710782502312745E-002                  1.1004089302761818E+003                  8.9442965110164488E-029 
                                    1055                  2.2456102769023950E-001                 -1.3832426804038376E+000                  7.4306145844907387E+000                  2.5004346575677503E+000                  1.7729541980510469E+001                  2.8305769214720887E-003                  9.7769396057450053E-001                  1.9475462504027430E-002                  2.0248562716026590E-002                  9.8734409159465645E+002                  9.3311091840242648E-029 
                                    1056                  2.2448826504088926E-001                 -1.3839064410432644E+000                  7.4306785307885734E+000                  2.5045528483345438E+000                  1.7733592057666364E+001                  2.5999811458142612E-003                  9.7792454361357317E-001                  1.9475475240612550E-002                  1.7263586241173030E-002                  9.1828310635720743E+002                  9.5935211390433389E-029 
                                    1057                  2.2441550239153879E-001                 -1.3845669515268308E+000                  7.4307715835036481E+000                  2.5106766025433136E+000                  1.7739631669648752E+001                  2.2820021255400571E-003                  9.7824252957489477E-001                  1.9475468299565146E-002                  1.3507044850407190E-002                  8.2099330730549468E+002                  9.9946095854261486E-029 
                                    1058                  2.2426997709282920E-001                 -1.3858783743822789E+000                  7.4308888455803990E+000                  2.5187637511247374E+000                  1.7747646272016748E+001                  1.9200100394027684E-003                  9.7860449021027274E-001                  1.9475499750324476E-002                  9.7583173997001556E-003                  7.0766076494802292E+002                  1.0542087394243619E-028 
                                    1059                  2.2412445179411983E-001                 -1.3871772605488111E+000                  7.4309724101584544E+000                  2.5247776396653205E+000                  1.7753628475978196E+001                  1.6842702296182537E-003                  9.7884020091337176E-001                  1.9475528857009983E-002                  7.6230760019082300E-003                  6.3194947604386414E+002                  1.0963323363474089E-028 
                                    1060                  2.2405168914476958E-001                 -1.3878220885322889E+000                  7.4310268197758145E+000                  2.5287537976523549E+000                  1.7757593415838091E+001                  1.5419111380428098E-003                  9.7898252486351067E-001                  1.9475563998446521E-002                  6.4526258361743052E-003                  5.8538328868084761E+002                  1.1249635255330190E-028 
                                    1061                  2.2397892649541909E-001                 -1.3884638854972624E+000                  7.4311066372190631E+000                  2.5346700242839280E+000                  1.7763506487408907E+001                  1.3487191435502645E-003                  9.7917564059287843E-001                  1.9475640263571292E-002                  5.0102414411541179E-003                  5.2106127276478946E+002                  1.1687575507034702E-028 
                                    1062                  2.2383340119670952E-001                 -1.3897385181073112E+000                  7.4311833031028094E+000                  2.5405545733995307E+000                  1.7769404745244845E+001                  1.1815595192816201E-003                  9.7934268524298129E-001                  1.9475755237737036E-002                  3.9017876092701850E-003                  4.6443468014872911E+002                  1.2135744635476315E-028 
                                    1063                  2.2376063854735903E-001                 -1.3903714148075550E+000                  7.4312334861825162E+000                  2.5444488529060010E+000                  1.7773314242151304E+001                  1.0791096084912517E-003                  9.7944506138564025E-001                  1.9475829005868528E-002                  3.2860161849688385E-003                  4.2903370021711737E+002                  1.2440779384893369E-028 
                                    1064                  2.2368787589800859E-001                 -1.3910014036870824E+000                  7.4313074908034000E+000                  2.5502450624206610E+000                  1.7779144918822563E+001                  9.4224194735857160E-004                  9.7958180499023118E-001                  1.9475953062410234E-002                  2.5414440072890803E-003                  3.8102709498280427E+002                  1.2907615002005399E-028 
                                    1065                  2.2354235059929875E-001                 -1.3922527793572737E+000                  7.4313792990376903E+000                  2.5560147170779826E+000                  1.7784960840468443E+001                  8.2309185111930402E-004                  9.7970080938728410E-001                  1.9476098761596616E-002                  1.9670824502519973E-003                  3.3849009728394680E+002                  1.3386487915529793E-028 
                                    1066                  2.2346958794994851E-001                 -1.3928742180593947E+000                  7.4314265346107300E+000                  2.5598337927344370E+000                  1.7788815960954199E+001                  7.5104111850290067E-004                  9.7977276074253417E-001                  1.9476198138962952E-002                  1.6532246067212011E-003                  3.1231464273086624E+002                  1.3712567788268397E-028 
                                    1067                  2.2339682530059807E-001                 -1.3934928599795402E+000                  7.4314965259531460E+000                  2.5655223647930585E+000                  1.7794565832064155E+001                  6.5313597337772077E-004                  9.7987049685800265E-001                  1.9476367168619668E-002                  1.2678816341061367E-003                  2.7613561280168716E+002                  1.4212226060806090E-028 
                                    1068                  2.2325130000188845E-001                 -1.3947218582033694E+000                  7.4315650643424123E+000                  2.5711869902406126E+000                  1.7800301032262706E+001                  5.6844775828783522E-004                  9.7995502749871688E-001                  1.9476524742995327E-002                  9.7382543870548849E-004                  2.4431618416027064E+002                  1.4725627327068182E-028 
                                    1069                  2.2317853735253798E-001                 -1.3953322612864842E+000                  7.4316103460703422E+000                  2.5749373666081321E+000                  1.7804102844192744E+001                  5.1794606838273549E-004                  9.8000543320244293E-001                  1.9476620729174332E-002                  8.1593592274524388E-004                  2.2504754006248001E+002                  1.5075387216474648E-028 
                                    1070                  2.2310577470318776E-001                 -1.3959399672646129E+000                  7.4316552662279438E+000                  2.5786713190316175E+000                  1.7807891495318231E+001                  4.7185376455032479E-004                  9.8005144558419721E-001                  1.9476700651252510E-002                  6.8338871579338230E-004                  2.0725365846849073E+002                  1.5431479811315608E-028 
                                    1071                  2.2303301205383730E-001                 -1.3965449997126986E+000                  7.4316998688521112E+000                  2.5823894392318314E+000                  1.7811667051951989E+001                  4.2939387801820710E-004                  9.8009380416607539E-001                  1.9476801955906398E-002                  5.7109847197151051E-004                  1.9064881379778885E+002                  1.5794117376433520E-028 
                                    1072                  2.2296024940448705E-001                 -1.3971473812745800E+000                  7.4317663564304119E+000                  2.5879298897782781E+000                  1.7817298690765469E+001                  3.7225797404066965E-004                  9.8015076408764501E-001                  1.9476977938314266E-002                  4.3507447406958185E-004                  1.6795857003483943E+002                  1.6350256496594894E-028 
                                    1073                  2.2281472410577724E-001                 -1.3983442850024170E+000                  7.4318321937831167E+000                  2.5934495330901273E+000                  1.7822915820889595E+001                  3.2316380649063866E-004                  9.8019965371445927E-001                  1.9477182479050059E-002                  3.3232908276109287E-004                  1.4815916110193058E+002                  1.6922831606436836E-028 
                                    1074                  2.2274196145642677E-001                 -1.3989388477735176E+000                  7.4318759163420287E+000                  2.5971058933257125E+000                  1.7826639659427983E+001                  2.9346179225862818E-004                  9.8022922087700060E-001                  1.9477317330740762E-002                  2.7650178911806274E-004                  1.3597589073721576E+002                  1.7313284732346498E-028 
                                    1075                  2.2266919880707628E-001                 -1.3995308470795436E+000                  7.4319195029418381E+000                  2.6007471150164383E+000                  1.7830350732446178E+001                  2.6665092857480516E-004                  9.8025588993169777E-001                  1.9477459139727427E-002                  2.3032181521305789E-004                  1.2486484475517062E+002                  1.7711099581955426E-028 
                                    1076                  2.2259643615772584E-001                 -1.4001203041251367E+000                  7.4319629829098472E+000                  2.6043736941831126E+000                  1.7834049105142530E+001                  2.4209886810723930E-004                  9.8028029526481431E-001                  1.9477605867078474E-002                  1.9154539986218831E-004                  1.1456690231202995E+002                  1.8116505410127314E-028 
                                    1077                  2.2252367350837560E-001                 -1.4007072393505551E+000                  7.4320063832846719E+000                  2.6079857099953045E+000                  1.7837734842487436E+001                  2.1975185521765547E-004                  9.8030248960202759E-001                  1.9477758542754797E-002                  1.5921065010629528E-004                  1.0508756861209949E+002                  1.8529669750377591E-028 
                                    1078                  2.2245091085902535E-001                 -1.4012916730025482E+000                  7.4320497296294343E+000                  2.6115833907754786E+000                  1.7841408009217378E+001                  1.9935154738666292E-004                  9.8032273299006056E-001                  1.9477915462552731E-002                  1.3217552249956030E-004                  9.6332968913518485E+001                  1.8950788703484732E-028 
                                    1079                  2.2237814820967489E-001                 -1.4018736249354293E+000                  7.4321147011001569E+000                  2.6169465498502955E+000                  1.7846887493910110E+001                  1.7216844049731844E-004                  9.8034967133999884E-001                  1.9478160219503882E-002                  9.9882600782970360E-005                  8.4504061924803693E+001                  1.9597133981884846E-028 
                                    1080                  2.2223262291096552E-001                 -1.4030301653876092E+000                  7.4321796828957947E+000                  2.6222918062635210E+000                  1.7852352733870330E+001                  1.4851554679440435E-004                  9.8037308329703032E-001                  1.9478401156175273E-002                  7.5296910930467374E-005                  7.4036322624664891E+001                  2.0263761649115963E-028 
                                    1081                  2.2215986026161505E-001                 -1.4036047886333876E+000                  7.4322230335376540E+000                  2.6258336015958523E+000                  1.7855976260631483E+001                  1.3450764783083741E-004                  9.8038691023939561E-001                  1.9478582112773535E-002                  6.2297597066778617E-005                  6.7748030452715554E+001                  2.0718594518003247E-028 
                                    1082                  2.2208709761226481E-001                 -1.4041770068245085E+000                  7.4322664327351475E+000                  2.6293617885763076E+000                  1.7859587536683044E+001                  1.2175887939222235E-004                  9.8039946852548931E-001                  1.9478772595118432E-002                  5.1488261763839519E-005                  6.1960289843970465E+001                  2.1182347434514939E-028 
                                    1083                  2.2201433496291437E-001                 -1.4047468384519035E+000                  7.4323098968814358E+000                  2.6328764902024147E+000                  1.7863186625207291E+001                  1.1017075052731286E-004                  9.8041083323710143E-001                  1.9478996012371241E-002                  4.2516255760334431E-005                  5.6640727658541451E+001                  2.1655218950695301E-028 
                                    1084                  2.2194157231356390E-001                 -1.4053143017702698E+000                  7.4323533772844765E+000                  2.6363742059789628E+000                  1.7866768333893368E+001                  9.9669502575806747E-005                  9.8042105470414442E-001                  1.9479275793279793E-002                  3.5094949177061513E-005                  5.1767462989460320E+001                  2.2136860274663879E-028 
                                    1085                  2.2186902375181441E-001                 -1.4058777535533211E+000                  7.4323968873202819E+000                  2.6398519245261070E+000                  1.7870332752563648E+001                  9.0137389053969875E-005                  9.8043036876799483E-001                  1.9479493842951223E-002                  2.8947222133232570E-005                  4.7294395326014538E+001                  2.2627100312576319E-028 
                                    1086                  2.2179647519006493E-001                 -1.4064388866935271E+000                  7.4324405042337949E+000                  2.6433165932250842E+000                  1.7873885241746425E+001                  8.1480567624891601E-005                  9.8043884522034541E-001                  1.9479674212029674E-002                  2.3854405063328984E-005                  4.3187273248148529E+001                  2.3127026971276651E-028 
                                    1087                  2.2172392662831525E-001                 -1.4069977186071942E+000                  7.4324842397446647E+000                  2.6467682997198971E+000                  1.7877425862949945E+001                  7.3652336503741801E-005                  9.8044650732903782E-001                  1.9479840334458487E-002                  1.9655491531799208E-005                  3.9434166011213563E+001                  2.3636844529655907E-028 
                                    1088                  2.2165137806656576E-001                 -1.4075542665287628E+000                  7.4325500353890224E+000                  2.6519156274305424E+000                  1.7882708390157045E+001                  6.3324813774244990E-005                  9.8045662586147664E-001                  1.9480049324749116E-002                  1.4713075586468370E-005                  3.4419618019979367E+001                  2.4419699778595414E-028 
                                    1089                  2.2150628094305727E-001                 -1.4086605813686355E+000                  7.4326383452807123E+000                  2.6587427775257990E+000                  1.7889719271315695E+001                  5.1562841464265913E-005                  9.8046812493609914E-001                  1.9480312222436624E-002                  9.9186743305644139E-006                  2.8593338582748046E+001                  2.5501335122416531E-028 
                                    1090                  2.2136118381954903E-001                 -1.4097579616382916E+000                  7.4327050683145011E+000                  2.6638361348738187E+000                  1.7894953088534677E+001                  4.4265322659247909E-005                  9.8047527370332133E-001                  1.9480460974019453E-002                  7.4011469847219740E-006                  2.4916715962845970E+001                  2.6341983630320022E-028 
                                    1091                  2.2128863525779954E-001                 -1.4103033410221850E+000                  7.4327497227230586E+000                  2.6672122499191371E+000                  1.7898423777310036E+001                  3.9901204825359489E-005                  9.8047953411260014E-001                  1.9480564682574530E-002                  6.0634391180469088E-006                  2.2684365646017682E+001                  2.6915787926383677E-028 
                                    1092                  2.2121608669604984E-001                 -1.4108465356485840E+000                  7.4328169734291016E+000                  2.6722475186956123E+000                  1.7903602363977157E+001                  3.4176179128966705E-005                  9.8048511750256317E-001                  1.9480706318307894E-002                  4.5032719779571413E-006                  1.9719993160692994E+001                  2.7797031415041423E-028 
                                    1093                  2.2107098957254134E-001                 -1.4119264369975744E+000                  7.4328848008152164E+000                  2.6772671088411699E+000                  1.7908767408883715E+001                  2.9213054779544310E-005                  9.8048993863090472E-001                  1.9480848314315735E-002                  3.3308505324201634E-006                  1.7107748969286703E+001                  2.8706935332732958E-028 
                                    1094                  2.2099844101079186E-001                 -1.4124631723621250E+000                  7.4329302164084758E+000                  2.6805945135854494E+000                  1.7912192668706368E+001                  2.6312409985741430E-005                  9.8049275920850310E-001                  1.9480928381511164E-002                  2.7242719649114094E-006                  1.5561335352386008E+001                  2.9328035829326508E-028 
                                    1095                  2.2092589244904215E-001                 -1.4129977857515432E+000                  7.4329758360626466E+000                  2.6839099263395183E+000                  1.7915606717588197E+001                  2.3708102505526332E-005                  9.8049529632889287E-001                  1.9480995568601611E-002                  2.2296632867331041E-006                  1.4159345188208842E+001                  2.9961574928629665E-028 
                                    1096                  2.2085334388729269E-001                 -1.4135302924814694E+000                  7.4330216645938378E+000                  2.6872134453107281E+000                  1.7919009613444675E+001                  2.1340182159473082E-005                  9.8049760179546797E-001                  1.9481058022372544E-002                  1.8211556303466506E-006                  1.2870462852616322E+001                  3.0607813659868412E-028 
                                    1097                  2.2078079532554323E-001                 -1.4140607076883545E+000                  7.4330907242652779E+000                  2.6921410456427997E+000                  1.7924087431929134E+001                  1.8144047800374757E-005                  9.8050070801524680E-001                  1.9481147936952770E-002                  1.3324469633283772E-006                  1.1103936362203815E+001                  3.1600399902539230E-028 
                                    1098                  2.2063569820203474E-001                 -1.4151153257247326E+000                  7.4331836838038514E+000                  2.6986776080663648E+000                  1.7930827095894159E+001                  1.4651500327153661E-005                  9.8050410828062817E-001                  1.9481240219044627E-002                  8.8285431687829718E-007                  9.1424652149195662E+000                  3.2972234625189123E-028 
                                    1099                  2.2049060107852647E-001                 -1.4161617558143718E+000                  7.4332775475357735E+000                  2.7051677891943569E+000                  1.7937523173054302E+001                  1.1815124942320050E-005                  9.8050686846718504E-001                  1.9481316407872651E-002                  5.8331207639103156E-007                  7.5165597616936415E+000                  3.4399674770708070E-028 
                                    1100                  2.2034550395501823E-001                 -1.4172001141056303E+000                  7.4333723388435446E+000                  2.7116121090988266E+000                  1.7944176112058820E+001                  9.5188668579515390E-006                  9.8050911513858796E-001                  1.9481365994554078E-002                  3.8463713626428738E-007                  6.1734356271943716E+000                  3.5884987617679689E-028 
                                    1101                  2.2020040683150996E-001                 -1.4182305146218745E+000                  7.4334441457638754E+000                  2.7164207672850607E+000                  1.7949143203954048E+001                  8.1345866568856889E-006                  9.8051049519738365E-001                  1.9481370215959415E-002                  2.8423112447972992E-007                  5.3522030780769470E+000                  3.7039689857955193E-028 
                                    1102                  2.2012785826976047E-001                 -1.4187427647549411E+000                  7.4334922553001359E+000                  2.7196089649916204E+000                  1.7952437687671079E+001                  7.2922745061371534E-006                  9.8051131851254025E-001                  1.9481389212953615E-002                  2.3020942536871442E-007                  4.8441020197559546E+000                  3.7827951975026225E-028 
                                    1103                  2.2005530970801102E-001                 -1.4192530672748165E+000                  7.4335647795521229E+000                  2.7243651806175597E+000                  1.7957354343753622E+001                  6.1736881775278672E-006                  9.8051239660395328E-001                  1.9481429707869147E-002                  1.6693833377343814E-007                  4.1600759106333909E+000                  3.9038707992668751E-028 
                                    1104                  2.1991021258450275E-001                 -1.4202678860898186E+000                  7.4336380435008689E+000                  2.7291067022176478E+000                  1.7962258140239079E+001                  5.2409153696298014E-006                  9.8051328649335334E-001                  1.9481472591277083E-002                  1.2171340892005796E-007                  3.5823470773632122E+000                  4.0288922645584082E-028 
                                    1105                  2.1983766402275326E-001                 -1.4207724273677220E+000                  7.4336871312890684E+000                  2.7322505257702598E+000                  1.7965510803531487E+001                  4.6899830705677355E-006                  9.8051380772083729E-001                  1.9481502296092135E-002                  9.8224957989924954E-008                  3.2363223097953102E+000                  4.1142380974238317E-028 
                                    1106                  2.1976511546100355E-001                 -1.4212750750268490E+000                  7.4337364674174129E+000                  2.7353833978370523E+000                  1.7968753145798338E+001                  4.2001401249042323E-006                  9.8051427105123568E-001                  1.9481528808639403E-002                  7.9387454361630077E-008                  2.9258821228464971E+000                  4.2012958215790577E-028 
                                    1107                  2.1969256689925387E-001                 -1.4217758422743634E+000                  7.4337860534344253E+000                  2.7385053834079067E+000                  1.7971985220072796E+001                  3.7578818851512418E-006                  9.8051466854870151E-001                  1.9481573569413380E-002                  6.4039143208221012E-008                  2.6426592521570682E+000                  4.2900996152463485E-028 
                                    1108                  2.1962001833750439E-001                 -1.4222747421929396E+000                  7.4338608058648967E+000                  2.7431631675398589E+000                  1.7976809089561524E+001                  3.1697656874202387E-006                  9.8051513965045645E-001                  1.9481690583856182E-002                  4.6088433533625931E-008                  2.2607956377650873E+000                  4.4264999888257804E-028 
                                    1109                  2.1947492121399614E-001                 -1.4232669936297029E+000                  7.4339614903080999E+000                  2.7493425611526998E+000                  1.7983212347624288E+001                  2.5269535699367114E-006                  9.8051571483869171E-001                  1.9481758207738342E-002                  2.9740100010272097E-008                  1.8365049144975876E+000                  4.6150110680706836E-028 
                                    1110                  2.1932982409048787E-001                 -1.4242519299141596E+000                  7.4340377706025746E+000                  2.7539539265251940E+000                  1.7987993409702106E+001                  2.1331336995977621E-006                  9.8051610944967638E-001                  1.9481757416624057E-002                  2.1434886352877850E-008                  1.5722412400463903E+000                  4.7615515869584866E-028 
                                    1111                  2.1925727552873839E-001                 -1.4247416855521737E+000                  7.4340888781381160E+000                  2.7570117371751754E+000                  1.7991164973007258E+001                  1.9021917436295947E-006                  9.8051634669405896E-001                  1.9481751114197365E-002                  1.7173918461229066E-008                  1.4151777085929114E+000                  4.8615864596640252E-028 
                                    1112                  2.1918472696698868E-001                 -1.4252296500382269E+000                  7.4341659209961115E+000                  2.7615740748668580E+000                  1.7995898870630270E+001                  1.6031356386515416E-006                  9.8051668789125235E-001                  1.9481708973108969E-002                  1.2336496182508875E-008                  1.2094540619308103E+000                  5.0152369497294966E-028 
                                    1113                  2.1903962984348022E-001                 -1.4262002563734768E+000                  7.4342437429981523E+000                  2.7661223374385826E+000                  1.8000620435651921E+001                  1.3535910053277697E-006                  9.8051703258132195E-001                  1.9481613827672772E-002                  8.8941685900776138E-009                  1.0355362484002688E+000                  5.1738756939088015E-028 
                                    1114                  2.1896708128173054E-001                 -1.4266829209005836E+000                  7.4342958809113604E+000                  2.7691384436888833E+000                  1.8003752681186260E+001                  1.2058919595568627E-006                  9.8051722581558498E-001                  1.9481568292455509E-002                  7.1118852629200633E-009                  9.3113264982809074E-001                  5.2821685052177896E-028 
                                    1115                  2.1889453271998105E-001                 -1.4271638429144025E+000                  7.4343744731066685E+000                  2.7736387621983201E+000                  1.8008428114162175E+001                  1.0128155750478401E-006                  9.8051748456782528E-001                  1.9481502616599644E-002                  5.0729702375748321E-009                  7.9296157336824424E-001                  5.4485018757139857E-028 
                                    1116                  2.1874943559647256E-001                 -1.4281205084420980E+000                  7.4344803064437359E+000                  2.7796095965670315E+000                  1.8014634755154461E+001                  8.0303682916388760E-007                  9.8051781777034552E-001                  1.9481379192825332E-002                  3.2366171779161221E-009                  6.4042357622951096E-001                  5.6783588549676093E-028 
                                    1117                  2.1860433847296432E-001                 -1.4290703453817934E+000                  7.4345871829586345E+000                  2.7855399717398099E+000                  1.8020803265232111E+001                  6.3516237140269286E-007                  9.8051810929363614E-001                  1.9481255543992493E-002                  2.0548106097646207E-009                  5.1593912385529694E-001                  5.9175040584050547E-028 
                                    1118                  2.1845924134945602E-001                 -1.4300134461485214E+000                  7.4346951059272515E+000                  2.7914302902310628E+000                  1.8026934031123368E+001                  5.0171156572015442E-007                  9.8051835436753576E-001                  1.9481143920898503E-002                  1.3009356626045386E-009                  4.1507154506607369E-001                  6.1663093831435701E-028 
                                    1119                  2.1831414422594778E-001                 -1.4309499016050966E+000                  7.4348040780247979E+000                  2.7972809395588683E+000                  1.8033027435020685E+001                  3.9557303932407618E-007                  9.8051864186198023E-001                  1.9480962564980442E-002                  8.2055958923478632E-010                  3.3329103075937411E-001                  6.4251632606377721E-028 
                                    1120                  2.1816904710243951E-001                 -1.4318798011137657E+000                  7.4349141015084816E+000                  2.8030923112874704E+000                  1.8039083854621374E+001                  3.1157223807405699E-007                  9.8051897652767206E-001                  1.9480711900089820E-002                  5.1647305907676310E-010                  2.6733614283340790E-001                  6.6944683859069300E-028 
                                    1121                  2.1802394997893124E-001                 -1.4328032325461502E+000                  7.4350251783439001E+000                  2.8088648014555222E+000                  1.8045103663167392E+001                  2.4476044809883558E-007                  9.8051928214038653E-001                  1.9480473099165341E-002                  3.2333349575455490E-010                  2.1385373038670374E-001                  6.9746421921604798E-028 
                                    1122                  2.1787885285542299E-001                 -1.4337202822923703E+000                  7.4351092811910560E+000                  2.8131730135631172E+000                  1.8049599048857498E+001                  2.0436922816527474E-007                  9.8051949801312233E-001                  1.9480297617649467E-002                  2.2785541032777776E-010                  1.8100503090912290E-001                  7.1923963019863265E-028 
                                    1123                  2.1780630429367329E-001                 -1.4341764400288461E+000                  7.4351656114388476E+000                  2.8160304143817454E+000                  1.8052581804741678E+001                  1.8092678151531551E-007                  9.8051967289950104E-001                  1.9480146173717405E-002                  1.7985680889183458E-010                  1.6169526317448460E-001                  7.3410433742187395E-028 
                                    1124                  2.1773375573192380E-001                 -1.4346310341060038E+000                  7.4352504995070987E+000                  2.8202946389850254E+000                  1.8057034917386876E+001                  1.5071832546062644E-007                  9.8051998610804258E-001                  1.9479863173631928E-002                  1.2614554166345205E-010                  1.3652784429118425E-001                  7.5693602033037686E-028 
                                    1125                  2.1758865860841531E-001                 -1.4355355739817071E+000                  7.4353647459073819E+000                  2.8259527306106418E+000                  1.8062947088232757E+001                  1.1780554641952218E-007                  9.8052045488774109E-001                  1.9479427306712482E-002                  7.8163773934294342E-011                  1.0864756737769134E-001                  7.8848314204790371E-028 
                                    1126                  2.1744356148490707E-001                 -1.4364339829077544E+000                  7.4354512287401091E+000                  2.8301757029444476E+000                  1.8067362284077539E+001                  9.7888583507904467E-008                  9.8052083156226388E-001                  1.9479070549152655E-002                  5.4540732295881318E-011                  9.1501034285146568E-002                  8.1300100031361646E-028 
                                    1127                  2.1737101292315739E-001                 -1.4368809130268034E+000                  7.4355091462624792E+000                  2.8329767303242219E+000                  1.8070292030857537E+001                  8.6542140717238806E-008                  9.8052120512328034E-001                  1.9478708334578987E-002                  4.2929309842937514E-011                  8.1620589485241160E-002                  8.2973812966316399E-028 
                                    1128                  2.1729846436140790E-001                 -1.4373263406369039E+000                  7.4355769673189318E+000                  2.8362291774965724E+000                  1.8073695176679095E+001                  7.4961086031905640E-008                  9.8052172168754670E-001                  1.9478203351367296E-002                  3.2471657270214178E-011                  7.1435974271906635E-002                  8.4966386965722367E-028 
                                    1129                  2.1720187567079713E-001                 -1.4379170532419625E+000                  7.4356548988178126E+000                  2.8399298265534050E+000                  1.8077568899689201E+001                  6.3536786272957876E-008                  9.8052215197215031E-001                  1.9477784491063410E-002                  2.3545455736386731E-011                  6.1270967508821848E-002                  8.7299782253639734E-028 
                                    1130                  2.1710528698018636E-001                 -1.4385051432435030E+000                  7.4357724948763630E+000                  2.8454437896989964E+000                  1.8083343911585253E+001                  4.9472664195947091E-008                  9.8052258058438146E-001                  1.9477369942954348E-002                  1.4473989760891213E-011                  4.8562014267867298E-002                  9.0912080168816749E-028 
                                    1131                  2.1691210959896245E-001                 -1.4396735490102501E+000                  7.4358915142299233E+000                  2.8509352629979752E+000                  1.8089099301159724E+001                  3.8467495076751672E-008                  9.8052280146081827E-001                  1.9477160071686650E-002                  8.8721527285094400E-012                  3.8435712974401744E-002                  9.4679745770044107E-028 
                                    1132                  2.1681552090835168E-001                 -1.4402539073865663E+000                  7.4359713270286489E+000                  2.8545718973215828E+000                  1.8092912845375828E+001                  3.2475289314636530E-008                  9.8052297752500772E-001                  1.9476989999702932E-002                  6.3813622615683756E-012                  3.2833234041069630E-002                  9.7272035943430791E-028 
                                    1133                  2.1671893221774091E-001                 -1.4408317331495322E+000                  7.4360516105457322E+000                  2.8581927820505864E+000                  1.8096711592970316E+001                  2.7445582620083670E-008                  9.8052311420935623E-001                  1.9476858345061188E-002                  4.5994321069503713E-012                  2.8076757564958015E-002                  9.9933422692285398E-028 
                                    1134                  2.1662234352713020E-001                 -1.4414070481932537E+000                  7.4361323648089108E+000                  2.8617980159045637E+000                  1.8100495641596154E+001                  2.3135401187935075E-008                  9.8052323658623763E-001                  1.9476740278361215E-002                  3.2980045221000482E-012                  2.3947226711109455E-002                  1.0266575490176712E-027 
                                    1135                  2.1652575483651965E-001                 -1.4419798741782308E+000                  7.4362135898116781E+000                  2.8653877004121329E+000                  1.8104265088123071E+001                  1.9453200410442040E-008                  9.8052333384124779E-001                  1.9476646705551826E-002                  2.3528984526363960E-012                  2.0373393938492641E-002                  1.0547092458066568E-027 
                                    1136                  2.1642916614590887E-001                 -1.4425502325295689E+000                  7.4362952856917008E+000                  2.8689619330384035E+000                  1.8108020028644237E+001                  1.6366157749673977E-008                  9.8052342471056519E-001                  1.9476558923277043E-002                  1.6804458507578354E-012                  1.7342264712876362E-002                  1.0835088442283713E-027 
                                    1137                  2.1633257745529835E-001                 -1.4431181444442103E+000                  7.4363774523683857E+000                  2.8725208135277231E+000                  1.8111760558481745E+001                  1.3774644229597849E-008                  9.8052350246424680E-001                  1.9476483761108998E-002                  1.2011245408509713E-012                  1.4767913420149093E-002                  1.1130763061243451E-027 
                                    1138                  2.1623598876468758E-001                 -1.4436836308898104E+000                  7.4364600897563378E+000                  2.8760644390596246E+000                  1.8115486772192273E+001                  1.1580570167273787E-008                  9.8052357573830029E-001                  1.9476412681129540E-002                  8.5658338871314166E-013                  1.2561442470598054E-002                  1.1434321714677044E-027 
                                    1139                  2.1613940007407681E-001                 -1.4442467126099439E+000                  7.4365847449635680E+000                  2.8813453208404867E+000                  1.8121042929021037E+001                  8.9210729459868292E-009                  9.8052367259157924E-001                  1.9476318487347766E-002                  5.1515194302489036E-013                  9.8471008449882817E-003                  1.1904294580231529E-027 
                                    1140                  2.1594622269285310E-001                 -1.4453657456440097E+000                  7.4368368648963115E+000                  2.8917945543477019E+000                  1.8132048254575100E+001                  5.3616216130737993E-009                  9.8052378683796593E-001                  1.9476207800412482E-002                  1.9106134133356043E-013                  6.1274621576731100E-003                  1.2900433376837766E-027 
                                    1141                  2.1555986793041149E-001                 -1.4475758574790321E+000                  7.4370946774441373E+000                  2.9021592658517577E+000                  1.8142980192606156E+001                  3.1067993746774205E-009                  9.8052381769873009E-001                  1.9476179194470533E-002                  6.5859946648769552E-014                  3.6761625091359914E-003                  1.3983869689934357E-027 
                                    1142                  2.1536669054918867E-001                 -1.4486672349038365E+000                  7.4373552549285522E+000                  2.9123471189292940E+000                  1.8153740569815771E+001                  1.8349535748052437E-009                  9.8052370546825096E-001                  1.9476292696795516E-002                  2.3577129292702830E-014                  2.2473209204640298E-003                  1.5150621930834570E-027 
                                    1143                  2.1498033578672449E-001                 -1.4508234171329617E+000                  7.4376215120969915E+000                  2.9224529184456411E+000                  1.8164429832594465E+001                  1.0470140267424962E-009                  9.8052356232998272E-001                  1.9476436623003246E-002                  7.8764228353066916E-015                  1.3272522991569335E-003                  1.6419564141764330E-027 
                                    1144                  2.1478715840549231E-001                 -1.4518885029562170E+000                  7.4378456980898449E+000                  2.9307506281602604E+000                  1.8173218058947544E+001                  6.6448880505639717E-010                  9.8052330004400323E-001                  1.9476699291507971E-002                  3.2404247673805300E-015                  8.6669395717266088E-004                  1.7552422385606856E-027 
                                    1145                  2.1449739233365495E-001                 -1.4534702873186334E+000                  7.4381869004956460E+000                  2.9430200446465640E+000                  1.8186232328745692E+001                  3.3574793253416716E-010                  9.8052246291832412E-001                  1.9477536745927893E-002                  8.5368123631641555E-016                  4.5694292710259652E-004                  1.9395186942498465E-027 
                                    1146                  2.1406341586495173E-001                 -1.4558046492065302E+000                  7.4386743740310077E+000                  2.9598450632507030E+000                  1.8204117875836680E+001                  1.2621175284031914E-010                  9.8052098794460130E-001                  1.9479011929186996E-002                  1.2596413190292400E-016                  1.8221874572020357E-004                  2.2293851084305860E-027 
                                    1147                  2.1348657427745865E-001                 -1.4588454856801771E+000                  7.4392472838690136E+000                  2.9786460368156646E+000                  1.8224159631485801E+001                  3.9374428387702816E-011                  9.8052004330070008E-001                  1.9479956659925524E-002                  1.2869461460775175E-017                  6.0784054898217204E-005                  2.6138244882148199E-027 
                                    1148                  2.1290973268996535E-001                 -1.4618186121832728E+000                  7.4396893284138610E+000                  2.9924946860993598E+000                  1.8238961286909259E+001                  1.5873897592037569E-011                  9.8051958321982091E-001                  1.9480416764305231E-002                  2.1682092503353593E-018                  2.5762714044984641E-005                  2.9460142571050444E-027 
                                    1149                  2.1262131189621647E-001                 -1.4632807673135846E+000                  7.4400626853719949E+000                  3.0037965033642298E+000                  1.8251065676217721E+001                  7.5743953155862963E-012                  9.8051919615580152E-001                  1.9480803836624094E-002                  5.0840276249520721E-019                  1.2811099965763846E-005                  3.2532129114444604E-027 
                                    1150                  2.1218868070560060E-001                 -1.4654445799316071E+000                  7.4405198325592465E+000                  3.0171611928637709E+000                  1.8265409502234213E+001                  3.0379291908198257E-012                  9.8051883077180046E-001                  1.9481169225161632E-002                  8.4690171052078689E-020                  5.3983297225719205E-006                  3.6651365414399456E-027 
                                    1151                  2.1175604951498453E-001                 -1.4675741659377750E+000                  7.4409083356343961E+000                  3.0281366330934949E+000                  1.8277214011116765E+001                  1.3890187820571495E-012                  9.8051859248527162E-001                  1.9481407513339377E-002                  1.8221947938278784E-020                  2.5715788220006028E-006                  4.0486798841826604E-027 
                                    1152                  2.1146762872123565E-001                 -1.4689754526848577E+000                  7.4413803704508075E+000                  3.0410441540455149E+000                  1.8291125675759751E+001                  5.5399410355039135E-013                  9.8051834571027308E-001                  1.9481654289172923E-002                  2.9987757353578182E-021                  1.0769093071293548E-006                  4.5599768226539711E-027 
                                    1153                  2.1089078713374257E-001                 -1.4717353080398212E+000                  7.4420255956362196E+000                  3.0579617456378445E+000                  1.8309409198366911E+001                  1.5458417558984927E-013                  9.8051808265058549E-001                  1.9481917349259970E-002                  2.4417235088661783E-022                  3.2064057724259439E-007                  5.3467646929800511E-027 
                                    1154                  2.1031394554624924E-001                 -1.4744403017651753E+000                  7.4425763054164058E+000                  3.0717944816669549E+000                  1.8324401952955196E+001                  5.1418539965959568E-014                  9.8051793720091651E-001                  1.9482062799032085E-002                  2.8026989633287425E-023                  1.1255671354598277E-007                  6.1075757003236427E-027 
                                    1155                  2.0992938448791632E-001                 -1.4762143459170123E+000                  7.4430096677966198E+000                  3.0823212630263592E+000                  1.8335838082047633E+001                  2.1904546807273041E-014                  9.8051786780624850E-001                  1.9482132193729629E-002                  5.2312958056565271E-024                  4.9981845781225618E-008                  6.7704190107483358E-027 
                                    1156                  2.0956885849573384E-001                 -1.4778569552543857E+000                  7.4434349750121216E+000                  3.0923633420968790E+000                  1.8346769583836114E+001                  9.4589622347979362E-015                  9.8051782249303476E-001                  1.9482177506955800E-002                  1.0020658372193254E-024                  2.2464745511203119E-008                  7.4808677909876378E-027 
                                    1157                  2.0920833250355134E-001                 -1.4794802264544387E+000                  7.4441102815391851E+000                  3.1077648726986120E+000                  1.8363577595939798E+001                  2.5885915393631106E-015                  9.8051778879387463E-001                  1.9482211206122813E-002                  7.8225926276964938E-026                  6.5424460517610914E-009                  8.7433931476848382E-027 
                                    1158                  2.0843921038689589E-001                 -1.4828809914009677E+000                  7.4449376359444930E+000                  3.1257777581517248E+000                  1.8383303186503497E+001                  5.0195038465188084E-016                  9.8051783647798296E-001                  1.9482163522016482E-002                  3.0883543824061512E-027                  1.3662049385082132E-009                  1.0542816934305932E-026 
                                    1159                  2.0786330746816631E-001                 -1.4853742270571113E+000                  7.4455393122973321E+000                  3.1383414094917845E+000                  1.8397105674805058E+001                  1.5220176080519394E-016                  9.8051799420628005E-001                  1.9482005793719837E-002                  2.9383553902474686E-028                  4.3661045910125750E-010                  1.2050561005319417E-026 
                                    1160                  2.0748062374736231E-001                 -1.4870068361814350E+000                  7.4460259209843072E+000                  3.1481978496774929E+000                  1.8407960046556916E+001                  5.8598268753638051E-017                  9.8051804775550777E-001                  1.9481952244492118E-002                  4.4582730176941142E-029                  1.7526318632389551E-010                  1.3407856058831286E-026 
                                    1161                  2.0709794002655857E-001                 -1.4886208070865004E+000                  7.4467649023185816E+000                  3.1626813740862483E+000                  1.8423952439505985E+001                  1.4064634891592061E-017                  9.8051805328454278E-001                  1.9481946715457221E-002                  2.6823591474424133E-030                  4.4766031457123071E-011                  1.5732824051034346E-026 
                                    1162                  2.0633257258494597E-001                 -1.4917948865730488E+000                  7.4475225369526941E+000                  3.1769590132811589E+000                  1.8439768492068318E+001                  3.1111951605140595E-018                  9.8051800048115023E-001                  1.9481999518849769E-002                  1.3653828612212759E-031                  1.0539754356386310E-011                  1.8488360900299585E-026 
                                    1163                  2.0594988886414198E-001                 -1.4933559461106758E+000                  7.4482886532503656E+000                  3.1908606842285812E+000                  1.8455217642628622E+001                  7.0343952012727536E-019                  9.8051790700980823E-001                  1.9482092990191768E-002                  7.1927236816096476E-033                  2.5347068882623160E-012                  2.1714240995426758E-026 
                                    1164                  2.0518452142252941E-001                 -1.4964284474860958E+000                  7.4492032380548583E+000                  3.2068028746680355E+000                  1.8472996466221677E+001                  1.1493380085611242E-019                  9.8051766271116580E-001                  1.9482337288834195E-002                  2.0251693694700686E-034                  4.4507498055663094E-013                  2.6234842447691674E-026 
                                    1165                  2.0461049584131949E-001                 -1.4986910987295776E+000                  7.4498671819703350E+000                  3.2179645751068686E+000                  1.8485484408502469E+001                  3.0689597659593854E-020                  9.8051751531333953E-001                  1.9482484686660473E-002                  1.4813083870081560E-035                  1.2509452229462812E-013                  3.0041657973016956E-026 
                                    1166                  2.0422781212051550E-001                 -1.5001804432022494E+000                  7.4506718966387915E+000                  3.2310616121599751E+000                  1.8500181061013507E+001                  6.3909388352921755E-021                  9.8051741117981017E-001                  1.9482588820189828E-002                  6.7055422184897469E-037                  2.7690369517701130E-014                  3.5337430333273048E-026 
                                    1167                  2.0346244467890290E-001                 -1.5031151087291701E+000                  7.4514934488325970E+000                  3.2439816724639199E+000                  1.8514725808561536E+001                  1.2321088157329390E-021                  9.8051729043033897E-001                  1.9482709569661028E-002                  2.5857198258642556E-038                  5.6753327900114079E-015                  4.1627523185620464E-026 
                                    1168                  2.0307976095809913E-001                 -1.5045611652506952E+000                  7.4523224460339534E+000                  3.2565836513532052E+000                  1.8528958432515420E+001                  2.4225219651504986E-022                  9.8051717378397574E-001                  1.9482826216024263E-002                  1.0357745971918015E-039                  1.1856483877489110E-015                  4.9018936495926988E-026 
                                    1169                  2.0231439351648675E-001                 -1.5074125394567264E+000                  7.4534473754706800E+000                  3.2730465067455716E+000                  1.8547620952828517E+001                  2.6001907714773048E-023                  9.8051702088051684E-001                  1.9482979119483157E-002                  1.2490501822688520E-041                  1.3795715804356162E-016                  6.1026344020487887E-026 
                                    1170                  2.0155098980585529E-001                 -1.5102047055124888E+000                  7.4543044929957025E+000                  3.2851344501161797E+000                  1.8561375127397895E+001                  4.6208870473518973E-024                  9.8051690824873983E-001                  1.9483091751260173E-002                  4.0615337949593417E-043                  2.6041660266003324E-017                  7.1976352875565527E-026 
                                    1171                  2.0117026981603819E-001                 -1.5115786175617341E+000                  7.4548795636407972E+000                  3.2930349764599809E+000                  1.8570388725829545E+001                  1.4640368770455128E-024                  9.8051683525489641E-001                  1.9483164745103587E-002                  4.1991932571894373E-044                  8.5870677210951668E-018                  8.0333727895037639E-026 
                                    1172                  2.0078954982622110E-001                 -1.5129405709119568E+000                  7.4557489665311429E+000                  3.3046774971442185E+000                  1.8583706742557812E+001                  2.6154662410167917E-025                  9.8051672906633158E-001                  1.9483270933668417E-002                  1.3808103963209135E-045                  1.6283522895922146E-018                  9.4728648271622164E-026 
                                    1173                  2.0002810984657188E-001                 -1.5156297627370237E+000                  7.4570739351016924E+000                  3.3217794242696170E+000                  1.8603346611057983E+001                  1.8620087419594662E-026                  9.8051657206812792E-001                  1.9483427931872077E-002                  7.3723549840825054E-048                  1.2675157995456712E-019                  1.2146027109895682E-025 
                                    1174                  1.9907630987201491E-001                 -1.5189289677943898E+000                  7.4588731777888002E+000                  3.3438664320389448E+000                  1.8628850442924492E+001                  5.1306341566573289E-028                  9.8051636097500572E-001                  1.9483639024994281E-002                  1.0455292583399537E-049                  3.9313031981111214E-021                  1.6944291231821585E-025 
                                    1175                  1.9774378990763528E-001                 -1.5234387509162524E+000                  7.4605638260704401E+000                  3.3635786604654028E+000                  1.8651746024715457E+001                  1.5909689871285395E-029                  9.8051618572455246E-001                  1.9483814275447542E-002                  6.1167912451874542E-054                  1.3588555815029118E-022                  2.3071713808036080E-025 
                                    1176                  1.9698234992798608E-001                 -1.5259620402507483E+000                  7.4614975909895200E+000                  3.3740615999574257E+000                  1.8663975318343478E+001                  2.3307910734425780E-030                  9.8051609677433582E-001                  1.9483903225664179E-002                  1.3559415740179111E-055                  2.1115805004730081E-023                  2.7316126298015140E-025 
                                    1177                  1.9660162993816874E-001                 -1.5272097534635429E+000                  7.4624363332812642E+000                  3.3843220044266817E+000                  1.8675982315203555E+001                  3.4719192941239688E-031                  9.8051600444049947E-001                  1.9483995559500533E-002                  3.0074161001656708E-049                  3.3349942426848679E-024                  3.2334295861966680E-025 
                                    1178                  1.9584018995851976E-001                 -1.5296783775003682E+000                  7.4640139016794089E+000                  3.4010035810698285E+000                  1.8695581535220068E+001                  1.4013383958663673E-032                  9.8051585044353762E-001                  1.9484149556462382E-002                  7.3596659972845054E-049                  1.4830866058270543E-025                  4.2833908504434593E-025 
                                    1179                  1.9470418906176515E-001                 -1.5332978262758423E+000                  7.4654548333207238E+000                  3.4156941860704020E+000                  1.8712920793186786E+001                  6.9774385721421015E-034                  9.8051572667084996E-001                  1.9484273329150037E-002                  1.3678145571479188E-062                  8.0567185196932954E-027                  5.5259974460120436E-025 
                                    1180                  1.9413618861339044E-001                 -1.5350803419145234E+000                  7.4665831371414262E+000                  3.4268310121116929E+000                  1.8726118274897541E+001                  6.7992095609383896E-035                  9.8051563772466743E-001                  1.9484362275332567E-002                  1.3476381101830620E-064                  8.3972664143162978E-028                  6.7358976672377937E-025 
                                    1181                  1.9337885468221722E-001                 -1.5374301463285014E+000                  7.4678850459713475E+000                  3.4393297579296913E+000                  1.8740982739025434E+001                  4.5557009980831316E-036                  9.8051553618687981E-001                  1.9484463813120190E-002                  6.3056740823024138E-067                  6.0751025368999156E-029                  8.4529492619594124E-025 
                                    1182                  1.9262152075104419E-001                 -1.5397504145798924E+000                  7.4688705111286318E+000                  3.4485587385524941E+000                  1.8751994552411503E+001                  5.7799672135590584E-037                  9.8051546058280159E-001                  1.9484539417198410E-002                  1.0464857347785972E-068                  8.1636361292894369E-030                  1.0028960141383119E-024 
                                    1183                  1.9224285378545225E-001                 -1.5408998571975390E+000                  7.4696947114265670E+000                  3.4561188274149104E+000                  1.8761039296247390E+001                  1.0369838068492952E-037                  9.8051540156595063E-001                  1.9484598434049372E-002                  3.4538006305387613E-070                  1.5361080237004222E-030                  1.1563082731251068E-024 
                                    1184                  1.9167485333707732E-001                 -1.5426110860141047E+000                  7.4711865975472946E+000                  3.4694655423107053E+000                  1.8777059910813211E+001                  4.6462583707517365E-039                  9.8051530355750338E-001                  1.9484696442496618E-002                  3.4370366073220425E-046                  7.4958587640435827E-032                  1.4940848392223243E-024 
                                    1185                  1.9053885244032270E-001                 -1.5459887573911308E+000                  7.4728643165044666E+000                  3.4840352984744749E+000                  1.8794621732769652E+001                  1.3334051001877989E-040                  9.8051519710731616E-001                  1.9484802892683839E-002                  6.2647704379364304E-076                  2.3651476403761389E-033                  1.9896794000126382E-024 
                                    1186                  1.8978151850914926E-001                 -1.5482087857557894E+000                  7.4743788147733703E+000                  3.4967729530606642E+000                  1.8810042602790265E+001                  5.4404832569801263E-042                  9.8051509883594079E-001                  1.9484901164059210E-002                  2.2319799848204867E-046                  1.0500721541544472E-034                  2.5724011582902777E-024 
                                    1187                  1.8884021451468855E-001                 -1.5509344967428051E+000                  7.4757327482169789E+000                  3.5078789219759905E+000                  1.8823536864694532E+001                  2.3400825959044015E-043                  9.8051501796354423E-001                  1.9484982036455767E-002                  2.0117721263141905E-081                  4.8672099029142981E-036                  3.2326905462463016E-024 
                                    1188                  1.8827543211800377E-001                 -1.5525527451164403E+000                  7.4772608698258995E+000                  3.5200692351798653E+000                  1.8838406089715800E+001                  8.1045266933092784E-053                  9.8051493383958765E-001                  1.9485066160412345E-002                  1.5535741647821541E-045                  1.8323852582624132E-045                  4.1774017191245846E-024 
                                    1189                  1.8714586732465466E-001                 -1.5557524149001083E+000                  7.4791443768408072E+000                  3.5346974782495155E+000                  1.8856321302767508E+001                  1.0000000000000000E-099                  9.8051483293030683E-001                  1.9485167069693166E-002                  0.0000000000000000E+000                  0.0000000000000000E+000                  5.7201163030729115E-024 
                                    1190                  1.8620456333019370E-001                 -1.5583829484247536E+000                  7.4805222532172264E+000                  3.5451248985895516E+000                  1.8869141619380780E+001                  1.0000000000000000E-099                  9.8051476364069989E-001                  1.9485236359300107E-002                  0.0000000000000000E+000                  0.0000000000000000E+000                  7.1900614439937151E-024 
                                    1191                  1.8563978093350914E-001                 -1.5599463206577386E+000                  7.4820755570097965E+000                  3.5565847201572427E+000                  1.8883283301535805E+001                  1.0000000000000000E-099                  9.8051469164723404E-001                  1.9485308352765962E-002                  0.0000000000000000E+000                  0.0000000000000000E+000                  9.2920486588010058E-024 
                                    1192                  1.8451021614015978E-001                 -1.5630409843758695E+000                  7.4839848220841505E+000                  3.5703438161278092E+000                  1.8900326192438776E+001                  1.0000000000000000E-099                  9.8051460362383525E-001                  1.9485396376164754E-002                  0.0000000000000000E+000                  0.0000000000000000E+000                  1.2716128516674458E-023 
                                    1193                  1.8357003260774585E-001                 -1.5655855720273679E+000                  7.4853756791609793E+000                  3.5801390083327469E+000                  1.8912503314228687E+001                  0.0000000000000000E+000                  9.8051453892454243E-001                  1.9485461075457566E-002                  8.6631951420072479E-046                  0.0000000000000000E+000                  1.5963455105895891E-023 
                                    1194                  1.8300861159718237E-001                 -1.5670921047047728E+000                  7.4869373164535400E+000                  3.5908852038259176E+000                  1.8925909346819875E+001                  1.0000000000000000E-099                  9.8051447427883764E-001                  1.9485525721162356E-002                  0.0000000000000000E+000                  0.0000000000000000E+000                  2.0581513703953552E-023 
                                    1195                  1.8188576957603905E-001                 -1.5700774490780056E+000                  7.4890279336810632E+000                  3.6049566055955866E+000                  1.8943528397267464E+001                  1.0000000000000000E-099                  9.8051439108794269E-001                  1.9485608912057306E-002                  0.0000000000000000E+000                  0.0000000000000000E+000                  2.8873697854729166E-023 
                                    1196                  1.8076292755489576E-001                 -1.5730274780108473E+000                  7.4907756398003942E+000                  3.6164534169452605E+000                  1.8957979031847927E+001                  0.0000000000000000E+000                  9.8051433482327810E-001                  1.9485665176721900E-002                  2.6985876069235598E-045                  0.0000000000000000E+000                  3.8264101149746430E-023 
                                    1197                  1.8001436620747691E-001                 -1.5749754804209462E+000                  7.4921752747642181E+000                  3.6254759136894452E+000                  1.8969356878823728E+001                  1.0000000000000000E-099                  9.8051427774750755E-001                  1.9485722252492454E-002                  0.0000000000000000E+000                  0.0000000000000000E+000                  4.7894079438531164E-023 
                                    1198                  1.7926580486005808E-001                 -1.5769091826506596E+000                  7.4942753767229817E+000                  3.6387095051709903E+000                  1.8986106243757789E+001                  1.0000000000000000E-099                  9.8051417309878530E-001                  1.9485826901214698E-002                  0.0000000000000000E+000                  0.0000000000000000E+000                  6.6958828343363475E-023 
                                    1199                  1.7776868216520381E-001                 -1.5807358181280502E+000                  7.4963775677815576E+000                  3.6517203770034810E+000                  1.9002630451820107E+001                  1.0000000000000000E-099                  9.8051402808234056E-001                  1.9485971917659439E-002                  0.0000000000000000E+000                  0.0000000000000000E+000                  9.3506707302423907E-023 
                                    1200                  1.7702480055501962E-001                 -1.5826178424230934E+000                  7.4977725456438531E+000                  3.6601721956797970E+000                  1.9013402191038722E+001                  0.0000000000000000E+000                  9.8051396556889170E-001                  1.9486034431108301E-002                  6.5747582078161318E-046                  0.0000000000000000E+000                  1.1657411911494452E-022 
                                    1201                  1.7628091894483541E-001                 -1.5844876685416063E+000                  7.4995157048990313E+000                  3.6705524007580781E+000                  1.9026670649913868E+001                  7.8781390251181752E-058                  9.8051390628917912E-001                  1.9486093710820884E-002                  0.0000000000000000E+000                  5.5586099891579345E-050                  1.5337693689902288E-022 
                                    1202                  1.7516509652955825E-001                 -1.5872705044650290E+000                  7.5019553238513330E+000                  3.6847871979915729E+000                  1.9044932380434741E+001                  1.0000000000000000E-099                  9.8051384592271440E-001                  1.9486154077285600E-002                  0.0000000000000000E+000                  0.0000000000000000E+000                  2.2473373587045952E-022 
                                    1203                  1.7367733330919322E-001                 -1.5909422147477157E+000                  7.5040466062643523E+000                  3.6967842585337869E+000                  1.9060375472265825E+001                  8.1257315623711493E-055                  9.8051380401840293E-001                  1.9486195981597065E-002                  0.0000000000000000E+000                  7.1339364575980310E-047                  3.1133008513808570E-022 
                                    1204                  1.7293345169900901E-001                 -1.5927622835207575E+000                  7.5056121545659220E+000                  3.7055884133399166E+000                  1.9071746896880185E+001                  0.0000000000000000E+000                  9.8051377352531821E-001                  1.9486226474681789E-002                  1.4429141156360252E-043                  0.0000000000000000E+000                  3.9687324377323782E-022 
                                    1205                  1.7200359968627965E-001                 -1.5950233524873050E+000                  7.5076894367164222E+000                  3.7170824904635111E+000                  1.9086636690334313E+001                  7.3651304266817407E-055                  9.8051373369117512E-001                  1.9486266308824884E-002                  0.0000000000000000E+000                  7.6903386780750361E-047                  5.4692446101561658E-022 
                                    1206                  1.7070913404336002E-001                 -1.5981463273139966E+000                  7.5095859183531974E+000                  3.7274431650920068E+000                  1.9100094343152421E+001                  1.0000000000000000E-099                  9.8051368966808683E-001                  1.9486310331913170E-002                  0.0000000000000000E+000                  0.0000000000000000E+000                  7.3211336790125147E-022 
                                    1207                  1.6997013721643842E-001                 -1.5999168677179048E+000                  7.5109613916172462E+000                  3.7348443877700670E+000                  1.9109734043616228E+001                  1.0000000000000000E-099                  9.8051366960669351E-001                  1.9486330393306495E-002                  0.0000000000000000E+000                  0.0000000000000000E+000                  9.0375607252964757E-022 
                                    1208                  1.6923114038951678E-001                 -1.6016788577243193E+000                  7.5130193864869774E+000                  3.7457429677942855E+000                  1.9123969207003253E+001                  1.0000000000000000E-099                  9.8051359080326672E-001                  1.9486409196733279E-002                  0.0000000000000000E+000                  0.0000000000000000E+000                  1.2368214685265188E-021 
                                    1209                  1.6775314673567843E-001                 -1.6051784653860297E+000                  7.5157548296875900E+000                  3.7600212212666118E+000                  1.9142676234705345E+001                  1.0000000000000000E-099                  9.8051351891996497E-001                  1.9486481080035034E-002                  0.0000000000000000E+000                  0.0000000000000000E+000                  1.8730186758743491E-021 
                                    1210                  1.6627515308184007E-001                 -1.6086473837453525E+000                  7.5177967219131565E+000                  3.7705343440666481E+000                  1.9156491303783074E+001                  1.0000000000000000E-099                  9.8051346005288076E-001                  1.9486539947119241E-002                  0.0000000000000000E+000                  0.0000000000000000E+000                  2.5494099658295744E-021 
                                    1211                  1.6553870495448819E-001                 -1.6103650479516922E+000                  7.5198212187761717E+000                  3.7807566361628826E+000                  1.9169969939356321E+001                  8.3200247331682624E-055                  9.8051340586137281E-001                  1.9486594138627189E-002                  0.0000000000000000E+000                  1.5268035018286593E-046                  3.4551283668372580E-021 
                                    1212                  1.6407090609894684E-001                 -1.6137684598763793E+000                  7.5221711348304305E+000                  3.7925114996001894E+000                  1.9185505365987996E+001                  3.0840003468702060E-054                  9.8051335485581947E-001                  1.9486645144180526E-002                  0.0000000000000000E+000                  6.2999736590250415E-046                  4.9103317752965357E-021 
                                    1213                  1.6297005695727862E-001                 -1.6163043728902149E+000                  7.5238428466721334E+000                  3.8007714007584363E+000                  1.9196449637431297E+001                  1.0000000000000000E-099                  9.8051331939129549E-001                  1.9486680608704510E-002                  0.0000000000000000E+000                  0.0000000000000000E+000                  6.2984718620843398E-021 
                                    1214                  1.6223615752950660E-001                 -1.6179874919851864E+000                  7.5251759187019340E+000                  3.8072901020998273E+000                  1.9205104376001962E+001                  1.0000000000000000E-099                  9.8051329226899087E-001                  1.9486707731009134E-002                  0.0000000000000000E+000                  0.0000000000000000E+000                  7.6764343569207319E-021 
                                    1215                  1.6150225810173460E-001                 -1.6196648931595712E+000                  7.5274968551836876E+000                  3.8184723397217306E+000                  1.9219991059725064E+001                  1.0000000000000000E-099                  9.8051324322422351E-001                  1.9486756775776493E-002                  0.0000000000000000E+000                  0.0000000000000000E+000                  1.0816074176444525E-020 
                                    1216                  1.5967016854937408E-001                 -1.6238289290832568E+000                  7.5304536764544823E+000                  3.8326031208575060E+000                  1.9238847396852123E+001                  1.0000000000000000E-099                  9.8051317392191784E-001                  1.9486826078082164E-002                  0.0000000000000000E+000                  0.0000000000000000E+000                  1.6708862281124421E-020 
                                    1217                  1.5821300576213942E-001                 -1.6271184375227177E+000                  7.5333798105590999E+000                  3.8463346830013885E+000                  1.9257238389105954E+001                  1.0000000000000000E-099                  9.8051314721481775E-001                  1.9486852785182252E-002                  0.0000000000000000E+000                  0.0000000000000000E+000                  2.5623866404158053E-020 
                                    1218                  1.5639155227809892E-001                 -1.6312050987100097E+000                  7.5366050258825652E+000                  3.8612694635635694E+000                  1.9277303708293648E+001                  1.5585304194380275E-053                  9.8051312506586863E-001                  1.9486874934131371E-002                  0.0000000000000000E+000                  6.0755254267520895E-045                  4.0936889145539131E-020 
                                    1219                  1.5457009879405842E-001                 -1.6352663124233910E+000                  7.5394762381544611E+000                  3.8744012819008495E+000                  1.9294999502778211E+001                  1.0000000000000000E-099                  9.8051315958030016E-001                  1.9486840419699836E-002                  0.0000000000000000E+000                  0.0000000000000000E+000                  6.1973672026311370E-020 
                                    1220                  1.5312125677414462E-001                 -1.6384803067672271E+000                  7.5423127281601170E+000                  3.8871764455090929E+000                  1.9312270152341004E+001                  1.0000000000000000E-099                  9.8051304946897255E-001                  1.9486950531027447E-002                  0.0000000000000000E+000                  0.0000000000000000E+000                  9.3119482057409662E-020 
                                    1221                  1.5131367123563863E-001                 -1.6424719469231366E+000                  7.5448115777331619E+000                  3.8983595846200032E+000                  1.9327419431525257E+001                  0.0000000000000000E+000                  9.8051308101022261E-001                  1.9486918989777391E-002                  3.5728131755977044E-042                  0.0000000000000000E+000                  1.3308923149006823E-019 
                                    1222                  1.5022911991253227E-001                 -1.6448580818533731E+000                  7.5466738879365298E+000                  3.9065979034150198E+000                  1.9338606481386385E+001                  1.0000000000000000E-099                  9.8051308447373342E-001                  1.9486915526266579E-002                  0.0000000000000000E+000                  0.0000000000000000E+000                  1.7345872411328458E-019 
                                    1223                  1.4914456858942590E-001                 -1.6472382418212854E+000                  7.5491337005192474E+000                  3.9173604174895620E+000                  1.9353255103134458E+001                  1.0000000000000000E-099                  9.8051310237032341E-001                  1.9486897629676592E-002                  0.0000000000000000E+000                  0.0000000000000000E+000                  2.4573713373590513E-019 
                                    1224                  1.4734566110110017E-001                 -1.6511743614285150E+000                  7.5515661443499642E+000                  3.9279747830769449E+000                  1.9367722966309334E+001                  1.0000000000000000E-099                  9.8051308097852430E-001                  1.9486919021475702E-002                  0.0000000000000000E+000                  0.0000000000000000E+000                  3.4636122822281740E-019 
                                    1225                  1.4626978782817984E-001                 -1.6535220503024384E+000                  7.5533750234213253E+000                  3.9357869555490375E+000                  1.9378394777460610E+001                  1.0000000000000000E-099                  9.8051307757599382E-001                  1.9486922424006181E-002                  0.0000000000000000E+000                  0.0000000000000000E+000                  4.4656599630884378E-019 
                                    1226                  1.4519391455525954E-001                 -1.6558655514542018E+000                  7.5560697068329654E+000                  3.9472885616553128E+000                  1.9394144522508117E+001                  1.0000000000000000E-099                  9.8051315809213868E-001                  1.9486841907861319E-002                  0.0000000000000000E+000                  0.0000000000000000E+000                  6.5086121531843970E-019 
                                    1227                  1.4304216800941558E-001                 -1.6605419254096014E+000                  7.5587333353125947E+000                  3.9586652167161942E+000                  1.9409740398962260E+001                  2.1120805559211085E-054                  9.8051321494049593E-001                  1.9486785059504075E-002                  0.0000000000000000E+000                  2.1491670435402288E-045                  9.4332204110465544E-019 
                                    1228                  1.4197232792340725E-001                 -1.6628623623989263E+000                  7.5607790715872296E+000                  3.9672894362906930E+000                  1.9421593770746636E+001                  0.0000000000000000E+000                  9.8051326711068976E-001                  1.9486732889310243E-002                  1.3470145023664042E-040                  0.0000000000000000E+000                  1.2525633645180798E-018 
                                    1229                  1.4054989659999340E-001                 -1.6659438278655194E+000                  7.5636741252406061E+000                  3.9793919670748492E+000                  1.9438262268657954E+001                  1.0000000000000000E-099                  9.8051335072676915E-001                  1.9486649273230849E-002                  0.0000000000000000E+000                  0.0000000000000000E+000                  1.8674963462588836E-018 
                                    1230                  1.3841624961487947E-001                 -1.6705600031762893E+000                  7.5665389132560907E+000                  3.9913452963296594E+000                  1.9454749227832988E+001                  1.0000000000000000E-099                  9.8051344224982251E-001                  1.9486557750177491E-002                  0.0000000000000000E+000                  0.0000000000000000E+000                  2.7682290940055663E-018 
                                    1231                  1.3699381829146562E-001                 -1.6736345708546416E+000                  7.5693624210727970E+000                  4.0029733703023576E+000                  1.9470831893156550E+001                  1.0000000000000000E-099                  9.8051353582460476E-001                  1.9486464175395235E-002                  0.0000000000000000E+000                  0.0000000000000000E+000                  4.0709055106246692E-018 
                                    1232                  1.3487904515793217E-001                 -1.6782038144554827E+000                  7.5718690309671013E+000                  4.0133030895637232E+000                  1.9485133552217221E+001                  3.1706919192780311E-052                  9.8051362240706597E-001                  1.9486377592934034E-002                  0.0000000000000000E+000                  5.6200737419465077E-043                  5.7262619176158577E-018 
                                    1233                  1.3382165859116799E-001                 -1.6804882485599166E+000                  7.5740805981238548E+000                  4.0223018830443209E+000                  1.9497623550764636E+001                  1.0000000000000000E-099                  9.8051370028677320E-001                  1.9486299713226796E-002                  0.0000000000000000E+000                  0.0000000000000000E+000                  7.7255810650619826E-018 
                                    1234                  1.3205934764655380E-001                 -1.6842968020025693E+000                  7.5770828623162361E+000                  4.0344666107144338E+000                  1.9514534075608882E+001                  2.4857847137588242E-052                  9.8051380462793025E-001                  1.9486195372069748E-002                  0.0000000000000000E+000                  5.4781039116995055E-043                  1.1581291469944683E-017 
                                    1235                  1.2995769525096895E-001                 -1.6888424910242696E+000                  7.5797724352012468E+000                  4.0453443342778304E+000                  1.9529676166944668E+001                  0.0000000000000000E+000                  9.8051389499495478E-001                  1.9486105005045218E-002                  5.8017842812502367E-040                  0.0000000000000000E+000                  1.6619740408561990E-017 
                                    1236                  1.2856096723322835E-001                 -1.6918668826066463E+000                  7.5819024622785962E+000                  4.0538925668747865E+000                  1.9541597965593773E+001                  3.2960114094660321E-049                  9.8051396510286559E-001                  1.9486034897134408E-002                  8.5080717130761529E-093                  8.8754570045339696E-040                  2.2095331423560487E-017 
                                    1237                  1.2716423921548797E-001                 -1.6948949705781380E+000                  7.5840164423524214E+000                  4.0623416374588084E+000                  1.9553397091021317E+001                  1.0000000000000000E-099                  9.8051403198635301E-001                  1.9485968013646993E-002                  0.0000000000000000E+000                  0.0000000000000000E+000                  2.9282929468832744E-017 
                                    1238                  1.2576751119774759E-001                 -1.6979275373789133E+000                  7.5871394147124827E+000                  4.0746971705882169E+000                  1.9570689994145038E+001                  1.0000000000000000E-099                  9.8051412350761347E-001                  1.9485876492386534E-002                  0.0000000000000000E+000                  0.0000000000000000E+000                  4.4297425102068939E-017 
                                    1239                  1.2300142007743037E-001                 -1.7039499226136137E+000                  7.5902139511842766E+000                  4.0869266317729007E+000                  1.9587816166873719E+001                  1.0000000000000000E-099                  9.8051424170448143E-001                  1.9485758295518574E-002                  0.0000000000000000E+000                  0.0000000000000000E+000                  6.6492131111082194E-017 
                                    1240                  1.2161837451726644E-001                 -1.7069705491392395E+000                  7.5919928930729039E+000                  4.0939443868263625E+000                  1.9597662651300940E+001                  0.0000000000000000E+000                  9.8051423717450426E-001                  1.9485762825495745E-002                  6.0671113045201723E-040                  0.0000000000000000E+000                  8.4016051309500158E-017 
                                    1241                  1.2058109034714326E-001                 -1.7092408339057030E+000                  7.5945012882377823E+000                  4.1037411071481031E+000                  1.9611435660202027E+001                  1.0000000000000000E-099                  9.8051429741829055E-001                  1.9485702581709452E-002                  0.0000000000000000E+000                  0.0000000000000000E+000                  1.1667240851276551E-016 
                                    1242                  1.1818216482443936E-001                 -1.7145093871004893E+000                  7.5974697538951350E+000                  4.1153781110839418E+000                  1.9627805631207774E+001                  0.0000000000000000E+000                  9.8051438425132531E-001                  1.9485615748674689E-002                  4.4087106776879330E-041                  0.0000000000000000E+000                  1.7187340816394180E-016 
                                    1243                  1.1647119471388320E-001                 -1.7182838592686103E+000                  7.6001574225151876E+000                  4.1258292150181406E+000                  1.9642536944844018E+001                  1.0000000000000000E-099                  9.8051440395540634E-001                  1.9485596044593656E-002                  0.0000000000000000E+000                  0.0000000000000000E+000                  2.4364404985112574E-016 
                                    1244                  1.1442547244276065E-001                 -1.7228177014400157E+000                  7.6028087461401048E+000                  4.1361273292057650E+000                  1.9657068960757726E+001                  0.0000000000000000E+000                  9.8051439035941146E-001                  1.9485609640588542E-002                  6.9868396053526302E-040                  0.0000000000000000E+000                  3.4331168498254931E-016 
                                    1245                  1.1272938605527792E-001                 -1.7265955323377300E+000                  7.6054261600207482E+000                  4.1462318424707307E+000                  1.9671351780559522E+001                  1.0000000000000000E-099                  9.8051440671369061E-001                  1.9485593286309388E-002                  0.0000000000000000E+000                  0.0000000000000000E+000                  4.8089483239963118E-016 
                                    1246                  1.1069854750723102E-001                 -1.7311438321832022E+000                  7.6082461846193246E+000                  4.1570952249000843E+000                  1.9686726384629978E+001                  1.0000000000000000E-099                  9.8051447437233352E-001                  1.9485525627666478E-002                  0.0000000000000000E+000                  0.0000000000000000E+000                  6.9041340800400450E-016 
                                    1247                  1.0867547265038302E-001                 -1.7357040431228936E+000                  7.6114825581859851E+000                  4.1694872443949462E+000                  1.9704295938669450E+001                  4.4603019887174424E-048                  9.8051452770256087E-001                  1.9485472297439133E-002                  2.5398563042187565E-090                  4.0285604802330562E-038                  1.0433872110927231E-015 
                                    1248                  1.0599874268445106E-001                 -1.7417873081524133E+000                  7.6142175326211889E+000                  4.1800008614543271E+000                  1.9719211671618233E+001                  1.9120317418921688E-051                  9.8051450157010089E-001                  1.9485498429899106E-002                  0.0000000000000000E+000                  1.9294345329100879E-041                  1.4773572932401995E-015 
                                    1249                  1.0466037770148742E-001                 -1.7448516583316462E+000                  7.6160223853406332E+000                  4.1868877300062985E+000                  1.9728998383890456E+001                  6.8810290093900766E-051                  9.8051445908404655E-001                  1.9485540915953448E-002                  0.0000000000000000E+000                  7.4669518510784650E-041                  1.8566703712511154E-015 
                                    1250                  1.0333011416092024E-001                 -1.7479136511968578E+000                  7.6186917067827453E+000                  4.1970017529016719E+000                  1.9743394040887868E+001                  4.5821543962061780E-051                  9.8051449238286315E-001                  1.9485507617136855E-002                  0.0000000000000000E+000                  5.5353425976843855E-041                  2.5996337867341345E-015 
                                    1251                  1.0068578996462563E-001                 -1.7540518797753000E+000                  7.6213300234424262E+000                  4.2070688618062784E+000                  1.9757725037662173E+001                  1.0000000000000000E-099                  9.8051450845534438E-001                  1.9485491544655620E-002                  0.0000000000000000E+000                  0.0000000000000000E+000                  3.6227718478553625E-015 
                                    1252                  9.9363627866476872E-002                 -1.7571480282126561E+000                  7.6235016333429657E+000                  4.2152780356989146E+000                  1.9769433448827535E+001                  1.0000000000000000E-099                  9.8051452845739773E-001                  1.9485471542602273E-002                  0.0000000000000000E+000                  0.0000000000000000E+000                  4.7545563557212890E-015 
                                    1253                  9.7397297693012141E-002                 -1.7617886826091784E+000                  7.6260727589797099E+000                  4.2250008913730186E+000                  1.9783311743553615E+001                  1.0000000000000000E-099                  9.8051455338640592E-001                  1.9485446613594082E-002                  0.0000000000000000E+000                  0.0000000000000000E+000                  6.5533424725953599E-015 
                                    1254                  9.5439424006430809E-002                 -1.7664546786811097E+000                  7.6290344891714010E+000                  4.2361504328432709E+000                  1.9799249842598684E+001                  1.0000000000000000E-099                  9.8051451462590800E-001                  1.9485485374092004E-002                  0.0000000000000000E+000                  0.0000000000000000E+000                  9.4682940250886348E-015 
                                    1255                  9.2837756134646510E-002                 -1.7727303369357310E+000                  7.6323636201163456E+000                  4.2486843770797336E+000                  1.9817186279276140E+001                  1.0000000000000000E-099                  9.8051459719233414E-001                  1.9485402807665864E-002                  0.0000000000000000E+000                  0.0000000000000000E+000                  1.4293879162463260E-014 
                                    1256                  9.0262579393852307E-002                 -1.7790333504652538E+000                  7.6348249648538502E+000                  4.2579738234078341E+000                  1.9830489553064709E+001                  1.8565548579990002E-050                  9.8051457242561324E-001                  1.9485427574386760E-002                  0.0000000000000000E+000                  4.2758168073538107E-040                  1.9361597962904212E-014 
                                    1257                  8.8974991023462388E-002                 -1.7822211466068159E+000                  7.6372521256548875E+000                  4.2670386459714553E+000                  1.9843497016645465E+001                  0.0000000000000000E+000                  9.8051453298045488E-001                  1.9485467019545122E-002                  4.0369553271309669E-041                  0.0000000000000000E+000                  2.6076683029952167E-014 
                                    1258                  8.6427488917619213E-002                 -1.7886051710168802E+000                  7.6404433268306349E+000                  4.2789919209606042E+000                  1.9860660175299053E+001                  1.0000000000000000E-099                  9.8051454817796468E-001                  1.9485451822035316E-002                  0.0000000000000000E+000                  0.0000000000000000E+000                  3.8522272035531997E-014 
                                    1259                  8.3889211690079513E-002                 -1.7950742808212847E+000                  7.6431944707383597E+000                  4.2893042098007479E+000                  1.9875481026148687E+001                  4.6918616160328741E-050                  9.8051449259004875E-001                  1.9485507409951253E-002                  4.7078984366576909E-094                  1.5054263563399829E-039                  5.3856803008765714E-014 
                                    1260                  8.2004787788163738E-002                 -1.7999518952111810E+000                  7.6455165114817056E+000                  4.2979783534963856E+000                  1.9887962904945734E+001                  1.0000000000000000E-099                  9.8051456144336391E-001                  1.9485438556636092E-002                  0.0000000000000000E+000                  0.0000000000000000E+000                  7.1381426749369559E-014 
                                    1261                  8.0130005895611645E-002                 -1.8048723149808272E+000                  7.6485700921957607E+000                  4.3093249586183680E+000                  1.9904314421987785E+001                  1.0000000000000000E-099                  9.8051455017876987E-001                  1.9485449821230127E-002                  0.0000000000000000E+000                  0.0000000000000000E+000                  1.0321791123506196E-013 
                                    1262                  7.7025537590527896E-002                 -1.8131803047192347E+000                  7.6523247562003984E+000                  4.3233221626501912E+000                  1.9924501746545861E+001                  1.0000000000000000E-099                  9.8051455737795834E-001                  1.9485442622041660E-002                  0.0000000000000000E+000                  0.0000000000000000E+000                  1.6214838303381231E-013 
                                    1263                  7.3951321559191208E-002                 -1.8216207755860889E+000                  7.6552756512169884E+000                  4.3343569557400956E+000                  1.9940431128548493E+001                  1.0000000000000000E-099                  9.8051455845378110E-001                  1.9485441546218896E-002                  0.0000000000000000E+000                  0.0000000000000000E+000                  2.3092499060337218E-013 
                                    1264                  7.2127899559675399E-002                 -1.8267359096151214E+000                  7.6570920367492414E+000                  4.3411311520691855E+000                  1.9950219617417659E+001                  1.0000000000000000E-099                  9.8051455535382914E-001                  1.9485444646170857E-002                  0.0000000000000000E+000                  0.0000000000000000E+000                  2.8684673818895847E-013 
                                    1265                  7.0919320766424335E-002                 -1.8301739642143484E+000                  7.6592540923991370E+000                  4.3491416688917104E+000                  1.9961810135951232E+001                  2.8436309473194290E-049                  9.8051455198714399E-001                  1.9485448012856010E-002                  2.2440379863916002E-092                  1.7165784593954665E-038                  3.7096369115436260E-013 
                                    1266                  6.8502163179921083E-002                 -1.8371716392084312E+000                  7.6627953685987631E+000                  4.3622611807516192E+000                  1.9980810920793029E+001                  1.4615369530975260E-049                  9.8051456607150489E-001                  1.9485433928495111E-002                  6.2781885792688681E-093                  1.0131084900367884E-038                  5.6436798485103628E-013 
                                    1267                  6.4942752559465466E-002                 -1.8477955544174052E+000                  7.6669532136132661E+000                  4.3777227356229274E+000                  2.0003223521187479E+001                  1.0000000000000002E-099                  9.8051456044879326E-001                  1.9485439551206740E-002                  0.0000000000000000E+000                  0.0000000000000000E+000                  9.2165272870284814E-013 
                                    1268                  6.1429698794151402E-002                 -1.8586951370836278E+000                  7.6703558759010342E+000                  4.3904232934380731E+000                  2.0021650066636873E+001                  1.0000000000000000E-099                  9.8051462626591457E-001                  1.9485373734085432E-002                  0.0000000000000000E+000                  0.0000000000000000E+000                  1.3744398298381819E-012 
                                    1269                  5.9115278151506738E-002                 -1.8661256159802546E+000                  7.6728655790655731E+000                  4.3997624324659697E+000                  2.0035217132946599E+001                  1.0000000000000000E-099                  9.8051456400124104E-001                  1.9485435998758960E-002                  0.0000000000000000E+000                  0.0000000000000000E+000                  1.8431955092884647E-012 
                                    1270                  5.7109924827456214E-002                 -1.8727402190981293E+000                  7.6758300513547182E+000                  4.4107428822462298E+000                  2.0051190232521190E+001                  1.0000000000000000E-099                  9.8051456463916764E-001                  1.9485435360832359E-002                  0.0000000000000000E+000                  0.0000000000000000E+000                  2.6028438829800756E-012 
                                    1271                  5.3990549058083474E-002                 -1.8833873510187193E+000                  7.6785929046594408E+000                  4.4210684157139255E+000                  2.0066211522676543E+001                  1.0000000000000000E-099                  9.8051459302234012E-001                  1.9485406977659880E-002                  0.0000000000000000E+000                  0.0000000000000000E+000                  3.5877448527887560E-012 
                                    1272                  5.2320441895849792E-002                 -1.8892820879106658E+000                  7.6808334576645727E+000                  4.4293875924152104E+000                  2.0078331705028312E+001                  1.0000000000000000E-099                  9.8051460253045408E-001                  1.9485397469545918E-002                  0.0000000000000000E+000                  0.0000000000000000E+000                  4.6488756722687266E-012 
                                    1273                  5.0093632346212620E-002                 -1.8973737368690600E+000                  7.6842906813621985E+000                  4.4421869005973331E+000                  2.0097001475629309E+001                  1.0000000000000000E-099                  9.8051461979945975E-001                  1.9485380200540248E-002                  0.0000000000000000E+000                  0.0000000000000000E+000                  6.9221600606769502E-012 
                                    1274                  4.6290854995626449E-002                 -1.9118754936877747E+000                  7.6876927368410071E+000                  4.4549303574606869E+000                  2.0115589643468905E+001                  1.0000000000000000E-099                  9.8051462564330338E-001                  1.9485374356696616E-002                  0.0000000000000000E+000                  0.0000000000000000E+000                  1.0232032485388926E-011 
                                    1275                  4.4160362040686275E-002                 -1.9204211617520619E+000                  7.6905644802654667E+000                  4.4656061405809107E+000                  2.0131189030317419E+001                  0.0000000000000000E+000                  9.8051464547770129E-001                  1.9485354522298715E-002                  1.3708244301791940E-052                  0.0000000000000000E+000                  1.4205218400160455E-011 
                                    1276                  4.1272874643726212E-002                 -1.9325569593237970E+000                  7.6935543984665049E+000                  4.4767802980665437E+000                  2.0147524014606660E+001                  1.0000000000000000E-099                  9.8051467700841433E-001                  1.9485322991585674E-002                  0.0000000000000000E+000                  0.0000000000000000E+000                  1.9969591222106928E-011 
                                    1277                  3.8944401405573030E-002                 -1.9428642711355524E+000                  7.6966327467664151E+000                  4.4882455810001174E+000                  2.0164306434084160E+001                  1.0000000000000000E-099                  9.8051467789149294E-001                  1.9485322108507064E-002                  0.0000000000000000E+000                  0.0000000000000000E+000                  2.8312014799295885E-011 
                                    1278                  3.5907244689242820E-002                 -1.9571147398615993E+000                  7.6992467033128360E+000                  4.4980668435562929E+000                  2.0178684072207233E+001                  1.0000000000000000E-099                  9.8051470691430842E-001                  1.9485293085691580E-002                  0.0000000000000000E+000                  0.0000000000000000E+000                  3.8056392705489065E-011 
                                    1279                  3.4412425306270880E-002                 -1.9645060292603829E+000                  7.7012417054991422E+000                  4.5055163391762187E+000                  2.0189603958020854E+001                  1.0000000000000000E-099                  9.8051472071193146E-001                  1.9485279288068535E-002                  0.0000000000000000E+000                  0.0000000000000000E+000                  4.7650237278888861E-011 
                                    1280                  3.2452943746067706E-002                 -1.9746228519503699E+000                  7.7040532207726100E+000                  4.5160089506339185E+000                  2.0204995613583016E+001                  1.0000000000000000E-099                  9.8051474590890331E-001                  1.9485254091096693E-002                  0.0000000000000000E+000                  0.0000000000000000E+000                  6.5346269037402184E-011 
                                    1281                  2.9564137831388324E-002                 -1.9905471316907952E+000                  7.7076419513545869E+000                  4.5294459185175286E+000                  2.0224722868103882E+001                  0.0000000000000000E+000                  9.8051478427682004E-001                  1.9485215723179961E-002                  1.1028653366660152E-064                  0.0000000000000000E+000                  9.7649466118970876E-011 
                                    1282                  2.6319060612772300E-002                 -2.0101494094863059E+000                  7.7103708979263326E+000                  4.5397620243167323E+000                  2.0239870886039732E+001                  1.0000000000000000E-099                  9.8051482308945781E-001                  1.9485176910542190E-002                  0.0000000000000000E+000                  0.0000000000000000E+000                  1.3243894033640683E-010 
                                    1283                  2.4966521808962312E-002                 -2.0189556948170297E+000                  7.7122384006820157E+000                  4.5467698595057104E+000                  2.0250175422071546E+001                  1.0000000000000000E-099                  9.8051484670376643E-001                  1.9485153296233571E-002                  0.0000000000000000E+000                  0.0000000000000000E+000                  1.6300216851124303E-010 
                                    1284                  2.3188609120930355E-002                 -2.0312036742092050E+000                  7.7150850474145756E+000                  4.5574357798381913E+000                  2.0265872769193930E+001                  1.0000000000000000E-099                  9.8051488886852201E-001                  1.9485111131477995E-002                  0.0000000000000000E+000                  0.0000000000000000E+000                  2.2345812077513758E-010 
                                    1285                  2.0240337884310809E-002                 -2.0535188268279447E+000                  7.7188870963710938E+000                  4.5717549921927576E+000                  2.0286959658292716E+001                  1.0000000000000000E-099                  9.8051495862510163E-001                  1.9485041374898371E-002                  0.0000000000000000E+000                  0.0000000000000000E+000                  3.4007291063175230E-010 
                                    1286                  1.7009806249718366E-002                 -2.0816654225941034E+000                  7.7220284754974813E+000                  4.5836947302153872E+000                  2.0304548390619843E+001                  1.0000000000000000E-099                  9.8051501922622741E-001                  1.9484980773772587E-002                  0.0000000000000000E+000                  0.0000000000000000E+000                  4.8066617783340325E-010 
                                    1287                  1.5292867483493336E-002                 -2.0986933690730996E+000                  7.7248010231684479E+000                  4.5941531518220353E+000                  2.0319979413286813E+001                  1.0000000000000000E-099                  9.8051509652382418E-001                  1.9484903476175819E-002                  0.0000000000000000E+000                  0.0000000000000000E+000                  6.5130190654158179E-010 
                                    1288                  1.2722889281159012E-002                 -2.1278451329949291E+000                  7.7274913737462088E+000                  4.6044052400082132E+000                  2.0335106367243611E+001                  1.0000000000000000E-099                  9.8051517317484471E-001                  1.9484826825155288E-002                  0.0000000000000000E+000                  0.0000000000000000E+000                  8.7419506700213347E-010 
                                    1289                  1.1292719424172419E-002                 -2.1465561039406706E+000                  7.7298999783446263E+000                  4.6135309454598827E+000                  2.0348588726955594E+001                  1.0000000000000000E-099                  9.8051524697537640E-001                  1.9484753024623602E-002                  0.0000000000000000E+000                  0.0000000000000000E+000                  1.1364528795115502E-009 
                                    1290                  9.2288003023119260E-003                 -2.1779531754250523E+000                  7.7333951321873577E+000                  4.6267972121482019E+000                  2.0368203757451681E+001                  1.0000000000000000E-099                  9.8051537318089277E-001                  1.9484626819107231E-002                  0.0000000000000000E+000                  0.0000000000000000E+000                  1.6608534300433921E-009 
                                    1291                  6.4533340271073136E-003                 -2.2329133017570544E+000                  7.7375570941001968E+000                  4.6427192473960792E+000                  2.0391759177422458E+001                  1.0000000000000000E-099                  9.8051556377894866E-001                  1.9484436221051338E-002                  0.0000000000000000E+000                  0.0000000000000000E+000                  2.6055029815256608E-009 
                                    1292                  3.9636082515592547E-003                 -2.3066994433063588E+000                  7.7416411705990260E+000                  4.6584188402980660E+000                  2.0415007231101811E+001                  1.0000000000000000E-099                  9.8051577367006260E-001                  1.9484226329937404E-002                  0.0000000000000000E+000                  0.0000000000000000E+000                  4.0455079606669487E-009 
                                    1293                  1.9279110607566751E-003                 -2.4142418714822513E+000                  7.7450084288581271E+000                  4.6714733010957987E+000                  2.0434348766469540E+001                  1.0000000000000000E-099                  9.8051597994004247E-001                  1.9484020059957530E-002                  0.0000000000000000E+000                  0.0000000000000000E+000                  5.8081951602106579E-009 
                                    1294                  9.4451608006896205E-004                 -2.5194648642937918E+000                  7.7470166137419998E+000                  4.6792564671241532E+000                  2.0445890582096503E+001                  1.0000000000000000E-099                  9.8051611095510793E-001                  1.9483889044892067E-002                  0.0000000000000000E+000                  0.0000000000000000E+000                  7.2010171408946001E-009 
                                    1295                  4.8225896039421766E-004                 -2.6179013233250683E+000                  7.7482087402279172E+000                  4.6838744979040285E+000                  2.0452742519617303E+001                  1.0000000000000000E-099                  9.8051619601998474E-001                  1.9483803980015257E-002                  0.0000000000000000E+000                  0.0000000000000000E+000                  8.1788990348092814E-009 
                                    1296                  2.5113040055684558E-004                 -2.7130588071147161E+000                  7.7489447144957833E+000                  4.6867255430529822E+000                  2.0456974010308443E+001                  1.0000000000000000E-099                  9.8051625117750041E-001                  1.9483748822499591E-002                  0.0000000000000000E+000                  0.0000000000000000E+000                  8.8469720331412451E-009 
                                    1297                  1.3556612063815948E-004                 -2.8027361941560573E+000                  7.7493948057872917E+000                  4.6884691362190649E+000                  2.0459562318561161E+001                  1.0000000000000000E-099                  9.8051628593748652E-001                  1.9483714062513480E-002                  0.0000000000000000E+000                  0.0000000000000000E+000                  9.2818230463848740E-009 
                                    1298                  7.7783980678705435E-005                 -2.8834150637245992E+000                  7.7496649571883118E+000                  4.6895156603953829E+000                  2.0461116028265305E+001                  1.0000000000000000E-099                  9.8051630718295946E-001                  1.9483692817040543E-002                  0.0000000000000000E+000                  0.0000000000000000E+000                  9.5529016766894478E-009 
                                    1299                  4.8892910698978400E-005                 -2.9507818958774701E+000                  7.7498224088288303E+000                  4.6901255945354468E+000                  2.0462021622064192E+001                  1.0000000000000000E-099                  9.8051631969900999E-001                  1.9483680300990014E-002                  0.0000000000000000E+000                  0.0000000000000000E+000                  9.7144868919631594E-009 
                                    1300                  3.4447375709225901E-005                 -3.0015648516971223E+000                  7.7499402687230621E+000                  4.6905820693277702E+000                  2.0462699408070787E+001                  1.0000000000000000E-099                  9.8051632913124187E-001                  1.9483670868758129E-002                  0.0000000000000000E+000                  0.0000000000000000E+000                  9.8372012039805059E-009 
                                    1301                  2.0001840719473402E-005                 -3.0803614181930148E+000                  7.7500596975616016E+000                  4.6910447479328790E+000                  2.0463386417282489E+001                  1.0000000000000000E-099                  9.8051633874820932E-001                  1.9483661251790685E-002                  0.0000000000000000E+000                  0.0000000000000000E+000                  9.9631185628728777E-009 
                                    1302                  1.0000920275684075E-005                 -3.1807917242439512E+000                  7.7501519592592309E+000                  4.6914022415288308E+000                  2.0463917253094223E+001                  4.7316815358153041E-061                  9.8051634621812278E-001                  1.9483653781877219E-002                  0.0000000000000000E+000                  9.4530083560253347E-049                  1.0061485614136536E-008 
                                    1303                  5.0004600582303010E-006                 -3.2811898082751285E+000                  7.7502100500839326E+000                  4.6916273324733613E+000                  2.0464251494330782E+001                  1.0000000000000000E-099                  9.8051635093916778E-001                  1.9483649060832220E-002                  0.0000000000000000E+000                  0.0000000000000000E+000                  1.0123912451205230E-008 
                                    1304                  2.5002299495034140E-006                 -3.3815676016360734E+000                  7.7502466328662889E+000                  4.6917690849246734E+000                  2.0464461987902169E+001                  1.0000000000000000E-099                  9.8051635391931735E-001                  1.9483646080682648E-002                  0.0000000000000000E+000                  0.0000000000000000E+000                  1.0163422192310399E-008 
                                    1305                  1.2501148951399699E-006                 -3.4819326006936877E+000                  7.7502696734854251E+000                  4.6918583651932222E+000                  2.0464594564625649E+001                  1.0000000000000000E-099                  9.8051635579910712E-001                  1.9483644200892880E-002                  0.0000000000000000E+000                  0.0000000000000000E+000                  1.0188384534859138E-008 
                                    1306                  6.2505736784722585E-007                 -3.5822895048869872E+000                  7.7502841847736237E+000                  4.6919146014091702E+000                  2.0464678072380984E+001                  1.0000000000000000E-099                  9.8051635698425721E-001                  1.9483643015742791E-002                  0.0000000000000000E+000                  0.0000000000000000E+000                  1.0204137592444053E-008 
                                    1307                  3.1252860431187618E-007                 -3.6826412351437039E+000                  7.7502933200193960E+000                  4.6919500267877172E+000                  2.0464730674782782E+001                  1.0000000000000000E-099                  9.8051635773123347E-001                  1.9483642268766532E-002                  0.0000000000000000E+000                  0.0000000000000000E+000                  1.0214068204314261E-008 
                                    1308                  1.5626422265522373E-007                 -3.7829895548914321E+000                  7.7503018583476404E+000                  4.6919795086169795E+000                  2.0464774855093289E+001                  1.0000000000000000E-099                  9.8051635835887430E-001                  1.9483641641125704E-002                  0.0000000000000000E+000                  0.0000000000000000E+000                  1.0223155746040009E-008 
