                                       1                                        2                                        3                                        4                                        5                                        6                                        7                                        8                                        9                                       10                                       11                                       12                                       13                                       14                                       15                                       16                                       17                                       18                                       19                                       20                                       21                                       22                                       23                                       24                                       25                                       26                                       27                                       28                                       29                                       30                                       31                                       32                                       33                                       34                                       35                                       36                                       37                                       38                                       39                                       40                                       41                                       42                                       43                                       44                                       45                                       46                                       47                                       48                                       49 
                            model_number                                num_zones                             initial_mass                                initial_z                                 star_age                                time_step                                     Teff                            photosphere_L                            photosphere_r                               center_eta                                center_h1                               center_he3                               center_he4                               center_c12                               center_n14                               center_o16                              center_ne20                                star_mass                                star_mdot                             star_mass_h1                            star_mass_he3                            star_mass_he4                            star_mass_c12                            star_mass_n14                            star_mass_o16                           star_mass_ne20                             he_core_mass                             co_core_mass                             fe_core_mass                   neutron_rich_core_mass                             dynamic_time                             kh_timescale                            nuc_timescale                           power_nuc_burn                             power_h_burn                            power_he_burn                                power_neu                                burn_min1                                burn_min2                             time_seconds                           version_number                                 compiler                                    build                         MESA_SDK_version                             math_backend                                     date                                     msun                                     rsun                                     lsun 
                                    4910                                     1011                  1.0000000000000000E+000                  2.0000000000000000E-002                  1.3537681297033532E+009                  2.1672567262542271E+006                  8.2364346850854381E+003                  1.2480623241437463E+001                  1.7349732364232451E+000                 -2.6249428913535242E+000                  5.2489720092877767E-001                  3.3409720827175398E-006                  4.5502613758777710E-001                  4.8848522931440043E-005                  8.4258471253193610E-003                  5.4363786099830376E-003                  2.0850244238743011E-003                  1.8213655570891047E+000                  0.0000000000000000E+000                  1.2154913460066350E+000                  4.5222803106315421E-004                  5.6853164334892514E-001                  2.7359802224527106E-003                  6.8637972835151771E-003                  1.6066859116762196E-002                  3.7975916713352273E-003                  0.0000000000000000E+000                  0.0000000000000000E+000                  0.0000000000000000E+000                  0.0000000000000000E+000                  1.6947188742375398E+004                  3.6078302408567704E+006                  1.4593546506891654E+009                  1.2492243626857816E+001                  1.2492243626857810E+001                  5.8362240175182627E-038                  7.0210554014716264E-001                  5.0000000000000000E+001                  1.0000000000000000E+003                  4.2721673129926536E+016                                "r26.4.1"                               "gfortran"                                 "15.2.0"                    "x86_64-linux-26.3.2"                                 "CRMATH"                               "20260616"                  1.9884098706980504E+033                  6.9570000000000000E+010                  3.8280000000000003E+033 

                                       1                                        2                                        3                                        4                                        5                                        6                                        7                                        8                                        9                                       10                                       11                                       12 
                                    zone                                     mass                                     logR                                     logT                                   logRho                                     logP                        x_mass_fraction_H                       y_mass_fraction_He                   z_mass_fraction_metals                                       pp                                      cno                                tri_alpha 
                                       1                  1.8213655570891047E+000                  2.3929277978202212E-001                  3.9173929451149876E+000                 -8.2147302976862058E+000                  3.5188146419172255E+000                  6.7182681810454181E-001                  3.0797482804066023E-001                  2.0198353854797957E-002                  8.2391203971833288E-028                  0.0000000000000000E+000                  0.0000000000000000E+000 
                                       2                  1.8213655570880092E+000                  2.3928575949753889E-001                  3.9206175319555450E+000                 -8.1954766029494568E+000                  3.5424409761706732E+000                  6.7182681810454181E-001                  3.0797482804066023E-001                  2.0198353854797957E-002                  8.6126341543016942E-028                  0.0000000000000000E+000                  0.0000000000000000E+000 
                                       3                  1.8213655570870557E+000                  2.3927991557580872E-001                  3.9229584676783693E+000                 -8.1835201492647478E+000                  3.5576617500582626E+000                  6.7182681810454181E-001                  3.0797482804066023E-001                  2.0198353854797957E-002                  8.8530593116971069E-028                  0.0000000000000000E+000                  0.0000000000000000E+000 
                                       4                  1.8213655570866290E+000                  2.3927736987727052E-001                  3.9254515944029089E+000                 -8.1719101896209860E+000                  3.5728144027169311E+000                  6.7182681810454181E-001                  3.0797482804066023E-001                  2.0198353854797957E-002                  9.0929381987789894E-028                  0.0000000000000000E+000                  0.0000000000000000E+000 
                                       5                  1.8213655570856329E+000                  2.3927158643649421E-001                  3.9283739972451510E+000                 -8.1604562122804367E+000                  3.5885354591958745E+000                  6.7182681810454181E-001                  3.0797482804066023E-001                  2.0198353854797957E-002                  9.3359630107536733E-028                  0.0000000000000000E+000                  0.0000000000000000E+000 
                                       6                  1.8213655570850991E+000                  2.3926856871785845E-001                  3.9309343895182494E+000                 -8.1515389485034397E+000                  3.6012736099611580E+000                  6.7182681810454181E-001                  3.0797482804066023E-001                  2.0198353854797957E-002                  9.5296532721509814E-028                  0.0000000000000000E+000                  0.0000000000000000E+000 
                                       7                  1.8213655570843523E+000                  2.3926442967186939E-001                  3.9336035540587120E+000                 -8.1435807909756353E+000                  3.6133101812147821E+000                  6.7182681810454181E-001                  3.0797482804066023E-001                  2.0198353854797957E-002                  9.7059019539255804E-028                  0.0000000000000000E+000                  0.0000000000000000E+000 
                                       8                  1.8213655570838543E+000                  2.3926172034684848E-001                  3.9369575909590666E+000                 -8.1348104166729591E+000                  3.6273274373701221E+000                  6.7182681810454181E-001                  3.0797482804066023E-001                  2.0198353854797957E-002                  9.9039169411303469E-028                  0.0000000000000000E+000                  0.0000000000000000E+000 
                                       9                  1.8213655570828580E+000                  2.3925640987930646E-001                  3.9416066112114332E+000                 -8.1254369615404265E+000                  3.6442366142722951E+000                  6.7182681810454181E-001                  3.0797482804066023E-001                  2.0198353854797957E-002                  1.0120016419249981E-027                  0.0000000000000000E+000                  0.0000000000000000E+000 
                                      10                  1.8213655570819867E+000                  2.3925186228049986E-001                  3.9470543437456787E+000                 -8.1173031636520783E+000                  3.6615763905678218E+000                  6.7182681810454181E-001                  3.0797482804066023E-001                  2.0198353854797957E-002                  1.0311353886265725E-027                  0.0000000000000000E+000                  0.0000000000000000E+000 
                                      11                  1.8213655570808658E+000                  2.3924612365023112E-001                  3.9525051980109880E+000                 -8.1123401561942465E+000                  3.6762015415775240E+000                  6.7182681810454181E-001                  3.0797482804066023E-001                  2.0198353854797957E-002                  1.0429875296121194E-027                  0.0000000000000000E+000                  0.0000000000000000E+000 
                                      12                  1.8213655570802434E+000                  2.3924297165125136E-001                  3.9571256843622917E+000                 -8.1097178839072335E+000                  3.6873572148400764E+000                  6.7182681810454181E-001                  3.0797482804066023E-001                  2.0198353854797957E-002                  1.0493046780238490E-027                  0.0000000000000000E+000                  0.0000000000000000E+000 
                                      13                  1.8213655570794962E+000                  2.3923921193205921E-001                  3.9636330606628096E+000                 -8.1085210316800822E+000                  3.7011535535392741E+000                  6.7182681810454181E-001                  3.0797482804066023E-001                  2.0198353854797957E-002                  1.0522006416874049E-027                  0.0000000000000000E+000                  0.0000000000000000E+000 
                                      14                  1.8213655570785001E+000                  2.3923421261785976E-001                  3.9706364610811917E+000                 -8.1104688545437131E+000                  3.7135840699352229E+000                  6.7182681810454181E-001                  3.0797482804066023E-001                  2.0198353854797957E-002                  1.0474916629530983E-027                  0.0000000000000000E+000                  0.0000000000000000E+000 
                                      15                  1.8213655570778773E+000                  2.3923107391300286E-001                  3.9759609838091250E+000                 -8.1135640778977702E+000                  3.7219862615216228E+000                  6.7182681810454181E-001                  3.0797482804066023E-001                  2.0198353854797957E-002                  1.0400520905085897E-027                  0.0000000000000000E+000                  0.0000000000000000E+000 
                                      16                  1.8213655570773797E+000                  2.3922854494001028E-001                  3.9804888311669711E+000                 -8.1172505914709721E+000                  3.7284759542689749E+000                  6.7182681810454181E-001                  3.0797482804066023E-001                  2.0198353854797957E-002                  1.0312602275419927E-027                  0.0000000000000000E+000                  0.0000000000000000E+000 
                                      17                  1.8213655570769973E+000                  2.3922658646576370E-001                  3.9846705663792035E+000                 -8.1214164534080044E+000                  3.7340359118212416E+000                  6.7182681810454181E-001                  3.0797482804066023E-001                  2.0198353854797957E-002                  1.0214145949072223E-027                  0.0000000000000000E+000                  0.0000000000000000E+000 
                                      18                  1.8213655570766147E+000                  2.3922460908807114E-001                  3.9891202241657835E+000                 -8.1266199751094348E+000                  3.7395256874299516E+000                  6.7182681810454181E-001                  3.0797482804066023E-001                  2.0198353854797957E-002                  1.0092484837126556E-027                  0.0000000000000000E+000                  0.0000000000000000E+000 
                                      19                  1.8213655570762324E+000                  2.3922260784832222E-001                  3.9950233668236006E+000                 -8.1345692070693811E+000                  3.7462918610221689E+000                  6.7182681810454181E-001                  3.0797482804066023E-001                  2.0198353854797957E-002                  9.9094196114804070E-028                  0.0000000000000000E+000                  0.0000000000000000E+000 
                                      20                  1.8213655570756586E+000                  2.3921955048395940E-001                  4.0008136824538436E+000                 -8.1435799519753420E+000                  3.7522927457298567E+000                  6.7182681810454181E-001                  3.0797482804066023E-001                  2.0198353854797957E-002                  9.7059207060019024E-028                  0.0000000000000000E+000                  0.0000000000000000E+000 
                                      21                  1.8213655570753720E+000                  2.3921798972845476E-001                  4.0061228797795794E+000                 -8.1525232088408615E+000                  3.7575582094435167E+000                  6.7182681810454181E-001                  3.0797482804066023E-001                  2.0198353854797957E-002                  9.5080785308576016E-028                  0.0000000000000000E+000                  0.0000000000000000E+000 
                                      22                  1.8213655570748939E+000                  2.3921533430855080E-001                  4.0109989815262788E+000                 -8.1613594488943999E+000                  3.7621138078955219E+000                  6.7182681810454181E-001                  3.0797482804066023E-001                  2.0198353854797957E-002                  9.3165649053209247E-028                  0.0000000000000000E+000                  0.0000000000000000E+000 
                                      23                  1.8213655570747025E+000                  2.3921425029416243E-001                  4.0152145199217850E+000                 -8.1692829150038460E+000                  3.7659809680663288E+000                  6.7182681810454181E-001                  3.0797482804066023E-001                  2.0198353854797957E-002                  9.1481172164944027E-028                  0.0000000000000000E+000                  0.0000000000000000E+000 
                                      24                  1.8213655570743201E+000                  2.3921204232274756E-001                  4.0209404126459027E+000                 -8.1804507756692502E+000                  3.7710842953484152E+000                  6.7182681810454181E-001                  3.0797482804066023E-001                  2.0198353854797957E-002                  8.9158547715356701E-028                  0.0000000000000000E+000                  0.0000000000000000E+000 
                                      25                  1.8213655570739378E+000                  2.3920977680213651E-001                  4.0295687872935524E+000                 -8.1977481038322288E+000                  3.7786287334089663E+000                  6.7182681810454181E-001                  3.0797482804066023E-001                  2.0198353854797957E-002                  8.5677014648472062E-028                  0.0000000000000000E+000                  0.0000000000000000E+000 
                                      26                  1.8213655570731730E+000                  2.3920506154031737E-001                  4.0382667501495746E+000                 -8.2153872834537172E+000                  3.7860446657289804E+000                  6.7182681810454181E-001                  3.0797482804066023E-001                  2.0198353854797957E-002                  8.2266650314146126E-028                  0.0000000000000000E+000                  0.0000000000000000E+000 
                                      27                  1.8213655570727907E+000                  2.3920260612052283E-001                  4.0440378301134317E+000                 -8.2269096786120102E+000                  3.7909192999568244E+000                  6.7182681810454181E-001                  3.0797482804066023E-001                  2.0198353854797957E-002                  8.0112551514245001E-028                  0.0000000000000000E+000                  0.0000000000000000E+000 
                                      28                  1.8213655570724083E+000                  2.3920008464002909E-001                  4.0526580138615076E+000                 -8.2435285486152274E+000                  3.7981303387675305E+000                  6.7182681810454181E-001                  3.0797482804066023E-001                  2.0198353854797957E-002                  7.7104634002787591E-028                  0.0000000000000000E+000                  0.0000000000000000E+000 
                                      29                  1.8213655570716434E+000                  2.3919484482301928E-001                  4.0613550887033298E+000                 -8.2592740427106364E+000                  3.8052784768366332E+000                  6.7182681810454181E-001                  3.0797482804066023E-001                  2.0198353854797957E-002                  7.4359054179175747E-028                  0.0000000000000000E+000                  0.0000000000000000E+000 
                                      30                  1.8213655570712524E+000                  2.3919206493136572E-001                  4.0671688341569032E+000                 -8.2689946947250892E+000                  3.8100514121856364E+000                  6.7182681810454181E-001                  3.0797482804066023E-001                  2.0198353854797957E-002                  7.2713076194589018E-028                  0.0000000000000000E+000                  0.0000000000000000E+000 
                                      31                  1.8213655570708609E+000                  2.3918922206166077E-001                  4.0758210583561940E+000                 -8.2820629883921004E+000                  3.8172201953642770E+000                  6.7182681810454181E-001                  3.0797482804066023E-001                  2.0198353854797957E-002                  7.0557520937362658E-028                  0.0000000000000000E+000                  0.0000000000000000E+000 
                                      32                  1.8213655570700604E+000                  2.3918322928164618E-001                  4.0853178491255600E+000                 -8.2940712391408589E+000                  3.8254980956515139E+000                  6.7182681810454181E-001                  3.0797482804066023E-001                  2.0198353854797957E-002                  6.8633198256558146E-028                  0.0000000000000000E+000                  0.0000000000000000E+000 
                                      33                  1.8213655570694600E+000                  2.3917860851783812E-001                  4.0928346824315938E+000                 -8.3017703053805434E+000                  3.8324702782585738E+000                  6.7182681810454181E-001                  3.0797482804066023E-001                  2.0198353854797957E-002                  6.7427125828663432E-028                  0.0000000000000000E+000                  0.0000000000000000E+000 
                                      34                  1.8213655570688601E+000                  2.3917390495638008E-001                  4.1008494887945242E+000                 -8.3081850377835895E+000                  3.8404658406200727E+000                  6.7182681810454181E-001                  3.0797482804066023E-001                  2.0198353854797957E-002                  6.6438448621380442E-028                  0.0000000000000000E+000                  0.0000000000000000E+000 
                                      35                  1.8213655570680596E+000                  2.3916753997856074E-001                  4.1109789807332824E+000                 -8.3136288942250687E+000                  3.8516392599964049E+000                  6.7182681810454181E-001                  3.0797482804066023E-001                  2.0198353854797957E-002                  6.5610789233148889E-028                  0.0000000000000000E+000                  0.0000000000000000E+000 
                                      36                  1.8213655570668590E+000                  2.3915787154627033E-001                  4.1203817412354597E+000                 -8.3157533453779848E+000                  3.8636078961643916E+000                  6.7182681810454181E-001                  3.0797482804066023E-001                  2.0198353854797957E-002                  6.5290601427422071E-028                  0.0000000000000000E+000                  0.0000000000000000E+000 
                                      37                  1.8213655570658585E+000                  2.3914977451318953E-001                  4.1278699433418815E+000                 -8.3156463363555666E+000                  3.8742102388525566E+000                  6.7182681810454181E-001                  3.0797482804066023E-001                  2.0198353854797957E-002                  6.5306691914123943E-028                  0.0000000000000000E+000                  0.0000000000000000E+000 
                                      38                  1.8213655570648577E+000                  2.3914167902220723E-001                  4.1359038610054943E+000                 -8.3138287296003419E+000                  3.8867145753372965E+000                  6.7182681810454181E-001                  3.0797482804066023E-001                  2.0198353854797957E-002                  6.5580604149532717E-028                  0.0000000000000000E+000                  0.0000000000000000E+000 
                                      39                  1.8213655570634348E+000                  2.3913021274625912E-001                  4.1440284253158834E+000                 -8.3099095858841778E+000                  3.9009546842900642E+000                  6.7182681810454181E-001                  3.0797482804066023E-001                  2.0198353854797957E-002                  6.6175132423099126E-028                  0.0000000000000000E+000                  0.0000000000000000E+000 
                                      40                  1.8213655570620120E+000                  2.3911884858229224E-001                  4.1511537337064066E+000                 -8.3048616675963132E+000                  3.9147440798098709E+000                  6.7182681810454181E-001                  3.0797482804066023E-001                  2.0198353854797957E-002                  6.6948843104756718E-028                  0.0000000000000000E+000                  0.0000000000000000E+000 
                                      41                  1.8213655570605889E+000                  2.3910761486552776E-001                  4.1575072255817620E+000                 -8.2990997416234471E+000                  3.9281104468996881E+000                  6.7182681810454181E-001                  3.0797482804066023E-001                  2.0198353854797957E-002                  6.7843054417670052E-028                  0.0000000000000000E+000                  0.0000000000000000E+000 
                                      42                  1.8213655570591660E+000                  2.3909652835115863E-001                  4.1639616769319430E+000                 -8.2921245048189522E+000                  3.9426731670407911E+000                  6.7182681810454181E-001                  3.0797482804066023E-001                  2.0198353854797957E-002                  6.8941559712152656E-028                  0.0000000000000000E+000                  0.0000000000000000E+000 
                                      43                  1.8213655570573875E+000                  2.3908288984236864E-001                  4.1703796727873899E+000                 -8.2839341321009066E+000                  3.9583030298323405E+000                  6.7182681810454181E-001                  3.0797482804066023E-001                  2.0198353854797957E-002                  7.0254159153325784E-028                  0.0000000000000000E+000                  0.0000000000000000E+000 
                                      44                  1.8213655570556089E+000                  2.3906950488321052E-001                  4.1767702062578058E+000                 -8.2747040449346905E+000                  3.9748721331505648E+000                  6.7182681810454181E-001                  3.0797482804066023E-001                  2.0198353854797957E-002                  7.1763360631761858E-028                  0.0000000000000000E+000                  0.0000000000000000E+000 
                                      45                  1.8213655570534744E+000                  2.3905377911481329E-001                  4.1817480120502024E+000                 -8.2665668337391214E+000                  3.9886920783255979E+000                  6.7182681810454181E-001                  3.0797482804066023E-001                  2.0198353854797957E-002                  7.3120735311194270E-028                  0.0000000000000000E+000                  0.0000000000000000E+000 
                                      46                  1.8213655570522294E+000                  2.3904477525856316E-001                  4.1869335441846758E+000                 -8.2577003008771630E+000                  4.0034731152236516E+000                  6.7182681810454181E-001                  3.0797482804066023E-001                  2.0198353854797957E-002                  7.4629015212608767E-028                  0.0000000000000000E+000                  0.0000000000000000E+000 
                                      47                  1.8213655570497389E+000                  2.3902712983900246E-001                  4.1924175849544234E+000                 -8.2473138553889900E+000                  4.0201075838958742E+000                  6.7182681810454181E-001                  3.0797482804066023E-001                  2.0198353854797957E-002                  7.6435462889760415E-028                  0.0000000000000000E+000                  0.0000000000000000E+000 
                                      48                  1.8213655570478713E+000                  2.3901420715694502E-001                  4.1975329157326948E+000                 -8.2371347258896552E+000                  4.0361302207006542E+000                  6.7182681810454181E-001                  3.0797482804066023E-001                  2.0198353854797957E-002                  7.8248274061599215E-028                  0.0000000000000000E+000                  0.0000000000000000E+000 
                                      49                  1.8213655570453813E+000                  2.3899737433616017E-001                  4.2015828794811982E+000                 -8.2284922015913011E+000                  4.0494106075972169E+000                  6.7182681810454181E-001                  3.0797482804066023E-001                  2.0198353854797957E-002                  7.9821139674742768E-028                  0.0000000000000000E+000                  0.0000000000000000E+000 
                                      50                  1.8213655570441361E+000                  2.3898912304321734E-001                  4.2054716617643946E+000                 -8.2200805602616871E+000                  4.0622978765346449E+000                  6.7182681810454181E-001                  3.0797482804066023E-001                  2.0198353854797957E-002                  8.1382342758533743E-028                  0.0000000000000000E+000                  0.0000000000000000E+000 
                                      51                  1.8213655570416458E+000                  2.3897293564621183E-001                  4.2097123500536231E+000                 -8.2104092750302584E+000                  4.0768672105021038E+000                  6.7182681810454181E-001                  3.0797482804066023E-001                  2.0198353854797957E-002                  8.3215110799094461E-028                  0.0000000000000000E+000                  0.0000000000000000E+000 
                                      52                  1.8213655570397782E+000                  2.3896106131689990E-001                  4.2131738441446869E+000                 -8.2023149321379254E+000                  4.0889789400732370E+000                  6.7182681810454181E-001                  3.0797482804066023E-001                  2.0198353854797957E-002                  8.4780729625030846E-028                  0.0000000000000000E+000                  0.0000000000000000E+000 
                                      53                  1.8213655570379106E+000                  2.3894940530340197E-001                  4.2170313756349227E+000                 -8.1930964068452763E+000                  4.1026966271325866E+000                  6.7182681810454181E-001                  3.0797482804066023E-001                  2.0198353854797957E-002                  8.6599698111355704E-028                  0.0000000000000000E+000                  0.0000000000000000E+000 
                                      54                  1.8213655570354206E+000                  2.3893418895086987E-001                  4.2214235408779484E+000                 -8.1822832481421699E+000                  4.1186609421676028E+000                  6.7182681810454181E-001                  3.0797482804066023E-001                  2.0198353854797957E-002                  8.8783113463041004E-028                  0.0000000000000000E+000                  0.0000000000000000E+000 
                                      55                  1.8213655570326635E+000                  2.3891775475188645E-001                  4.2257109519844489E+000                 -8.1714275789324429E+000                  4.1345740603998831E+000                  6.7182681810454181E-001                  3.0797482804066023E-001                  2.0198353854797957E-002                  9.1030491573925543E-028                  0.0000000000000000E+000                  0.0000000000000000E+000 
                                      56                  1.8213655570299956E+000                  2.3890224158895551E-001                  4.2303772541966200E+000                 -8.1593898593175744E+000                  4.1521467132772347E+000                  6.7182681810454181E-001                  3.0797482804066023E-001                  2.0198353854797957E-002                  9.3589162352603524E-028                  0.0000000000000000E+000                  0.0000000000000000E+000 
                                      57                  1.8213655570264382E+000                  2.3888212034520254E-001                  4.2347593259646379E+000                 -8.1477147100173664E+000                  4.1690389676004322E+000                  6.7182681810454181E-001                  3.0797482804066023E-001                  2.0198353854797957E-002                  9.6139452859832733E-028                  0.0000000000000000E+000                  0.0000000000000000E+000 
                                      58                  1.8213655570237703E+000                  2.3886742793121149E-001                  4.2389436138285195E+000                 -8.1364539548918167E+000                  4.1853008684370270E+000                  6.7182681810454181E-001                  3.0797482804066023E-001                  2.0198353854797957E-002                  9.8665044632651188E-028                  0.0000000000000000E+000                  0.0000000000000000E+000 
                                      59                  1.8213655570202127E+000                  2.3884833723296856E-001                  4.2429067780022560E+000                 -8.1255224664781753E+000                  4.2009784731047031E+000                  6.7182681810454181E-001                  3.0797482804066023E-001                  2.0198353854797957E-002                  1.0118023997255966E-027                  0.0000000000000000E+000                  0.0000000000000000E+000 
                                      60                  1.8213655570175451E+000                  2.3883437351174699E-001                  4.2467137689466172E+000                 -8.1149571944038339E+000                  4.2161117073147727E+000                  6.7182681810454181E-001                  3.0797482804066023E-001                  2.0198353854797957E-002                  1.0367209094706084E-027                  0.0000000000000000E+000                  0.0000000000000000E+000 
                                      61                  1.8213655570139875E+000                  2.3881620067023676E-001                  4.2506028698466265E+000                 -8.1039710028018561E+000                  4.2317638375717692E+000                  6.7182681810454181E-001                  3.0797482804066023E-001                  2.0198353854797957E-002                  1.0632832601783729E-027                  0.0000000000000000E+000                  0.0000000000000000E+000 
                                      62                  1.8213655570108751E+000                  2.3880069483308408E-001                  4.2550818191069499E+000                 -8.0912727862567930E+000                  4.2498334171063217E+000                  6.7182681810454181E-001                  3.0797482804066023E-001                  2.0198353854797957E-002                  1.0948340089300221E-027                  0.0000000000000000E+000                  0.0000000000000000E+000 
                                      63                  1.8213655570059837E+000                  2.3877702744093571E-001                  4.2607275684275869E+000                 -8.0750141260183614E+000                  4.2728412358707608E+000                  6.7182681810454181E-001                  3.0797482804066023E-001                  2.0198353854797957E-002                  1.1366018379092295E-027                  0.0000000000000000E+000                  0.0000000000000000E+000 
                                      64                  1.8213655570001919E+000                  2.3875002812299054E-001                  4.2653499986820034E+000                 -8.0614366513185249E+000                  4.2919152156217235E+000                  6.7182681810454181E-001                  3.0797482804066023E-001                  2.0198353854797957E-002                  1.1727002834315337E-027                  0.0000000000000000E+000                  0.0000000000000000E+000 
                                      65                  1.8213655569966900E+000                  2.3873420426472625E-001                  4.2680389798829621E+000                 -8.0535131990213742E+000                  4.3030238489101560E+000                  6.7182681810454181E-001                  3.0797482804066023E-001                  2.0198353854797957E-002                  1.1942938399282781E-027                  0.0000000000000000E+000                  0.0000000000000000E+000 
                                      66                  1.8213655569945890E+000                  2.3872488078773507E-001                  4.2705058677991081E+000                 -8.0462638731670282E+000                  4.3131871585786614E+000                  6.7182681810454181E-001                  3.0797482804066023E-001                  2.0198353854797957E-002                  1.2143983633140896E-027                  0.0000000000000000E+000                  0.0000000000000000E+000 
                                      67                  1.8213655569914373E+000                  2.3871112598222680E-001                  4.2740181147863430E+000                 -8.0359048213543467E+000                  4.3276776942923947E+000                  6.7182681810454181E-001                  3.0797482804066023E-001                  2.0198353854797957E-002                  1.2437158548357191E-027                  0.0000000000000000E+000                  0.0000000000000000E+000 
                                      68                  1.8213655569868850E+000                  2.3869172400546701E-001                  4.2775478872248307E+000                 -8.0253800514940448E+000                  4.3423296470319466E+000                  6.7182681810454181E-001                  3.0797482804066023E-001                  2.0198353854797957E-002                  1.2742273219986857E-027                  0.0000000000000000E+000                  0.0000000000000000E+000 
                                      69                  1.8213655569833833E+000                  2.3867715503662873E-001                  4.2815739079991362E+000                 -8.0134162835708551E+000                  4.3589718710082490E+000                  6.7182681810454181E-001                  3.0797482804066023E-001                  2.0198353854797957E-002                  1.3098205523417560E-027                  0.0000000000000000E+000                  0.0000000000000000E+000 
                                      70                  1.8213655569774025E+000                  2.3865294502843137E-001                  4.2857088227056268E+000                 -8.0009514667493011E+000                  4.3762010368129269E+000                  6.7182681810454181E-001                  3.0797482804066023E-001                  2.0198353854797957E-002                  1.3479624695029686E-027                  0.0000000000000000E+000                  0.0000000000000000E+000 
                                      71                  1.8213655569731779E+000                  2.3863632649543537E-001                  4.2898427136998976E+000                 -7.9885390257911952E+000                  4.3933416769685518E+000                  6.7182681810454181E-001                  3.0797482804066023E-001                  2.0198353854797957E-002                  1.3870478280058819E-027                  0.0000000000000000E+000                  0.0000000000000000E+000 
                                      72                  1.8213655569668417E+000                  2.3861209764703351E-001                  4.2941882669380051E+000                 -7.9753577312536921E+000                  4.4114504349735197E+000                  6.7182681810454181E-001                  3.0797482804066023E-001                  2.0198353854797957E-002                  1.4297958068015844E-027                  0.0000000000000000E+000                  0.0000000000000000E+000 
                                      73                  1.8213655569615612E+000                  2.3859250757826148E-001                  4.2976146264390280E+000                 -7.9649365872159521E+000                  4.4257273999371565E+000                  6.7182681810454181E-001                  3.0797482804066023E-001                  2.0198353854797957E-002                  1.4645229954529254E-027                  0.0000000000000000E+000                  0.0000000000000000E+000 
                                      74                  1.8213655569573366E+000                  2.3857720526310250E-001                  4.3013101785904935E+000                 -7.9537338649456268E+000                  4.4410610755472559E+000                  6.7182681810454181E-001                  3.0797482804066023E-001                  2.0198353854797957E-002                  1.5027960361575701E-027                  0.0000000000000000E+000                  0.0000000000000000E+000 
                                      75                  1.8213655569510003E+000                  2.3855483339809774E-001                  4.3051615210434315E+000                 -7.9419668422865302E+000                  4.4570994820259928E+000                  6.7182681810454181E-001                  3.0797482804066023E-001                  2.0198353854797957E-002                  1.5440745299281039E-027                  0.0000000000000000E+000                  0.0000000000000000E+000 
                                      76                  1.8213655569458866E+000                  2.3853725909700113E-001                  4.3091059305028869E+000                 -7.9299567301757001E+000                  4.4734534675795103E+000                  6.7182681810454181E-001                  3.0797482804066023E-001                  2.0198353854797957E-002                  1.5873752639578030E-027                  0.0000000000000000E+000                  0.0000000000000000E+000 
                                      77                  1.8213655569388829E+000                  2.3851384312696525E-001                  4.3136392553788987E+000                 -7.9161037114869419E+000                  4.4922601707205461E+000                  6.7182681810454159E-001                  3.0797482804066034E-001                  2.0198353854798068E-002                  1.6388306414399614E-027                  0.0000000000000000E+000                  0.0000000000000000E+000 
                                      78                  1.8213655569313789E+000                  2.3848953822130617E-001                  4.3184341169561673E+000                 -7.9014487932019613E+000                  4.5121132598490394E+000                  6.7182681810454159E-001                  3.0797482804066045E-001                  2.0198353854797957E-002                  1.6950813716021853E-027                  0.0000000000000000E+000                  0.0000000000000000E+000 
                                      79                  1.8213655569228748E+000                  2.3846290197051373E-001                  4.3230351146211756E+000                 -7.8873442552866058E+000                  4.5311674001966784E+000                  6.7182681810454170E-001                  3.0797482804066040E-001                  2.0198353854797846E-002                  1.7510422011846702E-027                  0.0000000000000000E+000                  0.0000000000000000E+000 
                                      80                  1.8213655569153155E+000                  2.3843997797179628E-001                  4.3272618923399948E+000                 -7.8744096667595578E+000                  4.5486193856953054E+000                  6.7182681810454170E-001                  3.0797482804066034E-001                  2.0198353854797957E-002                  1.8039837487536284E-027                  0.0000000000000000E+000                  0.0000000000000000E+000 
                                      81                  1.8213655569075338E+000                  2.3841706857447337E-001                  4.3313908765362781E+000                 -7.8617771826897105E+000                  4.5656390517425436E+000                  6.7182681810454203E-001                  3.0797482804065995E-001                  2.0198353854798068E-002                  1.8572335126977220E-027                  0.0000000000000000E+000                  0.0000000000000000E+000 
                                      82                  1.8213655568997520E+000                  2.3839481248141375E-001                  4.3359668774348554E+000                 -7.8478272688204056E+000                  4.5844248265427217E+000                  6.7182681810454170E-001                  3.0797482804066034E-001                  2.0198353854797957E-002                  1.9178648642461032E-027                  0.0000000000000000E+000                  0.0000000000000000E+000 
                                      83                  1.8213655568896356E+000                  2.3836678927758403E-001                  4.3411051010281216E+000                 -7.8321573044889545E+000                  4.6054936888408857E+000                  6.7182681810454159E-001                  3.0797482804066040E-001                  2.0198353854798068E-002                  1.9883359708648900E-027                  0.0000000000000000E+000                  0.0000000000000000E+000 
                                      84                  1.8213655568787415E+000                  2.3833767418254317E-001                  4.3463773301983677E+000                 -7.8161156090044930E+000                  4.6270452915467324E+000                  6.7182681810454181E-001                  3.0797482804066023E-001                  2.0198353854797957E-002                  2.0631620641208238E-027                  0.0000000000000000E+000                  0.0000000000000000E+000 
                                      85                  1.8213655568670690E+000                  2.3830760452257393E-001                  4.3516601794060179E+000                 -7.8000844467088637E+000                  4.6485703914023970E+000                  6.7182681810454181E-001                  3.0797482804066018E-001                  2.0198353854798068E-002                  2.1407522962646147E-027                  0.0000000000000000E+000                  0.0000000000000000E+000 
                                      86                  1.8213655568550626E+000                  2.3827779042716693E-001                  4.3559337388301254E+000                 -7.7871119600111074E+000                  4.6659688574418610E+000                  6.7182681810454203E-001                  3.0797482804066001E-001                  2.0198353854797957E-002                  2.2056697083742809E-027                  0.0000000000000000E+000                  0.0000000000000000E+000 
                                      87                  1.8213655568470588E+000                  2.3825849601488411E-001                  4.3605373093667970E+000                 -7.7733158219552569E+000                  4.6845198404870576E+000                  6.7182681810454181E-001                  3.0797482804066018E-001                  2.0198353854798068E-002                  2.2768704269763895E-027                  0.0000000000000000E+000                  0.0000000000000000E+000 
                                      88                  1.8213655568328295E+000                  2.3822526132103428E-001                  4.3659850859265266E+000                 -7.7569619572041475E+000                  4.7064808501282487E+000                  6.7182681810454226E-001                  3.0797482804065984E-001                  2.0198353854797846E-002                  2.3642545349752738E-027                  0.0000000000000000E+000                  0.0000000000000000E+000 
                                      89                  1.8213655568194893E+000                  2.3819524869717731E-001                  4.3706158333470873E+000                 -7.7431160457991082E+000                  4.7250792982869481E+000                  6.7182681810454159E-001                  3.0797482804066040E-001                  2.0198353854798068E-002                  2.4408545902879023E-027                  0.0000000000000000E+000                  0.0000000000000000E+000 
                                      90                  1.8213655568083722E+000                  2.3817101843170160E-001                  4.3746815271535935E+000                 -7.7310332620908513E+000                  4.7413260376133106E+000                  6.7182681810454192E-001                  3.0797482804066006E-001                  2.0198353854798068E-002                  2.5097256858953996E-027                  0.0000000000000000E+000                  0.0000000000000000E+000 
                                      91                  1.8213655567972553E+000                  2.3814744910978344E-001                  4.3782229024928006E+000                 -7.7205308928570204E+000                  4.7554489530850699E+000                  6.7182681810454148E-001                  3.0797482804066056E-001                  2.0198353854797957E-002                  2.5711653210886260E-027                  0.0000000000000000E+000                  0.0000000000000000E+000 
                                      92                  1.8213655567883622E+000                  2.3812904148846248E-001                  4.3827381124177167E+000                 -7.7072914507681034E+000                  4.7732990085473794E+000                  6.7182681810454148E-001                  3.0797482804066051E-001                  2.0198353854798068E-002                  2.6507648544341166E-027                  0.0000000000000000E+000                  0.0000000000000000E+000 
                                      93                  1.8213655567710203E+000                  2.3809421796695537E-001                  4.3875629932984452E+000                 -7.6930666286770331E+000                  4.7924402696408634E+000                  6.7182681810454203E-001                  3.0797482804066001E-001                  2.0198353854797957E-002                  2.7390373018135967E-027                  0.0000000000000000E+000                  0.0000000000000000E+000 
                                      94                  1.8213655567590139E+000                  2.3807088154535208E-001                  4.3918040255624673E+000                 -7.6806815196403031E+000                  4.8091418729710727E+000                  6.7182681810454170E-001                  3.0797482804066023E-001                  2.0198353854798068E-002                  2.8182839930455401E-027                  0.0000000000000000E+000                  0.0000000000000000E+000 
                                      95                  1.8213655567443399E+000                  2.3804315626659575E-001                  4.3960941096795985E+000                 -7.6681661722264263E+000                  4.8260178533355633E+000                  6.7182681810454181E-001                  3.0797482804066023E-001                  2.0198353854797957E-002                  2.9006935026263906E-027                  0.0000000000000000E+000                  0.0000000000000000E+000 
                                      96                  1.8213655567309996E+000                  2.3801866302779945E-001                  4.4012230277833284E+000                 -7.6533459256993135E+000                  4.8460467684797708E+000                  6.7182681810454192E-001                  3.0797482804066018E-001                  2.0198353854797846E-002                  3.0014021038805271E-027                  0.0000000000000000E+000                  0.0000000000000000E+000 
                                      97                  1.8213655567096554E+000                  2.3798078045069812E-001                  4.4067314419568273E+000                 -7.6373840962191091E+000                  4.8675945527197193E+000                  6.7182681810454203E-001                  3.0797482804065995E-001                  2.0198353854798068E-002                  3.1137827440904111E-027                  0.0000000000000000E+000                  0.0000000000000000E+000 
                                      98                  1.8213655566918689E+000                  2.3795034365565867E-001                  4.4118355301759262E+000                 -7.6227053776001981E+000                  4.8874449082976303E+000                  6.7182681810454181E-001                  3.0797482804066018E-001                  2.0198353854798068E-002                  3.2208401735006891E-027                  0.0000000000000000E+000                  0.0000000000000000E+000 
                                      99                  1.8213655566718587E+000                  2.3791723297987874E-001                  4.4167817887999954E+000                 -7.6085057070334150E+000                  4.9066516684290837E+000                  6.7182681810454181E-001                  3.0797482804066012E-001                  2.0198353854798068E-002                  3.3279052901235574E-027                  0.0000000000000000E+000                  0.0000000000000000E+000 
                                     100                  1.8213655566536271E+000                  2.3788802959525662E-001                  4.4214858082718722E+000                 -7.5950762129892126E+000                  4.9248401905482080E+000                  6.7182681810454170E-001                  3.0797482804066029E-001                  2.0198353854798068E-002                  3.4324362698944488E-027                  0.0000000000000000E+000                  0.0000000000000000E+000 
                                     101                  1.8213655566340619E+000                  2.3785763741143143E-001                  4.4274384320590192E+000                 -7.5782307522975696E+000                  4.9477052773681622E+000                  6.7182681810454181E-001                  3.0797482804066018E-001                  2.0198353854798068E-002                  3.5682110558731961E-027                  0.0000000000000000E+000                  0.0000000000000000E+000 
                                     102                  1.8213655566038243E+000                  2.3781244286189546E-001                  4.4332767915896838E+000                 -7.5616424360210308E+000                  4.9701916557644070E+000                  6.7182681810454181E-001                  3.0797482804066023E-001                  2.0198353854797957E-002                  3.7071610380088881E-027                  0.0000000000000000E+000                  0.0000000000000000E+000 
                                     103                  1.8213655565824802E+000                  2.3778172832758512E-001                  4.4380674475789990E+000                 -7.5481647982965727E+000                  4.9885078242127117E+000                  6.7182681810454192E-001                  3.0797482804066018E-001                  2.0198353854797846E-002                  3.8240295537821542E-027                  0.0000000000000000E+000                  0.0000000000000000E+000 
                                     104                  1.8213655565598019E+000                  2.3775008451720306E-001                  4.4427249114472067E+000                 -7.5351132465909290E+000                  5.0062616902350339E+000                  6.7182681810454170E-001                  3.0797482804066040E-001                  2.0198353854797846E-002                  3.9407139015992751E-027                  0.0000000000000000E+000                  0.0000000000000000E+000 
                                     105                  1.8213655565380131E+000                  2.3772057549256065E-001                  4.4479793070651361E+000                 -7.5205217714686459E+000                  5.0261576182875398E+000                  6.7182681810454192E-001                  3.0797482804066018E-001                  2.0198353854797846E-002                  4.0753863126330457E-027                  0.0000000000000000E+000                  0.0000000000000000E+000 
                                     106                  1.8213655565077755E+000                  2.3768096776855199E-001                  4.4541562764449019E+000                 -7.5034487855215968E+000                  5.0494644764106260E+000                  6.7182681810454192E-001                  3.0797482804066006E-001                  2.0198353854798068E-002                  4.2388166332947957E-027                  0.0000000000000000E+000                  0.0000000000000000E+000 
                                     107                  1.8213655564739806E+000                  2.3763839471003476E-001                  4.4604500880597060E+000                 -7.4861758744383797E+000                  5.0730880508845919E+000                  6.7182681810454170E-001                  3.0797482804066023E-001                  2.0198353854798068E-002                  4.4108317642357820E-027                  0.0000000000000000E+000                  0.0000000000000000E+000 
                                     108                  1.8213655564392963E+000                  2.3759639272521405E-001                  4.4663015983165018E+000                 -7.4702345198410613E+000                  5.0949333245872985E+000                  6.7182681810454181E-001                  3.0797482804066018E-001                  2.0198353854798068E-002                  4.5757746226353011E-027                  0.0000000000000000E+000                  0.0000000000000000E+000 
                                     109                  1.8213655564072802E+000                  2.3755900875413388E-001                  4.4714318298453692E+000                 -7.4563693664269959E+000                  5.1139749442061833E+000                  6.7182681810454192E-001                  3.0797482804066006E-001                  2.0198353854798068E-002                  4.7242430848182956E-027                  0.0000000000000000E+000                  0.0000000000000000E+000 
                                     110                  1.8213655563783766E+000                  2.3752631187812492E-001                  4.4765609200984562E+000                 -7.4426471006654822E+000                  5.1328736816534644E+000                  6.7182681810454192E-001                  3.0797482804066018E-001                  2.0198353854797846E-002                  4.8759245028072211E-027                  0.0000000000000000E+000                  0.0000000000000000E+000 
                                     111                  1.8213655563441371E+000                  2.3748877425976211E-001                  4.4822876469553581E+000                 -7.4274465395143388E+000                  5.1538548949554084E+000                  6.7182681810454181E-001                  3.0797482804066023E-001                  2.0198353854797957E-002                  5.0496388252546624E-027                  0.0000000000000000E+000                  0.0000000000000000E+000 
                                     112                  1.8213655563050060E+000                  2.3744733838035956E-001                  4.4870811378366389E+000                 -7.4147612852749258E+000                  5.1713789665568761E+000                  6.7182681810454181E-001                  3.0797482804066023E-001                  2.0198353854797957E-002                  5.1993365537376640E-027                  0.0000000000000000E+000                  0.0000000000000000E+000 
                                     113                  1.8213655562801048E+000                  2.3742172321059496E-001                  4.4921235334323191E+000                 -7.4016316061785128E+000                  5.1896021218011441E+000                  6.7182681810454159E-001                  3.0797482804066034E-001                  2.0198353854798068E-002                  5.3589547277446354E-027                  0.0000000000000000E+000                  0.0000000000000000E+000 
                                     114                  1.8213655562356377E+000                  2.3737733327254182E-001                  4.4978188175128961E+000                 -7.3868219772973829E+000                  5.2101654038732734E+000                  6.7182681810454248E-001                  3.0797482804065962E-001                  2.0198353854797846E-002                  5.5448851885458123E-027                  0.0000000000000000E+000                  0.0000000000000000E+000 
                                     115                  1.8213655561982858E+000                  2.3734128579725078E-001                  4.5031856620891348E+000                 -7.3730249648944293E+000                  5.2293876294627699E+000                  6.7182681810454170E-001                  3.0797482804066034E-001                  2.0198353854797957E-002                  5.7239029446637854E-027                  0.0000000000000000E+000                  0.0000000000000000E+000 
                                     116                  1.8213655561555975E+000                  2.3730136642185443E-001                  4.5082329819873044E+000                 -7.3601162956010544E+000                  5.2474007987951170E+000                  6.7182681810454181E-001                  3.0797482804066029E-001                  2.0198353854797846E-002                  5.8966246923036317E-027                  0.0000000000000000E+000                  0.0000000000000000E+000 
                                     117                  1.8213655561200237E+000                  2.3726906644942833E-001                  4.5127582414288616E+000                 -7.3486498552614172E+000                  5.2634469556206298E+000                  6.7182681810454170E-001                  3.0797482804066034E-001                  2.0198353854797957E-002                  6.0544156039138614E-027                  0.0000000000000000E+000                  0.0000000000000000E+000 
                                     118                  1.8213655560831161E+000                  2.3723642110653775E-001                  4.5180248746137996E+000                 -7.3354376537551662E+000                  5.2819936015404991E+000                  6.7182681810454159E-001                  3.0797482804066045E-001                  2.0198353854797957E-002                  6.2414733746024023E-027                  0.0000000000000000E+000                  0.0000000000000000E+000 
                                     119                  1.8213655560328685E+000                  2.3719329670927622E-001                  4.5230101616600615E+000                 -7.3229634774607950E+000                  5.2995205317370431E+000                  6.7182681810454203E-001                  3.0797482804066006E-001                  2.0198353854797846E-002                  6.4233838712612386E-027                  0.0000000000000000E+000                  0.0000000000000000E+000 
                                     120                  1.8213655559972948E+000                  2.3716362315266304E-001                  4.5280226075946510E+000                 -7.3105996445534647E+000                  5.3169710673484509E+000                  6.7182681810454192E-001                  3.0797482804066018E-001                  2.0198353854797846E-002                  6.6089170663475858E-027                  0.0000000000000000E+000                  0.0000000000000000E+000 
                                     121                  1.8213655559439346E+000                  2.3712035120465266E-001                  4.5321278329535986E+000                 -7.3004622270973725E+000                  5.3312775166954598E+000                  6.7182681810454181E-001                  3.0797482804066023E-001                  2.0198353854797957E-002                  6.7650322697358428E-027                  0.0000000000000000E+000                  0.0000000000000000E+000 
                                     122                  1.8213655559217012E+000                  2.3710273350818595E-001                  4.5361519036041891E+000                 -7.2907027781489244E+000                  5.3451298887746379E+000                  6.7182681810454181E-001                  3.0797482804066023E-001                  2.0198353854797957E-002                  6.9188102169696781E-027                  0.0000000000000000E+000                  0.0000000000000000E+000 
                                     123                  1.8213655558683410E+000                  2.3706138218905434E-001                  4.5414093596228451E+000                 -7.2779849541050528E+000                  5.3632013646473231E+000                  6.7182681810454181E-001                  3.0797482804066023E-001                  2.0198353854797957E-002                  7.1244609377956596E-027                  0.0000000000000000E+000                  0.0000000000000000E+000 
                                     124                  1.8213655558194271E+000                  2.3702456079364370E-001                  4.5464985840801031E+000                 -7.2658218674706720E+000                  5.3805565795932822E+000                  6.7182681810454181E-001                  3.0797482804066023E-001                  2.0198353854797957E-002                  7.3268581091569591E-027                  0.0000000000000000E+000                  0.0000000000000000E+000 
                                     125                  1.8213655557660666E+000                  2.3698549114069134E-001                  4.5516392216049359E+000                 -7.2536720541068620E+000                  5.3979621837920089E+000                  6.7182681810454181E-001                  3.0797482804066023E-001                  2.0198353854797957E-002                  7.5347754499647282E-027                  0.0000000000000000E+000                  0.0000000000000000E+000 
                                     126                  1.8213655557127062E+000                  2.3694748923747794E-001                  4.5578622714130574E+000                 -7.2392266136377499E+000                  5.4187889756801493E+000                  6.7182681810454181E-001                  3.0797482804066023E-001                  2.0198353854797957E-002                  7.7896696047303865E-027                  0.0000000000000000E+000                  0.0000000000000000E+000 
                                     127                  1.8213655556326658E+000                  2.3689233347391198E-001                  4.5638414047319484E+000                 -7.2254943740595001E+000                  5.4386724177268784E+000                  6.7182681810454181E-001                  3.0797482804066023E-001                  2.0198353854797957E-002                  8.0399703859170705E-027                  0.0000000000000000E+000                  0.0000000000000000E+000 
                                     128                  1.8213655555793054E+000                  2.3685669627233563E-001                  4.5688762127569209E+000                 -7.2141634505490959E+000                  5.4552031030605539E+000                  6.7182681810454181E-001                  3.0797482804066023E-001                  2.0198353854797957E-002                  8.2525474039854341E-027                  0.0000000000000000E+000                  0.0000000000000000E+000 
                                     129                  1.8213655555170518E+000                  2.3681617960737408E-001                  4.5748844160179347E+000                 -7.2008703855444969E+000                  5.4747281168263990E+000                  6.7182681810454181E-001                  3.0797482804066023E-001                  2.0198353854797957E-002                  8.5091122305820498E-027                  0.0000000000000000E+000                  0.0000000000000000E+000 
                                     130                  1.8213655554370114E+000                  2.3676564118549420E-001                  4.5817552230800134E+000                 -7.1859268904928415E+000                  5.4968386402881144E+000                  6.7182681810454181E-001                  3.0797482804066023E-001                  2.0198353854797957E-002                  8.8070681339374969E-027                  0.0000000000000000E+000                  0.0000000000000000E+000 
                                     131                  1.8213655553480776E+000                  2.3671136705300697E-001                  4.5880086856353817E+000                 -7.1725258049930414E+000                  5.5168052852386120E+000                  6.7182681810454181E-001                  3.0797482804066023E-001                  2.0198353854797957E-002                  9.0831342146402313E-027                  0.0000000000000000E+000                  0.0000000000000000E+000 
                                     132                  1.8213655552769303E+000                  2.3666925306441780E-001                  4.5940534388756546E+000                 -7.1598223156738365E+000                  5.5359014179738644E+000                  6.7182681810454181E-001                  3.0797482804066023E-001                  2.0198353854797957E-002                  9.3528159117178127E-027                  0.0000000000000000E+000                  0.0000000000000000E+000 
                                     133                  1.8213655551879966E+000                  2.3661811164457378E-001                  4.5998708775496935E+000                 -7.1477207486631205E+000                  5.5542015702555902E+000                  6.7182681810454181E-001                  3.0797482804066023E-001                  2.0198353854797957E-002                  9.6171637797782581E-027                  0.0000000000000000E+000                  0.0000000000000000E+000 
                                     134                  1.8213655551168493E+000                  2.3657831031168486E-001                  4.6054983779115917E+000                 -7.1362003253535580E+000                  5.5717679857123157E+000                  6.7182681810454181E-001                  3.0797482804066023E-001                  2.0198353854797957E-002                  9.8757568116405154E-027                  0.0000000000000000E+000                  0.0000000000000000E+000 
                                     135                  1.8213655550279153E+000                  2.3652984627292670E-001                  4.6112103817428700E+000                 -7.1245789147159249E+000                  5.5895781925558072E+000                  6.7182681810454181E-001                  3.0797482804066023E-001                  2.0198353854797957E-002                  1.0143663057680706E-026                  0.0000000000000000E+000                  0.0000000000000000E+000 
                                     136                  1.8213655549478751E+000                  2.3648736699581563E-001                  4.6167087972484069E+000                 -7.1134750648355825E+000                  5.6066932583594635E+000                  6.7182681810454181E-001                  3.0797482804066023E-001                  2.0198353854797957E-002                  1.0406425640160309E-026                  0.0000000000000000E+000                  0.0000000000000000E+000 
                                     137                  1.8213655548589409E+000                  2.3644134520547958E-001                  4.6236262792753733E+000                 -7.0995695487106358E+000                  5.6282409740023498E+000                  6.7182681810454181E-001                  3.0797482804066023E-001                  2.0198353854797957E-002                  1.0745108662331060E-026                  0.0000000000000000E+000                  0.0000000000000000E+000 
                                     138                  1.8213655547255401E+000                  2.3637446176450339E-001                  4.6316438998221789E+000                 -7.0832022263463505E+000                  5.6535709398381870E+000                  6.7182681810454181E-001                  3.0797482804066023E-001                  2.0198353854797957E-002                  1.1157902901498094E-026                  0.0000000000000000E+000                  0.0000000000000000E+000 
                                     139                  1.8213655545832459E+000                  2.3630572589381851E-001                  4.6378902615122177E+000                 -7.0700821486087868E+000                  5.6737449267001763E+000                  6.7182681810454181E-001                  3.0797482804066023E-001                  2.0198353854797957E-002                  1.1500223434771693E-026                  0.0000000000000000E+000                  0.0000000000000000E+000 
                                     140                  1.8213655544943121E+000                  2.3626402848857719E-001                  4.6433753307738312E+000                 -7.0584997698270264E+000                  5.6915770034353637E+000                  6.7182681810454181E-001                  3.0797482804066023E-001                  2.0198353854797957E-002                  1.1811142268213310E-026                  0.0000000000000000E+000                  0.0000000000000000E+000 
                                     141                  1.8213655543698046E+000                  2.3620716905601566E-001                  4.6489557033864761E+000                 -7.0463621337448954E+000                  5.7101125418713261E+000                  6.7182681810454181E-001                  3.0797482804066023E-001                  2.0198353854797957E-002                  1.2145991771154896E-026                  0.0000000000000000E+000                  0.0000000000000000E+000 
                                     142                  1.8213655542630840E+000                  2.3615975855975113E-001                  4.6538399385667857E+000                 -7.0355494980324149E+000                  5.7265544064246034E+000                  6.7182681810454181E-001                  3.0797482804066023E-001                  2.0198353854797957E-002                  1.2452275724577077E-026                  0.0000000000000000E+000                  0.0000000000000000E+000 
                                     143                  1.8213655541563634E+000                  2.3611349890673580E-001                  4.6584863078547079E+000                 -7.0250756333201378E+000                  5.7424030711400187E+000                  6.7182681810454181E-001                  3.0797482804066023E-001                  2.0198353854797957E-002                  1.2756326981565103E-026                  0.0000000000000000E+000                  0.0000000000000000E+000 
                                     144                  1.8213655540496423E+000                  2.3606832728807384E-001                  4.6632872642855974E+000                 -7.0140981116176127E+000                  5.7589506768065766E+000                  6.7182681810454181E-001                  3.0797482804066023E-001                  2.0198353854797957E-002                  1.3082971657803527E-026                  0.0000000000000000E+000                  0.0000000000000000E+000 
                                     145                  1.8213655539251348E+000                  2.3601692531604243E-001                  4.6685523832725826E+000                 -7.0018684048083015E+000                  5.7773005846184171E+000                  6.7182681810454181E-001                  3.0797482804066023E-001                  2.0198353854797957E-002                  1.3456736878510164E-026                  0.0000000000000000E+000                  0.0000000000000000E+000 
                                     146                  1.8213655537828410E+000                  2.3595978997466854E-001                  4.6748710068976607E+000                 -6.9870257587635729E+000                  5.7994946983106672E+000                  6.7182681810454181E-001                  3.0797482804066023E-001                  2.0198353854797957E-002                  1.3924734068993640E-026                  0.0000000000000000E+000                  0.0000000000000000E+000 
                                     147                  1.8213655535871864E+000                  2.3588383354996106E-001                  4.6801794712331066E+000                 -6.9742381789228665E+000                  5.8184476226215276E+000                  6.7182681810454181E-001                  3.0797482804066023E-001                  2.0198353854797957E-002                  1.4340966829184629E-026                  0.0000000000000000E+000                  0.0000000000000000E+000 
                                     148                  1.8213655534804656E+000                  2.3584358874704017E-001                  4.6837993621884397E+000                 -6.9655358402559751E+000                  5.8313497257950937E+000                  6.7182681810454181E-001                  3.0797482804066023E-001                  2.0198353854797957E-002                  1.4631319214498953E-026                  0.0000000000000000E+000                  0.0000000000000000E+000 
                                     149                  1.8213655533737449E+000                  2.3580413147832699E-001                  4.6870182084719065E+000                 -6.9577600613890223E+000                  5.8428532324609206E+000                  6.7182681810454181E-001                  3.0797482804066023E-001                  2.0198353854797957E-002                  1.4895727329011243E-026                  0.0000000000000000E+000                  0.0000000000000000E+000 
                                     150                  1.8213655532848112E+000                  2.3577182589113277E-001                  4.6918606148864859E+000                 -6.9461532552516285E+000                  5.8600578857367829E+000                  6.7182681810454181E-001                  3.0797482804066023E-001                  2.0198353854797957E-002                  1.5299323121878366E-026                  0.0000000000000000E+000                  0.0000000000000000E+000 
                                     151                  1.8213655530713697E+000                  2.3569630905185462E-001                  4.6970049114024111E+000                 -6.9336029502810970E+000                  5.8785255591503303E+000                  6.7182681810454181E-001                  3.0797482804066023E-001                  2.0198353854797957E-002                  1.5748042396472600E-026                  0.0000000000000000E+000                  0.0000000000000000E+000 
                                     152                  1.8213655529468622E+000                  2.3565349485580661E-001                  4.7019821230258501E+000                 -6.9215836018319399E+000                  5.8962466979958883E+000                  6.7182681810454181E-001                  3.0797482804066023E-001                  2.0198353854797957E-002                  1.6190112278942109E-026                  0.0000000000000000E+000                  0.0000000000000000E+000 
                                     153                  1.8213655527334209E+000                  2.3558207433706793E-001                  4.7077282255176698E+000                 -6.9075832361846938E+000                  5.9167871686972378E+000                  6.7182681810454181E-001                  3.0797482804066023E-001                  2.0198353854797957E-002                  1.6720716398410321E-026                  0.0000000000000000E+000                  0.0000000000000000E+000 
                                     154                  1.8213655525377666E+000                  2.3551865286216325E-001                  4.7129879247060478E+000                 -6.8947417991568098E+000                  5.9355760471408319E+000                  6.7182681810454181E-001                  3.0797482804066023E-001                  2.0198353854797957E-002                  1.7222676861481355E-026                  0.0000000000000000E+000                  0.0000000000000000E+000 
                                     155                  1.8213655523421119E+000                  2.3545705261803282E-001                  4.7177967990003769E+000                 -6.8829269033644342E+000                  5.9527926150372865E+000                  6.7182681810454181E-001                  3.0797482804066023E-001                  2.0198353854797957E-002                  1.7697812702108442E-026                  0.0000000000000000E+000                  0.0000000000000000E+000 
                                     156                  1.8213655521642445E+000                  2.3540253347355694E-001                  4.7230709360850502E+000                 -6.8699268254610892E+000                  5.9716768938456077E+000                  6.7182681810454181E-001                  3.0797482804066023E-001                  2.0198353854797957E-002                  1.8235773426210563E-026                  0.0000000000000000E+000                  0.0000000000000000E+000 
                                     157                  1.8213655519152296E+000                  2.3532842464818621E-001                  4.7280578070099075E+000                 -6.8573346523216125E+000                  5.9897862402700479E+000                  6.7182681810454181E-001                  3.0797482804066023E-001                  2.0198353854797957E-002                  1.8772443189175114E-026                  0.0000000000000000E+000                  0.0000000000000000E+000 
                                     158                  1.8213655517373621E+000                  2.3527698025448235E-001                  4.7332153092402161E+000                 -6.8441893030562548E+000                  6.0085970757382405E+000                  6.7182681810454181E-001                  3.0797482804066023E-001                  2.0198353854797957E-002                  1.9349549123121461E-026                  0.0000000000000000E+000                  0.0000000000000000E+000 
                                     159                  1.8213655514527736E+000                  2.3519708707780645E-001                  4.7383772696610897E+000                 -6.8304048985472265E+000                  6.0279972082577480E+000                  6.7182681810454170E-001                  3.0797482804066029E-001                  2.0198353854798068E-002                  1.9973779955851951E-026                  0.0000000000000000E+000                  0.0000000000000000E+000 
                                     160                  1.8213655512393325E+000                  2.3513901150468897E-001                  4.7425627012471763E+000                 -6.8189507353959096E+000                  6.0439712476281002E+000                  6.7182681810454159E-001                  3.0797482804066045E-001                  2.0198353854797957E-002                  2.0507779784610923E-026                  0.0000000000000000E+000                  0.0000000000000000E+000 
                                     161                  1.8213655510258910E+000                  2.3508242519994119E-001                  4.7471952888146367E+000                 -6.8059881952399852E+000                  6.0619032381773010E+000                  6.7182681810454148E-001                  3.0797482804066045E-001                  2.0198353854798068E-002                  2.1129344768755584E-026                  0.0000000000000000E+000                  0.0000000000000000E+000 
                                     162                  1.8213655507413027E+000                  2.3500916260417723E-001                  4.7515423627877889E+000                 -6.7933842146697581E+000                  6.0791354806064613E+000                  6.7182681810454159E-001                  3.0797482804066045E-001                  2.0198353854797957E-002                  2.1751779381056629E-026                  0.0000000000000000E+000                  0.0000000000000000E+000 
                                     163                  1.8213655505278616E+000                  2.3495576404008811E-001                  4.7550982396688877E+000                 -6.7828981344310977E+000                  6.0933874698720221E+000                  6.7182681810454192E-001                  3.0797482804066006E-001                  2.0198353854798068E-002                  2.2283576666508422E-026                  0.0000000000000000E+000                  0.0000000000000000E+000 
                                     164                  1.8213655503144202E+000                  2.3490362034397835E-001                  4.7585011402944231E+000                 -6.7726793847615392E+000                  6.1071931068609180E+000                  6.7182681810454203E-001                  3.0797482804065995E-001                  2.0198353854798068E-002                  2.2814324919906446E-026                  0.0000000000000000E+000                  0.0000000000000000E+000 
                                     165                  1.8213655501009789E+000                  2.3485267110493827E-001                  4.7623052525755583E+000                 -6.7610938011465702E+000                  6.1227710547800802E+000                  6.7182681810454159E-001                  3.0797482804066040E-001                  2.0198353854798068E-002                  2.3431374619606119E-026                  0.0000000000000000E+000                  0.0000000000000000E+000 
                                     166                  1.8213655498163905E+000                  2.3478650028235856E-001                  4.7674540810561838E+000                 -6.7451292477908664E+000                  6.1441112031105396E+000                  6.7182681810454170E-001                  3.0797482804066040E-001                  2.0198353854797846E-002                  2.4309090276424637E-026                  0.0000000000000000E+000                  0.0000000000000000E+000 
                                     167                  1.8213655493895080E+000                  2.3469077292228244E-001                  4.7722429485213604E+000                 -6.7297372751796072E+000                  6.1644692071368024E+000                  6.7182681810454192E-001                  3.0797482804066018E-001                  2.0198353854797846E-002                  2.5186449336030050E-026                  0.0000000000000000E+000                  0.0000000000000000E+000 
                                     168                  1.8213655491049197E+000                  2.3462914338733018E-001                  4.7768035444442782E+000                 -6.7149915675105101E+000                  6.1839262848912169E+000                  6.7182681810454192E-001                  3.0797482804066006E-001                  2.0198353854798068E-002                  2.6056661074209832E-026                  0.0000000000000000E+000                  0.0000000000000000E+000 
                                     169                  1.8213655486780373E+000                  2.3453973855564064E-001                  4.7823564421562157E+000                 -6.6966222442920049E+000                  6.2080027390705812E+000                  6.7182681810454181E-001                  3.0797482804066012E-001                  2.0198353854798068E-002                  2.7182903506148646E-026                  0.0000000000000000E+000                  0.0000000000000000E+000 
                                     170                  1.8213655481800075E+000                  2.3443968727802980E-001                  4.7871363574591275E+000                 -6.6803919015424205E+000                  6.2291204277492893E+000                  6.7182681810454192E-001                  3.0797482804066012E-001                  2.0198353854797957E-002                  2.8218451390439647E-026                  0.0000000000000000E+000                  0.0000000000000000E+000 
                                     171                  1.8213655478242721E+000                  2.3437080338753941E-001                  4.7905533811117209E+000                 -6.6686752290457161E+000                  6.2443204748153507E+000                  6.7182681810454159E-001                  3.0797482804066040E-001                  2.0198353854798068E-002                  2.8990451303439296E-026                  0.0000000000000000E+000                  0.0000000000000000E+000 
                                     172                  1.8213655475396837E+000                  2.3431714040532803E-001                  4.7938460508402079E+000                 -6.6573318454462154E+000                  6.2590136090978579E+000                  6.7182681810454181E-001                  3.0797482804066018E-001                  2.0198353854798068E-002                  2.9757976042569052E-026                  0.0000000000000000E+000                  0.0000000000000000E+000 
                                     173                  1.8213655471839481E+000                  2.3425176415752630E-001                  4.7977745149593414E+000                 -6.6436723233573218E+000                  6.2766600289300003E+000                  6.7182681810454192E-001                  3.0797482804066018E-001                  2.0198353854797846E-002                  3.0709239127037091E-026                  0.0000000000000000E+000                  0.0000000000000000E+000 
                                     174                  1.8213655467419474E+000                  2.3417301019309000E-001                  4.8023402923125049E+000                 -6.6276358623535243E+000                  6.2973181063210593E+000                  6.7182681810454159E-001                  3.0797482804066045E-001                  2.0198353854797957E-002                  3.1864921603353445E-026                  0.0000000000000000E+000                  0.0000000000000000E+000 
                                     175                  1.8213655462086424E+000                  2.3408137876242066E-001                  4.8060522665481180E+000                 -6.6143695242960208E+000                  6.3143304455872764E+000                  6.7182681810454192E-001                  3.0797482804066023E-001                  2.0198353854797846E-002                  3.2853781516196159E-026                  0.0000000000000000E+000                  0.0000000000000000E+000 
                                     176                  1.8213655459038964E+000                  2.3403056822966203E-001                  4.8093180572424927E+000                 -6.6027476045878633E+000                  6.3292452460282727E+000                  6.7182681810454181E-001                  3.0797482804066012E-001                  2.0198353854798068E-002                  3.3745259259172135E-026                  0.0000000000000000E+000                  0.0000000000000000E+000 
                                     177                  1.8213655454467774E+000                  2.3395633289782000E-001                  4.8127588078571915E+000                 -6.5903636455052839E+000                  6.3450913991395383E+000                  6.7182681810454170E-001                  3.0797482804066034E-001                  2.0198353854797957E-002                  3.4721833750577139E-026                  0.0000000000000000E+000                  0.0000000000000000E+000 
                                     178                  1.8213655450658450E+000                  2.3389618131897419E-001                  4.8160784094539588E+000                 -6.5784036361647793E+000                  6.3603879925410398E+000                  6.7182681810454214E-001                  3.0797482804065990E-001                  2.0198353854797957E-002                  3.5691801189022272E-026                  0.0000000000000000E+000                  0.0000000000000000E+000 
                                     179                  1.8213655446087262E+000                  2.3382592848094313E-001                  4.8198463337777282E+000                 -6.5647651118283283E+000                  6.3778085150338129E+000                  6.7182681810454192E-001                  3.0797482804066018E-001                  2.0198353854797846E-002                  3.6831016406564534E-026                  0.0000000000000000E+000                  0.0000000000000000E+000 
                                     180                  1.8213655440754211E+000                  2.3374645966909444E-001                  4.8240031511929882E+000                 -6.5496489343438604E+000                  6.3970912560970312E+000                  6.7182681810454137E-001                  3.0797482804066056E-001                  2.0198353854798068E-002                  3.8136202663505841E-026                  0.0000000000000000E+000                  0.0000000000000000E+000 
                                     181                  1.8213655434659295E+000                  2.3365869426849323E-001                  4.8277020581715391E+000                 -6.5360806612961788E+000                  6.4143610595211031E+000                  6.7182681810454214E-001                  3.0797482804065990E-001                  2.0198353854797957E-002                  3.9347090375883044E-026                  0.0000000000000000E+000                  0.0000000000000000E+000 
                                     182                  1.8213655430088105E+000                  2.3359486149271233E-001                  4.8306351283644746E+000                 -6.5253161442853385E+000                  6.4280585030844062E+000                  6.7182681810454214E-001                  3.0797482804065990E-001                  2.0198353854797957E-002                  4.0335058676148626E-026                  0.0000000000000000E+000                  0.0000000000000000E+000 
                                     183                  1.8213655425897850E+000                  2.3353775676576236E-001                  4.8338478864077246E+000                 -6.5135382485808808E+000                  6.4430473000306447E+000                  6.7182681810454159E-001                  3.0797482804066045E-001                  2.0198353854797957E-002                  4.1444484639885824E-026                  0.0000000000000000E+000                  0.0000000000000000E+000 
                                     184                  1.8213655420183867E+000                  2.3346193530894729E-001                  4.8377650235523362E+000                 -6.4991285974287250E+000                  6.4613681319868288E+000                  6.7182681810454192E-001                  3.0797482804066012E-001                  2.0198353854797957E-002                  4.2843410834889459E-026                  0.0000000000000000E+000                  0.0000000000000000E+000 
                                     185                  1.8213655413327086E+000                  2.3337386904971144E-001                  4.8415093631351223E+000                 -6.4852698655186876E+000                  6.4789612568518784E+000                  6.7182681810454181E-001                  3.0797482804066018E-001                  2.0198353854798068E-002                  4.4233391737989820E-026                  0.0000000000000000E+000                  0.0000000000000000E+000 
                                     186                  1.8213655407613099E+000                  2.3330274632973469E-001                  4.8447905238118363E+000                 -6.4731329063755769E+000                  6.4943690782746639E+000                  6.7182681810454192E-001                  3.0797482804066018E-001                  2.0198353854797846E-002                  4.5487685710911816E-026                  0.0000000000000000E+000                  0.0000000000000000E+000 
                                     187                  1.8213655401899114E+000                  2.3323355018848160E-001                  4.8486956544887443E+000                 -6.4587336782962383E+000                  6.5126601734727618E+000                  6.7182681810454159E-001                  3.0797482804066051E-001                  2.0198353854797846E-002                  4.7021996950822499E-026                  0.0000000000000000E+000                  0.0000000000000000E+000 
                                     188                  1.8213655393518604E+000                  2.3313531542306110E-001                  4.8529241224055477E+000                 -6.4430559667061038E+000                  6.5325478918019471E+000                  6.7182681810454170E-001                  3.0797482804066023E-001                  2.0198353854798068E-002                  4.8751461647351250E-026                  0.0000000000000000E+000                  0.0000000000000000E+000 
                                     189                  1.8213655385899958E+000                  2.3304912252979759E-001                  4.8564026553017108E+000                 -6.4301543751276382E+000                  6.5489111473461943E+000                  6.7182681810454203E-001                  3.0797482804066018E-001                  2.0198353854797846E-002                  5.0222305350845255E-026                  0.0000000000000000E+000                  0.0000000000000000E+000 
                                     190                  1.8213655379805040E+000                  2.3298215109497844E-001                  4.8597703494133970E+000                 -6.4177272291323026E+000                  6.5646897475921193E+000                  6.7182681810454137E-001                  3.0797482804066062E-001                  2.0198353854798068E-002                  5.1681014859293461E-026                  0.0000000000000000E+000                  0.0000000000000000E+000 
                                     191                  1.8213655372186395E+000                  2.3290075660286905E-001                  4.8630162372042127E+000                 -6.4057191819291663E+000                  6.5799263475039869E+000                  6.7182681810454170E-001                  3.0797482804066029E-001                  2.0198353854798068E-002                  5.3130778287039410E-026                  0.0000000000000000E+000                  0.0000000000000000E+000 
                                     192                  1.8213655366091481E+000                  2.3283738508511853E-001                  4.8665156485554792E+000                 -6.3928660881770298E+000                  6.5962610069582208E+000                  6.7182681810454170E-001                  3.0797482804066040E-001                  2.0198353854797846E-002                  5.4727672286722080E-026                  0.0000000000000000E+000                  0.0000000000000000E+000 
                                     193                  1.8213655356949103E+000                  2.3274505019650013E-001                  4.8698778431769245E+000                 -6.3804531883491542E+000                  6.6120166472390132E+000                  6.7182681810454181E-001                  3.0797482804066034E-001                  2.0198353854797846E-002                  5.6315432823872505E-026                  0.0000000000000000E+000                  0.0000000000000000E+000 
                                     194                  1.8213655350854190E+000                  2.3268519664049817E-001                  4.8731467028898248E+000                 -6.3684922181617081E+000                  6.6272288864353195E+000                  6.7182681810454181E-001                  3.0797482804066029E-001                  2.0198353854797846E-002                  5.7888963458627921E-026                  0.0000000000000000E+000                  0.0000000000000000E+000 
                                     195                  1.8213655341711812E+000                  2.3259781079307168E-001                  4.8769238936569677E+000                 -6.3546558101627175E+000                  6.6448208510768021E+000                  6.7182681810454181E-001                  3.0797482804066018E-001                  2.0198353854798068E-002                  5.9764162983075737E-026                  0.0000000000000000E+000                  0.0000000000000000E+000 
                                     196                  1.8213655332569436E+000                  2.3251311480921086E-001                  4.8805642146772552E+000                 -6.3413551022004579E+000                  6.6617408132881657E+000                  6.7182681810454137E-001                  3.0797482804066073E-001                  2.0198353854797846E-002                  6.1624016948949345E-026                  0.0000000000000000E+000                  0.0000000000000000E+000 
                                     197                  1.8213655323427063E+000                  2.3243092604757870E-001                  4.8840777301287996E+000                 -6.3285506643219964E+000                  6.6780383282584763E+000                  6.7182681810454214E-001                  3.0797482804065990E-001                  2.0198353854797957E-002                  6.3469153176026208E-026                  0.0000000000000000E+000                  0.0000000000000000E+000 
                                     198                  1.8213655314284687E+000                  2.3235108043616229E-001                  4.8874734616406164E+000                 -6.3162072693032849E+000                  6.6937576615668286E+000                  6.7182681810454159E-001                  3.0797482804066040E-001                  2.0198353854798068E-002                  6.5300149912425466E-026                  0.0000000000000000E+000                  0.0000000000000000E+000 
                                     199                  1.8213655305142311E+000                  2.3227342999987616E-001                  4.8911684695606379E+000                 -6.3028396005937068E+000                  6.7107993484061463E+000                  6.7182681810454170E-001                  3.0797482804066034E-001                  2.0198353854797957E-002                  6.7342731252463669E-026                  0.0000000000000000E+000                  0.0000000000000000E+000 
                                     200                  1.8213655293714339E+000                  2.3217925318831825E-001                  4.8953792457903296E+000                 -6.2876418400651541E+000                  6.7301838317032514E+000                  6.7182681810454203E-001                  3.0797482804065990E-001                  2.0198353854798068E-002                  6.9742698595355695E-026                  0.0000000000000000E+000                  0.0000000000000000E+000 
                                     201                  1.8213655280762642E+000                  2.3207611966642436E-001                  4.8993077188605163E+000                 -6.2734689764351836E+000                  6.7482621199070048E+000                  6.7182681810454170E-001                  3.0797482804066029E-001                  2.0198353854798068E-002                  7.2057857019845357E-026                  0.0000000000000000E+000                  0.0000000000000000E+000 
                                     202                  1.8213655269998146E+000                  2.3199310148415384E-001                  4.9025267617718109E+000                 -6.2619020715113560E+000                  6.7630296189566792E+000                  6.7182681810454214E-001                  3.0797482804065990E-001                  2.0198353854797957E-002                  7.4004189443456732E-026                  0.0000000000000000E+000                  0.0000000000000000E+000 
                                     203                  1.8213655260658985E+000                  2.3192293169608405E-001                  4.9057954816446054E+000                 -6.2502265897637717E+000                  6.7779560330110922E+000                  6.7182681810454170E-001                  3.0797482804066029E-001                  2.0198353854798068E-002                  7.6022129620013489E-026                  0.0000000000000000E+000                  0.0000000000000000E+000 
                                     204                  1.8213655248985035E+000                  2.3183750018344132E-001                  4.9100061635873278E+000                 -6.2352646304899446E+000                  6.7971066867026781E+000                  6.7182681810454192E-001                  3.0797482804066006E-001                  2.0198353854798068E-002                  7.8688762677266807E-026                  0.0000000000000000E+000                  0.0000000000000000E+000 
                                     205                  1.8213655232641506E+000                  2.3172186612578227E-001                  4.9143702775734299E+000                 -6.2197486925277294E+000                  6.8169631566032791E+000                  6.7182681810454159E-001                  3.0797482804066040E-001                  2.0198353854798068E-002                  8.1553005791507928E-026                  0.0000000000000000E+000                  0.0000000000000000E+000 
                                     206                  1.8213655218632767E+000                  2.3162615993041671E-001                  4.9176064357886959E+000                 -6.2082754951614998E+000                  6.8316552722646957E+000                  6.7182681810454192E-001                  3.0797482804066018E-001                  2.0198353854797846E-002                  8.3737823528762515E-026                  0.0000000000000000E+000                  0.0000000000000000E+000 
                                     207                  1.8213655209293607E+000                  2.3156398541327056E-001                  4.9204472238470132E+000                 -6.1982842766166790E+000                  6.8444734225436532E+000                  6.7182681810454181E-001                  3.0797482804066023E-001                  2.0198353854797957E-002                  8.5688073660607518E-026                  0.0000000000000000E+000                  0.0000000000000000E+000 
                                     208                  1.8213655197619656E+000                  2.3148799856071109E-001                  4.9241256068366432E+000                 -6.1854114823442075E+000                  6.8610075559142736E+000                  6.7182681810454170E-001                  3.0797482804066034E-001                  2.0198353854797957E-002                  8.8267932443341585E-026                  0.0000000000000000E+000                  0.0000000000000000E+000 
                                     209                  1.8213655181276127E+000                  2.3138465993504564E-001                  4.9285494964340844E+000                 -6.1699769028567628E+000                  6.8808459721666129E+000                  6.7182681810454148E-001                  3.0797482804066051E-001                  2.0198353854798068E-002                  9.1463844211461839E-026                  0.0000000000000000E+000                  0.0000000000000000E+000 
                                     210                  1.8213655162597810E+000                  2.3127059657785845E-001                  4.9319473695918790E+000                 -6.1580998788675201E+000                  6.8961047607723138E+000                  6.7182681810454192E-001                  3.0797482804066018E-001                  2.0198353854797846E-002                  9.4001717617604123E-026                  0.0000000000000000E+000                  0.0000000000000000E+000 
                                     211                  1.8213655153258650E+000                  2.3121507094434496E-001                  4.9347163150256383E+000                 -6.1485328746287671E+000                  6.9084294768938479E+000                  6.7182681810454181E-001                  3.0797482804066029E-001                  2.0198353854797846E-002                  9.6097123625240061E-026                  0.0000000000000000E+000                  0.0000000000000000E+000 
                                     212                  1.8213655139249909E+000                  2.3113355860993029E-001                  4.9379436360428253E+000                 -6.1373942191371178E+000                  6.9227823951569407E+000                  6.7182681810454181E-001                  3.0797482804066018E-001                  2.0198353854798068E-002                  9.8595703932523255E-026                  0.0000000000000000E+000                  0.0000000000000000E+000 
                                     213                  1.8213655125241170E+000                  2.3105406610489979E-001                  4.9410796275859230E+000                 -6.1266144273721661E+000                  6.9366861172611207E+000                  6.7182681810454192E-001                  3.0797482804066006E-001                  2.0198353854798068E-002                  1.0107565221656657E-025                  0.0000000000000000E+000                  0.0000000000000000E+000 
                                     214                  1.8213655111232432E+000                  2.3097648034664325E-001                  4.9441298867029158E+000                 -6.1161717194606915E+000                  6.9501679749973473E+000                  6.7182681810454181E-001                  3.0797482804066029E-001                  2.0198353854797846E-002                  1.0353754382339415E-025                  0.0000000000000000E+000                  0.0000000000000000E+000 
                                     215                  1.8213655097223691E+000                  2.3090069777238495E-001                  4.9475924633356474E+000                 -6.1043950215030005E+000                  6.9653958734571626E+000                  6.7182681810454148E-001                  3.0797482804066045E-001                  2.0198353854798068E-002                  1.0638597447785421E-025                  0.0000000000000000E+000                  0.0000000000000000E+000 
                                     216                  1.8213655078545372E+000                  2.3080229832441201E-001                  4.9509419410789057E+000                 -6.0930083036860720E+000                  6.9801209822060359E+000                  6.7182681810454181E-001                  3.0797482804066012E-001                  2.0198353854798068E-002                  1.0921460383244985E-025                  0.0000000000000000E+000                  0.0000000000000000E+000 
                                     217                  1.8213655064536634E+000                  2.3073036622947399E-001                  4.9551343911792305E+000                 -6.0789491499232149E+000                  6.9983619740562286E+000                  6.7182681810454203E-001                  3.0797482804065995E-001                  2.0198353854798068E-002                  1.1281112263174672E-025                  0.0000000000000000E+000                  0.0000000000000000E+000 
                                     218                  1.8213655036514131E+000                  2.3059095799949489E-001                  4.9591463334930195E+000                 -6.0654190417203431E+000                  7.0158922560333981E+000                  6.7182681810454170E-001                  3.0797482804066018E-001                  2.0198353854798068E-002                  1.1638414280133529E-025                  0.0000000000000000E+000                  0.0000000000000000E+000 
                                     219                  1.8213655022499002E+000                  2.3052332493471911E-001                  4.9621913122124282E+000                 -6.0552852335824774E+000                  7.0290644071282067E+000                  6.7182681810454192E-001                  3.0797482804066006E-001                  2.0198353854798068E-002                  1.1913423088921412E-025                  0.0000000000000000E+000                  0.0000000000000000E+000 
                                     220                  1.8213655003812161E+000                  2.3043517993907905E-001                  4.9655726735525603E+000                 -6.0440673886629135E+000                  7.0436567340458582E+000                  6.7182681810454170E-001                  3.0797482804066029E-001                  2.0198353854798068E-002                  1.2225438169741211E-025                  0.0000000000000000E+000                  0.0000000000000000E+000 
                                     221                  1.8213654985124521E+000                  2.3034922721459974E-001                  4.9696922205893603E+000                 -6.0305281097373058E+000                  7.0613092404160973E+000                  6.7182681810454181E-001                  3.0797482804066012E-001                  2.0198353854798068E-002                  1.2612929894877510E-025                  0.0000000000000000E+000                  0.0000000000000000E+000 
                                     222                  1.8213654956925958E+000                  2.3022341858407175E-001                  4.9744595897453596E+000                 -6.0149120173855026E+000                  7.0816860026934920E+000                  6.7182681810454170E-001                  3.0797482804066018E-001                  2.0198353854798068E-002                  1.3075143464079080E-025                  0.0000000000000000E+000                  0.0000000000000000E+000 
                                     223                  1.8213654928644452E+000                  2.3010159218914489E-001                  4.9790497188644105E+000                 -5.9999845418077555E+000                  7.1011987475905940E+000                  6.7182681810454181E-001                  3.0797482804066018E-001                  2.0198353854798068E-002                  1.3532808427360514E-025                  0.0000000000000000E+000                  0.0000000000000000E+000 
                                     224                  1.8213654900362943E+000                  2.2998378457272611E-001                  4.9827363763374182E+000                 -5.9880338979154182E+000                  7.1168325920062339E+000                  6.7182681810454181E-001                  3.0797482804066023E-001                  2.0198353854797957E-002                  1.3910731089310209E-025                  0.0000000000000000E+000                  0.0000000000000000E+000 
                                     225                  1.8213654881506689E+000                  2.2990731881296572E-001                  4.9856123679775601E+000                 -5.9787851016990157E+000                  7.1289558378783289E+000                  6.7182681810454148E-001                  3.0797482804066045E-001                  2.0198353854798068E-002                  1.4210444529017528E-025                  0.0000000000000000E+000                  0.0000000000000000E+000 
                                     226                  1.8213654862650432E+000                  2.2983242511909233E-001                  4.9891196894984162E+000                 -5.9675887138466459E+000                  7.1436589304484936E+000                  6.7182681810454192E-001                  3.0797482804066006E-001                  2.0198353854798068E-002                  1.4581928581763792E-025                  0.0000000000000000E+000                  0.0000000000000000E+000 
                                     227                  1.8213654834366053E+000                  2.2972287400864577E-001                  4.9925124630210513E+000                 -5.9567447431387137E+000                  7.1578946294642147E+000                  6.7182681810454148E-001                  3.0797482804066045E-001                  2.0198353854798068E-002                  1.4950979392586494E-025                  0.0000000000000000E+000                  0.0000000000000000E+000 
                                     228                  1.8213654815509797E+000                  2.2965159645210206E-001                  4.9958243544715941E+000                 -5.9462645025269962E+000                  7.1716873797473291E+000                  6.7182681810454203E-001                  3.0797482804065995E-001                  2.0198353854798068E-002                  1.5316528952457475E-025                  0.0000000000000000E+000                  0.0000000000000000E+000 
                                     229                  1.8213654787225417E+000                  2.2954716594694552E-001                  4.9990334005736381E+000                 -5.9360928169628524E+000                  7.1850682044485605E+000                  6.7182681810454170E-001                  3.0797482804066023E-001                  2.0198353854798068E-002                  1.5679865259343293E-025                  0.0000000000000000E+000                  0.0000000000000000E+000 
                                     230                  1.8213654768369161E+000                  2.2947911672574897E-001                  5.0021698003183470E+000                 -5.9262408761764949E+000                  7.1980579998280616E+000                  6.7182681810454203E-001                  3.0797482804066001E-001                  2.0198353854797957E-002                  1.6039999216681948E-025                  0.0000000000000000E+000                  0.0000000000000000E+000 
                                     231                  1.8213654740081358E+000                  2.2937926239267026E-001                  5.0058193351300284E+000                 -5.9147859674061749E+000                  7.2131640314322967E+000                  6.7182681810454159E-001                  3.0797482804066034E-001                  2.0198353854798068E-002                  1.6469147132838283E-025                  0.0000000000000000E+000                  0.0000000000000000E+000 
                                     232                  1.8213654711793552E+000                  2.2928194112203931E-001                  5.0093587143638691E+000                 -5.9037162214112513E+000                  7.2277751183816425E+000                  6.7182681810454203E-001                  3.0797482804065995E-001                  2.0198353854798068E-002                  1.6894776958084569E-025                  0.0000000000000000E+000                  0.0000000000000000E+000 
                                     233                  1.8213654683505744E+000                  2.2918700611011525E-001                  5.0128043907906621E+000                 -5.8929753523440613E+000                  7.2419639442947519E+000                  6.7182681810454192E-001                  3.0797482804066012E-001                  2.0198353854797957E-002                  1.7318279115764269E-025                  0.0000000000000000E+000                  0.0000000000000000E+000 
                                     234                  1.8213654655050557E+000                  2.2909378162970689E-001                  5.0161661521511398E+000                 -5.8825282573205850E+000                  7.2557753428699110E+000                  6.7182681810454159E-001                  3.0797482804066040E-001                  2.0198353854798068E-002                  1.7740385613659758E-025                  0.0000000000000000E+000                  0.0000000000000000E+000 
                                     235                  1.8213654626511679E+000                  2.2900244706467293E-001                  5.0194391729840531E+000                 -5.8723869675437470E+000                  7.2691924178496921E+000                  6.7182681810454181E-001                  3.0797482804066012E-001                  2.0198353854798068E-002                  1.8159980217296274E-025                  0.0000000000000000E+000                  0.0000000000000000E+000 
                                     236                  1.8213654597968751E+000                  2.2891315221324110E-001                  5.0231522317441257E+000                 -5.8609439512371893E+000                  7.2843524211602562E+000                  6.7182681810454148E-001                  3.0797482804066051E-001                  2.0198353854798068E-002                  1.8645368977250084E-025                  0.0000000000000000E+000                  0.0000000000000000E+000 
                                     237                  1.8213654559911516E+000                  2.2879710622111188E-001                  5.0272508872984378E+000                 -5.8483278397222245E+000                  7.3010714535875270E+000                  6.7182681810454192E-001                  3.0797482804066006E-001                  2.0198353854798068E-002                  1.9195576996846964E-025                  0.0000000000000000E+000                  0.0000000000000000E+000 
                                     238                  1.8213654521854279E+000                  2.2868429369534810E-001                  5.0312131349743039E+000                 -5.8361778345311546E+000                  7.3171883134049001E+000                  6.7182681810454170E-001                  3.0797482804066029E-001                  2.0198353854798068E-002                  1.9740808064034169E-025                  0.0000000000000000E+000                  0.0000000000000000E+000 
                                     239                  1.8213654483791071E+000                  2.2857449190699378E-001                  5.0345708350796965E+000                 -5.8258971219690903E+000                  7.3308306648290831E+000                  6.7182681810454170E-001                  3.0797482804066029E-001                  2.0198353854798068E-002                  2.0214240214211173E-025                  0.0000000000000000E+000                  0.0000000000000000E+000 
                                     240                  1.8213654455243660E+000                  2.2849401423805410E-001                  5.0373797647374339E+000                 -5.8173398549367343E+000                  7.3422007466293158E+000                  6.7182681810454192E-001                  3.0797482804066012E-001                  2.0198353854797957E-002                  2.0616958814869923E-025                  0.0000000000000000E+000                  0.0000000000000000E+000 
                                     241                  1.8213654426696253E+000                  2.2841506330544337E-001                  5.0414900445408914E+000                 -5.8049293225677303E+000                  7.3587289183908835E+000                  6.7182681810454170E-001                  3.0797482804066018E-001                  2.0198353854798068E-002                  2.1215324875216662E-025                  0.0000000000000000E+000                  0.0000000000000000E+000 
                                     242                  1.8213654369598067E+000                  2.2826147746950723E-001                  5.0458915028817461E+000                 -5.7915630845855812E+000                  7.3765028637129930E+000                  6.7182681810454181E-001                  3.0797482804066023E-001                  2.0198353854797957E-002                  2.1879219612061928E-025                  0.0000000000000000E+000                  0.0000000000000000E+000 
                                     243                  1.8213654331019844E+000                  2.2816076429653831E-001                  5.0493354994772863E+000                 -5.7811786031732648E+000                  7.3903373099496763E+000                  6.7182681810454181E-001                  3.0797482804066018E-001                  2.0198353854798068E-002                  2.2409327944356311E-025                  0.0000000000000000E+000                  0.0000000000000000E+000 
                                     244                  1.8213654292441619E+000                  2.2806236307965394E-001                  5.0535154661030131E+000                 -5.7686566943756077E+000                  7.4070476231393227E+000                  6.7182681810454192E-001                  3.0797482804066006E-001                  2.0198353854798068E-002                  2.3065668183000271E-025                  0.0000000000000000E+000                  0.0000000000000000E+000 
                                     245                  1.8213654234574286E+000                  2.2791883637887900E-001                  5.0583328444096214E+000                 -5.7542185527888510E+000                  7.4263124897637960E+000                  6.7182681810454181E-001                  3.0797482804066012E-001                  2.0198353854798068E-002                  2.3846359917315146E-025                  0.0000000000000000E+000                  0.0000000000000000E+000 
                                     246                  1.8213654176700964E+000                  2.2777985287064695E-001                  5.0621948334955054E+000                 -5.7426410293765437E+000                  7.4417592722342008E+000                  6.7182681810454203E-001                  3.0797482804065995E-001                  2.0198353854798068E-002                  2.4491432957919205E-025                  0.0000000000000000E+000                  0.0000000000000000E+000 
                                     247                  1.8213654138114757E+000                  2.2768955378357017E-001                  5.0667003101607104E+000                 -5.7293031706008835E+000                  7.4596138289631808E+000                  6.7182681810454192E-001                  3.0797482804066006E-001                  2.0198353854798068E-002                  2.5256262841504317E-025                  0.0000000000000000E+000                  0.0000000000000000E+000 
                                     248                  1.8213654060942339E+000                  2.2751425703097602E-001                  5.0710039110918572E+000                 -5.7164386080989775E+000                  7.4767904194895172E+000                  6.7182681810454214E-001                  3.0797482804065984E-001                  2.0198353854798068E-002                  2.6016587265996021E-025                  0.0000000000000000E+000                  0.0000000000000000E+000 
                                     249                  1.8213654022356132E+000                  2.2742909029010913E-001                  5.0751938197097211E+000                 -5.7041028380000443E+000                  7.4933274472900093E+000                  6.7182681810454192E-001                  3.0797482804066001E-001                  2.0198353854798068E-002                  2.6767161467964132E-025                  0.0000000000000000E+000                  0.0000000000000000E+000 
                                     250                  1.8213653945174504E+000                  2.2726336361099594E-001                  5.0792110826406622E+000                 -5.6921736425341534E+000                  7.5092829493677611E+000                  6.7182681810454214E-001                  3.0797482804065984E-001                  2.0198353854798068E-002                  2.7513599980527937E-025                  0.0000000000000000E+000                  0.0000000000000000E+000 
                                     251                  1.8213653906579079E+000                  2.2718266710425872E-001                  5.0824795861509608E+000                 -5.6825783324277221E+000                  7.5221559809700285E+000                  6.7182681810454170E-001                  3.0797482804066023E-001                  2.0198353854798068E-002                  2.8129089784374440E-025                  0.0000000000000000E+000                  0.0000000000000000E+000 
                                     252                  1.8213653848685945E+000                  2.2706418590429459E-001                  5.0859668917108118E+000                 -5.6723273570181245E+000                  7.5359038304688077E+000                  6.7182681810454181E-001                  3.0797482804066018E-001                  2.0198353854798068E-002                  2.8801867418366309E-025                  0.0000000000000000E+000                  0.0000000000000000E+000 
                                     253                  1.8213653800441667E+000                  2.2696768315137802E-001                  5.0893721717003109E+000                 -5.6623734402924519E+000                  7.5492733051249630E+000                  6.7182681810454214E-001                  3.0797482804065984E-001                  2.0198353854798068E-002                  2.9470554493664843E-025                  0.0000000000000000E+000                  0.0000000000000000E+000 
                                     254                  1.8213653742291309E+000                  2.2685391838860930E-001                  5.0929989666549416E+000                 -5.6517903904925717E+000                  7.5634943866336775E+000                  6.7182681810454170E-001                  3.0797482804066029E-001                  2.0198353854798068E-002                  3.0198553496708428E-025                  0.0000000000000000E+000                  0.0000000000000000E+000 
                                     255                  1.8213653683739079E+000                  2.2674203792971803E-001                  5.0965379877028330E+000                 -5.6414951206572059E+000                  7.5773401695436533E+000                  6.7182681810454170E-001                  3.0797482804066029E-001                  2.0198353854798068E-002                  3.0924021324786315E-025                  0.0000000000000000E+000                  0.0000000000000000E+000 
                                     256                  1.8213653625058204E+000                  2.2663245464244272E-001                  5.1008389414216753E+000                 -5.6290682675706325E+000                  7.5940833968228461E+000                  6.7182681810454170E-001                  3.0797482804066023E-001                  2.0198353854798068E-002                  3.1822962865039059E-025                  0.0000000000000000E+000                  0.0000000000000000E+000 
                                     257                  1.8213653537036885E+000                  2.2647256772712199E-001                  5.1055241961422215E+000                 -5.6155171151992063E+000                  7.6123363533587209E+000                  6.7182681810454181E-001                  3.0797482804066023E-001                  2.0198353854797957E-002                  3.2833067360085438E-025                  0.0000000000000000E+000                  0.0000000000000000E+000 
                                     258                  1.8213653458795713E+000                  2.2633467037372265E-001                  5.1103295371481732E+000                 -5.6017198380435547E+000                  7.6309576851634544E+000                  6.7182681810454170E-001                  3.0797482804066023E-001                  2.0198353854798068E-002                  3.3894489691525652E-025                  0.0000000000000000E+000                  0.0000000000000000E+000 
                                     259                  1.8213653360287194E+000                  2.2616630356520215E-001                  5.1149609642789056E+000                 -5.5884150417447174E+000                  7.6489118097663171E+000                  6.7182681810454159E-001                  3.0797482804066040E-001                  2.0198353854798068E-002                  3.4950535834438962E-025                  0.0000000000000000E+000                  0.0000000000000000E+000 
                                     260                  1.8213653281326068E+000                  2.2603528274174425E-001                  5.1189485747133201E+000                 -5.5770255327687961E+000                  7.6643054689868944E+000                  6.7182681810454181E-001                  3.0797482804066012E-001                  2.0198353854798068E-002                  3.5880679581792694E-025                  0.0000000000000000E+000                  0.0000000000000000E+000 
                                     261                  1.8213653202364946E+000                  2.2590753919707574E-001                  5.1232983709231039E+000                 -5.5646693960728122E+000                  7.6810306075693076E+000                  6.7182681810454203E-001                  3.0797482804065995E-001                  2.0198353854798068E-002                  3.6917801773665314E-025                  0.0000000000000000E+000                  0.0000000000000000E+000 
                                     262                  1.8213653103488419E+000                  2.2575191119519100E-001                  5.1284428381380662E+000                 -5.5501147024893198E+000                  7.7007534732017486E+000                  6.7182681810454181E-001                  3.0797482804066012E-001                  2.0198353854798068E-002                  3.8178010805274104E-025                  0.0000000000000000E+000                  0.0000000000000000E+000 
                                     263                  1.8213652983973321E+000                  2.2556978632706939E-001                  5.1338382731757921E+000                 -5.5348928127487111E+000                  7.7213963451960135E+000                  6.7182681810454203E-001                  3.0797482804065984E-001                  2.0198353854798068E-002                  3.9542070426175930E-025                  0.0000000000000000E+000                  0.0000000000000000E+000 
                                     264                  1.8213652864435521E+000                  2.2539368315011077E-001                  5.1377279146567947E+000                 -5.5239128825837973E+000                  7.7362841718081041E+000                  6.7182681810454192E-001                  3.0797482804066001E-001                  2.0198353854798068E-002                  4.0556182321676222E-025                  0.0000000000000000E+000                  0.0000000000000000E+000 
                                     265                  1.8213652804666618E+000                  2.2530775205691608E-001                  5.1407103309608528E+000                 -5.5155807851223004E+000                  7.7476141660149356E+000                  6.7182681810454170E-001                  3.0797482804066023E-001                  2.0198353854798068E-002                  4.1343074289813265E-025                  0.0000000000000000E+000                  0.0000000000000000E+000 
                                     266                  1.8213652723911309E+000                  2.2519377592807938E-001                  5.1448828210169237E+000                 -5.5039812271744557E+000                  7.7634088193079780E+000                  6.7182681810454170E-001                  3.0797482804066023E-001                  2.0198353854798068E-002                  4.2464056544649345E-025                  0.0000000000000000E+000                  0.0000000000000000E+000 
                                     267                  1.8213652602760448E+000                  2.2502713153484907E-001                  5.1489086957549297E+000                 -5.4927623827994063E+000                  7.7786748081369019E+000                  6.7182681810454192E-001                  3.0797482804066012E-001                  2.0198353854797957E-002                  4.3577176771828109E-025                  0.0000000000000000E+000                  0.0000000000000000E+000 
                                     268                  1.8213652521969332E+000                  2.2491873347177263E-001                  5.1520496200336154E+000                 -5.4840693340673674E+000                  7.7905263710212393E+000                  6.7182681810454203E-001                  3.0797482804065995E-001                  2.0198353854798068E-002                  4.4459732508374173E-025                  0.0000000000000000E+000                  0.0000000000000000E+000 
                                     269                  1.8213652441178216E+000                  2.2481240475715203E-001                  5.1566423018588372E+000                 -5.4714811454224099E+000                  7.8077350347509595E+000                  6.7182681810454181E-001                  3.0797482804066018E-001                  2.0198353854798068E-002                  4.5769544339775816E-025                  0.0000000000000000E+000                  0.0000000000000000E+000 
                                     270                  1.8213652279595989E+000                  2.2460559927603946E-001                  5.1617743802305300E+000                 -5.4573560532121563E+000                  7.8270220941157520E+000                  6.7182681810454192E-001                  3.0797482804066001E-001                  2.0198353854798068E-002                  4.7285309563976354E-025                  0.0000000000000000E+000                  0.0000000000000000E+000 
                                     271                  1.8213652158409317E+000                  2.2445527333516826E-001                  5.1667833274543087E+000                 -5.4437177475125029E+000                  7.8457009828518300E+000                  6.7182681810454148E-001                  3.0797482804066045E-001                  2.0198353854798068E-002                  4.8796494945253449E-025                  0.0000000000000000E+000                  0.0000000000000000E+000 
                                     272                  1.8213651993905275E+000                  2.2425728491538666E-001                  5.1716273884425679E+000                 -5.4305146965394320E+000                  7.8637783083090183E+000                  6.7182681810454181E-001                  3.0797482804066018E-001                  2.0198353854798068E-002                  5.0305486448783902E-025                  0.0000000000000000E+000                  0.0000000000000000E+000 
                                     273                  1.8213651870494973E+000                  2.2411303187829282E-001                  5.1763168770558181E+000                 -5.4178554821929543E+000                  7.8811583093242410E+000                  6.7182681810454214E-001                  3.0797482804065968E-001                  2.0198353854798179E-002                  5.1796164505693940E-025                  0.0000000000000000E+000                  0.0000000000000000E+000 
                                     274                  1.8213651705947904E+000                  2.2392600613314942E-001                  5.1814700885719391E+000                 -5.4039643506303339E+000                  7.9002372574140365E+000                  6.7182681810454181E-001                  3.0797482804066006E-001                  2.0198353854798068E-002                  5.3482831546289717E-025                  0.0000000000000000E+000                  0.0000000000000000E+000 
                                     275                  1.8213651541400835E+000                  2.2374463721772239E-001                  5.1864538489733523E+000                 -5.3905842008491076E+000                  7.9186354656568971E+000                  6.7182681810454214E-001                  3.0797482804065979E-001                  2.0198353854798068E-002                  5.5159413765628669E-025                  0.0000000000000000E+000                  0.0000000000000000E+000 
                                     276                  1.8213651375158255E+000                  2.2356673812856295E-001                  5.1918880416279301E+000                 -5.3760799334508720E+000                  7.9386127171562926E+000                  6.7182681810454192E-001                  3.0797482804066001E-001                  2.0198353854798068E-002                  5.7036327128540047E-025                  0.0000000000000000E+000                  0.0000000000000000E+000 
                                     277                  1.8213651166605593E+000                  2.2335059871270732E-001                  5.1971157152688328E+000                 -5.3621047756582270E+000                  7.9578523539044399E+000                  6.7182681810454170E-001                  3.0797482804066012E-001                  2.0198353854798179E-002                  5.8905219099929983E-025                  0.0000000000000000E+000                  0.0000000000000000E+000 
                                     278                  1.8213650998284137E+000                  2.2318145319138447E-001                  5.2021860121936472E+000                 -5.3486454078705004E+000                  7.9764193396449947E+000                  6.7182681810454192E-001                  3.0797482804065995E-001                  2.0198353854798068E-002                  6.0763057584220183E-025                  0.0000000000000000E+000                  0.0000000000000000E+000 
                                     279                  1.8213650787321047E+000                  2.2297566022972118E-001                  5.2081636463667644E+000                 -5.3328056373652784E+000                  7.9982811680990507E+000                  6.7182681810454137E-001                  3.0797482804066045E-001                  2.0198353854798179E-002                  6.3024740983951118E-025                  0.0000000000000000E+000                  0.0000000000000000E+000 
                                     280                  1.8213650531286971E+000                  2.2273447400172069E-001                  5.2133660221520133E+000                 -5.3189461316703488E+000                  8.0173803107195400E+000                  6.7182681810454148E-001                  3.0797482804066034E-001                  2.0198353854798179E-002                  6.5072690609071308E-025                  0.0000000000000000E+000                  0.0000000000000000E+000 
                                     281                  1.8213650360597586E+000                  2.2257851965607381E-001                  5.2178901627986916E+000                 -5.3069816698388239E+000                  8.0339029009946383E+000                  6.7182681810454192E-001                  3.0797482804066006E-001                  2.0198353854798068E-002                  6.6894115995036773E-025                  0.0000000000000000E+000                  0.0000000000000000E+000 
                                     282                  1.8213650147235854E+000                  2.2238864729017835E-001                  5.2222714718738237E+000                 -5.2953524255540430E+000                  8.0499455861107219E+000                  6.7182681810454137E-001                  3.0797482804066051E-001                  2.0198353854798068E-002                  6.8713407672079114E-025                  0.0000000000000000E+000                  0.0000000000000000E+000 
                                     283                  1.8213649974133082E+000                  2.2223849565558235E-001                  5.2279885859971458E+000                 -5.2803321827608665E+000                  8.0707277294692279E+000                  6.7182681810454203E-001                  3.0797482804065984E-001                  2.0198353854798068E-002                  7.1136685050335447E-025                  0.0000000000000000E+000                  0.0000000000000000E+000 
                                     284                  1.8213649625619206E+000                  2.2194601997799748E-001                  5.2334207380809277E+000                 -5.2658314929065400E+000                  8.0906989397009532E+000                  6.7182681810454192E-001                  3.0797482804066001E-001                  2.0198353854798068E-002                  7.3557273332309261E-025                  0.0000000000000000E+000                  0.0000000000000000E+000 
                                     285                  1.8213649450208103E+000                  2.2180343337594913E-001                  5.2378254491537168E+000                 -5.2542070265280865E+000                  8.1067617372339615E+000                  6.7182681810454159E-001                  3.0797482804066023E-001                  2.0198353854798179E-002                  7.5557148753323098E-025                  0.0000000000000000E+000                  0.0000000000000000E+000 
                                     286                  1.8213649186968273E+000                  2.2159485200983642E-001                  5.2424990051680345E+000                 -5.2417928492089771E+000                  8.1238837105684087E+000                  6.7182681810454203E-001                  3.0797482804065995E-001                  2.0198353854798068E-002                  7.7753028408766179E-025                  0.0000000000000000E+000                  0.0000000000000000E+000 
                                     287                  1.8213648965351710E+000                  2.2142397598065361E-001                  5.2464304023996631E+000                 -5.2313467856808575E+000                  8.1382899615056399E+000                  6.7182681810454181E-001                  3.0797482804066023E-001                  2.0198353854797957E-002                  7.9650202123852212E-025                  0.0000000000000000E+000                  0.0000000000000000E+000 
                                     288                  1.8213648764608370E+000                  2.2127270443603433E-001                  5.2508658012827292E+000                 -5.2195918295942993E+000                  8.1545134214415960E+000                  6.7182681810454192E-001                  3.0797482804066012E-001                  2.0198353854797957E-002                  8.1840565754538147E-025                  0.0000000000000000E+000                  0.0000000000000000E+000 
                                     289                  1.8213648473323163E+000                  2.2105879629425207E-001                  5.2561174943405238E+000                 -5.2055890833201461E+000                  8.1738055607189626E+000                  6.7182681810454181E-001                  3.0797482804066029E-001                  2.0198353854797846E-002                  8.4528613159083977E-025                  0.0000000000000000E+000                  0.0000000000000000E+000 
                                     290                  1.8213648156277522E+000                  2.2083301526105339E-001                  5.2613461300327167E+000                 -5.1915722471665466E+000                  8.1930872345007568E+000                  6.7182681810454192E-001                  3.0797482804066012E-001                  2.0198353854797957E-002                  8.7307892312879791E-025                  0.0000000000000000E+000                  0.0000000000000000E+000 
                                     291                  1.8213647839033063E+000                  2.2061393150481715E-001                  5.2667516712233233E+000                 -5.1770346534711633E+000                  8.2130670055176456E+000                  6.7182681810454181E-001                  3.0797482804066018E-001                  2.0198353854798068E-002                  9.0287120151484501E-025                  0.0000000000000000E+000                  0.0000000000000000E+000 
                                     292                  1.8213647470014285E+000                  2.2036708562281809E-001                  5.2733264577136429E+000                 -5.1592934328494602E+000                  8.2374265480871642E+000                  6.7182681810454192E-001                  3.0797482804066012E-001                  2.0198353854797957E-002                  9.4061121226919993E-025                  0.0000000000000000E+000                  0.0000000000000000E+000 
                                     293                  1.8213646960475407E+000                  2.2003923536121156E-001                  5.2792158426715483E+000                 -5.1431142342568954E+000                  8.2595287136776250E+000                  6.7182681810454192E-001                  3.0797482804066012E-001                  2.0198353854797957E-002                  9.7640376002623134E-025                  0.0000000000000000E+000                  0.0000000000000000E+000 
                                     294                  1.8213646631625673E+000                  2.1983500764865230E-001                  5.2842967335425621E+000                 -5.1292093537216656E+000                  8.2785444839855558E+000                  6.7182681810454203E-001                  3.0797482804065990E-001                  2.0198353854798068E-002                  1.0082526479177077E-024                  0.0000000000000000E+000                  0.0000000000000000E+000 
                                     295                  1.8213646205636365E+000                  2.1957838069802330E-001                  5.2897746046741538E+000                 -5.1140828977306310E+000                  8.2991785626109795E+000                  6.7182681810454203E-001                  3.0797482804066001E-001                  2.0198353854797957E-002                  1.0440819405919988E-024                  0.0000000000000000E+000                  0.0000000000000000E+000 
                                     296                  1.8213645776302783E+000                  2.1932815480523721E-001                  5.2947640330226298E+000                 -5.1002035037451083E+000                  8.3180725004982996E+000                  6.7182681810454192E-001                  3.0797482804066006E-001                  2.0198353854798068E-002                  1.0780778574847508E-024                  0.0000000000000000E+000                  0.0000000000000000E+000 
                                     297                  1.8213645387879844E+000                  2.1910853695384058E-001                  5.2993045573888047E+000                 -5.0875134990865547E+000                  8.3353246979091526E+000                  6.7182681810454170E-001                  3.0797482804066023E-001                  2.0198353854798068E-002                  1.1101295950678481E-024                  0.0000000000000000E+000                  0.0000000000000000E+000 
                                     298                  1.8213644999456908E+000                  2.1889492405085631E-001                  5.3048000966304825E+000                 -5.0721353783626819E+000                  8.3562241385289635E+000                  6.7182681810454203E-001                  3.0797482804065990E-001                  2.0198353854798068E-002                  1.3514574067313075E-024                  0.0000000000000000E+000                  0.0000000000000000E+000 
                                     299                  1.8213644406448710E+000                  2.1857956986678867E-001                  5.3100414556352549E+000                 -5.0571786371325400E+000                  8.3764411395814324E+000                  6.7182681810454203E-001                  3.0797482804065990E-001                  2.0198353854798068E-002                  1.7489652305953323E-024                  0.0000000000000000E+000                  0.0000000000000000E+000 
                                     300                  1.8213644006944310E+000                  2.1837394092030010E-001                  5.3148780995062221E+000                 -5.0433991517700880E+000                  8.3950750460588583E+000                  6.7182681810454170E-001                  3.0797482804066018E-001                  2.0198353854798068E-002                  2.2168333505927171E-024                  0.0000000000000000E+000                  0.0000000000000000E+000 
                                     301                  1.8213643451631469E+000                  2.1809657993641671E-001                  5.3198212228025064E+000                 -5.0291109945758246E+000                  8.4143204209333788E+000                  6.7182681810454214E-001                  3.0797482804065984E-001                  2.0198353854798068E-002                  2.8236026982060321E-024                  0.0000000000000000E+000                  0.0000000000000000E+000 
                                     302                  1.8213642979460118E+000                  2.1786797895471452E-001                  5.3241416456589228E+000                 -5.0165541133635418E+000                  8.4312086212998718E+000                  6.7182681810454181E-001                  3.0797482804066018E-001                  2.0198353854798068E-002                  3.4867044570500775E-024                  0.0000000000000000E+000                  0.0000000000000000E+000 
                                     303                  1.8213642513688630E+000                  2.1764856385910800E-001                  5.3291341076320693E+000                 -5.0020053879592101E+000                  8.4507615461056957E+000                  6.7182681810454203E-001                  3.0797482804065990E-001                  2.0198353854798068E-002                  4.4460856856331616E-024                  0.0000000000000000E+000                  0.0000000000000000E+000 
                                     304                  1.8213641849255813E+000                  2.1734532846312704E-001                  5.3350199406411534E+000                 -4.9846526710189192E+000                  8.4740099078599389E+000                  6.7182681810454192E-001                  3.0797482804066012E-001                  2.0198353854797957E-002                  5.9179077207095420E-024                  0.0000000000000000E+000                  0.0000000000000000E+000 
                                     305                  1.8213641105890210E+000                  2.1701864780384114E-001                  5.3408305613060447E+000                 -4.9673301158982550E+000                  8.4971489164841394E+000                  6.7182681810454192E-001                  3.0797482804066006E-001                  2.0198353854798068E-002                  7.8428521715028330E-024                  0.0000000000000000E+000                  0.0000000000000000E+000 
                                     306                  1.8213640375656666E+000                  2.1670960845877485E-001                  5.3453969404683797E+000                 -4.9535448236280244E+000                  8.5155017455912319E+000                  6.7182681810454214E-001                  3.0797482804065990E-001                  2.0198353854797957E-002                  9.7818902967665932E-024                  0.0000000000000000E+000                  0.0000000000000000E+000 
                                     307                  1.8213639883447934E+000                  2.1650745421785797E-001                  5.3494062587048656E+000                 -4.9414478545870200E+000                  8.5316091202091187E+000                  6.7182681810454192E-001                  3.0797482804066001E-001                  2.0198353854798068E-002                  1.1869000892568505E-023                  0.0000000000000000E+000                  0.0000000000000000E+000 
                                     308                  1.8213639261454055E+000                  2.1625862628061659E-001                  5.3541625567572746E+000                 -4.9269867856798255E+000                  8.5508255773206123E+000                  6.7182681810454192E-001                  3.0797482804066012E-001                  2.0198353854797957E-002                  1.4923395227706940E-023                  0.0000000000000000E+000                  0.0000000000000000E+000 
                                     309                  1.8213638502141962E+000                  2.1596426068899327E-001                  5.3585578342316200E+000                 -4.9134328248999717E+000                  8.5687702339288752E+000                  6.7182681810454214E-001                  3.0797482804065984E-001                  2.0198353854798068E-002                  1.8436467018573679E-023                  0.0000000000000000E+000                  0.0000000000000000E+000 
                                     310                  1.8213637918842751E+000                  2.1574468963129842E-001                  5.3630260500880533E+000                 -4.8996485226213817E+000                  8.5870179514271445E+000                  6.7182681810454181E-001                  3.0797482804066012E-001                  2.0198353854798068E-002                  2.2842127540165784E-023                  0.0000000000000000E+000                  0.0000000000000000E+000 
                                     311                  1.8213637081637295E+000                  2.1543883183368509E-001                  5.3680783146137676E+000                 -4.8838518443454388E+000                  8.6078573576563215E+000                  6.7182681810454126E-001                  3.0797482804066062E-001                  2.0198353854798068E-002                  2.9095870893851054E-023                  0.0000000000000000E+000                  0.0000000000000000E+000 
                                     312                  1.8213636226651964E+000                  2.1513700279253944E-001                  5.3722871026185439E+000                 -4.8705250491977017E+000                  8.6253817476352292E+000                  6.7182681810454170E-001                  3.0797482804066029E-001                  2.0198353854798068E-002                  3.5585622501851217E-023                  0.0000000000000000E+000                  0.0000000000000000E+000 
                                     313                  1.8213635598541185E+000                  2.1492158194676750E-001                  5.3761543738172897E+000                 -4.8582649531121191E+000                  8.6414985424288471E+000                  6.7182681810454181E-001                  3.0797482804066023E-001                  2.0198353854797957E-002                  4.2797495507880124E-023                  0.0000000000000000E+000                  0.0000000000000000E+000 
                                     314                  1.8213634811642179E+000                  2.1465878053458110E-001                  5.3804694021394823E+000                 -4.8444628741278191E+000                  8.6596014977781177E+000                  6.7182681810454192E-001                  3.0797482804066006E-001                  2.0198353854798068E-002                  5.2567543650750880E-023                  0.0000000000000000E+000                  0.0000000000000000E+000 
                                     315                  1.8213633949257144E+000                  2.1437925511289596E-001                  5.3845781989847419E+000                 -4.8311911954626581E+000                  8.6769660284696073E+000                  6.7182681810454192E-001                  3.0797482804065995E-001                  2.0198353854798068E-002                  6.3920159449408221E-023                  0.0000000000000000E+000                  0.0000000000000000E+000 
                                     316                  1.8213633167943615E+000                  2.1413318312444882E-001                  5.3880214791419592E+000                 -4.8199901773985268E+000                  8.6915954681588659E+000                  6.7182681810454203E-001                  3.0797482804065984E-001                  2.0198353854798068E-002                  7.5283886196316178E-023                  0.0000000000000000E+000                  0.0000000000000000E+000 
                                     317                  1.8213632515778795E+000                  2.1393270683089158E-001                  5.3914818307340449E+000                 -4.8087161152335707E+000                  8.7063146366036861E+000                  6.7182681810454192E-001                  3.0797482804065995E-001                  2.0198353854798068E-002                  8.8709648874519311E-023                  0.0000000000000000E+000                  0.0000000000000000E+000 
                                     318                  1.8213631678858961E+000                  2.1368163802840048E-001                  5.3954228220709171E+000                 -4.7957784471464953E+000                  8.7231741001130683E+000                  6.7182681810454203E-001                  3.0797482804065990E-001                  2.0198353854798068E-002                  1.0691424775574990E-022                  0.0000000000000000E+000                  0.0000000000000000E+000 
                                     319                  1.8213630751076668E+000                  2.1341099311837733E-001                  5.3996141214731441E+000                 -4.7819278961000942E+000                  8.7411938467065724E+000                  6.7182681810454192E-001                  3.0797482804066006E-001                  2.0198353854798068E-002                  1.3034850387457008E-022                  0.0000000000000000E+000                  0.0000000000000000E+000 
                                     320                  1.8213629720297217E+000                  2.1311917471868361E-001                  5.4033172009013182E+000                 -4.7695603804734796E+000                  8.7572424880630013E+000                  6.7182681810454170E-001                  3.0797482804066018E-001                  2.0198353854798068E-002                  1.5526762919635981E-022                  0.0000000000000000E+000                  0.0000000000000000E+000 
                                     321                  1.8213628941873405E+000                  2.1290461157654328E-001                  5.4077084182287161E+000                 -4.7549567996977320E+000                  8.7762125037163763E+000                  6.7182681810454159E-001                  3.0797482804066029E-001                  2.0198353854798068E-002                  1.9092764632857789E-022                  0.0000000000000000E+000                  0.0000000000000000E+000 
                                     322                  1.8213627498125122E+000                  2.1251902043197601E-001                  5.4117231960466139E+000                 -4.7413041143008048E+000                  8.7938517011136597E+000                  6.7182681810454170E-001                  3.0797482804066029E-001                  2.0198353854798068E-002                  2.3069143465169618E-022                  0.0000000000000000E+000                  0.0000000000000000E+000 
                                     323                  1.8213626794307887E+000                  2.1233650691191214E-001                  5.4148457691082266E+000                 -4.7307515898953163E+000                  8.8075061255573406E+000                  6.7182681810454203E-001                  3.0797482804065990E-001                  2.0198353854798068E-002                  2.6712675843897713E-022                  0.0000000000000000E+000                  0.0000000000000000E+000 
                                     324                  1.8213625777660247E+000                  2.1207880753698913E-001                  5.4192545771105900E+000                 -4.7157929282715774E+000                  8.8268433861388065E+000                  6.7182681810454181E-001                  3.0797482804066018E-001                  2.0198353854798068E-002                  3.2845142998374675E-022                  0.0000000000000000E+000                  0.0000000000000000E+000 
                                     325                  1.8213624269371631E+000                  2.1170862966456946E-001                  5.4239647924494712E+000                 -4.6995999549491154E+000                  8.8477104817108749E+000                  6.7182681810454192E-001                  3.0797482804066006E-001                  2.0198353854798068E-002                  4.0952756095771878E-022                  0.0000000000000000E+000                  0.0000000000000000E+000 
                                     326                  1.8213622933560150E+000                  2.1139203149753921E-001                  5.4277612551249188E+000                 -4.6864654327971582E+000                  8.8646109573511911E+000                  6.7182681810454203E-001                  3.0797482804065995E-001                  2.0198353854798068E-002                  4.8907329413091486E-022                  0.0000000000000000E+000                  0.0000000000000000E+000 
                                     327                  1.8213621870622383E+000                  2.1114713712003666E-001                  5.4310370197087749E+000                 -4.6751132970771687E+000                  8.8792122773113178E+000                  6.7182681810454181E-001                  3.0797482804066012E-001                  2.0198353854798068E-002                  5.6984292372126094E-022                  0.0000000000000000E+000                  0.0000000000000000E+000 
                                     328                  1.8213620789472973E+000                  2.1090406424018485E-001                  5.4354126503402824E+000                 -4.6599802658579899E+000                  8.8986861453930590E+000                  6.7182681810454181E-001                  3.0797482804066012E-001                  2.0198353854798068E-002                  6.9850527224387595E-022                  0.0000000000000000E+000                  0.0000000000000000E+000 
                                     329                  1.8213618903169699E+000                  2.1049356766465496E-001                  5.4404198318781729E+000                 -4.6424234076133901E+000                  8.9212061724757206E+000                  6.7182681810454170E-001                  3.0797482804066029E-001                  2.0198353854798068E-002                  8.8160167045406071E-022                  0.0000000000000000E+000                  0.0000000000000000E+000 
                                     330                  1.8213617201346308E+000                  2.1013694711747277E-001                  5.4442240093702345E+000                 -4.6289913838875707E+000                  8.9384074044643000E+000                  6.7182681810454181E-001                  3.0797482804066023E-001                  2.0198353854797957E-002                  1.0518538625962674E-021                  0.0000000000000000E+000                  0.0000000000000000E+000 
                                     331                  1.8213616043786707E+000                  2.0990128395675020E-001                  5.4478811490881327E+000                 -4.6161374410242608E+000                  8.9548860974368676E+000                  6.7182681810454159E-001                  3.0797482804066045E-001                  2.0198353854797957E-002                  1.2457607551007007E-021                  0.0000000000000000E+000                  0.0000000000000000E+000 
                                     332                  1.8213614359958312E+000                  2.0956782233164509E-001                  5.4523991613111198E+000                 -4.6001703882674621E+000                  8.9753297685327151E+000                  6.7182681810454214E-001                  3.0797482804065979E-001                  2.0198353854798068E-002                  1.5348085069062128E-021                  0.0000000000000000E+000                  0.0000000000000000E+000 
                                     333                  1.8213612376810557E+000                  2.0918832785569344E-001                  5.4563917249751066E+000                 -4.5859297152290841E+000                  8.9935242723296920E+000                  6.7182681810454170E-001                  3.0797482804066034E-001                  2.0198353854797957E-002                  1.8451933362029875E-021                  0.0000000000000000E+000                  0.0000000000000000E+000 
                                     334                  1.8213610959932329E+000                  2.0892535798037432E-001                  5.4597373531839830E+000                 -4.5740193190462524E+000                  9.0087484113177769E+000                  6.7182681810454203E-001                  3.0797482804065984E-001                  2.0198353854798068E-002                  2.1522105226898090E-021                  0.0000000000000000E+000                  0.0000000000000000E+000 
                                     335                  1.8213609427485014E+000                  2.0864811603207206E-001                  5.4635356725280584E+000                 -4.5604861980311107E+000                  9.0260436294004478E+000                  6.7182681810454192E-001                  3.0797482804066006E-001                  2.0198353854798068E-002                  2.5621561778924991E-021                  0.0000000000000000E+000                  0.0000000000000000E+000 
                                     336                  1.8213607490381749E+000                  2.0830769255327430E-001                  5.4686489638319742E+000                 -4.5422709642949508E+000                  9.0493237487658931E+000                  6.7182681810454181E-001                  3.0797482804066018E-001                  2.0198353854798068E-002                  3.2377293032434849E-021                  0.0000000000000000E+000                  0.0000000000000000E+000 
                                     337                  1.8213604549036770E+000                  2.0781058123427415E-001                  5.4738727667766094E+000                 -4.5234217329338193E+000                  9.0733434528503061E+000                  6.7182681810454237E-001                  3.0797482804065957E-001                  2.0198353854798068E-002                  4.1111376723693070E-021                  0.0000000000000000E+000                  0.0000000000000000E+000 
                                     338                  1.8213602199487950E+000                  2.0742919873668503E-001                  5.4783749310553151E+000                 -4.5071874337696931E+000                  9.0940344878466295E+000                  6.7182681810454226E-001                  3.0797482804065973E-001                  2.0198353854798068E-002                  5.0473142512539972E-021                  0.0000000000000000E+000                  0.0000000000000000E+000 
                                     339                  1.8213599767591113E+000                  2.0704793007434444E-001                  5.4824263061320524E+000                 -4.4925043896252195E+000                  9.1127270017910824E+000                  6.7182681810454181E-001                  3.0797482804066006E-001                  2.0198353854798068E-002                  6.0685973023801027E-021                  0.0000000000000000E+000                  0.0000000000000000E+000 
                                     340                  1.8213597695430419E+000                  2.0673310411796744E-001                  5.4860527113176767E+000                 -4.4793569456324578E+000                  9.1294634912846604E+000                  6.7182681810454214E-001                  3.0797482804065990E-001                  2.0198353854797957E-002                  7.1539716926772100E-021                  0.0000000000000000E+000                  0.0000000000000000E+000 
                                     341                  1.8213595579181150E+000                  2.0642049068345214E-001                  5.4903579948955343E+000                 -4.4637745587478506E+000                  9.1493075459580187E+000                  6.7182681810454203E-001                  3.0797482804065995E-001                  2.0198353854798068E-002                  8.6923684015591306E-021                  0.0000000000000000E+000                  0.0000000000000000E+000 
                                     342                  1.8213592530481817E+000                  2.0598488325475628E-001                  5.4949167618876640E+000                 -4.4471344591911519E+000                  9.1704581509565717E+000                  6.7182681810454170E-001                  3.0797482804066029E-001                  2.0198353854798068E-002                  1.0680506297190890E-020                  0.0000000000000000E+000                  0.0000000000000000E+000 
                                     343                  1.8213589831158175E+000                  2.0561265671484147E-001                  5.4990823157032365E+000                 -4.4319300396174865E+000                  9.1897843568969737E+000                  6.7182681810454214E-001                  3.0797482804065984E-001                  2.0198353854798068E-002                  1.2885397835336749E-020                  0.0000000000000000E+000                  0.0000000000000000E+000 
                                     344                  1.8213587046641717E+000                  2.0524093865299173E-001                  5.5028411623808857E+000                 -4.4181637840804369E+000                  9.2072694448414882E+000                  6.7182681810454214E-001                  3.0797482804065984E-001                  2.0198353854798068E-002                  1.5258196396010416E-020                  0.0000000000000000E+000                  0.0000000000000000E+000 
                                     345                  1.8213584672718692E+000                  2.0493319898868201E-001                  5.5065704618675406E+000                 -4.4045447821135957E+000                  9.2245789632058290E+000                  6.7182681810454214E-001                  3.0797482804065979E-001                  2.0198353854798068E-002                  1.8034975766865865E-020                  0.0000000000000000E+000                  0.0000000000000000E+000 
                                     346                  1.8213581746331147E+000                  2.0456469345511963E-001                  5.5112606759488845E+000                 -4.3874334476317589E+000                  9.2463323680249623E+000                  6.7182681810454192E-001                  3.0797482804065995E-001                  2.0198353854798068E-002                  2.2241881544348441E-020                  0.0000000000000000E+000                  0.0000000000000000E+000 
                                     347                  1.8213577728590351E+000                  2.0407686495771890E-001                  5.5154979087604961E+000                 -4.3718258593050727E+000                  9.2661315379726776E+000                  6.7182681810454192E-001                  3.0797482804065995E-001                  2.0198353854798068E-002                  2.6874758359462707E-020                  0.0000000000000000E+000                  0.0000000000000000E+000 
                                     348                  1.8213575146166658E+000                  2.0377355127583974E-001                  5.5200852429430238E+000                 -4.3551338746507069E+000                  9.2873652208480539E+000                  6.7182681810454259E-001                  3.0797482804065940E-001                  2.0198353854798068E-002                  3.2949402966934631E-020                  0.0000000000000000E+000                  0.0000000000000000E+000 
                                     349                  1.8213570328415476E+000                  2.0322742777832778E-001                  5.5255339527838476E+000                 -4.3351230805594962E+000                  9.3127679365938878E+000                  6.7182681810454203E-001                  3.0797482804065995E-001                  2.0198353854798068E-002                  4.1957767443521009E-020                  0.0000000000000000E+000                  0.0000000000000000E+000 
                                     350                  1.8213565851169153E+000                  2.0274102557657619E-001                  5.5299630195431728E+000                 -4.3188217508689242E+000                  9.3334519867927241E+000                  6.7182681810454203E-001                  3.0797482804065984E-001                  2.0198353854798068E-002                  5.1038471794991641E-020                  0.0000000000000000E+000                  0.0000000000000000E+000 
                                     351                  1.8213562383638138E+000                  2.0237712804659397E-001                  5.5337280216939790E+000                 -4.3050071021152583E+000                  9.3509932106284808E+000                  6.7182681810454181E-001                  3.0797482804066006E-001                  2.0198353854798068E-002                  6.0254818373382944E-020                  0.0000000000000000E+000                  0.0000000000000000E+000 
                                     352                  1.8213558834166488E+000                  2.0201538826349447E-001                  5.5381049888812734E+000                 -4.2889976780413761E+000                  9.3713360548017342E+000                  6.7182681810454192E-001                  3.0797482804066001E-001                  2.0198353854798068E-002                  7.3035323824806930E-020                  0.0000000000000000E+000                  0.0000000000000000E+000 
                                     353                  1.8213553911192999E+000                  2.0153041184782602E-001                  5.5430547986766552E+000                 -4.2708230401891374E+000                  9.3944105083992397E+000                  6.7182681810454203E-001                  3.0797482804065995E-001                  2.0198353854798068E-002                  9.0738877520034043E-020                  0.0000000000000000E+000                  0.0000000000000000E+000 
                                     354                  1.8213548776233048E+000                  2.0104365379458933E-001                  5.5479542963958988E+000                 -4.2528254806620884E+000                  9.4172583607883311E+000                  6.7182681810454237E-001                  3.0797482804065962E-001                  2.0198353854798068E-002                  1.1241056691000440E-019                  0.0000000000000000E+000                  0.0000000000000000E+000 
                                     355                  1.8213543458313093E+000                  2.0055838947917337E-001                  5.5528303210830749E+000                 -4.2349146521685039E+000                  9.4399966468132970E+000                  6.7182681810454214E-001                  3.0797482804065995E-001                  2.0198353854797846E-002                  1.3902189174189090E-019                  0.0000000000000000E+000                  0.0000000000000000E+000 
                                     356                  1.8213537861830655E+000                  2.0006668255052118E-001                  5.5576817397997855E+000                 -4.2170897681772841E+000                  9.4626249406595857E+000                  6.7182681810454214E-001                  3.0797482804065984E-001                  2.0198353854798068E-002                  1.7163682562227726E-019                  0.0000000000000000E+000                  0.0000000000000000E+000 
                                     357                  1.8213532066045885E+000                  1.9957628113866921E-001                  5.5625168881863898E+000                 -4.1993298682370739E+000                  9.4851725965627427E+000                  6.7182681810454192E-001                  3.0797482804066006E-001                  2.0198353854798068E-002                  2.1161245902705250E-019                  0.0000000000000000E+000                  0.0000000000000000E+000 
                                     358                  1.8213525958022765E+000                  1.9907847236802981E-001                  5.5673569475185882E+000                 -4.1815517173577472E+000                  9.5077437293057248E+000                  6.7182681810454248E-001                  3.0797482804065945E-001                  2.0198353854798068E-002                  2.6078422778700953E-019                  0.0000000000000000E+000                  0.0000000000000000E+000 
                                     359                  1.8213519571908638E+000                  1.9857714767867374E-001                  5.5722082760280918E+000                 -4.1637357435219400E+000                  9.5303642624101901E+000                  6.7182681810454192E-001                  3.0797482804066006E-001                  2.0198353854798068E-002                  3.2132593546869114E-019                  0.0000000000000000E+000                  0.0000000000000000E+000 
                                     360                  1.8213512828569127E+000                  1.9806727909588417E-001                  5.5771709866180723E+000                 -4.1455182325514679E+000                  9.5534971255282013E+000                  6.7182681810454203E-001                  3.0797482804065990E-001                  2.0198353854798068E-002                  3.9755012654516839E-019                  0.0000000000000000E+000                  0.0000000000000000E+000 
                                     361                  1.8213505485092716E+000                  1.9753291934336548E-001                  5.5821840174711639E+000                 -4.1271015515046843E+000                  9.5768791504329709E+000                  6.7182681810454181E-001                  3.0797482804066018E-001                  2.0198353854798068E-002                  4.9259590074678375E-019                  0.0000000000000000E+000                  0.0000000000000000E+000 
                                     362                  1.8213497880439262E+000                  1.9700057230187570E-001                  5.5871283673940200E+000                 -4.1089335811838632E+000                  9.5999447448400499E+000                  6.7182681810454214E-001                  3.0797482804065979E-001                  2.0198353854798068E-002                  6.0816929142130990E-019                  0.0000000000000000E+000                  0.0000000000000000E+000 
                                     363                  1.8213490005391020E+000                  1.9646993821754150E-001                  5.5920078897516765E+000                 -4.0909983136711539E+000                  9.6227136854187467E+000                  6.7182681810454214E-001                  3.0797482804065990E-001                  2.0198353854797957E-002                  7.4830570099586541E-019                  0.0000000000000000E+000                  0.0000000000000000E+000 
                                     364                  1.8213481850407813E+000                  1.9594073865640430E-001                  5.5969475155660016E+000                 -4.0728461653531252E+000                  9.6457594511219646E+000                  6.7182681810454214E-001                  3.0797482804065973E-001                  2.0198353854798068E-002                  9.2246952517054637E-019                  0.0000000000000000E+000                  0.0000000000000000E+000 
                                     365                  1.8213472984799111E+000                  1.9538690755876634E-001                  5.6019333154082878E+000                 -4.0545018657718499E+000                  9.6690431239242649E+000                  6.7182681810454214E-001                  3.0797482804065973E-001                  2.0198353854798068E-002                  1.1386899739916556E-018                  0.0000000000000000E+000                  0.0000000000000000E+000 
                                     366                  1.8213463804211887E+000                  1.9483501628682937E-001                  5.6068507790919275E+000                 -4.0363968841954634E+000                  9.6920199384955783E+000                  6.7182681810454214E-001                  3.0797482804065979E-001                  2.0198353854798068E-002                  1.4006572388197160E-018                  0.0000000000000000E+000                  0.0000000000000000E+000 
                                     367                  1.8213454297543092E+000                  1.9428476678341169E-001                  5.6117731029897584E+000                 -4.0182669609354589E+000                  9.7150267390611091E+000                  6.7182681810454181E-001                  3.0797482804066006E-001                  2.0198353854798068E-002                  1.7221503006449581E-018                  0.0000000000000000E+000                  0.0000000000000000E+000 
                                     368                  1.8213444174988724E+000                  1.9372065780119532E-001                  5.6167709689909397E+000                 -3.9998440891387337E+000                  9.7384014541169321E+000                  6.7182681810454226E-001                  3.0797482804065968E-001                  2.0198353854798068E-002                  2.1228214566202722E-018                  0.0000000000000000E+000                  0.0000000000000000E+000 
                                     369                  1.8213433369461953E+000                  1.9314121405152376E-001                  5.6219653489474624E+000                 -3.9806921223034757E+000                  9.7627002544341526E+000                  6.7182681810454214E-001                  3.0797482804065979E-001                  2.0198353854798068E-002                  2.6364854285863431E-018                  0.0000000000000000E+000                  0.0000000000000000E+000 
                                     370                  1.8213421314190843E+000                  1.9252007163149198E-001                  5.6272974698740743E+000                 -3.9609978069261591E+000                  9.7876777604630387E+000                  6.7182681810454203E-001                  3.0797482804065990E-001                  2.0198353854798068E-002                  3.2911157633677089E-018                  0.0000000000000000E+000                  0.0000000000000000E+000 
                                     371                  1.8213408640111814E+000                  1.9189330168181856E-001                  5.6325763695735009E+000                 -3.9414790917285001E+000                  9.8124270095841641E+000                  6.7182681810454214E-001                  3.0797482804065968E-001                  2.0198353854798179E-002                  4.0963613716443138E-018                  0.0000000000000000E+000                  0.0000000000000000E+000 
                                     372                  1.8213395516480066E+000                  1.9127013822235062E-001                  5.6379101828226537E+000                 -3.9217555274667588E+000                  9.8374358712905092E+000                  6.7182681810454203E-001                  3.0797482804065995E-001                  2.0198353854798068E-002                  5.1064556018659568E-018                  0.0000000000000000E+000                  0.0000000000000000E+000 
                                     373                  1.8213381192723848E+000                  1.9061731552223832E-001                  5.6419881327225037E+000                 -3.9065462146546119E+000                  9.8566844765520223E+000                  6.7182681810454214E-001                  3.0797482804065990E-001                  2.0198353854797957E-002                  6.0424625605715766E-018                  0.0000000000000000E+000                  0.0000000000000000E+000 
                                     374                  1.8213373421190930E+000                  1.9027412918914668E-001                  5.6447988112842404E+000                 -3.8961304965320718E+000                  9.8698853062522698E+000                  6.7182681810454214E-001                  3.0797482804065984E-001                  2.0198353854798068E-002                  6.7829073407788368E-018                  0.0000000000000000E+000                  0.0000000000000000E+000 
                                     375                  1.8213365513123787E+000                  1.8993238170603358E-001                  5.6490554182907253E+000                 -3.8804710386133587E+000                  9.8897644453506892E+000                  6.7182681810454203E-001                  3.0797482804065990E-001                  2.0198353854798068E-002                  8.0752893103914037E-018                  0.0000000000000000E+000                  0.0000000000000000E+000 
                                     376                  1.8213348968553820E+000                  1.8924026155969834E-001                  5.6541447400708051E+000                 -3.8615257178891969E+000                  9.9137521722262196E+000                  6.7182681810454214E-001                  3.0797482804065990E-001                  2.0198353854797957E-002                  9.9465316225209788E-018                  0.0000000000000000E+000                  0.0000000000000000E+000 
                                     377                  1.8213334674153883E+000                  1.8866528864930507E-001                  5.6587659942447948E+000                 -3.8443492221369739E+000                  9.9355080044173842E+000                  6.7182681810454214E-001                  3.0797482804065984E-001                  2.0198353854798068E-002                  1.2011055478758096E-017                  0.0000000000000000E+000                  0.0000000000000000E+000 
                                     378                  1.8213319642819059E+000                  1.8808178952673257E-001                  5.6626400942716764E+000                 -3.8298704928311502E+000                  9.9538248460343510E+000                  6.7182681810454214E-001                  3.0797482804065990E-001                  2.0198353854797957E-002                  1.4065085494921385E-017                  0.0000000000000000E+000                  0.0000000000000000E+000 
                                     379                  1.8213308957570464E+000                  1.8767923214153440E-001                  5.6668022433741863E+000                 -3.8144431879805438E+000                  9.9733776185776843E+000                  6.7182681810454170E-001                  3.0797482804066029E-001                  2.0198353854798068E-002                  1.6652736242402879E-017                  0.0000000000000000E+000                  0.0000000000000000E+000 
                                     380                  1.8213291073469657E+000                  1.8702660441273977E-001                  5.6710096591403802E+000                 -3.7986630951057272E+000                  9.9933258049425309E+000                  6.7182681810454226E-001                  3.0797482804065973E-001                  2.0198353854798068E-002                  1.9752202212870465E-017                  0.0000000000000000E+000                  0.0000000000000000E+000 
                                     381                  1.8213278637003867E+000                  1.8658731232552053E-001                  5.6745321670808604E+000                 -3.7855047559735495E+000                  1.0009974654955995E+001                  6.7182681810454226E-001                  3.0797482804065968E-001                  2.0198353854798068E-002                  2.2775790167303242E-017                  0.0000000000000000E+000                  0.0000000000000000E+000 
                                     382                  1.8213264786035448E+000                  1.8611115403833561E-001                  5.6793255359253232E+000                 -3.7676690903005001E+000                  1.0032561384046589E+001                  6.7182681810454181E-001                  3.0797482804066018E-001                  2.0198353854798068E-002                  2.7628501752877824E-017                  0.0000000000000000E+000                  0.0000000000000000E+000 
                                     383                  1.8213241487489680E+000                  1.8533912021738089E-001                  5.6842684480900516E+000                 -3.7490280220449481E+000                  1.0056098814388267E+001                  6.7182681810454214E-001                  3.0797482804065979E-001                  2.0198353854798068E-002                  3.3716457305504685E-017                  0.0000000000000000E+000                  0.0000000000000000E+000 
                                     384                  1.8213224250347273E+000                  1.8478943438132864E-001                  5.6884395160154746E+000                 -3.7333478548089212E+000                  1.0075911746244795E+001                  6.7182681810454226E-001                  3.0797482804065968E-001                  2.0198353854798068E-002                  3.9862282726630904E-017                  0.0000000000000000E+000                  0.0000000000000000E+000 
                                     385                  1.8213205802250869E+000                  1.8421979548437789E-001                  5.6929867448958102E+000                 -3.7162455645295154E+000                  1.0097519731025624E+001                  6.7182681810454203E-001                  3.0797482804065984E-001                  2.0198353854798068E-002                  4.7822356879681779E-017                  0.0000000000000000E+000                  0.0000000000000000E+000 
                                     386                  1.8213183644030082E+000                  1.8355921474703293E-001                  5.6979392426152211E+000                 -3.6975577220295119E+000                  1.0121114436187826E+001                  6.7182681810454192E-001                  3.0797482804066006E-001                  2.0198353854798068E-002                  5.8284207938624722E-017                  0.0000000000000000E+000                  0.0000000000000000E+000 
                                     387                  1.8213159376166295E+000                  1.8286295715819700E-001                  5.7018649300145992E+000                 -3.6826148411182249E+000                  1.0139945468580436E+001                  6.7182681810454203E-001                  3.0797482804065984E-001                  2.0198353854798068E-002                  6.8170572175332808E-017                  0.0000000000000000E+000                  0.0000000000000000E+000 
                                     388                  1.8213144986806260E+000                  1.8246256806221653E-001                  5.7063613159272695E+000                 -3.6657311331243618E+000                  1.0161285872619709E+001                  6.7182681810454226E-001                  3.0797482804065962E-001                  2.0198353854798068E-002                  8.1488662040315590E-017                  0.0000000000000000E+000                  0.0000000000000000E+000 
                                     389                  1.8213113661732503E+000                  1.8162056772182858E-001                  5.7116176892166513E+000                 -3.6456978350156328E+000                  1.0186525821703423E+001                  6.7182681810454214E-001                  3.0797482804065984E-001                  2.0198353854798068E-002                  1.0039590468308479E-016                  0.0000000000000000E+000                  0.0000000000000000E+000 
                                     390                  1.8213088378582214E+000                  1.8096824910064449E-001                  5.7154779698693448E+000                 -3.6309595012250360E+000                  1.0205087917903661E+001                  6.7182681810454203E-001                  3.0797482804065990E-001                  2.0198353854798068E-002                  1.1697755941419793E-016                  0.0000000000000000E+000                  0.0000000000000000E+000 
                                     391                  1.8213070142386139E+000                  1.8051169946654072E-001                  5.7190460042952402E+000                 -3.6174016391942727E+000                  1.0222181114916571E+001                  6.7182681810454181E-001                  3.0797482804066006E-001                  2.0198353854798068E-002                  1.3466533597790965E-016                  0.0000000000000000E+000                  0.0000000000000000E+000 
                                     392                  1.8213046799442323E+000                  1.7994325387537455E-001                  5.7233840518937189E+000                 -3.6008931673255566E+000                  1.0242987875710410E+001                  6.7182681810454214E-001                  3.0797482804065990E-001                  2.0198353854797957E-002                  1.5975240514936482E-016                  0.0000000000000000E+000                  0.0000000000000000E+000 
                                     393                  1.8213017547086563E+000                  1.7925448844988645E-001                  5.7282018468763036E+000                 -3.5824900397799104E+000                  1.0266164181926310E+001                  6.7182681810454248E-001                  3.0797482804065957E-001                  2.0198353854797957E-002                  1.9305336436604225E-016                  0.0000000000000000E+000                  0.0000000000000000E+000 
                                     394                  1.8212985559630570E+000                  1.7852903701152090E-001                  5.7332874130349785E+000                 -3.5630251469139318E+000                  1.0290667516182623E+001                  6.7182681810454170E-001                  3.0797482804066029E-001                  2.0198353854798068E-002                  2.3563975387126337E-016                  0.0000000000000000E+000                  0.0000000000000000E+000 
                                     395                  1.8212949601749342E+000                  1.7774520735532220E-001                  5.7371948993451722E+000                 -3.5479062514870181E+000                  1.0309656019858515E+001                  6.7182681810454192E-001                  3.0797482804066006E-001                  2.0198353854798068E-002                  2.7462659579918878E-016                  0.0000000000000000E+000                  0.0000000000000000E+000 
                                     396                  1.8212930603814121E+000                  1.7734360741456212E-001                  5.7402343004338308E+000                 -3.5362389637046188E+000                  1.0324334567380877E+001                  6.7182681810454226E-001                  3.0797482804065973E-001                  2.0198353854798068E-002                  3.0921428512142430E-016                  0.0000000000000000E+000                  0.0000000000000000E+000 
                                     397                  1.8212905605093999E+000                  1.7682753083762226E-001                  5.7445081628107921E+000                 -3.5198501969159230E+000                  1.0344958106047031E+001                  6.7182681810454203E-001                  3.0797482804066001E-001                  2.0198353854797957E-002                  3.6518938019285414E-016                  0.0000000000000000E+000                  0.0000000000000000E+000 
                                     398                  1.8212866526067337E+000                  1.7604716956859989E-001                  5.7487758011782377E+000                 -3.5032943184706515E+000                  1.0365740624947776E+001                  6.7182681810454248E-001                  3.0797482804065957E-001                  2.0198353854797957E-002                  4.3119277197894219E-016                  0.0000000000000000E+000                  0.0000000000000000E+000 
                                     399                  1.8212838365454256E+000                  1.7550338775322227E-001                  5.7523351315764506E+000                 -3.4895301874871900E+000                  1.0383030670023285E+001                  6.7182681810454214E-001                  3.0797482804065979E-001                  2.0198353854798068E-002                  4.9506162097992095E-016                  0.0000000000000000E+000                  0.0000000000000000E+000 
                                     400                  1.8212808373031879E+000                  1.7494015163642337E-001                  5.7569177032007675E+000                 -3.4718737549222007E+000                  1.0405227738142719E+001                  6.7182681810454237E-001                  3.0797482804065962E-001                  2.0198353854798068E-002                  5.9106141042725962E-016                  0.0000000000000000E+000                  0.0000000000000000E+000 
                                     401                  1.8212760636684362E+000                  1.7407515646978308E-001                  5.7618279123831098E+000                 -3.4527559468711226E+000                  1.0429208888467398E+001                  6.7182681810454203E-001                  3.0797482804065990E-001                  2.0198353854798068E-002                  7.1460530834334008E-016                  0.0000000000000000E+000                  0.0000000000000000E+000 
                                     402                  1.8212720512391956E+000                  1.7337563496299493E-001                  5.7662502685631933E+000                 -3.4355670441695834E+000                  1.0450778645330335E+001                  6.7182681810454237E-001                  3.0797482804065962E-001                  2.0198353854798068E-002                  8.4735610817055222E-016                  0.0000000000000000E+000                  0.0000000000000000E+000 
                                     403                  1.8212677892517610E+000                  1.7265793527637258E-001                  5.7710659264045789E+000                 -3.4168518077662586E+000                  1.0474264758531371E+001                  6.7182681810454259E-001                  3.0797482804065934E-001                  2.0198353854798068E-002                  1.0195639425310291E-015                  0.0000000000000000E+000                  0.0000000000000000E+000 
                                     404                  1.8212626243213328E+000                  1.7182038179160261E-001                  5.7749215304034607E+000                 -3.4017014169072524E+000                  1.0493233290745440E+001                  6.7182681810454237E-001                  3.0797482804065968E-001                  2.0198353854797957E-002                  1.1823312822880441E-015                  0.0000000000000000E+000                  0.0000000000000000E+000 
                                     405                  1.8212598559816731E+000                  1.7138494312844496E-001                  5.7793136917347860E+000                 -3.3847093484908046E+000                  1.0514578192686711E+001                  6.7182681810454237E-001                  3.0797482804065962E-001                  2.0198353854798068E-002                  1.3981759151289848E-015                  0.0000000000000000E+000                  0.0000000000000000E+000 
                                     406                  1.8212533102943673E+000                  1.7038995994330675E-001                  5.7839108842404601E+000                 -3.3665673841779942E+000                  1.0537272510451093E+001                  6.7182681810454226E-001                  3.0797482804065962E-001                  2.0198353854798068E-002                  1.6669797843462816E-015                  0.0000000000000000E+000                  0.0000000000000000E+000 
                                     407                  1.8212495329467220E+000                  1.6983631797133669E-001                  5.7873893817327007E+000                 -3.3529384577404509E+000                  1.0554347363836024E+001                  6.7182681810454226E-001                  3.0797482804065968E-001                  2.0198353854798068E-002                  1.9031503411035503E-015                  0.0000000000000000E+000                  0.0000000000000000E+000 
                                     408                  1.8212452212591237E+000                  1.6922140567169897E-001                  5.7922054401418128E+000                 -3.3341451590595246E+000                  1.0577912816491075E+001                  6.7182681810454203E-001                  3.0797482804065984E-001                  2.0198353854798068E-002                  2.2848761654390272E-015                  0.0000000000000000E+000                  0.0000000000000000E+000 
                                     409                  1.8212378996616911E+000                  1.6821584424652128E-001                  5.7974209720180259E+000                 -3.3135406264790852E+000                  1.0603683006610483E+001                  6.7182681810454226E-001                  3.0797482804065968E-001                  2.0198353854798068E-002                  2.7850017226827418E-015                  0.0000000000000000E+000                  0.0000000000000000E+000 
                                     410                  1.8212318798420211E+000                  1.6742246570987096E-001                  5.8007952123989153E+000                 -3.3001501974682848E+000                  1.0620415021065613E+001                  6.7182681810454203E-001                  3.0797482804065984E-001                  2.0198353854798068E-002                  3.1648557650714861E-015                  0.0000000000000000E+000                  0.0000000000000000E+000 
                                     411                  1.8212288699321864E+000                  1.6703625009497311E-001                  5.8040871816234025E+000                 -3.2872446727807190E+000                  1.0636582577003956E+001                  6.7182681810454214E-001                  3.0797482804065979E-001                  2.0198353854798068E-002                  3.5831004272115922E-015                  0.0000000000000000E+000                  0.0000000000000000E+000 
                                     412                  1.8212228501125167E+000                  1.6628347989592240E-001                  5.8082979145194464E+000                 -3.2706146984418849E+000                  1.0657383943136285E+001                  6.7182681810454214E-001                  3.0797482804065979E-001                  2.0198353854798068E-002                  4.1992620563000262E-015                  0.0000000000000000E+000                  0.0000000000000000E+000 
                                     413                  1.8212168302928469E+000                  1.6555527442346488E-001                  5.8125474757692013E+000                 -3.2538390020944119E+000                  1.0678369903725317E+001                  6.7182681810454226E-001                  3.0797482804065962E-001                  2.0198353854798068E-002                  4.9264584141874988E-015                  0.0000000000000000E+000                  0.0000000000000000E+000 
                                     414                  1.8212101901188316E+000                  1.6477843416061141E-001                  5.8168183097566226E+000                 -3.2369473332392453E+000                  1.0699492902065737E+001                  6.7182681810454214E-001                  3.0797482804065979E-001                  2.0198353854798068E-002                  5.7822175981298805E-015                  0.0000000000000000E+000                  0.0000000000000000E+000 
                                     415                  1.8212035499448160E+000                  1.6402727478717688E-001                  5.8215956301525917E+000                 -3.2181120726796308E+000                  1.0723062312269894E+001                  6.7182681810454214E-001                  3.0797482804065979E-001                  2.0198353854798068E-002                  6.9123936080482442E-015                  0.0000000000000000E+000                  0.0000000000000000E+000 
                                     416                  1.8211946963794623E+000                  1.6306253743036417E-001                  5.8267801046071774E+000                 -3.1975709581520215E+000                  1.0748740463736523E+001                  6.7182681810454248E-001                  3.0797482804065945E-001                  2.0198353854798068E-002                  8.3871716632504342E-015                  0.0000000000000000E+000                  0.0000000000000000E+000 
                                     417                  1.8211858428141083E+000                  1.6213633812893752E-001                  5.8304851654564303E+000                 -3.1827788688222238E+000                  1.0767202856678631E+001                  6.7182681810454226E-001                  3.0797482804065973E-001                  2.0198353854798068E-002                  9.6291245678262138E-015                  0.0000000000000000E+000                  0.0000000000000000E+000 
                                     418                  1.8211814160314312E+000                  1.6168661335070300E-001                  5.8335510877668391E+000                 -3.1706673800110097E+000                  1.0782353032347489E+001                  6.7182681810454226E-001                  3.0797482804065973E-001                  2.0198353854798068E-002                  1.0789000553696649E-014                  0.0000000000000000E+000                  0.0000000000000000E+000 
                                     419                  1.8211745620921549E+000                  1.6100681291036756E-001                  5.8380414521873769E+000                 -3.1529369097325741E+000                  1.0804534366533476E+001                  6.7182681810454237E-001                  3.0797482804065962E-001                  2.0198353854798068E-002                  1.2739426534472887E-014                  0.0000000000000000E+000                  0.0000000000000000E+000 
                                     420                  1.8211642811832405E+000                  1.6002226167854955E-001                  5.8423145653389863E+000                 -3.1358801544277402E+000                  1.0825825122752141E+001                  6.7182681810454203E-001                  3.0797482804066001E-001                  2.0198353854797957E-002                  1.4922050404039941E-014                  0.0000000000000000E+000                  0.0000000000000000E+000 
                                     421                  1.8211574272439641E+000                  1.5938763318912175E-001                  5.8458734168888471E+000                 -3.1217617061180949E+000                  1.0843470996194434E+001                  6.7182681810454214E-001                  3.0797482804065990E-001                  2.0198353854797957E-002                  1.7013897668489904E-014                  0.0000000000000000E+000                  0.0000000000000000E+000 
                                     422                  1.8211495156153827E+000                  1.5867519488034543E-001                  5.8508320448267339E+000                 -3.1021950198919677E+000                  1.0867953961832317E+001                  6.7182681810454203E-001                  3.0797482804066001E-001                  2.0198353854797957E-002                  2.0411654690514207E-014                  0.0000000000000000E+000                  0.0000000000000000E+000 
                                     423                  1.8211360616385535E+000                  1.5750950825153523E-001                  5.8557514294333233E+000                 -3.0825235936854773E+000                  1.0892500636294857E+001                  6.7182681810454214E-001                  3.0797482804065990E-001                  2.0198353854797957E-002                  2.4454117256607680E-014                  0.0000000000000000E+000                  0.0000000000000000E+000 
                                     424                  1.8211270923206671E+000                  1.5676187294375060E-001                  5.8595393833034866E+000                 -3.0674676052672223E+000                  1.0911311813897774E+001                  6.7182681810454181E-001                  3.0797482804066012E-001                  2.0198353854798068E-002                  2.8088370118711771E-014                  0.0000000000000000E+000                  0.0000000000000000E+000 
                                     425                  1.8211181230027811E+000                  1.5603602765321514E-001                  5.8639533351068467E+000                 -3.0500018149077373E+000                  1.0933154483085586E+001                  6.7182681810454203E-001                  3.0797482804065995E-001                  2.0198353854798068E-002                  3.2990788753381113E-014                  0.0000000000000000E+000                  0.0000000000000000E+000 
                                     426                  1.8211054094568937E+000                  1.5504184726546852E-001                  5.8688893749819648E+000                 -3.0303900032449307E+000                  1.0957660529221904E+001                  6.7182681810454181E-001                  3.0797482804066012E-001                  2.0198353854798068E-002                  3.9480430098493327E-014                  0.0000000000000000E+000                  0.0000000000000000E+000 
                                     427                  1.8210926959110063E+000                  1.5408513844763647E-001                  5.8737815560545261E+000                 -3.0109834607575889E+000                  1.0981918570895409E+001                  6.7182681810454203E-001                  3.0797482804065995E-001                  2.0198353854798068E-002                  4.7143002210420623E-014                  0.0000000000000000E+000                  0.0000000000000000E+000 
                                     428                  1.8210790196469870E+000                  1.5309431733239653E-001                  5.8780190475143232E+000                 -2.9941121595085036E+000                  1.1002991901841147E+001                  6.7182681810454192E-001                  3.0797482804066006E-001                  2.0198353854798068E-002                  5.4956787452863082E-014                  0.0000000000000000E+000                  0.0000000000000000E+000 
                                     429                  1.8210687624489725E+000                  1.5237528171826872E-001                  5.8815286802028330E+000                 -2.9801976461731163E+000                  1.1020387493560614E+001                  6.7182681810454170E-001                  3.0797482804066023E-001                  2.0198353854798068E-002                  6.2373049342630365E-014                  0.0000000000000000E+000                  0.0000000000000000E+000 
                                     430                  1.8210585052509578E+000                  1.5167549750360002E-001                  5.8854899027769596E+000                 -2.9645530139311096E+000                  1.1039961959836527E+001                  6.7182681810454170E-001                  3.0797482804066029E-001                  2.0198353854798068E-002                  7.1919372483048926E-014                  0.0000000000000000E+000                  0.0000000000000000E+000 
                                     431                  1.8210448289869385E+000                  1.5077046288894899E-001                  5.8898360337661693E+000                 -2.9473494275260164E+000                  1.1061477202466612E+001                  6.7182681810454192E-001                  3.0797482804066012E-001                  2.0198353854797957E-002                  8.4056877613795174E-014                  0.0000000000000000E+000                  0.0000000000000000E+000 
                                     432                  1.8210311527229190E+000                  1.4989521297637740E-001                  5.8940141282759164E+000                 -2.9308335404868360E+000                  1.1082138573384297E+001                  6.7182681810454181E-001                  3.0797482804066018E-001                  2.0198353854798068E-002                  9.7609472067718414E-014                  0.0000000000000000E+000                  0.0000000000000000E+000 
                                     433                  1.8210174764588998E+000                  1.4904759426937814E-001                  5.8989405470679008E+000                 -2.9114884602638482E+000                  1.1106373203147497E+001                  6.7182681810454159E-001                  3.0797482804066034E-001                  2.0198353854798068E-002                  1.1633180393248322E-013                  0.0000000000000000E+000                  0.0000000000000000E+000 
                                     434                  1.8209976291032641E+000                  1.4786281174842181E-001                  5.9035363201520417E+000                 -2.8933001886372933E+000                  1.1129121937705403E+001                  6.7182681810454126E-001                  3.0797482804066079E-001                  2.0198353854797957E-002                  1.3700236374561215E-013                  0.0000000000000000E+000                  0.0000000000000000E+000 
                                     435                  1.8209846198796378E+000                  1.4711308745903573E-001                  5.9070573350350468E+000                 -2.8794733987830075E+000                  1.1146443919189940E+001                  6.7182681810454159E-001                  3.0797482804066045E-001                  2.0198353854797957E-002                  1.5520488382000462E-013                  0.0000000000000000E+000                  0.0000000000000000E+000 
                                     436                  1.8209716106560117E+000                  1.4638313541143189E-001                  5.9114565162524331E+000                 -2.8623305070785765E+000                  1.1167955204554891E+001                  6.7182681810454137E-001                  3.0797482804066073E-001                  2.0198353854797846E-002                  1.8125932676804423E-013                  0.0000000000000000E+000                  0.0000000000000000E+000 
                                     437                  1.8209510564987210E+000                  1.4526738340336531E-001                  5.9168645091678016E+000                 -2.8412389394742372E+000                  1.1194417169197944E+001                  6.7182681810454092E-001                  3.0797482804066101E-001                  2.0198353854798068E-002                  2.1924143517720561E-013                  0.0000000000000000E+000                  0.0000000000000000E+000 
                                     438                  1.8209284216977271E+000                  1.4408761634350967E-001                  5.9213713539530648E+000                 -2.8236176006702567E+000                  1.1216513970381451E+001                  6.7182681810454092E-001                  3.0797482804066123E-001                  2.0198353854797846E-002                  2.5681243308960827E-013                  0.0000000000000000E+000                  0.0000000000000000E+000 
                                     439                  1.8209133318303976E+000                  1.4332729970162528E-001                  5.9248636827815169E+000                 -2.8100683606306198E+000                  1.1233532362402311E+001                  6.7182681810454037E-001                  3.0797482804066173E-001                  2.0198353854797846E-002                  2.9014299382356119E-013                  0.0000000000000000E+000                  0.0000000000000000E+000 
                                     440                  1.8208982419630684E+000                  1.4258650657114186E-001                  5.9281358619474354E+000                 -2.7973943471854246E+000                  1.1249457179987978E+001                  6.7182681810454004E-001                  3.0797482804066201E-001                  2.0198353854797957E-002                  3.2519575259139756E-013                  0.0000000000000000E+000                  0.0000000000000000E+000 
                                     441                  1.8208841991841722E+000                  1.4191366765830496E-001                  5.9312058547965387E+000                 -2.7855355913671018E+000                  1.1264366287056113E+001                  6.7182681810453959E-001                  3.0797482804066256E-001                  2.0198353854797846E-002                  3.6182275856478572E-013                  0.0000000000000000E+000                  0.0000000000000000E+000 
                                     442                  1.8208701564052765E+000                  1.4125593680184559E-001                  5.9346925065663001E+000                 -2.7721300426969684E+000                  1.1281236873145687E+001                  6.7182681810453937E-001                  3.0797482804066267E-001                  2.0198353854797957E-002                  4.0829175469138268E-013                  0.0000000000000000E+000                  0.0000000000000000E+000 
                                     443                  1.8208514327000820E+000                  1.4040116556365762E-001                  5.9395044358610383E+000                 -2.7537184040566984E+000                  1.1304431627145810E+001                  6.7182681810453782E-001                  3.0797482804066412E-001                  2.0198353854798068E-002                  4.8208092885148797E-013                  0.0000000000000000E+000                  0.0000000000000000E+000 
                                     444                  1.8208233471422903E+000                  1.3916331630950110E-001                  5.9442326299734249E+000                 -2.7355170087482916E+000                  1.1327332221473609E+001                  6.7182681810453726E-001                  3.0797482804066478E-001                  2.0198353854797957E-002                  5.6744043168702813E-013                  0.0000000000000000E+000                  0.0000000000000000E+000 
                                     445                  1.8208032500746139E+000                  1.3830774378553967E-001                  5.9480455436207968E+000                 -2.7209455066131505E+000                  1.1345694352549478E+001                  6.7182681810453615E-001                  3.0797482804066589E-001                  2.0198353854797957E-002                  6.4678706420731990E-013                  0.0000000000000000E+000                  0.0000000000000000E+000 
                                     446                  1.8207831530069372E+000                  1.3747556433173752E-001                  5.9526577255345341E+000                 -2.7034559368629734E+000                  1.1367770509238458E+001                  6.7182681810453526E-001                  3.0797482804066684E-001                  2.0198353854797846E-002                  7.5719162908450402E-013                  0.0000000000000000E+000                  0.0000000000000000E+000 
                                     447                  1.8207530074054230E+000                  1.3626809114281596E-001                  5.9578132438156164E+000                 -2.6838716840022330E+000                  1.1392481621301361E+001                  6.7182681810453360E-001                  3.0797482804066850E-001                  2.0198353854797846E-002                  9.0265602814675120E-013                  0.0000000000000000E+000                  0.0000000000000000E+000 
                                     448                  1.8207244548742982E+000                  1.3516609947535538E-001                  5.9625504310671884E+000                 -2.6659587707493757E+000                  1.1415106291902820E+001                  6.7182681810453171E-001                  3.0797482804067022E-001                  2.0198353854798068E-002                  1.0601188661066519E-012                  0.0000000000000000E+000                  0.0000000000000000E+000 
                                     449                  1.8206968287267677E+000                  1.3413538041345471E-001                  5.9669570842251982E+000                 -2.6493629809330010E+000                  1.1436085809536522E+001                  6.7182681810452982E-001                  3.0797482804067222E-001                  2.0198353854797957E-002                  1.2304603867914736E-012                  0.0000000000000000E+000                  0.0000000000000000E+000 
                                     450                  1.8206701968870322E+000                  1.3317240317702647E-001                  5.9717075469040264E+000                 -2.6316029514249482E+000                  1.1458572837058810E+001                  6.7182681810452760E-001                  3.0797482804067450E-001                  2.0198353854797846E-002                  1.4437958739816752E-012                  0.0000000000000000E+000                  0.0000000000000000E+000 
                                     451                  1.8206362257112187E+000                  1.3198447181810657E-001                  5.9761150459453392E+000                 -2.6150874793007453E+000                  1.1479473868816136E+001                  6.7182681810452505E-001                  3.0797482804067700E-001                  2.0198353854797957E-002                  1.6741347680579105E-012                  0.0000000000000000E+000                  0.0000000000000000E+000 
                                     452                  1.8206116270906303E+000                  1.3115058059703016E-001                  5.9792093980945911E+000                 -2.6035462239525398E+000                  1.1494094591958818E+001                  6.7182681810452283E-001                  3.0797482804067899E-001                  2.0198353854798179E-002                  1.8568051533025530E-012                  0.0000000000000000E+000                  0.0000000000000000E+000 
                                     453                  1.8205938726681035E+000                  1.3056160330990171E-001                  5.9825514148561423E+000                 -2.5911976400768655E+000                  1.1509770132575182E+001                  6.7182681810452105E-001                  3.0797482804068083E-001                  2.0198353854798068E-002                  2.0755379974714380E-012                  0.0000000000000000E+000                  0.0000000000000000E+000 
                                     454                  1.8205648602729718E+000                  1.2962118597982855E-001                  5.9864528525852236E+000                 -2.5767597324909524E+000                  1.1528091792214560E+001                  6.7182681810451816E-001                  3.0797482804068371E-001                  2.0198353854798068E-002                  2.3631400097397225E-012                  0.0000000000000000E+000                  0.0000000000000000E+000 
                                     455                  1.8205375176512284E+000                  1.2875851728750959E-001                  5.9900642130576545E+000                 -2.5634418678696496E+000                  1.1545005095883552E+001                  6.7182681810451517E-001                  3.0797482804068671E-001                  2.0198353854798068E-002                  2.6637450950206799E-012                  0.0000000000000000E+000                  0.0000000000000000E+000 
                                     456                  1.8205111119660691E+000                  1.2794588047996214E-001                  5.9939667451389367E+000                 -2.5491301288042130E+000                  1.1563202878038796E+001                  6.7182681810451139E-001                  3.0797482804069048E-001                  2.0198353854798068E-002                  3.0302665535110216E-012                  0.0000000000000000E+000                  0.0000000000000000E+000 
                                     457                  1.8204777494170084E+000                  1.2694619190143691E-001                  5.9970983228131507E+000                 -2.5375883292103776E+000                  1.1577862612953311E+001                  6.7182681810450828E-001                  3.0797482804069382E-001                  2.0198353854797846E-002                  3.3602410211813078E-012                  0.0000000000000000E+000                  0.0000000000000000E+000 
                                     458                  1.8204615663890285E+000                  1.2647158330030958E-001                  5.9997091893243271E+000                 -2.5280671373376205E+000                  1.1589984143448557E+001                  6.7182681810450529E-001                  3.0797482804069665E-001                  2.0198353854798068E-002                  3.6612472460614268E-012                  7.1587655283220013E-039                  0.0000000000000000E+000 
                                     459                  1.8204356839447116E+000                  1.2572583862668443E-001                  6.0027862932810114E+000                 -2.5168280479596534E+000                  1.1604287821829148E+001                  6.7182681810450107E-001                  3.0797482804070098E-001                  2.0198353854797957E-002                  4.0502635679608604E-012                  3.4885848328371355E-038                  0.0000000000000000E+000 
                                     460                  1.8204107437304087E+000                  1.2502208562147704E-001                  6.0064014566354045E+000                 -2.5036972105042565E+000                  1.1621019750059329E+001                  6.7182681810449596E-001                  3.0797482804070603E-001                  2.0198353854798068E-002                  4.5585604002965226E-012                  5.2227622436783118E-038                  0.0000000000000000E+000 
                                     461                  1.8203744670059889E+000                  1.2402307288663852E-001                  6.0103960162099384E+000                 -2.4891554758224972E+000                  1.1639540288949892E+001                  6.7182681810448941E-001                  3.0797482804071263E-001                  2.0198353854797957E-002                  5.1935330046177561E-012                  8.1479413667776466E-038                  0.0000000000000000E+000 
                                     462                  1.8203408200755367E+000                  1.2312108993893243E-001                  6.0134681894015030E+000                 -2.4779627107231494E+000                  1.1653793079751274E+001                  6.7182681810448375E-001                  3.0797482804071824E-001                  2.0198353854798068E-002                  5.7403222010788499E-012                  1.1461143557310937E-037                  0.0000000000000000E+000 
                                     463                  1.8203190499112805E+000                  1.2254943666905706E-001                  6.0169245915918088E+000                 -2.4654999120368752E+000                  1.1669699674314151E+001                  6.7182681810447731E-001                  3.0797482804072468E-001                  2.0198353854798068E-002                  6.4212545388149923E-012                  1.6804106796099628E-037                  0.0000000000000000E+000 
                                     464                  1.8202771223223919E+000                  1.2147351980766098E-001                  6.0206743216690981E+000                 -2.4518757590904046E+000                  1.1687059110552674E+001                  6.7182681810446898E-001                  3.0797482804073301E-001                  2.0198353854798068E-002                  7.2514358443080443E-012                  2.5430044934217790E-037                  0.0000000000000000E+000 
                                     465                  1.8202475300758016E+000                  1.2073296391022505E-001                  6.0236322059967895E+000                 -2.4411750306224946E+000                  1.1700706722423194E+001                  6.7182681810446154E-001                  3.0797482804074044E-001                  2.0198353854798068E-002                  7.9789609160638837E-012                  3.5228341406811557E-037                  0.0000000000000000E+000 
                                     466                  1.8202192481395991E+000                  1.2003899476336520E-001                  6.0268333504904863E+000                 -2.4296324180089419E+000                  1.1715438901625197E+001                  6.7182681810445277E-001                  3.0797482804074916E-001                  2.0198353854798068E-002                  8.8462978986201682E-012                  5.0084099473930482E-037                  0.0000000000000000E+000 
                                     467                  1.8201833915576993E+000                  1.1917762408529234E-001                  6.0302067051089763E+000                 -2.4174505636376811E+000                  1.1730981801567056E+001                  6.7182681810444256E-001                  3.0797482804075943E-001                  2.0198353854798068E-002                  9.8608015351108260E-012                  7.2504820092198932E-037                  0.0000000000000000E+000 
                                     468                  1.8201497317919142E+000                  1.1838689323145511E-001                  6.0333181899961064E+000                 -2.4062278803575832E+000                  1.1745304752000068E+001                  6.7182681810443245E-001                  3.0797482804076964E-001                  2.0198353854797846E-002                  1.0896923296074148E-011                  1.0190665423651623E-036                  0.0000000000000000E+000 
                                     469                  1.8201175709448063E+000                  1.1764674487831067E-001                  6.0362161969608144E+000                 -2.3957847390790832E+000                  1.1758635552470322E+001                  6.7182681810442180E-001                  3.0797482804078041E-001                  2.0198353854797846E-002                  1.1957366861181545E-011                  1.3982612733199778E-036                  0.0000000000000000E+000 
                                     470                  1.8200869177146133E+000                  1.1695463851129691E-001                  6.0395799607781990E+000                 -2.3837153677461274E+000                  1.1774057108906813E+001                  6.7182681810440814E-001                  3.0797482804079401E-001                  2.0198353854797846E-002                  1.3313992380623339E-011                  2.0167026441132895E-036                  0.0000000000000000E+000 
                                     471                  1.8200429346969065E+000                  1.1598321829224859E-001                  6.0427168860343068E+000                 -2.3723940254319515E+000                  1.1788504103078655E+001                  6.7182681810439426E-001                  3.0797482804080795E-001                  2.0198353854797846E-002                  1.4716833329139530E-011                  2.8359043002168203E-036                  0.0000000000000000E+000 
                                     472                  1.8200151952202048E+000                  1.1538307232793844E-001                  6.0457139631990744E+000                 -2.3616614294078735E+000                  1.1802223675308753E+001                  6.7182681810437972E-001                  3.0797482804082243E-001                  2.0198353854797846E-002                  1.6188985143380111E-011                  3.9241240861574158E-036                  0.0000000000000000E+000 
                                     473                  1.8199729656737020E+000                  1.1448711728752749E-001                  6.0485827962473913E+000                 -2.3513293069708698E+000                  1.1815414538147309E+001                  6.7182681810436429E-001                  3.0797482804083792E-001                  2.0198353854797846E-002                  1.7735442252830084E-011                  5.3522321614817541E-036                  0.0000000000000000E+000 
                                     474                  1.8199463746043965E+000                  1.1393345066915415E-001                  6.0518241913655730E+000                 -2.3397687323369110E+000                  1.1830205994745780E+001                  6.7182681810434508E-001                  3.0797482804085691E-001                  2.0198353854798068E-002                  1.9652315934940807E-011                  7.5924299689903542E-036                  0.0000000000000000E+000 
                                     475                  1.8198936711072278E+000                  1.1285888487083981E-001                  6.0555205522025926E+000                 -2.3264935846992536E+000                  1.1847164853347556E+001                  6.7182681810432099E-001                  3.0797482804088111E-001                  2.0198353854797846E-002                  2.2091616982255852E-011                  1.1303267217579293E-035                  0.0000000000000000E+000 
                                     476                  1.8198530007733231E+000                  1.1204937394227618E-001                  6.0585610373427681E+000                 -2.3156082405206804E+000                  1.1861080566632037E+001                  6.7182681810429912E-001                  3.0797482804090315E-001                  2.0198353854797735E-002                  2.4316761451728002E-011                  1.5666888711542184E-035                  0.0000000000000000E+000 
                                     477                  1.8198148697015322E+000                  1.1130520892846725E-001                  6.0615076295560817E+000                 -2.3050789431019378E+000                  1.1874546827613349E+001                  6.7182681810427491E-001                  3.0797482804092730E-001                  2.0198353854797846E-002                  2.6681120704795450E-011                  2.1481646433586220E-035                  0.0000000000000000E+000 
                                     478                  1.8197748383949703E+000                  1.1053868324663865E-001                  6.0644563170679389E+000                 -2.2945489719062175E+000                  1.1888015926281019E+001                  6.7182681810424894E-001                  3.0797482804095327E-001                  2.0198353854797846E-002                  2.9272013529252268E-011                  2.9441008490788745E-035                  0.0000000000000000E+000 
                                     479                  1.8197347940628956E+000                  1.0978633943876485E-001                  6.0672489247060568E+000                 -2.2845819791738702E+000                  1.1900766536856283E+001                  6.7182681810422196E-001                  3.0797482804098025E-001                  2.0198353854797846E-002                  3.1952081508179504E-011                  3.9656959061531238E-035                  0.0000000000000000E+000 
                                     480                  1.8196972492283106E+000                  1.0909350999918553E-001                  6.0702414903155519E+000                 -2.2739358744939899E+000                  1.1914395855220716E+001                  6.7182681810418976E-001                  3.0797482804101228E-001                  2.0198353854797957E-002                  3.5088453666581639E-011                  5.4528769315552971E-035                  0.0000000000000000E+000 
                                     481                  1.8196498419719271E+000                  1.0823528489173123E-001                  6.0728847712139835E+000                 -2.2644960517934254E+000                  1.1926470447920144E+001                  6.7182681810415901E-001                  3.0797482804104293E-001                  2.0198353854798068E-002                  3.8111714685067396E-011                  7.2207094791089724E-035                  0.0000000000000000E+000 
                                     482                  1.8196203363680656E+000                  1.0771011893850529E-001                  6.0763198864514312E+000                 -2.2523687178976717E+000                  1.1942022906830344E+001                  6.7182681810411471E-001                  3.0797482804108728E-001                  2.0198353854798068E-002                  4.2411064055994795E-011                  1.0389064840803496E-034                  0.0000000000000000E+000 
                                     483                  1.8195480637974171E+000                  1.0645144612380260E-001                  6.0805426726269793E+000                 -2.2373323197372850E+000                  1.1961268899870282E+001                  6.7182681810405565E-001                  3.0797482804114629E-001                  2.0198353854798068E-002                  4.8366124523914243E-011                  1.6233086134714705E-034                  0.0000000000000000E+000 
                                     484                  1.8194907408344096E+000                  1.0547964399175290E-001                  6.0837337235628564E+000                 -2.2259900530842183E+000                  1.1975792431416535E+001                  6.7182681810400613E-001                  3.0797482804119597E-001                  2.0198353854797846E-002                  5.3400478589038961E-011                  2.2722656183730095E-034                  0.0000000000000000E+000 
                                     485                  1.8194472969019622E+000                  1.0475791068354448E-001                  6.0865603605754872E+000                 -2.2159840195952696E+000                  1.1988616756828282E+001                  6.7182681810395839E-001                  3.0797482804124354E-001                  2.0198353854798068E-002                  5.8281131787825470E-011                  3.0585524247931093E-034                  0.0000000000000000E+000 
                                     486                  1.8193995244020085E+000                  1.0397831131613579E-001                  6.0897616104567138E+000                 -2.2046740240655689E+000                  1.2003118736748087E+001                  6.7182681810389921E-001                  3.0797482804130283E-001                  2.0198353854797957E-002                  6.4334576076057659E-011                  4.2789555941256011E-034                  0.0000000000000000E+000 
                                     487                  1.8193416087244441E+000                  1.0305203993590774E-001                  6.0929619772678780E+000                 -2.1933505404798019E+000                  1.2017633226519051E+001                  6.7182681810383393E-001                  3.0797482804136805E-001                  2.0198353854798068E-002                  7.1004058710165837E-011                  5.9813892463338870E-034                  0.0000000000000000E+000 
                                     488                  1.8192910773146924E+000                  1.0225998057657995E-001                  6.0957950542871586E+000                 -2.1833452125959796E+000                  1.2030463501114472E+001                  6.7182681810377032E-001                  3.0797482804143161E-001                  2.0198353854798068E-002                  7.7467239075708527E-011                  8.0403392211894309E-034                  0.0000000000000000E+000 
                                     489                  1.8192433968819524E+000                  1.0152576996477787E-001                  6.0987763974810401E+000                 -2.1728471098973419E+000                  1.2043934635428073E+001                  6.7182681810369782E-001                  3.0797482804150411E-001                  2.0198353854798068E-002                  8.4885300932548435E-011                  1.0968731632498428E-033                  0.0000000000000000E+000 
                                     490                  1.8191855028385890E+000                  1.0065072587746141E-001                  6.1024921770146205E+000                 -2.1597932971286493E+000                  1.2060694116294274E+001                  6.7182681810359757E-001                  3.0797482804160448E-001                  2.0198353854797957E-002                  9.5104297268523266E-011                  1.6137297139536797E-033                  0.0000000000000000E+000 
                                     491                  1.8191084838756275E+000                  9.9513207835849105E-002                  6.1063602445604239E+000                 -2.1461697837285909E+000                  1.2078174950186353E+001                  6.7182681810348055E-001                  3.0797482804172144E-001                  2.0198353854798068E-002                  1.0703082165628279E-010                  2.4095657495720401E-033                  0.0000000000000000E+000 
                                     492                  1.8190406435840394E+000                  9.8535073308593235E-002                  6.1097044059408336E+000                 -2.1344115074331400E+000                  1.2093268265759614E+001                  6.7182681810336775E-001                  3.0797482804183418E-001                  2.0198353854798068E-002                  1.1850918604331965E-010                  3.4045148063629655E-033                  0.0000000000000000E+000 
                                     493                  1.8189797917351926E+000                  9.7675698066068739E-002                  6.1127112603865390E+000                 -2.1238569915138306E+000                  1.2106821580603620E+001                  6.7182681810325584E-001                  3.0797482804194609E-001                  2.0198353854798068E-002                  1.2984910099899491E-010                  4.6419953957936314E-033                  0.0000000000000000E+000 
                                     494                  1.8189221461327827E+000                  9.6876584421817818E-002                  6.1158067175604094E+000                 -2.1130202758640619E+000                  1.2120745684732110E+001                  6.7182681810313127E-001                  3.0797482804207083E-001                  2.0198353854797846E-002                  1.4262366002670489E-010                  6.3824723653596163E-033                  0.0000000000000000E+000 
                                     495                  1.8188550569049149E+000                  9.5964099551808929E-002                  6.1191945067432050E+000                 -2.1011673590231634E+000                  1.2135977630449117E+001                  6.7182681810298184E-001                  3.0797482804222026E-001                  2.0198353854797846E-002                  1.5801518914079353E-010                  9.0359454130470654E-033                  0.0000000000000000E+000 
                                     496                  1.8187822120118320E+000                  9.4993716327666483E-002                  6.1222612361002202E+000                 -2.0904225299508523E+000                  1.2149781166627049E+001                  6.7182681810283229E-001                  3.0797482804236959E-001                  2.0198353854798068E-002                  1.7335063274854511E-010                  1.2369416659189967E-032                  0.0000000000000000E+000 
                                     497                  1.8187250973482165E+000                  9.4247056371647986E-002                  6.1256711931187811E+000                 -2.0785562673270896E+000                  1.2165049062226560E+001                  6.7182681810265044E-001                  3.0797482804255144E-001                  2.0198353854798068E-002                  1.9208163623348161E-010                  1.7520725874042677E-032                  0.0000000000000000E+000 
                                     498                  1.8186345856749397E+000                  9.3088088675089609E-002                  6.1291561726870665E+000                 -2.0663604063323460E+000                  1.2180720925024707E+001                  6.7182681810244360E-001                  3.0797482804275839E-001                  2.0198353854798068E-002                  2.1330512332999793E-010                  2.4990271524672208E-032                  0.0000000000000000E+000 
                                     499                  1.8185697291589658E+000                  9.2275102779518101E-002                  6.1323306262096642E+000                 -2.0553145001462125E+000                  1.2194933570846464E+001                  6.7182681810223688E-001                  3.0797482804296511E-001                  2.0198353854798068E-002                  2.3459290954264657E-010                  3.4502276369456016E-032                  0.0000000000000000E+000 
                                     500                  1.8184898358550146E+000                  9.1292706561337769E-002                  6.1357204727013963E+000                 -2.0435103732144340E+000                  1.2210119258876457E+001                  6.7182681810199474E-001                  3.0797482804320719E-001                  2.0198353854798068E-002                  2.5962927924414568E-010                  4.8650400051207015E-032                  0.0000000000000000E+000 
                                     501                  1.8184111781615437E+000                  9.0345142941357579E-002                  6.1389846351508508E+000                 -2.0321569836415674E+000                  1.2224728937951257E+001                  6.7182681810173772E-001                  3.0797482804346415E-001                  2.0198353854798068E-002                  2.8619496930797489E-010                  6.7676184857208351E-032                  0.0000000000000000E+000 
                                     502                  1.8183333411135474E+000                  8.9425751160491188E-002                  6.1421257971658765E+000                 -2.0212422313794143E+000                  1.2238777363220768E+001                  6.7182681810146594E-001                  3.0797482804373599E-001                  2.0198353854798068E-002                  3.1425854997409985E-010                  9.2908620735770719E-032                  0.0000000000000000E+000 
                                     503                  1.8182569529939767E+000                  8.8540365372519692E-002                  6.1454171568964497E+000                 -2.0098332023599492E+000                  1.2253470109496376E+001                  6.7182681810115485E-001                  3.0797482804404708E-001                  2.0198353854798068E-002                  3.4653333571198476E-010                  1.2938855353144186E-031                  0.0000000000000000E+000 
                                     504                  1.8181679623850682E+000                  8.7529049735130704E-002                  6.1490641373611714E+000                 -1.9972011893192771E+000                  1.2269740713942861E+001                  6.7182681810077338E-001                  3.0797482804442855E-001                  2.0198353854798068E-002                  3.8608497385789416E-010                  1.8658261277377251E-031                  0.0000000000000000E+000 
                                     505                  1.8180689162541717E+000                  8.6427721310949571E-002                  6.1525416734862075E+000                 -1.9851423786696321E+000                  1.2285268975641051E+001                  6.7182681810037082E-001                  3.0797482804483112E-001                  2.0198353854798068E-002                  4.2791581069550629E-010                  2.6429435686289008E-031                  0.0000000000000000E+000 
                                     506                  1.8179836827340550E+000                  8.5499448452124871E-002                  6.1553564296761811E+000                 -1.9753890497807336E+000                  1.2297830573651185E+001                  6.7182681810001443E-001                  3.0797482804518739E-001                  2.0198353854798179E-002                  4.6499025618600532E-010                  3.5010736996726161E-031                  0.0000000000000000E+000 
                                     507                  1.8179162497943040E+000                  8.4777244266449558E-002                  6.1582778677443377E+000                 -1.9653159785517902E+000                  1.2310818702804022E+001                  6.7182681809961309E-001                  3.0797482804558890E-001                  2.0198353854798068E-002                  5.0673705917279228E-010                  4.6841503852454751E-031                  0.0000000000000000E+000 
                                     508                  1.8178221916522108E+000                  8.3787143734961878E-002                  6.1617308053516275E+000                 -1.9534005732007627E+000                  1.2326179442729767E+001                  6.7182681809909406E-001                  3.0797482804610793E-001                  2.0198353854798068E-002                  5.6084157217858090E-010                  6.6028435237716204E-031                  0.0000000000000000E+000 
                                     509                  1.8177207001467051E+000                  8.2740371011659569E-002                  6.1648732257273755E+000                 -1.9425424436705288E+000                  1.2340172979561695E+001                  6.7182681809857514E-001                  3.0797482804662690E-001                  2.0198353854797957E-002                  6.1499416684023926E-010                  9.0181486521290737E-031                  0.0000000000000000E+000 
                                     510                  1.8176396832589246E+000                  8.1920130881194264E-002                  6.1682611659355686E+000                 -1.9309068210434761E+000                  1.2355189475519934E+001                  6.7182681809796185E-001                  3.0797482804724019E-001                  2.0198353854797957E-002                  6.7900670786027798E-010                  1.2608605791213956E-030                  0.0000000000000000E+000 
                                     511                  1.8175197121089117E+000                  8.0729375627168934E-002                  6.1718913984917458E+000                 -1.9183935915391106E+000                  1.2371325055134056E+001                  6.7182681809723588E-001                  3.0797482804796616E-001                  2.0198353854797957E-002                  7.5492113816943982E-010                  1.8041865822332422E-030                  0.0000000000000000E+000 
                                     512                  1.8174182559384160E+000                  7.9743604495868106E-002                  6.1750142974650162E+000                 -1.9076520064148073E+000                  1.2385182918696032E+001                  6.7182681809654976E-001                  3.0797482804865228E-001                  2.0198353854797957E-002                  8.2678739551783220E-010                  2.4535857436450722E-030                  0.0000000000000000E+000 
                                     513                  1.8173246314374849E+000                  7.8850372615542064E-002                  6.1783224649579376E+000                 -1.8963141756758708E+000                  1.2399822186495145E+001                  6.7182681809575395E-001                  3.0797482804944804E-001                  2.0198353854798068E-002                  9.1013855359097320E-010                  3.3952695642589015E-030                  0.0000000000000000E+000 
                                     514                  1.8172070347587452E+000                  7.7749790913027125E-002                  6.1815662817522012E+000                 -1.8851706217122084E+000                  1.2414202778355111E+001                  6.7182681809489819E-001                  3.0797482805030374E-001                  2.0198353854798068E-002                  9.9989902173004805E-010                  4.6655857805036595E-030                  0.0000000000000000E+000 
                                     515                  1.8171122434961704E+000                  7.6879210040003934E-002                  6.1844279369181825E+000                 -1.8753700191681313E+000                  1.2426859261726044E+001                  6.7182681809407607E-001                  3.0797482805112592E-001                  2.0198353854798068E-002                  1.0861665684960812E-009                  6.1713344738285430E-030                  0.0000000000000000E+000 
                                     516                  1.8170157323033780E+000                  7.6007380645524245E-002                  6.1874249495782747E+000                 -1.8651247888557509E+000                  1.2440095585691619E+001                  6.7182681809314226E-001                  3.0797482805205978E-001                  2.0198353854797957E-002                  1.1842731447128746E-009                  8.2663055390433435E-030                  0.0000000000000000E+000 
                                     517                  1.8169077599005683E+000                  7.5048715440211633E-002                  6.1904006117794950E+000                 -1.8549506049989817E+000                  1.2453239540465978E+001                  6.7182681809213440E-001                  3.0797482805306753E-001                  2.0198353854798068E-002                  1.2902542493962089E-009                  1.1042625766020007E-029                  0.0000000000000000E+000 
                                     518                  1.8168082418146636E+000                  7.4180108932354369E-002                  6.1936615050194090E+000                 -1.8438475137711030E+000                  1.2467597381472725E+001                  6.7182681809093081E-001                  3.0797482805427107E-001                  2.0198353854798068E-002                  1.4169167655347099E-009                  1.5154184218476327E-029                  0.0000000000000000E+000 
                                     519                  1.8166756654585914E+000                  7.3044339560898314E-002                  6.1969255622006720E+000                 -1.8327043255132931E+000                  1.2481998275698651E+001                  6.7182681808961098E-001                  3.0797482805559107E-001                  2.0198353854797957E-002                  1.5559766519283816E-009                  2.0789091908426507E-029                  0.0000000000000000E+000 
                                     520                  1.8165701013686970E+000                  7.2156708218285376E-002                  6.2003520879537097E+000                 -1.8210789580873719E+000                  1.2497043987693138E+001                  6.7182681808809330E-001                  3.0797482805710857E-001                  2.0198353854798068E-002                  1.7160411263891046E-009                  2.8943611845304886E-029                  0.0000000000000000E+000 
                                     521                  1.8164203622442996E+000                  7.0921871860365027E-002                  6.2035924085467089E+000                 -1.8100353069735726E+000                  1.2511321771868722E+001                  6.7182681808651734E-001                  3.0797482805868459E-001                  2.0198353854798068E-002                  1.8823992853556596E-009                  3.9553777224641894E-029                  0.0000000000000000E+000 
                                     522                  1.8163223247091302E+000                  7.0128153445431426E-002                  6.2071634381190464E+000                 -1.7979860661818872E+000                  1.2526936035704978E+001                  6.7182681808461464E-001                  3.0797482806058740E-001                  2.0198353854797957E-002                  2.0834595629774452E-009                  5.5741172285459256E-029                  0.0000000000000000E+000 
                                     523                  1.8161419300063382E+000                  6.8696673776837497E-002                  6.2113850545132108E+000                 -1.7836770274169123E+000                  1.2545459146163633E+001                  6.7182681808210831E-001                  3.0797482806309362E-001                  2.0198353854798068E-002                  2.3487225815172863E-009                  8.3537976777651494E-029                  0.0000000000000000E+000 
                                     524                  1.8159832406665670E+000                  6.7466993174896767E-002                  6.2150095255878721E+000                 -1.7714210498039513E+000                  1.2561333304066437E+001                  6.7182681807971345E-001                  3.0797482806548843E-001                  2.0198353854798068E-002                  2.6024525615729245E-009                  1.1810951015287634E-028                  0.0000000000000000E+000 
                                     525                  1.8158429836593606E+000                  6.6401978657040006E-002                  6.2185847734121094E+000                 -1.7593821388182000E+000                  1.2576941587397393E+001                  6.7182681807711042E-001                  3.0797482806809146E-001                  2.0198353854798068E-002                  2.8786164504773960E-009                  1.6603853102759995E-028                  0.0000000000000000E+000 
                                     526                  1.8156814042763494E+000                  6.5199217515894303E-002                  6.2218836364181556E+000                 -1.7482579286582065E+000                  1.2591359124471536E+001                  6.7182681807447187E-001                  3.0797482807073007E-001                  2.0198353854798068E-002                  3.1588720286759481E-009                  2.2718455820704134E-028                  0.0000000000000000E+000 
                                     527                  1.8155575240827886E+000                  6.4293831316336175E-002                  6.2247192167295324E+000                 -1.7387332362884786E+000                  1.2603714880147864E+001                  6.7182681807201006E-001                  3.0797482807319193E-001                  2.0198353854798068E-002                  3.4206850670998455E-009                  2.9725562110885185E-028                  0.0000000000000000E+000 
                                     528                  1.8154311898821003E+000                  6.3384860857405176E-002                  6.2281438575761348E+000                 -1.7272804112369349E+000                  1.2618587217306818E+001                  6.7182681806877709E-001                  3.0797482807642490E-001                  2.0198353854798068E-002                  3.7648645158800992E-009                  4.1092930653361064E-028                  0.0000000000000000E+000 
                                     529                  1.8152493208710485E+000                  6.2100687315418034E-002                  6.2319647384308636E+000                 -1.7144810926638290E+000                  1.2635201540621917E+001                  6.7182681806479772E-001                  3.0797482808040422E-001                  2.0198353854798068E-002                  4.1891338824710717E-009                  5.8923976227416469E-028                  0.0000000000000000E+000 
                                     530                  1.8150783351036488E+000                  6.0918393073278079E-002                  6.2353917514709618E+000                 -1.7030195259293257E+000                  1.2650084960783104E+001                  6.7182681806086475E-001                  3.0797482808433724E-001                  2.0198353854798068E-002                  4.6090401350359343E-009                  8.1339072752839190E-028                  0.0000000000000000E+000 
                                     531                  1.8149250772343375E+000                  5.9878327690409745E-002                  6.2387429592426251E+000                 -1.6918505466692422E+000                  1.2664600349871959E+001                  6.7182681805665634E-001                  3.0797482808854548E-001                  2.0198353854798179E-002                  5.0589219524571292E-009                  1.1138769581600768E-027                  0.0000000000000000E+000 
                                     532                  1.8147543148347791E+000                  5.8740365098504291E-002                  6.2420027908581810E+000                 -1.6809847097683186E+000                  1.2678721331651809E+001                  6.7182681805218447E-001                  3.0797482809301746E-001                  2.0198353854798068E-002                  5.5376636390707554E-009                  1.5112625650776189E-027                  0.0000000000000000E+000 
                                     533                  1.8146026627795551E+000                  5.7747443876888044E-002                  6.2454167098107236E+000                 -1.6696561185991741E+000                  1.2693459256924282E+001                  6.7182681804707078E-001                  3.0797482809813120E-001                  2.0198353854798068E-002                  6.0858124329884968E-009                  2.0783661011006383E-027                  0.0000000000000000E+000 
                                     534                  1.8144095827289173E+000                  5.6506289107191646E-002                  6.2489640674407436E+000                 -1.6578703641114758E+000                  1.2708787498275763E+001                  6.7182681804123989E-001                  3.0797482810396204E-001                  2.0198353854798068E-002                  6.7117993863936397E-009                  2.8918134328571232E-027                  0.0000000000000000E+000 
                                     535                  1.8142356728964495E+000                  5.5409472120669691E-002                  6.2523891266680085E+000                 -1.6465266533834246E+000                  1.2723551787824929E+001                  6.7182681803506927E-001                  3.0797482811013271E-001                  2.0198353854798068E-002                  7.3751763119589486E-009                  3.9745761753130900E-027                  0.0000000000000000E+000 
                                     536                  1.8140472785744455E+000                  5.4242852845108436E-002                  6.2561474410400999E+000                 -1.6341066162990889E+000                  1.2739725388527885E+001                  6.7182681802762756E-001                  3.0797482811757448E-001                  2.0198353854797957E-002                  8.1764561288036280E-009                  5.6290215902903708E-027                  0.0000000000000000E+000 
                                     537                  1.8138287433458740E+000                  5.2916368683417155E-002                  6.2598221959498410E+000                 -1.6219505833057388E+000                  1.2755551438275036E+001                  6.7182681801959943E-001                  3.0797482812560262E-001                  2.0198353854797957E-002                  9.0422662883443267E-009                  7.9037788020164175E-027                  0.0000000000000000E+000 
                                     538                  1.8136391188182726E+000                  5.1787606685610096E-002                  6.2629175677363769E+000                 -1.6117266631880209E+000                  1.2768866829935572E+001                  6.7182681801221145E-001                  3.0797482813299060E-001                  2.0198353854797957E-002                  9.8402893271260667E-009                  1.0511870280213702E-026                  0.0000000000000000E+000 
                                     539                  1.8134772592657269E+000                  5.0839761259837933E-002                  6.2660480470467474E+000                 -1.6014277094574505E+000                  1.2782292575125682E+001                  6.7182681800411181E-001                  3.0797482814109006E-001                  2.0198353854798068E-002                  1.0716307647136982E-008                  1.4015504767779844E-026                  0.0000000000000000E+000 
                                     540                  1.8132767854387692E+000                  4.9684948638975372E-002                  6.2690507169657996E+000                 -1.5915264912950455E+000                  1.2795192769204840E+001                  6.7182681799568778E-001                  3.0797482814951416E-001                  2.0198353854798068E-002                  1.1628626323257263E-008                  1.8458568845341680E-026                  0.0000000000000000E+000 
                                     541                  1.8131221544248723E+000                  4.8808155541272658E-002                  6.2721692675349070E+000                 -1.5813002621920988E+000                  1.2808534073684443E+001                  6.7182681798622590E-001                  3.0797482815897609E-001                  2.0198353854798068E-002                  1.2654839779797248E-008                  2.4551139124761502E-026                  0.0000000000000000E+000 
                                     542                  1.8129012850691453E+000                  4.7575980068258937E-002                  6.2755949196022458E+000                 -1.5700407325075298E+000                  1.2823215257286856E+001                  6.7182681797489974E-001                  3.0797482817030231E-001                  2.0198353854797957E-002                  1.3885120138896195E-008                  3.3562399304483277E-026                  0.0000000000000000E+000 
                                     543                  1.8127001546735750E+000                  4.6473788495810138E-002                  6.2791000078953756E+000                 -1.5585587634335563E+000                  1.2838198462694447E+001                  6.7182681796222932E-001                  3.0797482818297262E-001                  2.0198353854798068E-002                  1.5263470406176849E-008                  4.6174150557004320E-026                  0.0000000000000000E+000 
                                     544                  1.8124600923557028E+000                  4.5181938540729376E-002                  6.2825632602378372E+000                 -1.5471948083671008E+000                  1.2853021730559469E+001                  6.7182681794852217E-001                  3.0797482819667982E-001                  2.0198353854798068E-002                  1.6757198643720373E-008                  6.3236860684380143E-026                  0.0000000000000000E+000 
                                     545                  1.8122537173941702E+000                  4.4091112348306066E-002                  6.2867452216036055E+000                 -1.5335723112485278E+000                  1.2870822060826208E+001                  6.7182681793028498E-001                  3.0797482821491695E-001                  2.0198353854798068E-002                  1.8747914767109492E-008                  9.2327233330412172E-026                  0.0000000000000000E+000 
                                     546                  1.8119089651852476E+000                  4.2307530659635932E-002                  6.2910313731537872E+000                 -1.5195018819076018E+000                  1.2889173698289243E+001                  6.7182681790939713E-001                  3.0797482823580485E-001                  2.0198353854798068E-002                  2.1033065820330079E-008                  1.3595267918482138E-025                  0.0000000000000000E+000 
                                     547                  1.8116709103695465E+000                  4.1102837636156700E-002                  6.2938813782572769E+000                 -1.5101654572170164E+000                  1.2901356959459081E+001                  6.7182681789418564E-001                  3.0797482825101635E-001                  2.0198353854798068E-002                  2.2700005683519103E-008                  1.7572368052573487E-025                  0.0000000000000000E+000 
                                     548                  1.8115125948165509E+000                  4.0313289417237420E-002                  6.2976598910565986E+000                 -1.4979207188455432E+000                  1.2917376855817801E+001                  6.7182681787229148E-001                  3.0797482827291045E-001                  2.0198353854798068E-002                  2.5102695045685098E-008                  2.4665598721236667E-025                  0.0000000000000000E+000 
                                     549                  1.8111363594897283E+000                  3.8472461954502560E-002                  6.3017820560392552E+000                 -1.4844048942146060E+000                  1.2935010167729496E+001                  6.7182681784578568E-001                  3.0797482829941625E-001                  2.0198353854798068E-002                  2.8017873401487339E-008                  3.5682632396810140E-025                  0.0000000000000000E+000 
                                     550                  1.8109111137678027E+000                  3.7393326142223973E-002                  6.3052305547436873E+000                 -1.4731864634645362E+000                  1.2949673742813477E+001                  6.7182681782141895E-001                  3.0797482832378298E-001                  2.0198353854798068E-002                  3.0702503935380347E-008                  4.8546739536169802E-025                  0.0000000000000000E+000 
                                     551                  1.8106223103465344E+000                  3.6033569450169958E-002                  6.3087225288622184E+000                 -1.4617932350908835E+000                  1.2964555330042712E+001                  6.7182681779444842E-001                  3.0797482835075352E-001                  2.0198353854798068E-002                  3.3679391841510857E-008                  6.6259518111985172E-025                  0.0000000000000000E+000 
                                     552                  1.8103780029863414E+000                  3.4903415640829355E-002                  6.3121464070937243E+000                 -1.4506592593049752E+000                  1.2979109870543189E+001                  6.7182681776560560E-001                  3.0797482837959633E-001                  2.0198353854798068E-002                  3.6868297234703977E-008                  8.9812524536193121E-025                  0.0000000000000000E+000 
                                     553                  1.8100884571609168E+000                  3.3586814970150002E-002                  6.3156466956649631E+000                 -1.4392582555189657E+000                  1.2994007653380960E+001                  6.7182681773340580E-001                  3.0797482841179602E-001                  2.0198353854798179E-002                  4.0434781895567681E-008                  1.2247829658109087E-024                  0.0000000000000000E+000 
                                     554                  1.8098194361163293E+000                  3.2384826927297855E-002                  6.3192006824949996E+000                 -1.4277080907859070E+000                  1.3009108401559974E+001                  6.7182681769768937E-001                  3.0797482844751251E-001                  2.0198353854798068E-002                  4.4397814241096492E-008                  1.6767848126657653E-024                  0.0000000000000000E+000 
                                     555                  1.8095087502904661E+000                  3.1021081175901057E-002                  6.3227041691496915E+000                 -1.4162991368260491E+000                  1.3024017339555384E+001                  6.7182681765918906E-001                  3.0797482848601293E-001                  2.0198353854798068E-002                  4.8677765670400937E-008                  2.2837183200519002E-024                  0.0000000000000000E+000 
                                     556                  1.8092342681294460E+000                  2.9837115523932235E-002                  6.3253164546886005E+000                 -1.4077785988758253E+000                  1.3035147463758950E+001                  6.7182681762817931E-001                  3.0797482851702257E-001                  2.0198353854798068E-002                  5.2130579162009021E-008                  2.8739260698202091E-024                  0.0000000000000000E+000 
                                     557                  1.8090634284738463E+000                  2.9109736288363556E-002                  6.3286760695200259E+000                 -1.3969276751013178E+000                  1.3049355207168094E+001                  6.7182681758530827E-001                  3.0797482855989355E-001                  2.0198353854798179E-002                  5.6910666645037095E-008                  3.8590855717644568E-024                  0.0000000000000000E+000 
                                     558                  1.8086528253581657E+000                  2.7390198167008349E-002                  6.3323136876981154E+000                 -1.3850423621732453E+000                  1.3064874250810705E+001                  6.7182681753448603E-001                  3.0797482861071579E-001                  2.0198353854798179E-002                  6.2589218017441046E-008                  5.3074018418257523E-024                  0.0000000000000000E+000 
                                     559                  1.8084163836182137E+000                  2.6417746280571409E-002                  6.3357385012931653E+000                 -1.3739514776134210E+000                  1.3079386914718064E+001                  6.7182681748235440E-001                  3.0797482866284742E-001                  2.0198353854798179E-002                  6.8424000095580605E-008                  7.1573508455573152E-024                  0.0000000000000000E+000 
                                     560                  1.8080319613321176E+000                  2.4863030056537803E-002                  6.3397143237087610E+000                 -1.3610128120335589E+000                  1.3096297484044616E+001                  6.7182681741590533E-001                  3.0797482872929666E-001                  2.0198353854798068E-002                  7.5877121761054154E-008                  1.0120117617815730E-023                  0.0000000000000000E+000 
                                     561                  1.8076767785160295E+000                  2.3454385996090857E-002                  6.3432649103049092E+000                 -1.3494563308633272E+000                  1.3111401045665779E+001                  6.7182681735075289E-001                  3.0797482879444904E-001                  2.0198353854798068E-002                  8.3200045997138907E-008                  1.3777514877497800E-023                  0.0000000000000000E+000 
                                     562                  1.8073552969692224E+000                  2.2201413109037421E-002                  6.3470392562642983E+000                 -1.3372085504529256E+000                  1.3127419681582634E+001                  6.7182681727498073E-001                  3.0797482887022132E-001                  2.0198353854797957E-002                  9.1733741731995516E-008                  1.9106897046667430E-023                  0.0000000000000000E+000 
                                     563                  1.8069413361477185E+000                  2.0617425742623506E-002                  6.3508565711623675E+000                 -1.3247689305758563E+000                  1.3143672764480220E+001                  6.7182681719072179E-001                  3.0797482895448014E-001                  2.0198353854798068E-002                  1.0124517957166124E-007                  2.6576183026254786E-023                  0.0000000000000000E+000 
                                     564                  1.8065918849652169E+000                  1.9304969866062515E-002                  6.3540316931693637E+000                 -1.3144238408531692E+000                  1.3157189789578123E+001                  6.7182681711434689E-001                  3.0797482903085494E-001                  2.0198353854798179E-002                  1.0988457432358633E-007                  3.4945289044772985E-023                  0.0000000000000000E+000 
                                     565                  1.8062920804519864E+000                  1.8196245811758577E-002                  6.3570405611255483E+000                 -1.3046356374565564E+000                  1.3169983941570015E+001                  6.7182681703629443E-001                  3.0797482910890756E-001                  2.0198353854798068E-002                  1.1873003100486407E-007                  4.5268424751668861E-023                  0.0000000000000000E+000 
                                     566                  1.8059647845350200E+000                  1.7003384651337598E-002                  6.3604844150484432E+000                 -1.2934401816319776E+000                  1.3184619965760753E+001                  6.7182681693962309E-001                  3.0797482920557884E-001                  2.0198353854798068E-002                  1.2970737582639509E-007                  6.0834380296915613E-023                  0.0000000000000000E+000 
                                     567                  1.8055596339614468E+000                  1.5551148087283100E-002                  6.3644993373897218E+000                 -1.2803749501553345E+000                  1.3201696217062471E+001                  6.7182681681612599E-001                  3.0797482932907588E-001                  2.0198353854798068E-002                  1.4376478526993876E-007                  8.5783482189691204E-023                  0.0000000000000000E+000 
                                     568                  1.8050900074910887E+000                  1.3900088846170991E-002                  6.3678657538477328E+000                 -1.2693508794524373E+000                  1.3216083012532929E+001                  6.7182681670264843E-001                  3.0797482944255344E-001                  2.0198353854798068E-002                  1.5671507112445138E-007                  1.1436513354820721E-022                  0.0000000000000000E+000 
                                     569                  1.8048067967927122E+000                  1.2920501496877689E-002                  6.3709927040637107E+000                 -1.2591796884781337E+000                  1.3229378159181849E+001                  6.7182681658879506E-001                  3.0797482955640682E-001                  2.0198353854798068E-002                  1.6973421186856384E-007                  1.4926589285130595E-022                  0.0000000000000000E+000 
                                     570                  1.8043781091481943E+000                  1.1459795829390931E-002                  6.3740232062762257E+000                 -1.2492496923092218E+000                  1.3242335314702135E+001                  6.7182681646966269E-001                  3.0797482967553919E-001                  2.0198353854798068E-002                  1.8338820382880794E-007                  1.9314790134839912E-022                  0.0000000000000000E+000 
                                     571                  1.8041010967124358E+000                  1.0529591239394596E-002                  6.3773092697228311E+000                 -1.2385592690446288E+000                  1.3256308662211492E+001                  6.7182681633048535E-001                  3.0797482981471630E-001                  2.0198353854798290E-002                  1.9937124745315841E-007                  2.5521488978160973E-022                  0.0000000000000000E+000 
                                     572                  1.8035996699566543E+000                  8.8720041518892644E-003                  6.3806137007464372E+000                 -1.2276992341385251E+000                  1.3270469304300248E+001                  6.7182681617851736E-001                  3.0797482996668468E-001                  2.0198353854797957E-002                  2.1686859903578919E-007                  3.3761974123902205E-022                  0.0000000000000000E+000 
                                     573                  1.8032983749179916E+000                  7.8917037732911272E-003                  6.3834503000385263E+000                 -1.2184248940034383E+000                  1.3282577267695384E+001                  6.7182681603823957E-001                  3.0797483010696225E-001                  2.0198353854798179E-002                  2.3305258676734800E-007                  4.2901003624949295E-022                  0.0000000000000000E+000 
                                     574                  1.8028984832214561E+000                  6.6081014411543482E-003                  6.3871570637822224E+000                 -1.2062963619421037E+000                  1.3298408630775786E+001                  6.7182681583985060E-001                  3.0797483030535133E-001                  2.0198353854798068E-002                  2.5599477053851480E-007                  5.8629522515681298E-022                  0.0000000000000000E+000 
                                     575                  1.8023624899884285E+000                  4.9177430952499924E-003                  6.3907327207936389E+000                 -1.1945099045771230E+000                  1.3313766431956594E+001                  6.7182681563055902E-001                  3.0797483051464292E-001                  2.0198353854798068E-002                  2.8026571258285646E-007                  7.9199007261321358E-022                  0.0000000000000000E+000 
                                     576                  1.8019716660951861E+000                  3.7061178887463214E-003                  6.3937878355685180E+000                 -1.1844573417588757E+000                  1.3326870546627104E+001                  6.7182681543703093E-001                  3.0797483070817100E-001                  2.0198353854798068E-002                  3.0276041210184291E-007                  1.0233609217090058E-021                  0.0000000000000000E+000 
                                     577                  1.8015542409811847E+000                  2.4307261688072696E-003                  6.3965997765660223E+000                 -1.1751711189846916E+000                  1.3338965233832480E+001                  6.7182681524574428E-001                  3.0797483089945760E-001                  2.0198353854798068E-002                  3.2504302643222119E-007                  1.2950908904446382E-021                  0.0000000000000000E+000 
                                     578                  1.8012125151355398E+000                  1.4005405641205452E-003                  6.4002257086327079E+000                 -1.1632615723842044E+000                  1.3354496639656737E+001                  6.7182681497970542E-001                  3.0797483116549645E-001                  2.0198353854798068E-002                  3.5609938858485811E-007                  1.7531074223966680E-021                  0.0000000000000000E+000 
                                     579                  1.8005571654206736E+000                 -5.4149513976766057E-004                  6.4040093705707273E+000                 -1.1506700346269294E+000                  1.3370866606473626E+001                  6.7182681467524208E-001                  3.0797483146995980E-001                  2.0198353854798068E-002                  3.9174321243049411E-007                  2.4035201912237959E-021                  0.0000000000000000E+000 
                                     580                  1.8001412221671544E+000                 -1.7519745483571391E-003                  6.4076686520361505E+000                 -1.1385656927973296E+000                  1.3386625633018282E+001                  6.7182681435395419E-001                  3.0797483179124768E-001                  2.0198353854798068E-002                  4.2944746337236016E-007                  3.2580426274482254E-021                  0.0000000000000000E+000 
                                     581                  1.7994986166421778E+000                 -3.5899276778443242E-003                  6.4118294836579226E+000                 -1.1246887223998441E+000                  1.3404657538575922E+001                  6.7182681395189248E-001                  3.0797483219330946E-001                  2.0198353854798068E-002                  4.7676045616690006E-007                  4.6012453815681767E-021                  0.0000000000000000E+000 
                                     582                  1.7989026275329967E+000                 -5.2610778984212665E-003                  6.4150196833933570E+000                 -1.1139858176468820E+000                  1.3418545755521000E+001                  6.7182681361482088E-001                  3.0797483253038105E-001                  2.0198353854798068E-002                  5.1652536083815661E-007                  5.9922258830799714E-021                  0.0000000000000000E+000 
                                     583                  1.7985237601374393E+000                 -6.3073365789488118E-003                  6.4179211397006126E+000                 -1.1042889067173023E+000                  1.3431139915693043E+001                  6.7182681328553429E-001                  3.0797483285966765E-001                  2.0198353854798068E-002                  5.5544523917110405E-007                  7.6147373671413005E-021                  0.0000000000000000E+000 
                                     584                  1.7979997938428791E+000                 -7.7344798397779415E-003                  6.4208833634023383E+000                 -1.0943194420591644E+000                  1.3444066901377283E+001                  6.7182681292426816E-001                  3.0797483322093377E-001                  2.0198353854798068E-002                  5.9822857116687654E-007                  9.7219490973143173E-021                  0.0000000000000000E+000 
                                     585                  1.7975816207311024E+000                 -8.8574720223793518E-003                  6.4240591071795246E+000                 -1.0836558857812817E+000                  1.3457901321950386E+001                  6.7182681250785659E-001                  3.0797483363734535E-001                  2.0198353854798068E-002                  6.4763525100662795E-007                  1.2624882696988352E-020                  0.0000000000000000E+000 
                                     586                  1.7969704251431409E+000                 -1.0474232722768982E-002                  6.4270417270725479E+000                 -1.0735402803759435E+000                  1.3470994373268244E+001                  6.7182681208575501E-001                  3.0797483405944692E-001                  2.0198353854798068E-002                  6.9781762177467218E-007                  1.6131459226959506E-020                  0.0000000000000000E+000 
                                     587                  1.7965912602055456E+000                 -1.1462985648258029E-002                  6.4296373914475842E+000                 -1.0647654174221990E+000                  1.3482360580023412E+001                  6.7182681169358960E-001                  3.0797483445161233E-001                  2.0198353854798068E-002                  7.4451755884498650E-007                  1.9957130971874115E-020                  0.0000000000000000E+000 
                                     588                  1.7960939689479007E+000                 -1.2743839002115882E-002                  6.4329863908782379E+000                 -1.0534178885989489E+000                  1.3497051393622019E+001                  6.7182681115011977E-001                  3.0797483499508216E-001                  2.0198353854798068E-002                  8.0935188178274227E-007                  2.6249660978851238E-020                  0.0000000000000000E+000 
                                     589                  1.7954372911905865E+000                 -1.4408441610451777E-002                  6.4362460379376794E+000                 -1.0422810873431820E+000                  1.3511441746851574E+001                  6.7182681057647931E-001                  3.0797483556872268E-001                  2.0198353854798068E-002                  8.7792676742687739E-007                  3.4260961823944181E-020                  0.0000000000000000E+000 
                                     590                  1.7949424796607014E+000                 -1.5643283965763852E-002                  6.4388546416544417E+000                 -1.0333599330564478E+000                  1.3522966588858761E+001                  6.7182681008414147E-001                  3.0797483606106058E-001                  2.0198353854797957E-002                  9.3688474217800483E-007                  4.2382772273926597E-020                  0.0000000000000000E+000 
                                     591                  1.7944976668964370E+000                 -1.6739572238444519E-002                  6.4423054635185562E+000                 -1.0215996597411747E+000                  1.3538171444319174E+001                  6.7182680938495798E-001                  3.0797483676024390E-001                  2.0198353854798068E-002                  1.0207562229478155E-006                  5.6118316629111624E-020                  0.0000000000000000E+000 
                                     592                  1.7936765827989012E+000                 -1.8730259207764884E-002                  6.4465003515019204E+000                 -1.0071538397941717E+000                  1.3556803705635939E+001                  6.7182680845128828E-001                  3.0797483769391354E-001                  2.0198353854798179E-002                  1.1330236060959454E-006                  7.8897710444169138E-020                  0.0000000000000000E+000 
                                     593                  1.7929133308972609E+000                 -2.0543871448114742E-002                  6.4502860710039300E+000                 -9.9406833109663761E-001                  1.3573667053120483E+001                  6.7182680752409740E-001                  3.0797483862110459E-001                  2.0198353854798068E-002                  1.2447791232687234E-006                  1.0721814966493458E-019                  0.0000000000000000E+000 
                                     594                  1.7922069877286710E+000                 -2.2192033611655552E-002                  6.4537771586884363E+000                 -9.8196586516220241E-001                  1.3589253157728409E+001                  6.7182680659137162E-001                  3.0797483955383026E-001                  2.0198353854798068E-002                  1.3574512716241302E-006                  1.4217658836831133E-019                  0.0000000000000000E+000 
                                     595                  1.7915240479172294E+000                 -2.3759099373879704E-002                  6.4567294386544312E+000                 -9.7168082134247091E-001                  1.3602483906387246E+001                  6.7182680573894404E-001                  3.0797484040625789E-001                  2.0198353854798068E-002                  1.4606328003711186E-006                  1.8042230455392588E-019                  0.0000000000000000E+000 
                                     596                  1.7910048984498268E+000                 -2.4933524479426497E-002                  6.4598905746456010E+000                 -9.6070216939419251E-001                  1.3616616876415275E+001                  6.7182680475881729E-001                  3.0797484138638453E-001                  2.0198353854798179E-002                  1.5794864398734541E-006                  2.3270116455420671E-019                  0.0000000000000000E+000 
                                     597                  1.7902127597616790E+000                 -2.6698599781214385E-002                  6.4633320121562905E+000                 -9.4864804428602756E-001                  1.3632104445448302E+001                  6.7182680360234825E-001                  3.0797484254285362E-001                  2.0198353854798068E-002                  1.7200344676146277E-006                  3.0685503683782441E-019                  0.0000000000000000E+000 
                                     598                  1.7895413945002294E+000                 -2.8169970958338061E-002                  6.4661945644376644E+000                 -9.3859540473343583E-001                  1.3645012859040133E+001                  6.7182680256546046E-001                  3.0797484357974153E-001                  2.0198353854798068E-002                  1.8463025642767011E-006                  3.8607034183252623E-019                  0.0000000000000000E+000 
                                     599                  1.7889689559155610E+000                 -2.9407351588482174E-002                  6.4689744272951009E+000                 -9.2883025426057342E-001                  1.3657551294435128E+001                  6.7182680148932117E-001                  3.0797484465588082E-001                  2.0198353854798068E-002                  1.9775868714762856E-006                  4.8231433236304610E-019                  0.0000000000000000E+000 
                                     600                  1.7883110285234660E+000                 -3.0810642981384920E-002                  6.4720885639837418E+000                 -9.1785962471411886E-001                  1.3671628535774337E+001                  6.7182680019610841E-001                  3.0797484594909347E-001                  2.0198353854798068E-002                  2.1356588327078916E-006                  6.1862360398387655E-019                  0.0000000000000000E+000 
                                     601                  1.7875623680247270E+000                 -3.2383713855623851E-002                  6.4753297800953113E+000                 -9.0639214187009842E-001                  1.3686329147899412E+001                  6.7182679874387874E-001                  3.0797484740132308E-001                  2.0198353854798179E-002                  2.3135490596385584E-006                  8.0118869960760392E-019                  0.0000000000000000E+000 
                                     602                  1.7868138797704669E+000                 -3.3932042123929688E-002                  6.4782575725215157E+000                 -8.9598737072213819E-001                  1.3699654167706591E+001                  6.7182679733165795E-001                  3.0797484881354398E-001                  2.0198353854798068E-002                  2.4868981846922987E-006                  1.0116077664608200E-018                  0.0000000000000000E+000 
                                     603                  1.7861800910066821E+000                 -3.5224689019958025E-002                  6.4814644190978861E+000                 -8.8460857667275572E-001                  1.3714231679626664E+001                  6.7182679567027204E-001                  3.0797485047492995E-001                  2.0198353854798068E-002                  2.6912353817418713E-006                  1.3052271203307922E-018                  0.0000000000000000E+000 
                                     604                  1.7852702301391306E+000                 -3.7051989827335007E-002                  6.4850626629182990E+000                 -8.7174554196535814E-001                  1.3730683329217557E+001                  6.7182679364663600E-001                  3.0797485249856582E-001                  2.0198353854798179E-002                  2.9407227324427301E-006                  1.7364885927273710E-018                  0.0000000000000000E+000 
                                     605                  1.7844038290390554E+000                 -3.8761994654714506E-002                  6.4888046824486505E+000                 -8.5834719055846143E-001                  1.3747813614026899E+001                  6.7182679135206913E-001                  3.0797485479313286E-001                  2.0198353854798068E-002                  3.2242960697667196E-006                  2.3350904269858195E-018                  0.0000000000000000E+000 
                                     606                  1.7833769010790175E+000                 -4.0752529948001090E-002                  6.4921585042272794E+000                 -8.4622736600873538E-001                  1.3763277629714700E+001                  6.7182678911104421E-001                  3.0797485703415772E-001                  2.0198353854798068E-002                  3.5019487514609860E-006                  3.0438402657816866E-018                  0.0000000000000000E+000 
                                     607                  1.7826605632531003E+000                 -4.2118573804249916E-002                  6.4949123846044472E+000                 -8.3627986114859065E-001                  1.3775971166566530E+001                  6.7182678713496791E-001                  3.0797485901023403E-001                  2.0198353854798068E-002                  3.7472556277110725E-006                  3.7821748180451050E-018                  0.0000000000000000E+000 
                                     608                  1.7819167238546991E+000                 -4.3518247907167761E-002                  6.4980465629294581E+000                 -8.2494153814849880E-001                  1.3790434677448939E+001                  6.7182678472442481E-001                  3.0797486142077707E-001                  2.0198353854798068E-002                  4.0470655943036673E-006                  4.8404306657813316E-018                  0.0000000000000000E+000 
                                     609                  1.7809652016588038E+000                 -4.5281734235340813E-002                  6.5011645914977185E+000                 -8.1357191253714234E-001                  1.3804912922356923E+001                  6.7182678213776681E-001                  3.0797486400743512E-001                  2.0198353854798068E-002                  4.3694615371968741E-006                  6.1849435126184862E-018                  0.0000000000000000E+000 
                                     610                  1.7801894807159446E+000                 -4.6697721112552722E-002                  6.5037315821213886E+000                 -8.0418719390460947E-001                  1.3816856781807960E+001                  6.7182677985993589E-001                  3.0797486628526605E-001                  2.0198353854798068E-002                  4.6538735929553485E-006                  7.5653095778317688E-018                  0.0000000000000000E+000 
                                     611                  1.7795147203882955E+000                 -4.7914096238062524E-002                  6.5067690130040745E+000                 -7.9310100743970291E-001                  1.3830971255596536E+001                  6.7182677698351267E-001                  3.0797486916168920E-001                  2.0198353854798068E-002                  5.0136266161421268E-006                  9.5968941839680531E-018                  0.0000000000000000E+000 
                                     612                  1.7784421871774418E+000                 -4.9819218898223078E-002                  6.5098896007693527E+000                 -7.8158244810344069E-001                  1.3845600333546795E+001                  6.7182677379565081E-001                  3.0797487234955112E-001                  2.0198353854798068E-002                  5.4131276349926921E-006                  1.2250957801846910E-017                  0.0000000000000000E+000 
                                     613                  1.7776742337422771E+000                 -5.1162611245479730E-002                  6.5127829065858078E+000                 -7.7091688129012270E-001                  1.3859149995767687E+001                  6.7182677062584084E-001                  3.0797487551936109E-001                  2.0198353854798068E-002                  5.8110514504479254E-006                  1.5355580404582845E-017                  0.0000000000000000E+000 
                                     614                  1.7767022056312132E+000                 -5.2839137076768829E-002                  6.5161066082727634E+000                 -7.5860086822412232E-001                  1.3874778830288371E+001                  6.7182676670259267E-001                  3.0797487944260926E-001                  2.0198353854798068E-002                  6.3044629455123212E-006                  1.9896571033894231E-017                  0.0000000000000000E+000 
                                     615                  1.7756293469593936E+000                 -5.4659689165147109E-002                  6.5194003368691886E+000                 -7.4632197742128226E-001                  1.3890340319611743E+001                  6.7182676249285500E-001                  3.0797488365234682E-001                  2.0198353854798179E-002                  6.8349221698924464E-006                  2.5709691056976919E-017                  0.0000000000000000E+000 
                                     616                  1.7746255288203987E+000                 -5.6335720186250257E-002                  6.5220752868402840E+000                 -7.3629079161413513E-001                  1.3903037137801142E+001                  6.7182675881911658E-001                  3.0797488732608524E-001                  2.0198353854798179E-002                  7.2986243192825199E-006                  3.1650253252504628E-017                  0.0000000000000000E+000 
                                     617                  1.7739047980811904E+000                 -5.7523307385749733E-002                  6.5251916877348268E+000                 -7.2465620971087286E-001                  1.3917777609059719E+001                  6.7182675424535288E-001                  3.0797489189984895E-001                  2.0198353854798179E-002                  7.8767799961419724E-006                  4.0298733545969659E-017                  0.0000000000000000E+000 
                                     618                  1.7725807701084164E+000                 -5.9671912282297977E-002                  6.5285379047904337E+000                 -7.1199301008713012E-001                  1.3933774869813920E+001                  6.7182674892305327E-001                  3.0797489722214849E-001                  2.0198353854798290E-002                  8.5508128072999859E-006                  5.2223797685937537E-017                  0.0000000000000000E+000 
                                     619                  1.7716491115297501E+000                 -6.1158903692064788E-002                  6.5320166286751444E+000                 -6.9887925851116817E-001                  1.3950355067380485E+001                  6.7182674293962963E-001                  3.0797490320556808E-001                  2.0198353854802287E-002                  9.3101974316958705E-006                  6.8324159566207542E-017                  0.0000000000000000E+000 
                                     620                  1.7701852835633085E+000                 -6.3455585473527185E-002                  6.5355256551917131E+000                 -6.8547549570592925E-001                  1.3967254598417613E+001                  6.7182673636761148E-001                  3.0797490977756814E-001                  2.0198353854820383E-002                  1.0147030797769785E-005                  8.9576891524376323E-017                  0.0000000000000000E+000 
                                     621                  1.7691625922243004E+000                 -6.5032340278703679E-002                  6.5380292890910630E+000                 -6.7589407108993782E-001                  1.3979330155466648E+001                  6.7182673132676651E-001                  3.0797491481840816E-001                  2.0198353854825379E-002                  1.0789077493502554E-005                  1.0863304194898992E-016                  0.0000000000000000E+000 
                                     622                  1.7683737664159807E+000                 -6.6233461907243815E-002                  6.5408147570580741E+000                 -6.6526177218549309E-001                  1.3992737556808544E+001                  6.7182672539071731E-001                  3.0797492075441335E-001                  2.0198353854869344E-002                  1.1549397700012024E-005                  1.3457317952844620E-016                  0.0000000000000000E+000 
                                     623                  1.7671132531613063E+000                 -6.8126504527481146E-002                  6.5438228092724300E+000                 -6.5366731738352479E-001                  1.4007328329583691E+001                  6.7182671849608333E-001                  3.0797492764901035E-001                  2.0198353854906315E-002                  1.2432584233561541E-005                  1.6955213288491731E-016                  0.0000000000000000E+000 
                                     624                  1.7661086669515489E+000                 -6.9612699459122060E-002                  6.5469503095903407E+000                 -6.4163072539611254E-001                  1.4022480396345726E+001                  6.7182671080231948E-001                  3.0797493534272408E-001                  2.0198353854956386E-002                  1.3420279336387997E-005                  2.1547315206813539E-016                  0.0000000000000000E+000 
                                     625                  1.7647107937319255E+000                 -7.1648810896895315E-002                  6.5505712721225251E+000                 -6.2759898537044811E-001                  1.4040118760857311E+001                  6.7182670111727494E-001                  3.0797494502773443E-001                  2.0198353854990581E-002                  1.4663161679661973E-005                  2.8426729165770834E-016                  0.0000000000000000E+000 
                                     626                  1.7632560400608499E+000                 -7.3729786321236612E-002                  6.5542122180305356E+000                 -6.1346911641938762E-001                  1.4057917129515154E+001                  6.7195024709916407E-001                  3.0785121659263731E-001                  2.0198536308198678E-002                  1.6032905846012419E-005                  3.7561147074273688E-016                  0.0000000000000000E+000 
                                     627                  1.7617669142464756E+000                 -7.5821673545404880E-002                  6.5572599778258063E+000                 -6.0153517872510587E-001                  1.4072903479531256E+001                  6.7200085677466692E-001                  3.0780053216872300E-001                  2.0198611056610138E-002                  1.7276635571524584E-005                  4.7401067527160556E-016                  0.0000000000000000E+000 
                                     628                  1.7607289623518656E+000                 -7.7257638828923225E-002                  6.5605295622149367E+000                 -5.8877714912423884E-001                  1.4088917966521565E+001                  6.7200084570064200E-001                  3.0780054324263478E-001                  2.0198611056723159E-002                  1.8710904601131180E-005                  6.0782901415093287E-016                  0.0000000000000000E+000 
                                     629                  1.7590034661422060E+000                 -7.9606170699216050E-002                  6.5640685954823406E+000                 -5.7483554936246994E-001                  1.4106411349115316E+001                  6.7208192066354955E-001                  3.0771934860337496E-001                  2.0198730733075543E-002                  2.0405879112865981E-005                  7.9567058587588564E-016                  0.0000000000000000E+000 
                                     630                  1.7576556800771825E+000                 -8.1408315919661453E-002                  6.5670886277825833E+000                 -5.6293483589275695E-001                  1.4121348609713813E+001                  6.7216747790598919E-001                  3.0763366507078127E-001                  2.0198857023229544E-002                  2.1971643836248631E-005                  1.0008133790648367E-015                  0.0000000000000000E+000 
                                     631                  1.7563222532721747E+000                 -8.3164519892377317E-002                  6.5699822935403658E+000                 -5.5146719001434641E-001                  1.4135697639715483E+001                  6.7216746553392670E-001                  3.0763367744273551E-001                  2.0198857023337791E-002                  2.3579683242561356E-005                  1.2459012008955368E-015                  0.0000000000000000E+000 
                                     632                  1.7550324936548596E+000                 -8.4838663339477607E-002                  6.5723656963378554E+000                 -5.4202255091535501E-001                  1.4147562074384608E+001                  6.7230418860746699E-001                  3.0749675267651994E-001                  2.0199058716013019E-002                  2.5000305494320644E-005                  1.4928766626789580E-015                  0.0000000000000000E+000 
                                     633                  1.7541194454307905E+000                 -8.6009785241627112E-002                  6.5749736068191194E+000                 -5.3168899182458540E-001                  1.4160500943007934E+001                  6.7232869685241403E-001                  3.0747220826144211E-001                  2.0199094886143909E-002                  2.6640805192410942E-005                  1.8176744347976282E-015                  0.0000000000000000E+000 
                                     634                  1.7525858451173366E+000                 -8.7951359431052561E-002                  6.5784712785164405E+000                 -5.1777809757706861E-001                  1.4177927746664425E+001                  6.7242600741520020E-001                  3.0737475421111199E-001                  2.0199238373687756E-002                  2.9016365688261612E-005                  2.3667150331070072E-015                  0.0000000000000000E+000 
                                     635                  1.7507643683736516E+000                 -9.0217384750961208E-002                  6.5814034770866776E+000                 -5.0599532854721696E-001                  1.4192649942012917E+001                  6.7248538914215361E-001                  3.0731528491589688E-001                  2.0199325941949509E-002                  3.1173267562374466E-005                  2.9519291294766495E-015                  0.0000000000000000E+000 
                                     636                  1.7497024046186016E+000                 -9.1519119998504234E-002                  6.5840648931188630E+000                 -4.9538357386521514E-001                  1.4205952607160018E+001                  6.7260534087826063E-001                  3.0719515641649120E-001                  2.0199502705248173E-002                  3.3266496936674003E-005                  3.6067047473183375E-015                  0.0000000000000000E+000 
                                     637                  1.7481039970355416E+000                 -9.3452600539249434E-002                  6.5869704451127538E+000                 -4.8369075510077003E-001                  1.4220560232928033E+001                  6.7267009868610983E-001                  3.0713030319267332E-001                  2.0199598121216855E-002                  3.5710772347863462E-005                  4.4861113307213316E-015                  0.0000000000000000E+000 
                                     638                  1.7467361742589476E+000                 -9.5083158634463122E-002                  6.5895318991963370E+000                 -4.7338926767997724E-001                  1.4233452101966261E+001                  6.7278802555986894E-001                  3.0701220263820495E-001                  2.0199771801926114E-002                  3.8017055259297171E-005                  5.4374059720995108E-015                  0.0000000000000000E+000 
                                     639                  1.7454401819973966E+000                 -9.6608409806848969E-002                  6.5925546417030905E+000                 -4.6124079788691369E-001                  1.4248646579445868E+001                  6.7289479258989726E-001                  3.0690527844989152E-001                  2.0199928960211277E-002                  4.0921932891210235E-005                  6.8183903124270669E-015                  0.0000000000000000E+000 
                                     640                  1.7435362133799446E+000                 -9.8815635754011769E-002                  6.5955995240635739E+000                 -4.4889426192422271E-001                  1.4264063626962578E+001                  6.7301011966173441E-001                  3.0678978168888571E-001                  2.0200098649379883E-002                  4.4079584482940578E-005                  8.5629052855105731E-015                  0.0000000000000000E+000 
                                     641                  1.7421409593867678E+000                 -1.0040856318482783E-001                  6.5983593117441348E+000                 -4.3771447827365045E-001                  1.4278014318851287E+001                  6.7307856786925069E-001                  3.0672123277701130E-001                  2.0200199353737958E-002                  4.7140625874200339E-005                  1.0520144268839961E-014                  0.0000000000000000E+000 
                                     642                  1.7404906905093229E+000                 -1.0226676786800105E-001                  6.6011137469485801E+000                 -4.2653838415971235E-001                  1.4291991011520846E+001                  6.7325016970126073E-001                  3.0654937871784160E-001                  2.0200451580897671E-002                  5.0420482492046698E-005                  1.2922663888750905E-014                  0.0000000000000000E+000 
                                     643                  1.7390405926851498E+000                 -1.0387727949320991E-001                  6.6039076294193126E+000                 -4.1517946263248745E-001                  1.4306161170727062E+001                  6.7333751180777368E-001                  3.0646190830290571E-001                  2.0200579889320558E-002                  5.3964222833761778E-005                  1.5907628658840554E-014                  0.0000000000000000E+000 
                                     644                  1.7372890153606162E+000                 -1.0579563600266617E-001                  6.6064432137552656E+000                 -4.0481431934768281E-001                  1.4319088675561286E+001                  6.7344984764181537E-001                  3.0634940748303813E-001                  2.0200744875146448E-002                  5.7403792041852256E-005                  1.9209076408219694E-014                  0.0000000000000000E+000 
                                     645                  1.7360769416469812E+000                 -1.0710635381359344E-001                  6.6091865418771905E+000                 -3.9367035423709434E-001                  1.4333016278568566E+001                  6.7360352953412361E-001                  3.0619550009167251E-001                  2.0200970374203875E-002                  6.1362839985504628E-005                  2.3548612472611736E-014                  0.0000000000000000E+000 
                                     646                  1.7340330550686105E+000                 -1.0928670766294026E-001                  6.6124959235724825E+000                 -3.8012515341800435E-001                  1.4349912252435487E+001                  6.7376873899788259E-001                  3.0603004839049081E-001                  2.0201212611626662E-002                  6.6507311749394100E-005                  3.0096537919489226E-014                  0.0000000000000000E+000 
                                     647                  1.7320609139642695E+000                 -1.1135607678739806E-001                  6.6154842919782206E+000                 -3.6786280575397523E-001                  1.4365206019249650E+001                  6.7393476384155904E-001                  3.0586378032545186E-001                  2.0201455832989046E-002                  7.1522762075209290E-005                  3.7549347429129685E-014                  0.0000000000000000E+000 
                                     648                  1.7303276594028782E+000                 -1.1314788978560779E-001                  6.6186196082664965E+000                 -3.5501326532659672E-001                  1.4381231663522504E+001                  6.7409549410832914E-001                  3.0570281479550515E-001                  2.0201691096165764E-002                  7.7176868564147791E-005                  4.7332154347352290E-014                  0.0000000000000000E+000 
                                     649                  1.7280975396785860E+000                 -1.1541775363413949E-001                  6.6215688936728681E+000                 -3.4284535815484757E-001                  1.4396398129191034E+001                  6.7427965615959662E-001                  3.0551838344875765E-001                  2.0201960391645679E-002                  8.2917341915835603E-005                  5.8845972484733016E-014                  0.0000000000000000E+000 
                                     650                  1.7265151747683083E+000                 -1.1700483082888773E-001                  6.6246496054819204E+000                 -3.3020623924547554E-001                  1.4412171620538777E+001                  6.7447716365539723E-001                  3.0532058748788699E-001                  2.0202248856715732E-002                  8.9346535617094617E-005                  7.3829561148163536E-014                  0.0000000000000000E+000 
                                     651                  1.7240445745117308E+000                 -1.1944541219071245E-001                  6.6279682688097763E+000                 -3.1647664129747161E-001                  1.4429278092322457E+001                  6.7469235449333065E-001                  3.0510508271997555E-001                  2.0202562786693745E-002                  9.6844902409023073E-005                  9.4243513198628906E-014                  0.0000000000000000E+000 
                                     652                  1.7220451569395772E+000                 -1.2138827333340430E-001                  6.6305707953644157E+000                 -3.0569672814677318E-001                  1.4442708087309111E+001                  6.7486663492607279E-001                  3.0493054835874933E-001                  2.0202816715177874E-002                  1.0315795378909100E-004                  1.1409258958382950E-013                  0.0000000000000000E+000 
                                     653                  1.7204700800130226E+000                 -1.2289919544598496E-001                  6.6329221590232477E+000                 -2.9596633688492230E-001                  1.4454830870467324E+001                  6.7501804896372264E-001                  3.0477891396030177E-001                  2.0203037075975594E-002                  1.0920285902249795E-004                  1.3555147791302066E-013                  0.0000000000000000E+000 
                                     654                  1.7187652008722221E+000                 -1.2451576526447358E-001                  6.6356794683249269E+000                 -2.8456308201840530E-001                  1.4469044409016973E+001                  6.7520959272927616E-001                  3.0458709177150028E-001                  2.0203315499223606E-002                  1.1673705535043926E-004                  1.6586361735584663E-013                  0.0000000000000000E+000 
                                     655                  1.7165607202560647E+000                 -1.2657791674917568E-001                  6.6384318224865408E+000                 -2.7311547662437841E-001                  1.4483295056137528E+001                  6.7539495003219907E-001                  3.0440146539274043E-001                  2.0203584575060551E-002                  1.2478120205851071E-004                  2.0283054392379221E-013                  0.0000000000000000E+000 
                                     656                  1.7147861546668088E+000                 -1.2821552389740090E-001                  6.6410676777196755E+000                 -2.6217891112740827E-001                  1.4496921698430480E+001                  6.7558858840687463E-001                  3.0420754633816438E-001                  2.0203865254960984E-002                  1.3299073218490433E-004                  2.4585550327584884E-013                  0.0000000000000000E+000 
                                     657                  1.7126866365414106E+000                 -1.3012812854624084E-001                  6.6438713713362745E+000                 -2.5051663577181732E-001                  1.4511447524758053E+001                  6.7580112006781967E-001                  3.0399470712876875E-001                  2.0204172803411580E-002                  1.4231594295027215E-004                  3.0160146266770136E-013                  0.0000000000000000E+000 
                                     658                  1.7105897119763351E+000                 -1.3201230414173648E-001                  6.6462584520579542E+000                 -2.4055583145123519E-001                  1.4523848768343710E+001                  6.7598933698184105E-001                  3.0380621830248000E-001                  2.0204444715678949E-002                  1.5077205538633809E-004                  3.5885605058457591E-013                  0.0000000000000000E+000 
                                     659                  1.7090503417450158E+000                 -1.3337940075179031E-001                  6.6488424526282826E+000                 -2.2981355657209546E-001                  1.4537220789130602E+001                  6.7615685948370230E-001                  3.0363845412193713E-001                  2.0204686394360571E-002                  1.6044839621252410E-004                  4.3287784590241729E-013                  0.0000000000000000E+000 
                                     660                  1.7065976016416062E+000                 -1.3553039941930914E-001                  6.6524385448458592E+000                 -2.1485075571664103E-001                  1.4555861115328792E+001                  6.7644218375962040E-001                  3.0335271913221934E-001                  2.0205097108160208E-002                  1.7496579166253193E-004                  5.6185655550888032E-013                  0.0000000000000000E+000 
                                     661                  1.7033814118746409E+000                 -1.3830211657263666E-001                  6.6564051725302908E+000                 -1.9827770472496839E-001                  1.4576497945294642E+001                  6.7677888955738541E-001                  3.0301553003735376E-001                  2.0205580405260770E-002                  1.9251570486900342E-004                  7.4881105396637306E-013                  0.0000000000000000E+000 
                                     662                  1.7001844867249001E+000                 -1.4100469578714889E-001                  6.6592781305879356E+000                 -1.8618612166893625E-001                  1.4591530583456581E+001                  6.7701686233685665E-001                  3.0277721665400387E-001                  2.0205921009139427E-002                  2.0633046219390846E-004                  9.2171806834218131E-013                  0.0000000000000000E+000 
                                     663                  1.6986249684641643E+000                 -1.4230472648555226E-001                  6.6619376132773160E+000                 -1.7510944581499840E-001                  1.4605332461573896E+001                  6.7724325551940323E-001                  3.0255050032847963E-001                  2.0206244152117137E-002                  2.1992606230345862E-004                  1.1165076515380744E-012                  0.0000000000000000E+000 
                                     664                  1.6957197321172104E+000                 -1.4469584544678951E-001                  6.6651747454232249E+000                 -1.6154213075288840E-001                  1.4622225203568837E+001                  6.7754408152829959E-001                  3.0224924618323445E-001                  2.0206672288465954E-002                  2.3772669040925205E-004                  1.4098368883473458E-012                  0.0000000000000000E+000 
                                     665                  1.6930774989877952E+000                 -1.4683687535982254E-001                  6.6679428906198517E+000                 -1.4993603468242703E-001                  1.4636687159048588E+001                  6.7783712556730802E-001                  3.0195578678832241E-001                  2.0207087644369626E-002                  2.5409122126950355E-004                  1.7207890523437731E-012                  0.0000000000000000E+000 
                                     666                  1.6908846378546292E+000                 -1.4859035083781225E-001                  6.6701225552584900E+000                 -1.4077700338197463E-001                  1.4648081963122038E+001                  6.7802966759442962E-001                  3.0176297278167213E-001                  2.0207359623898302E-002                  2.6773101179531381E-004                  2.0123142765124173E-012                  0.0000000000000000E+000 
                                     667                  1.6892106740041153E+000                 -1.4991497875987445E-001                  6.6728323818419986E+000                 -1.2947909282221598E-001                  1.4662175847655554E+001                  6.7831605435826747E-001                  3.0147618302083001E-001                  2.0207762620902514E-002                  2.8567223874894141E-004                  2.4439498159673895E-012                  0.0000000000000000E+000 
                                     668                  1.6860142790512977E+000                 -1.5241209699460434E-001                  6.6759700222875162E+000                 -1.1628173621292669E-001                  1.4678600716766120E+001                  6.7861963164662886E-001                  3.0117218015609526E-001                  2.0208188197275878E-002                  3.0797699677793141E-004                  3.0596697766658669E-012                  0.0000000000000000E+000 
                                     669                  1.6834545192297232E+000                 -1.5438217470801163E-001                  6.6785801199433514E+000                 -1.0531807533266598E-001                  1.4692255065090087E+001                  6.7888890740447339E-001                  3.0090252841959680E-001                  2.0208564175929755E-002                  3.2782883783505584E-004                  3.6874662513579899E-012                  0.0000000000000000E+000 
                                     670                  1.6811422183958524E+000                 -1.5613992525109857E-001                  6.6814727671492475E+000                 -9.3206115955676475E-002                  1.4707350048876355E+001                  6.7918968427015602E-001                  3.0060133319622984E-001                  2.0208982533614139E-002                  3.5126622968032449E-004                  4.5327549201365416E-012                  0.0000000000000000E+000 
                                     671                  1.6779689849878217E+000                 -1.5851954076156388E-001                  6.6841323195115567E+000                 -8.1989072752228886E-002                  1.4721307274068950E+001                  6.7945968118134437E-001                  3.0033096198058423E-001                  2.0209356838071457E-002                  3.7432148586465103E-004                  5.4788988391818276E-012                  0.0000000000000000E+000 
                                     672                  1.6760016592324285E+000                 -1.5997641410658475E-001                  6.6866782869891592E+000                 -7.1315086637386144E-002                  1.4734595769937087E+001                  6.7969153095417090E-001                  3.0009879174891824E-001                  2.0209677296910922E-002                  3.9768742593037108E-004                  6.5650253225753152E-012                  0.0000000000000000E+000 
                                     673                  1.6729802526179158E+000                 -1.6218736992926189E-001                  6.6891013535097619E+000                 -6.1059822006709431E-002                  1.4747317205773438E+001                  6.7984773159559597E-001                  2.9994237543855146E-001                  2.0209892965852516E-002                  4.2126347433501154E-004                  7.7945725204240597E-012                  0.0000000000000000E+000 
                                     674                  1.6711711394037589E+000                 -1.6349614104856924E-001                  6.6917125013031411E+000                 -5.0123963791582016E-002                  1.4760933231639489E+001                  6.8008105956816889E-001                  2.9970872579630509E-001                  2.0210214635526080E-002                  4.4816811554598509E-004                  9.3769185173185423E-012                  0.0000000000000000E+000 
                                     675                  1.6677089991498275E+000                 -1.6597058586175978E-001                  6.6946378210484783E+000                 -3.7759535409041388E-002                  1.4776285283297083E+001                  6.8029910564203000E-001                  2.9949037979724019E-001                  2.0210514560729864E-002                  4.8037509100674452E-004                  1.1529836008280253E-011                  0.0000000000000000E+000 
                                     676                  1.6651521761221655E+000                 -1.6777313589861947E-001                  6.6971164598998358E+000                 -2.7305378470960075E-002                  1.4789264334441688E+001                  6.8046396266096465E-001                  2.9932529656352219E-001                  2.0210740775513214E-002                  5.0937348765409715E-004                  1.3729883689151237E-011                  0.0000000000000000E+000 
                                     677                  1.6625303861292895E+000                 -1.6960028875765920E-001                  6.6997628729750485E+000                 -1.6157960144874618E-002                  1.4803113636533132E+001                  6.8065749413284748E-001                  2.9913150067175620E-001                  2.0211005195396314E-002                  5.4223706348084633E-004                  1.6540285813312947E-011                  0.0000000000000000E+000 
                                     678                  1.6595392342276969E+000                 -1.7165948040892279E-001                  6.7025010145030288E+000                 -4.5793346027466564E-003                  1.4817458628560296E+001                  6.8077167798542015E-001                  2.9901716114955473E-001                  2.0211160865025057E-002                  5.7833776161600361E-004                  2.0039248589171791E-011                  0.0000000000000000E+000 
                                     679                  1.6566269243245990E+000                 -1.7363907252181046E-001                  6.7050947015405171E+000                  6.3611459446135700E-003                  1.4831048774356091E+001                  6.8096567549719700E-001                  2.9882290033168074E-001                  2.0211424171122205E-002                  6.1481554923744329E-004                  2.4037933313321173E-011                  0.0000000000000000E+000 
                                     680                  1.6538580280757733E+000                 -1.7549886205781126E-001                  6.7077664482431576E+000                  1.6942715589541732E-002                  1.4845031250806995E+001                  6.8314336464613179E-001                  2.9665000286699161E-001                  2.0206632486876597E-002                  6.5750909315200751E-004                  2.9837018558555422E-011                  0.0000000000000000E+000 
                                     681                  1.6506857101316885E+000                 -1.7760702088220792E-001                  6.7104745116610340E+000                  2.6204839622022757E-002                  1.4859223923479226E+001                  6.8974051282100102E-001                  2.9006957350186402E-001                  2.0189913677134963E-002                  7.1037991648349296E-004                  3.9458582523162218E-011                  0.0000000000000000E+000 
                                     682                  1.6477367143042139E+000                 -1.7955246890756968E-001                  6.7130297852055767E+000                  3.6850876322585990E-002                  1.4872609898762688E+001                  6.9031522747594543E-001                  2.8949633324149021E-001                  2.0188439282564419E-002                  7.5493053571508602E-004                  4.7470549471244529E-011                  0.0000000000000000E+000 
                                     683                  1.6448214605697831E+000                 -1.8145418944378042E-001                  6.7159731586914280E+000                  4.9185779941649528E-002                  1.4887993220837588E+001                  6.9065756994289773E-001                  2.8915486954885405E-001                  2.0187560508248215E-002                  8.0903021425670556E-004                  5.8457840748241763E-011                  0.0000000000000000E+000 
                                     684                  1.6408792288921914E+000                 -1.8399244354979497E-001                  6.7186928723320110E+000                  6.0700586334034343E-002                  1.4902276735676750E+001                  6.9083192205232968E-001                  2.8898096547166807E-001                  2.0187112476002245E-002                  8.6226293966882109E-004                  7.0711613753727790E-011                  0.0000000000000000E+000 
                                     685                  1.6383698333153955E+000                 -1.8558851425485107E-001                  6.7211518093694007E+000                  7.1044177569592595E-002                  1.4915126964913348E+001                  6.9099858530491343E-001                  2.8881473049384504E-001                  2.0186684201241478E-002                  9.1321620195922214E-004                  8.3959350483292357E-011                  0.0000000000000000E+000 
                                     686                  1.6349692138604905E+000                 -1.8772794851909727E-001                  6.7242306881026668E+000                  8.4015631917011155E-002                  1.4931219761890612E+001                  6.9115571179937707E-001                  2.8865800813706538E-001                  2.0186280063557493E-002                  9.8108659681032267E-004                  1.0398875731773228E-010                  0.0000000000000000E+000 
                                     687                  1.6308512782281535E+000                 -1.9028353068651210E-001                  6.7273637180511656E+000                  9.7259143027629988E-002                  1.4947627700261794E+001                  6.9128046056413139E-001                  2.8853358060907541E-001                  2.0185958826793193E-002                  1.0552155938956570E-003                  1.2917443335743823E-010                  0.0000000000000000E+000 
                                     688                  1.6271766366771332E+000                 -1.9253253306246937E-001                  6.7299149032061365E+000                  1.0805364344625756E-001                  1.4960994781799892E+001                  6.9136937260570031E-001                  2.8844489773615906E-001                  2.0185729658140694E-002                  1.1195915389957875E-003                  1.5405091676422882E-010                  0.0000000000000000E+000 
                                     689                  1.6244017764622634E+000                 -1.9421178499397623E-001                  6.7321720567315646E+000                  1.1757322646151384E-001                  1.4972792093077555E+001                  6.9145229324287905E-001                  2.8836219082480968E-001                  2.0185515932311215E-002                  1.1796737096584785E-003                  1.7997900132162601E-010                  0.0000000000000000E+000 
                                     690                  1.6213973365252878E+000                 -1.9601205484586529E-001                  6.7350757622941435E+000                  1.2978940735898278E-001                  1.4987927910767553E+001                  6.9152686668379559E-001                  2.8828781010971222E-001                  2.0185323206492134E-002                  1.2614211143308315E-003                  2.1966297127153412E-010                  0.0000000000000000E+000 
                                     691                  1.6168651635172440E+000                 -1.9869359114519605E-001                  6.7378855964571400E+000                  1.4168612890549509E-001                  1.5002653271139110E+001                  6.9160953789338031E-001                  2.8820535244015477E-001                  2.0185109666464918E-002                  1.3460717051737234E-003                  2.6636591064152319E-010                  0.0000000000000000E+000 
                                     692                  1.6139730422917125E+000                 -2.0038387030412072E-001                  6.7402982856730453E+000                  1.5185087013748549E-001                  1.5015239030933841E+001                  6.9165634509902540E-001                  2.8815866667355683E-001                  2.0184988227417766E-002                  1.4229112031328920E-003                  3.1408269675151093E-010                  0.0000000000000000E+000 
                                     693                  1.6104066132129253E+000                 -2.0244658459782869E-001                  6.7430585718085396E+000                  1.6347874742064941E-001                  1.5029640336204569E+001                  6.9172024292124312E-001                  2.8809493441271383E-001                  2.0184822666043045E-002                  1.5161369416365135E-003                  3.7917556956800052E-010                  0.0000000000000000E+000 
                                     694                  1.6064764210105058E+000                 -2.0469281412180623E-001                  6.7460811937320431E+000                  1.7620518466016324E-001                  1.5045399645425102E+001                  6.9177733343482417E-001                  2.8803799229423643E-001                  2.0184674270939396E-002                  1.6250021517536398E-003                  4.6575200521336990E-010                  0.0000000000000000E+000 
                                     695                  1.6020667025112627E+000                 -2.0718066822756376E-001                  6.7488541302957543E+000                  1.8791028290744474E-001                  1.5059886467153911E+001                  6.9182775223950654E-001                  2.8798770473563695E-001                  2.0184543024856505E-002                  1.7316945611706570E-003                  5.6228164974256853E-010                  0.0000000000000000E+000 
                                     696                  1.5986967889517900E+000                 -2.0905946574977585E-001                  6.7514829730853130E+000                  1.9895902582409011E-001                  1.5073571933585306E+001                  6.9187328197973641E-001                  2.8794229371444491E-001                  2.0184424305818682E-002                  1.8389445009917020E-003                  6.7189194735786812E-010                  0.0000000000000000E+000 
                                     697                  1.5945896776495498E+000                 -2.1132391418891658E-001                  6.7543838984360915E+000                  2.1115770246568563E-001                  1.5088679985612631E+001                  6.9192240279897754E-001                  2.8789330116397083E-001                  2.0184296037051630E-002                  1.9648720354576450E-003                  8.1751173663889871E-010                  0.0000000000000000E+000 
                                     698                  1.5903188393746936E+000                 -2.1365000128758577E-001                  6.7575078856989714E+000                  2.2427365695377288E-001                  1.5104927236907770E+001                  6.9196920456739064E-001                  2.8784662206548556E-001                  2.0184173367123748E-002                  2.1097896529050173E-003                  1.0092487047960904E-009                  0.0000000000000000E+000 
                                     699                  1.5854221834660642E+000                 -2.1628228516846384E-001                  6.7602803119655954E+000                  2.3595062985284249E-001                  1.5119384940480284E+001                  6.9201606642244684E-001                  2.8779988289519681E-001                  2.0184050682356292E-002                  2.2473569262137548E-003                  1.2165153831143529E-009                  0.0000000000000000E+000 
                                     700                  1.5820446128801977E+000                 -2.1807703678490009E-001                  6.7629160855828276E+000                  2.4698854916452406E-001                  1.5133061821526567E+001                  6.9204550872692838E-001                  2.8777051862619851E-001                  2.0183972646873105E-002                  2.3858148194250851E-003                  1.4519217937571956E-009                  0.0000000000000000E+000 
                                     701                  1.5774527483143714E+000                 -2.2049061465900918E-001                  6.7656711844816435E+000                  2.5855535617490855E-001                  1.5147390840514415E+001                  6.9208740163071514E-001                  2.8772873596122622E-001                  2.0183862408058584E-002                  2.5397211047378629E-003                  1.7466308411532893E-009                  0.0000000000000000E+000 
                                     702                  1.5735865738005239E+000                 -2.2249981202109909E-001                  6.7684424688283134E+000                  2.7014312373656435E-001                  1.5161757719145811E+001                  6.9213058295445784E-001                  2.8768566836779097E-001                  2.0183748677751190E-002                  2.7040434868917844E-003                  2.1025180202213822E-009                  0.0000000000000000E+000 
                                     703                  1.5688270823957751E+000                 -2.2494546322763301E-001                  6.7711627139495008E+000                  2.8154689616830481E-001                  1.5175886798999379E+001                  6.9216502176811634E-001                  2.8765132099678559E-001                  2.0183657235098074E-002                  2.8755803114218223E-003                  2.5213620470637511E-009                  0.0000000000000000E+000 
                                     704                  1.5649900201485945E+000                 -2.2689541707936201E-001                  6.7739757962168650E+000                  2.9327986779566623E-001                  1.5190437494753409E+001                  6.9219776781350995E-001                  2.8761866235437006E-001                  2.0183569832119996E-002                  3.0637244345940837E-003                  3.0408403908436741E-009                  0.0000000000000000E+000 
                                     705                  1.5598176175244591E+000                 -2.2949441371188406E-001                  6.7770479386433262E+000                  3.0611206618205433E-001                  1.5206351903389869E+001                  6.9224803620974795E-001                  2.8756852685645568E-001                  2.0183436933796317E-002                  3.2832597254089163E-003                  3.7305965296782387E-009                  0.0000000000000000E+000 
                                     706                  1.5549926897705275E+000                 -2.3188918221873064E-001                  6.7798125464120389E+000                  3.1765015098752758E-001                  1.5220661584998480E+001                  6.9228650120188562E-001                  2.8753016432908651E-001                  2.0183334469027869E-002                  3.4938004766211141E-003                  4.4819896523006193E-009                  0.0000000000000000E+000 
                                     707                  1.5506849573637689E+000                 -2.3400388164955233E-001                  6.7825783785310350E+000                  3.2915320717173996E-001                  1.5234940005590069E+001                  6.9233164867505015E-001                  2.8748513668739656E-001                  2.0183214637553348E-002                  3.7173822283999907E-003                  5.3833252951754803E-009                  0.0000000000000000E+000 
                                     708                  1.5457310594432656E+000                 -2.3640948068192322E-001                  6.7855248709726377E+000                  3.4140420031882424E-001                  1.5250145838507887E+001                  6.9237379048441317E-001                  2.8744310754152363E-001                  2.0183101974063256E-002                  3.9708951998475833E-003                  6.5407810924644915E-009                  0.0000000000000000E+000 
                                     709                  1.5406727581941722E+000                 -2.3883765831906967E-001                  6.7888115369806075E+000                  3.5502303110376049E-001                  1.5267061024315320E+001                  6.9242079376808752E-001                  2.8739623026612349E-001                  2.0182975965788996E-002                  4.2732328603791335E-003                  8.1232567574157082E-009                  0.0000000000000000E+000 
                                     710                  1.5343921147916701E+000                 -2.4181457133515749E-001                  6.7915661754944034E+000                  3.6649515907584529E-001                  1.5281295445539191E+001                  6.9245882459570274E-001                  2.8735830186752387E-001                  2.0182873536773394E-002                  4.5445145746105479E-003                  9.7385517783690100E-009                  0.0000000000000000E+000 
                                     711                  1.5310107175157202E+000                 -2.4340032439930970E-001                  6.7941437922684758E+000                  3.7712011965619635E-001                  1.5294508530346038E+001                  6.9250282883151959E-001                  2.8731441531176161E-001                  2.0182755856718804E-002                  4.8125122065531484E-003                  1.1534567021945015E-008                  0.0000000000000000E+000 
                                     712                  1.5252495204778904E+000                 -2.4607588684938628E-001                  6.7972169992035312E+000                  3.8982663963523062E-001                  1.5310298487605554E+001                  6.9254825474072690E-001                  2.8726911202363964E-001                  2.0182633235633407E-002                  5.1527063660958636E-003                  1.4108380372650550E-008                  0.0000000000000000E+000 
                                     713                  1.5199472833375502E+000                 -2.4850988586916828E-001                  6.7997118218243990E+000                  4.0013736031280611E-001                  1.5323114691854286E+001                  6.9259162787926831E-001                  2.8722585538887890E-001                  2.0182516731852784E-002                  5.4461826626151441E-003                  1.6610922595466168E-008                  0.0000000000000000E+000 
                                     714                  1.5161432673781718E+000                 -2.5023986698561379E-001                  6.8019676468933952E+000                  4.0941469774710532E-001                  1.5334657300857250E+001                  6.9262946733686592E-001                  2.8718811797552024E-001                  2.0182414687613837E-002                  5.7250033013968964E-003                  1.9246862947421534E-008                  0.0000000000000000E+000 
                                     715                  1.5116252572864819E+000                 -2.5227746854726174E-001                  6.8046518214840006E+000                  4.2043030036750889E-001                  1.5348369591141781E+001                  6.9267760367910003E-001                  2.8714011134696055E-001                  2.0182284973939479E-002                  6.0747970051490616E-003                  2.2926748417518243E-008                  0.0000000000000000E+000 
                                     716                  1.5061245185860568E+000                 -2.5473396991166175E-001                  6.8071909745417614E+000                  4.3086840427765638E-001                  1.5361358583141914E+001                  6.9272254255827559E-001                  2.8709529398192274E-001                  2.0182163459801616E-002                  6.4252308440726517E-003                  2.7046524884064934E-008                  0.0000000000000000E+000 
                                     717                  1.5020227425539185E+000                 -2.5654881356736325E-001                  6.8099398712512524E+000                  4.4208760611619513E-001                  1.5375338801086999E+001                  6.9276818656002004E-001                  2.8704977418770600E-001                  2.0182039252274020E-002                  6.8256820771076237E-003                  3.2327340073858895E-008                  0.0000000000000000E+000 
                                     718                  1.4956113013140655E+000                 -2.5935770774002853E-001                  6.8137667771733073E+000                  4.5768358138845194E-001                  1.5394772105441319E+001                  6.9281144710243547E-001                  2.8700663528034859E-001                  2.0181917617215994E-002                  7.4235013308621726E-003                  4.1402531506235372E-008                  0.0000000000000000E+000 
                                     719                  1.4871594582219645E+000                 -2.6301048303730279E-001                  6.8172417358109128E+000                  4.7191784723901897E-001                  1.5412480426541038E+001                  6.9281963375429156E-001                  2.8699848005954959E-001                  2.0181886186158904E-002                  8.0114543297399761E-003                  5.1791634805557219E-008                  0.0000000000000000E+000 
                                     720                  1.4818658093811210E+000                 -2.6527027445913165E-001                  6.8196201554601306E+000                  4.8161055631237237E-001                  1.5424548774445679E+001                  6.9281784282757120E-001                  2.8700027398750694E-001                  2.0181883184921867E-002                  8.4389407501227354E-003                  6.0337227621829276E-008                  0.0000000000000000E+000 
                                     721                  1.4776312237233731E+000                 -2.6706299187659832E-001                  6.8222887218439991E+000                  4.9241434457112887E-001                  1.5438017960826123E+001                  6.9281456122104246E-001                  2.8700355612771949E-001                  2.0181882651238103E-002                  8.9438937739617242E-003                  7.1580619229500776E-008                  0.0000000000000000E+000 
                                     722                  1.4710626663545567E+000                 -2.6981839742516806E-001                  6.8249659767854771E+000                  5.0329390948895492E-001                  1.5451571523672783E+001                  6.9281087457428547E-001                  2.8700724281426221E-001                  2.0181882611452373E-002                  9.4813500019321883E-003                  8.4948748595842826E-008                  0.0000000000000000E+000 
                                     723                  1.4666490807282191E+000                 -2.7165289026206069E-001                  6.8273298280019699E+000                  5.1283970453734062E-001                  1.5463478554225295E+001                  6.9280742177231314E-001                  2.8701069556241804E-001                  2.0181882665268880E-002                  9.9809714877968705E-003                  9.8773351897731796E-008                  0.0000000000000000E+000 
                                     724                  1.4612648261727696E+000                 -2.7387305339433088E-001                  6.8298304280323485E+000                  5.2293294967410320E-001                  1.5476069733224605E+001                  6.9280357749575983E-001                  2.8701453975768115E-001                  2.0181882746558966E-002                  1.0537778458681634E-002                  1.1582273165882689E-007                  0.0000000000000000E+000 
                                     725                  1.4561690965937657E+000                 -2.7595672217634348E-001                  6.8324453287849742E+000                  5.3344808016938516E-001                  1.5489197188430314E+001                  6.9279934741057425E-001                  2.8701876974124552E-001                  2.0181882848180233E-002                  1.1151993375777909E-002                  1.3675527925222496E-007                  0.0000000000000000E+000 
                                     726                  1.4501853849477295E+000                 -2.7838244173141113E-001                  6.8348717696946446E+000                  5.4321310872202488E-001                  1.5501386329793052E+001                  6.9279521419150680E-001                  2.8702290284996185E-001                  2.0181882958531405E-002                  1.1753934831338183E-002                  1.5951096365257989E-007                  0.0000000000000000E+000 
                                     727                  1.4457686532198426E+000                 -2.8015872113380363E-001                  6.8371809262840797E+000                  5.5245471479059727E-001                  1.5512935101002329E+001                  6.9279109580882281E-001                  2.8702702111128370E-001                  2.0181883079893437E-002                  1.2355333444048038E-002                  1.8460832346968180E-007                  0.0000000000000000E+000 
                                     728                  1.4401922530939444E+000                 -2.8238471744568061E-001                  6.8399424466704311E+000                  5.6348454692990713E-001                  1.5526724227344353E+001                  6.9278591538571754E-001                  2.8703220136495883E-001                  2.0181883249323684E-002                  1.3114354626390228E-002                  2.1978221515568231E-007                  0.0000000000000000E+000 
                                     729                  1.4336863053880053E+000                 -2.8495896417269334E-001                  6.8422960122370231E+000                  5.7290183015117135E-001                  1.5538493207193460E+001                  6.9278126384997629E-001                  2.8703685273205753E-001                  2.0181883417966118E-002                  1.3798547694235054E-002                  2.5494874452539536E-007                  0.0000000000000000E+000 
                                     730                  1.4297739533336902E+000                 -2.8649545522690795E-001                  6.8442942738397674E+000                  5.8084575192964727E-001                  1.5548434004774755E+001                  6.9277714836115079E-001                  2.8704096805757268E-001                  2.0181883581276594E-002                  1.4405802394886712E-002                  2.8909993773042541E-007                  0.0000000000000000E+000 
                                     731                  1.4247661764341797E+000                 -2.8844992219907056E-001                  6.8465147403602318E+000                  5.8966682910213952E-001                  1.5559474081457914E+001                  6.9277237951381876E-001                  2.8704573669868888E-001                  2.0181883787492305E-002                  1.5112022724177452E-002                  3.3237041902966790E-007                  0.0000000000000000E+000 
                                     732                  1.4197711769810981E+000                 -2.9038604849169969E-001                  6.8489846308305102E+000                  5.9944247144887020E-001                  1.5571718150351609E+001                  6.9276682924333743E-001                  2.8705128670487101E-001                  2.0181884051791554E-002                  1.5937466898623895E-002                  3.8802292784956000E-007                  0.0000000000000000E+000 
                                     733                  1.4135330736736942E+000                 -2.9278586109824239E-001                  6.8513507044065953E+000                  6.0881536878844955E-001                  1.5583455758771903E+001                  6.9276124907142533E-001                  2.8705686658381235E-001                  2.0181884344762313E-002                  1.6771494769012209E-002                  4.4995738503354762E-007                  0.0000000000000000E+000 
                                     734                  1.4088954978035548E+000                 -2.9455720093662513E-001                  6.8536788104518509E+000                  6.1798393324251388E-001                  1.5594951294757825E+001                  6.9275551096223531E-001                  2.8706260436108683E-001                  2.0181884676677919E-002                  1.7633443580903872E-002                  5.2035205237367425E-007                  0.0000000000000000E+000 
                                     735                  1.4027345629794616E+000                 -2.9689415050440826E-001                  6.8558012842398259E+000                  6.2636026749250662E-001                  1.5605449067325486E+001                  6.9275004169657839E-001                  2.8706807328088285E-001                  2.0181885022538815E-002                  1.8459622646157338E-002                  5.9399248487933052E-007                  0.0000000000000000E+000 
                                     736                  1.3989533130099643E+000                 -2.9831945654262265E-001                  6.8577140311486362E+000                  6.3386145911110625E-001                  1.5614862238484138E+001                  6.9274492674289012E-001                  2.8707318788291841E-001                  2.0181885374191522E-002                  1.9236236973191979E-002                  6.6905918658011311E-007                  0.0000000000000000E+000 
                                     737                  1.3937075289498966E+000                 -3.0028583859449914E-001                  6.8601483841576760E+000                  6.4339126068693109E-001                  1.5626825509015191E+001                  6.9273814020235913E-001                  2.8707997391355516E-001                  2.0181885884085649E-002                  2.0273156100564252E-002                  7.7826766643894205E-007                  0.0000000000000000E+000 
                                     738                  1.3873623760082068E+000                 -3.0264773434099290E-001                  6.8622958085132124E+000                  6.5180899426044170E-001                  1.5637389898823370E+001                  6.9273187928709989E-001                  2.8708623431311747E-001                  2.0181886399782689E-002                  2.1236905025549896E-002                  8.8915460578515853E-007                  0.0000000000000000E+000 
                                     739                  1.3833821025236979E+000                 -3.0412027879416237E-001                  6.8641966760569426E+000                  6.5921572856053157E-001                  1.5646696969696988E+001                  6.9272613031645547E-001                  2.8709198276889769E-001                  2.0181886914646840E-002                  2.2127945495534089E-002                  1.0001551061174169E-006                  0.0000000000000000E+000 
                                     740                  1.3781543292610872E+000                 -3.0604407336507705E-001                  6.8663655996924469E+000                  6.6765879203456269E-001                  1.5657308404646173E+001                  6.9271931266375120E-001                  2.8709879975832964E-001                  2.0181887577919166E-002                  2.3192863187768878E-002                  1.1436003770065221E-006                  0.0000000000000000E+000 
                                     741                  1.3727886023835514E+000                 -3.0800678765074557E-001                  6.8687244742007971E+000                  6.7681199635109524E-001                  1.5668819995850516E+001                  6.9271158169424096E-001                  2.8710652990261398E-001                  2.0181888403145054E-002                  2.4411916883211073E-002                  1.3226721206060444E-006                  0.0000000000000000E+000 
                                     742                  1.3665316173096060E+000                 -3.1028080827355342E-001                  6.8712058990571308E+000                  6.8642602959617294E-001                  1.5680915016139579E+001                  6.9270307444874835E-001                  2.8711503614592265E-001                  2.0181889405328945E-002                  2.5768561902012710E-002                  1.5409532306535631E-006                  0.0000000000000000E+000 
                                     743                  1.3604441666722611E+000                 -3.1247845813434960E-001                  6.8736263393739341E+000                  6.9577698918311914E-001                  1.5692686091087440E+001                  6.9269439756861939E-001                  2.8712371189612218E-001                  2.0181890535258429E-002                  2.7169941177587149E-002                  1.7879775835860275E-006                  0.0000000000000000E+000 
                                     744                  1.3543764362046933E+000                 -3.1465496319299224E-001                  6.8756811597162582E+000                  7.0370885363411761E-001                  1.5702672539719178E+001                  6.9268672232596373E-001                  2.8713138604414884E-001                  2.0181891629887483E-002                  2.8425547734030061E-002                  2.0281111771978753E-006                  0.0000000000000000E+000 
                                     745                  1.3500337831019871E+000                 -3.1620430579720865E-001                  6.8779610426712736E+000                  7.1244755989599196E-001                  1.5713691044978550E+001                  6.9267788544962117E-001                  2.8714022154057028E-001                  2.0181893009808549E-002                  2.9890949948864966E-002                  2.3316436226228986E-006                  0.0000000000000000E+000 
                                     746                  1.3427383845239680E+000                 -3.1879194911391245E-001                  6.8805372777013867E+000                  7.2233607454004878E-001                  1.5726155688172042E+001                  6.9266744603667063E-001                  2.8715065915433724E-001                  2.0181894808992129E-002                  3.1652159602632228E-002                  2.7290378118832750E-006                  0.0000000000000000E+000 
                                     747                  1.3367541847272779E+000                 -3.2090067170002423E-001                  6.8831307215554753E+000                  7.3223361551594845E-001                  1.5738646728582058E+001                  6.9265646448567197E-001                  2.8716163859762456E-001                  2.0181896916703468E-002                  3.3542531447748679E-002                  3.1961996909783882E-006                  0.0000000000000000E+000 
                                     748                  1.3292460665015404E+000                 -3.2352943221953862E-001                  6.8853534702299752E+000                  7.4073116759178026E-001                  1.5749367054789758E+001                  6.9264663947246885E-001                  2.8717146153105277E-001                  2.0181898996478376E-002                  3.5269886343330517E-002                  3.6590661694882546E-006                  0.0000000000000000E+000 
                                     749                  1.3250799391963437E+000                 -3.2498013435142320E-001                  6.8875863710099869E+000                  7.4919037722201531E-001                  1.5760059389184992E+001                  6.9263641710757229E-001                  2.8718168151665230E-001                  2.0181901375775357E-002                  3.7105816126007024E-002                  4.1899108515708756E-006                  0.0000000000000000E+000 
                                     750                  1.3174330686775257E+000                 -3.2762872559888301E-001                  6.8898332362044785E+000                  7.5773280870955906E-001                  1.5770848845928121E+001                  6.9262571718780053E-001                  2.8719237870757625E-001                  2.0181904104623172E-002                  3.9073878933909498E-002                  4.8012087788855350E-006                  0.0000000000000000E+000 
                                     751                  1.3130863983357579E+000                 -3.2912623219171117E-001                  6.8921274964063031E+000                  7.6637589225731551E-001                  1.5781786550079076E+001                  6.9261440937561236E-001                  2.8720368334008195E-001                  2.0181907284305689E-002                  4.1209095197493537E-002                  5.5152778859867431E-006                  0.0000000000000000E+000 
                                     752                  1.3050968194772357E+000                 -3.3186428388862294E-001                  6.8945585430038072E+000                  7.7556050754040140E-001                  1.5793402536681818E+001                  6.9260194380583684E-001                  2.8721614504418180E-001                  2.0181911149981357E-002                  4.3635194564078383E-002                  6.3870606586000979E-006                  0.0000000000000000E+000 
                                     753                  1.2998950331983867E+000                 -3.3363706721245850E-001                  6.8968785389052876E+000                  7.8425951208838895E-001                  1.5804422006323914E+001                  6.9258962589371553E-001                  2.8722845872369890E-001                  2.0181915382585514E-002                  4.6113299739497335E-002                  7.3443930396132995E-006                  0.0000000000000000E+000 
                                     754                  1.2924099614921747E+000                 -3.3617490109823595E-001                  6.8993863620410574E+000                  7.9366186504404701E-001                  1.5816332694578806E+001                  6.9257580554600584E-001                  2.8724227380912520E-001                  2.0181920644869011E-002                  4.8998006650328864E-002                  8.5391350283311955E-006                  0.0000000000000000E+000 
                                     755                  1.2860608368590241E+000                 -3.3831581127077681E-001                  6.9016633924176869E+000                  8.0216376136194867E-001                  1.5827112170527341E+001                  6.9256282117279988E-001                  2.8725525269760371E-001                  2.0181926129596350E-002                  5.1817817603084904E-002                  9.7884643336372954E-006                  0.0000000000000000E+000 
                                     756                  1.2797470816035132E+000                 -3.4043446443959191E-001                  6.9037307059665833E+000                  8.0986678151610159E-001                  1.5836883042425528E+001                  6.9255066793878162E-001                  2.8726740028952447E-001                  2.0181931771693917E-002                  5.4561717539044825E-002                  1.1077909078156627E-005                  0.0000000000000000E+000 
                                     757                  1.2744782891639703E+000                 -3.4219481800465112E-001                  6.9059582732481193E+000                  8.1812137206767044E-001                  1.5847365887866680E+001                  6.9253720558568210E-001                  2.8728085576497303E-001                  2.0181938649344922E-002                  5.7729005838477551E-002                  1.2654195569109153E-005                  0.0000000000000000E+000 
                                     758                  1.2671801719031328E+000                 -3.4462212179931573E-001                  6.9082023070418517E+000                  8.2643838070365816E-001                  1.5857927627208440E+001                  6.9252323512956027E-001                  2.8729481835078202E-001                  2.0181946519657767E-002                  6.1169275504487482E-002                  1.4466110144159547E-005                  0.0000000000000000E+000 
                                     759                  1.2617200110084299E+000                 -3.4642994805656874E-001                  6.9101719832417681E+000                  8.3370377929974937E-001                  1.5867163402356653E+001                  6.9251067275548706E-001                  2.8730737298858744E-001                  2.0181954255925505E-002                  6.4408941479277851E-002                  1.6264986514433080E-005                  0.0000000000000000E+000 
                                     760                  1.2559063730008764E+000                 -3.4834738628448514E-001                  6.9124673661621783E+000                  8.4213671144711222E-001                  1.5877892657319002E+001                  6.9249578305716619E-001                  2.8732225319553845E-001                  2.0181963747295306E-002                  6.8468688331888128E-002                  1.8640251154618686E-005                  0.0000000000000000E+000 
                                     761                  1.2484922040622779E+000                 -3.5078199440759827E-001                  6.9146072038309745E+000                  8.4999836673872164E-001                  1.5887895278696451E+001                  6.9248224443963458E-001                  2.8733578629681361E-001                  2.0181969263551869E-002                  7.2559434194438152E-002                  2.1162238479813376E-005                  0.0000000000000000E+000 
                                     762                  1.2434832838414764E+000                 -3.5242017217665189E-001                  6.9166891082160955E+000                  8.5759058929757037E-001                  1.5897576113624892E+001                  6.9248503032384767E-001                  2.8733311091424979E-001                  2.0181858761902483E-002                  7.6840923018599461E-002                  2.3944211450884424E-005                  0.0000000000000000E+000 
                                     763                  1.2363285830613404E+000                 -3.5475130899329249E-001                  6.9188076116868675E+000                  8.6529571011535356E-001                  1.5907427697763826E+001                  6.9255011896968166E-001                  2.8726858621054863E-001                  2.0181294819769713E-002                  8.1550231492128325E-002                  2.7182781811127341E-005                  0.0000000000000000E+000 
                                     764                  1.2310208128778668E+000                 -3.5647423449798515E-001                  6.9207474204188317E+000                  8.7231656102247934E-001                  1.5916412006591116E+001                  6.9260338716955505E-001                  2.8721583245386306E-001                  2.0180780376581886E-002                  8.6172078482529210E-002                  3.0521938338263753E-005                  0.0000000000000000E+000 
                                     765                  1.2248476825879278E+000                 -3.5847141936396654E-001                  6.9229270050207266E+000                  8.8019020189359121E-001                  1.5926483969005790E+001                  6.9263949350117948E-001                  2.8718022078241379E-001                  2.0180285716406732E-002                  9.1739027377068877E-002                  3.4746020714078174E-005                  0.0000000000000000E+000 
                                     766                  1.2180391576125051E+000                 -3.6066614057703883E-001                  6.9252865600763380E+000                  8.8868550473432162E-001                  1.5937358990494007E+001                  6.9267761347356582E-001                  2.8714262789465711E-001                  2.0179758631777123E-002                  9.8247232526361902E-002                  3.9968062669495022E-005                  0.0000000000000000E+000 
                                     767                  1.2106974637996435E+000                 -3.6302365854074070E-001                  6.9278555006443172E+000                  8.9789511128360489E-001                  1.5949162065055592E+001                  6.9272600875901347E-001                  2.8709487409792139E-001                  2.0179117143065195E-002                  1.0593502877716275E-001                  4.6542412155552420E-005                  0.0000000000000000E+000 
                                     768                  1.2025201196767892E+000                 -3.6563894648759560E-001                  6.9302581538780261E+000                  9.0649232508986310E-001                  1.5960184045306296E+001                  6.9276822411589245E-001                  2.8705322732406641E-001                  2.0178548560041198E-002                  1.1372104324133477E-001                  5.3647016238650286E-005                  0.0000000000000000E+000 
                                     769                  1.1960749439685328E+000                 -3.6769271091873573E-001                  6.9320826787939831E+000                  9.1299844100135219E-001                  1.5968531775890735E+001                  6.9280071673967525E-001                  2.8702119008628546E-001                  2.0178093174039291E-002                  1.2002552042560609E-001                  5.9749135436213412E-005                  0.0000000000000000E+000 
                                     770                  1.1913481486312494E+000                 -3.6919485678920339E-001                  6.9342222010006376E+000                  9.2057831913490984E-001                  1.5978266727934624E+001                  6.9282488388736863E-001                  2.8699745679698258E-001                  2.0177659315648855E-002                  1.2783845395208088E-001                  6.7754892376228903E-005                  0.0000000000000000E+000 
                                     771                  1.1829029944803202E+000                 -3.7187054515792956E-001                  6.9365927636427926E+000                  9.2898199575596474E-001                  1.5989058335712516E+001                  6.9285163944734052E-001                  2.8697118251511089E-001                  2.0177178037548593E-002                  1.3706094433742347E-001                  7.7868484650465085E-005                  0.0000000000000000E+000 
                                     772                  1.1766570402384946E+000                 -3.7384295902452674E-001                  6.9389481535410855E+000                  9.3727326215887929E-001                  1.5999722774937524E+001                  6.9287902840056581E-001                  2.8694428145139300E-001                  2.0176690148041132E-002                  1.4678444190484094E-001                  8.9382002105334630E-005                  0.0000000000000000E+000 
                                     773                  1.1682122510503015E+000                 -3.7650148223953661E-001                  6.9409129425733322E+000                  9.4419556283012951E-001                  1.6008626750699122E+001                  6.9290763098914820E-001                  2.8691615229558726E-001                  2.0176216715264594E-002                  1.5533588183453034E-001                  1.0028129763871459E-004                  0.0000000000000000E+000 
                                     774                  1.1643269949927062E+000                 -3.7772151542039029E-001                  6.9427278562714880E+000                  9.5053462939377587E-001                  1.6016794954747269E+001                  6.9292942714478156E-001                  2.8689475039427770E-001                  2.0175822460940740E-002                  1.6354955233701504E-001                  1.1148289357726642E-004                  0.0000000000000000E+000 
                                     775                  1.1567674348852155E+000                 -3.8009009958262596E-001                  6.9450595519553806E+000                  9.5867248919516590E-001                  1.6027283442820345E+001                  6.9295894821443860E-001                  2.8686575624413346E-001                  2.0175295541427940E-002                  1.7456277107539730E-001                  1.2771042325561546E-004                  0.0000000000000000E+000 
                                     776                  1.1495399223324319E+000                 -3.8234841228403627E-001                  6.9471527884086663E+000                  9.6595296177936130E-001                  1.6036675639505724E+001                  6.9298937172522990E-001                  2.8683585147960045E-001                  2.0174776795169658E-002                  1.8486429852469177E-001                  1.4426377786178724E-004                  0.0000000000000000E+000 
                                     777                  1.1434149070200692E+000                 -3.8425771419199667E-001                  6.9491759314070478E+000                  9.7295930648849893E-001                  1.6045719936576223E+001                  6.9300921228428125E-001                  2.8681643296195719E-001                  2.0174354753761614E-002                  1.9516077052956118E-001                  1.6222399358005891E-004                  0.0000000000000000E+000 
                                     778                  1.1365659859071175E+000                 -3.8638801968530512E-001                  6.9511582763749757E+000                  9.7980794715116604E-001                  1.6054565674384815E+001                  6.9302896290161664E-001                  2.8679711561243498E-001                  2.0173921485948432E-002                  2.0557053038409789E-001                  1.8196249490191755E-004                  0.0000000000000000E+000 
                                     779                  1.1306368842096721E+000                 -3.8822844019785591E-001                  6.9530811129827432E+000                  9.8642179277023800E-001                  1.6063116694234875E+001                  6.9304776843675198E-001                  2.8677872449642455E-001                  2.0173507066823415E-002                  2.1595219807501348E-001                  2.0335302383819919E-004                  0.0000000000000000E+000 
                                     780                  1.1241106563924075E+000                 -3.9025038592414840E-001                  6.9550411536435464E+000                  9.9314334779650981E-001                  1.6071814184929536E+001                  6.9307033315047162E-001                  2.8675663104864824E-001                  2.0173035800880146E-002                  2.2682053271624097E-001                  2.2773187277831824E-004                  0.0000000000000000E+000 
                                     781                  1.1178788994568623E+000                 -3.9217755675012173E-001                  6.9569140066575343E+000                  9.9954314309388781E-001                  1.6080102677156518E+001                  6.9309344937871520E-001                  2.8673398802875810E-001                  2.0172562592526644E-002                  2.3746745644671127E-001                  2.5371795791061193E-004                  0.0000000000000000E+000 
                                     782                  1.1118627576187867E+000                 -3.9403495512023540E-001                  6.9590419352673285E+000                  1.0067778201334026E+000                  1.6089484145323897E+001                  6.9312177086613291E-001                  2.8670623011703555E-001                  2.0171999016831532E-002                  2.4986843748278942E-001                  2.8680665470364743E-004                  0.0000000000000000E+000 
                                     783                  1.1038956637665791E+000                 -3.9649033783545085E-001                  6.9612812646653737E+000                  1.0143772889869453E+000                  1.6099341759142529E+001                  6.9314804521292517E-001                  2.8668053304985264E-001                  2.0171421737222195E-002                  2.6328668122149312E-001                  3.2620899594320711E-004                  0.0000000000000000E+000 
                                     784                  1.0970706276513036E+000                 -3.9859004524207137E-001                  6.9629759897069858E+000                  1.0201136934188713E+000                  1.6106785737990190E+001                  6.9316347070529871E-001                  2.8666551292793946E-001                  2.0171016366761885E-002                  2.7369604020207489E-001                  3.5949704876730835E-004                  0.0000000000000000E+000 
                                     785                  1.0926494730504912E+000                 -3.9994849183254377E-001                  6.9648294557277932E+000                  1.0263432860431361E+000                  1.6114883619631243E+001                  6.9318219375915602E-001                  2.8664725869174656E-001                  2.0170547549097417E-002                  2.8532751945457963E-001                  3.9973724935571755E-004                  0.0000000000000000E+000 
                                     786                  1.0847207235720642E+000                 -4.0238162467159844E-001                  6.9669939569402635E+000                  1.0336119825794567E+000                  1.6124335218011392E+001                  6.9320691294903114E-001                  2.8662314074593703E-001                  2.0169946305031772E-002                  2.9929422001072520E-001                  4.5244673331706648E-004                  0.0000000000000000E+000 
                                     787                  1.0781615933898290E+000                 -4.0439166635404244E-001                  6.9694432404274007E+000                  1.0417765164349750E+000                  1.6134971293898243E+001                  6.9323847137927064E-001                  2.8659234362367952E-001                  2.0169184997049783E-002                  3.1559037725452777E-001                  5.2043713969558984E-004                  0.0000000000000000E+000 
                                     788                  1.0682420962673003E+000                 -4.0742729026481422E-001                  6.9718437636762678E+000                  1.0497729010204195E+000                  1.6145392024031917E+001                  6.9327486405209982E-001                  2.8655677847437555E-001                  2.0168357473524634E-002                  3.3215703312653955E-001                  5.9696310766723369E-004                  0.0000000000000000E+000 
                                     789                  1.0619271503199903E+000                 -4.0935741298163930E-001                  6.9746129325873447E+000                  1.0588934562607475E+000                  1.6157313907718603E+001                  6.9332980564927749E-001                  2.8650298900336674E-001                  2.0167205347355832E-002                  3.5198303695208166E-001                  6.9930713631194570E-004                  0.0000000000000000E+000 
                                     790                  1.0494093730625604E+000                 -4.1317896760291845E-001                  6.9773721921620755E+000                  1.0679924394002889E+000                  1.6169209321519215E+001                  6.9339918193740979E-001                  2.8643498345617735E-001                  2.0165834606412858E-002                  3.7267040213173142E-001                  8.1898467535504275E-004                  0.0000000000000000E+000 
                                     791                  1.0430594072926531E+000                 -4.1511553137262686E-001                  6.9798560597626160E+000                  1.0760876540347870E+000                  1.6179824849653933E+001                  6.9346967064602494E-001                  2.8636590395846795E-001                  2.0164425395507113E-002                  3.9204424609818106E-001                  9.4409276123805371E-004                  0.0000000000000000E+000 
                                     792                  1.0323318708449596E+000                 -4.1838493212300043E-001                  6.9824582861089510E+000                  1.0845722854017068E+000                  1.6190940145654480E+001                  6.9351406234317714E-001                  2.8632288594292593E-001                  2.0163051713896873E-002                  4.1320372717836756E-001                  1.0950709903966571E-003                  0.0000000000000000E+000 
                                     793                  1.0250838510967641E+000                 -4.2059254765849208E-001                  6.9847452695272940E+000                  1.0919692292651166E+000                  1.6200650849832385E+001                  6.9355773165040757E-001                  2.8628066302171296E-001                  2.0161605327879473E-002                  4.3253795281633051E-001                  1.2478350212342167E-003                  0.0000000000000000E+000 
                                     794                  1.0164591381007611E+000                 -4.2321858266551310E-001                  6.9869988376267660E+000                  1.0992265248242996E+000                  1.6210196603244079E+001                  6.9362546192642960E-001                  2.8621494065335562E-001                  2.0159597420214781E-002                  4.5234613503690296E-001                  1.4208519501365004E-003                  0.0000000000000000E+000 
                                     795                  1.0093800624220206E+000                 -4.2537358937166941E-001                  6.9891702542060523E+000                  1.1061677304082409E+000                  1.6219351456652550E+001                  6.9371572814016502E-001                  2.8612718969106926E-001                  2.0157082168765772E-002                  4.7215026695246570E-001                  1.6119956257540386E-003                  0.0000000000000000E+000 
                                     796                  1.0012672972104373E+000                 -4.2784323989962808E-001                  6.9919317229198708E+000                  1.1149055169448707E+000                  1.6230936848849311E+001                  6.9392580894408651E-001                  2.8592259765084171E-001                  2.0151593405071777E-002                  4.9846217291777833E-001                  1.9022563577411921E-003                  0.0000000000000000E+000 
                                     797                  9.8997697696135900E-001                 -4.3128112560626153E-001                  6.9953642072222264E+000                  1.1256113609167555E+000                  1.6245271719348779E+001                  6.9445049210007515E-001                  2.8541275379742936E-001                  2.0136754102495491E-002                  5.3317690935323869E-001                  2.3789473171908645E-003                  0.0000000000000000E+000 
                                     798                  9.7702944165885275E-001                 -4.3522695927316885E-001                  6.9985473054461531E+000                  1.1346716248735962E+000                  1.6258513196638383E+001                  6.9735067783983884E-001                  2.8259944054303388E-001                  2.0049881617127285E-002                  5.7007290321878212E-001                  3.4001982347891171E-003                  0.0000000000000000E+000 
                                     799                  9.6739529693519111E-001                 -4.3817169539133288E-001                  7.0005633647056413E+000                  1.1406101828850521E+000                  1.6266864937863883E+001                  6.9849322525009172E-001                  2.8149076650069926E-001                  2.0016008249209016E-002                  5.9370651217880421E-001                  4.0436677630175328E-003                  6.9528722417766141E-054 
                                     800                  9.6267758616442645E-001                 -4.3961585435596906E-001                  7.0026228783584408E+000                  1.1470231405710836E+000                  1.6275332817897851E+001                  6.9844434558993451E-001                  2.8153782458989679E-001                  2.0017829820168753E-002                  6.1710108798592245E-001                  4.5094975393608029E-003                  9.3860629395458386E-054 
                                     801                  9.5268361951523095E-001                 -4.4267754357996275E-001                  7.0052832843040953E+000                  1.1552878433751261E+000                  1.6286251124632930E+001                  6.9837817931861124E-001                  2.8160134108565038E-001                  2.0020479595738383E-002                  6.4850783147051061E-001                  5.1872190937528422E-003                  1.3817958482690898E-053 
                                     802                  9.4362184502939617E-001                 -4.4545683865405900E-001                  7.0076317166852755E+000                  1.1625415866258628E+000                  1.6295846468229747E+001                  6.9831687109192764E-001                  2.8165999936864256E-001                  2.0023129539429751E-002                  6.7734683499169290E-001                  5.8643183776574091E-003                  1.9425158878718531E-053 
                                     803                  9.3580958872988618E-001                 -4.4785574420342328E-001                  7.0097826607937064E+000                  1.1691462167931757E+000                  1.6304595071052997E+001                  6.9825823930093911E-001                  2.8171591846503380E-001                  2.0025842234027147E-002                  7.0470228244744137E-001                  6.5563924465325317E-003                  2.6518789872860349E-053 
                                     804                  9.2812360570434616E-001                 -4.5021880312748086E-001                  7.0124837335266648E+000                  1.1773752833780888E+000                  1.6315515435011971E+001                  6.9818109774952586E-001                  2.8178921757138697E-001                  2.0029684679087167E-002                  7.4035211781485744E-001                  7.5329676920401637E-003                  3.9165060058395165E-053 
                                     805                  9.1628648806034696E-001                 -4.5386465260421666E-001                  7.0152996574386695E+000                  1.1859266719212540E+000                  1.6326871237234400E+001                  6.9809628398597012E-001                  2.8186946024323023E-001                  2.0034255770799647E-002                  7.7920101794919883E-001                  8.6936035197460945E-003                  5.8756134398305809E-053 
                                     806                  9.0772222064814978E-001                 -4.5650785625582574E-001                  7.0175737389246153E+000                  1.1927807249946700E+000                  1.6335989048643071E+001                  6.9802435895285253E-001                  2.8193721142812589E-001                  2.0038429619021580E-002                  8.1181931747867309E-001                  9.7475880867637435E-003                  8.1461824465970404E-053 
                                     807                  8.9976419391935503E-001                 -4.5896849761100250E-001                  7.0200469264514211E+000                  1.2001819505667910E+000                  1.6345851137374680E+001                  6.9794251601707646E-001                  2.8201397406051243E-001                  2.0043509922411107E-002                  8.4859950777356596E-001                  1.1023598743134074E-002                  1.1612250425025810E-052 
                                     808                  8.8970774396452135E-001                 -4.6208486573120383E-001                  7.0222673979492400E+000                  1.2068057862552002E+000                  1.6354683317148925E+001                  6.9786560775197293E-001                  2.8208579356715791E-001                  2.0048598680869167E-002                  8.8287173584832412E-001                  1.2294637235679525E-002                  1.5954419774631892E-052 
                                     809                  8.8356543300445267E-001                 -4.6399231497296228E-001                  7.0251482595919468E+000                  1.2152965024540885E+000                  1.6366037651540971E+001                  6.9776091118228722E-001                  2.8218305486830164E-001                  2.0056033949411134E-002                  9.2900740216653055E-001                  1.4132492179229400E-002                  2.4062837246370228E-052 
                                     810                  8.6861890968991551E-001                 -4.6864817643154860E-001                  7.0280467793792463E+000                  1.2238420099203842E+000                  1.6377462384483302E+001                  6.9764945237095866E-001                  2.8228600423033035E-001                  2.0064543398710999E-002                  9.7766750889844634E-001                  1.6218046556526235E-002                  3.6354808515326175E-052 
                                     811                  8.6233725944522199E-001                 -4.7061122872857170E-001                  7.0301811305103588E+000                  1.2300619004905147E+000                  1.6385801161075698E+001                  6.9756338053075251E-001                  2.8236506663629080E-001                  2.0071552832956696E-002                  1.0148210481669058E+000                  1.7911747122470900E-002                  4.9220756201780872E-052 
                                     812                  8.5293895750837712E-001                 -4.7355595635385295E-001                  7.0328439109538481E+000                  1.2377817853468660E+000                  1.6396162903859821E+001                  6.9745091684605121E-001                  2.8246782831400308E-001                  2.0081254839945717E-002                  1.0629095742248191E+000                  2.0223478032032650E-002                  7.1773225010132921E-052 
                                     813                  8.4274838956058407E-001                 -4.7675998208212655E-001                  7.0353680895908992E+000                  1.2450586602281155E+000                  1.6405942366240538E+001                  6.9733885986718136E-001                  2.8256962745443864E-001                  2.0091512678380052E-002                  1.1103365435029053E+000                  2.2624413050037102E-002                  1.0253944399115712E-051 
                                     814                  8.3434529478708874E-001                 -4.7941120139671817E-001                  7.0376990576315208E+000                  1.2517300004577174E+000                  1.6414923144072297E+001                  6.9723047309195507E-001                  2.8266754980947217E-001                  2.0101977098572754E-002                  1.1557467752002604E+000                  2.5023459456608464E-002                  1.4243726762137367E-051 
                                     815                  8.2554991862603433E-001                 -4.8219567033880500E-001                  7.0398211749603359E+000                  1.2577740409028009E+000                  1.6423068298247433E+001                  6.9712750674972379E-001                  2.8276011033525267E-001                  2.0112382915023597E-002                  1.1985084534947246E+000                  2.7357911573315033E-002                  1.9200423198997441E-051 
                                     816                  8.1867412584201971E-001                 -4.8437951501583781E-001                  7.0417093613100548E+000                  1.2631188757766223E+000                  1.6430281464994199E+001                  6.9703233625451178E-001                  2.8284527792018788E-001                  2.0122385825300348E-002                  1.2377012098202889E+000                  2.9550051247315162E-002                  2.5030921002098001E-051 
                                     817                  8.1158936189126119E-001                 -4.8663656186335869E-001                  7.0439957026521904E+000                  1.2695487893400572E+000                  1.6438972149689214E+001                  6.9691245857845796E-001                  2.8295206387076499E-001                  2.0135477550777048E-002                  1.2866400653654901E+000                  3.2338858258518718E-002                  3.4486064941724878E-051 
                                     818                  8.0174901695363476E-001                 -4.8978356751630975E-001                  7.0463625282960054E+000                  1.2761774095266540E+000                  1.6447939281016975E+001                  6.9678279096005968E-001                  2.8306701343606233E-001                  2.0150195603877985E-002                  1.3391254876223169E+000                  3.5364156210908174E-002                  4.8020596831089384E-051 
                                     819                  7.9406386777341309E-001                 -4.9225151895982600E-001                  7.0484668007437952E+000                  1.2820303404218063E+000                  1.6455869683081410E+001                  6.9666260590752604E-001                  2.8317308337372954E-001                  2.0164310718744360E-002                  1.3873424711972080E+000                  3.8146821219867483E-002                  6.4414786261110353E-051 
                                     820                  7.8615096979971022E-001                 -4.9480242741988145E-001                  7.0510127287958975E+000                  1.2890605070623589E+000                  1.6465411228032458E+001                  6.9651082236381689E-001                  2.8330647328879710E-001                  2.0182704347386005E-002                  1.4476929581003863E+000                  4.1588770955637705E-002                  9.1826771647208272E-051 
                                     821                  7.7517185441527048E-001                 -4.9835917189500922E-001                  7.0536448521114323E+000                  1.2962943540666867E+000                  1.6475238949512054E+001                  6.9634631882317721E-001                  2.8345045966289523E-001                  2.0203221513927616E-002                  1.5125648359108195E+000                  4.5173088809646107E-002                  1.3237972765808543E-050 
                                     822                  7.6662203617553881E-001                 -5.0114352445799015E-001                  7.0559849603741771E+000                  1.3026764314641788E+000                  1.6483924911145582E+001                  6.9619342825827590E-001                  2.8358384990067309E-001                  2.0222721841051006E-002                  1.5723570879877318E+000                  4.8307609750332492E-002                  1.8311096409314015E-050 
                                     823                  7.5779473857223478E-001                 -5.0403235655195899E-001                  7.0588159811927778E+000                  1.3103353214557711E+000                  1.6494368138225408E+001                  6.9599991037293785E-001                  2.8375228111382339E-001                  2.0247808513238708E-002                  1.6474459915664876E+000                  5.1919835233451825E-002                  2.7085889548065841E-050 
                                     824                  7.4558247317196125E-001                 -5.0805388042361566E-001                  7.0617394249267473E+000                  1.3182014764357970E+000                  1.6505106194670930E+001                  6.9579007757048139E-001                  2.8393468349780204E-001                  2.0275238931716566E-002                  1.7283757677517886E+000                  5.5289434015871518E-002                  4.0541743002572562E-050 
                                     825                  7.3608329416231122E-001                 -5.1120290139842361E-001                  7.0640601941495511E+000                  1.3243995990472670E+000                  1.6513581730669625E+001                  6.9561617873048576E-001                  2.8408587635348359E-001                  2.0297944916030652E-002                  1.7951016278893985E+000                  5.7569839885555897E-002                  5.5797752747767147E-050 
                                     826                  7.2834373482379688E-001                 -5.1378280689672495E-001                  7.0660543601645793E+000                  1.3296922060698821E+000                  1.6520829523533870E+001                  6.9546155319373237E-001                  2.8422048639045921E-001                  2.0317960415808356E-002                  1.8542440144367693E+000                  5.9161693498653668E-002                  7.3379126714199670E-050 
                                     827                  7.2126920886071844E-001                 -5.1615264025087615E-001                  7.0681533280640085E+000                  1.3352277848698733E+000                  1.6528421324330171E+001                  6.9529360835461373E-001                  2.8436702281537274E-001                  2.0339368830013527E-002                  1.9183400651163878E+000                  6.0389489506505072E-002                  9.7845309632072339E-050 
                                     828                  7.1274843166502511E-001                 -5.1902223770726252E-001                  7.0704778134826824E+000                  1.3413238937707790E+000                  1.6536792547176464E+001                  6.9510143194922303E-001                  2.8453531620268729E-001                  2.0363251848089625E-002                  1.9916288901939030E+000                  6.1123456654921714E-002                  1.3448230695302786E-049 
                                     829                  7.0400672210020698E-001                 -5.2198426465286285E-001                  7.0728626922307463E+000                  1.3475380014739120E+000                  1.6545338697570703E+001                  6.9489757845708855E-001                  2.8471477357702457E-001                  2.0387647965886879E-002                  2.0694031243567013E+000                  6.1097244109726535E-002                  1.8624297729336393E-049 
                                     830                  6.9504508744977034E-001                 -5.2504054173421688E-001                  7.0750598723207725E+000                  1.3532304739738652E+000                  1.6553177758039439E+001                  6.9470385253246913E-001                  2.8488641871810966E-001                  2.0409728749421152E-002                  2.1434586872213965E+000                  6.0308292420354626E-002                  2.5124988344126781E-049 
                                     831                  6.8771079735759710E-001                 -5.2755725175486512E-001                  7.0773115180374706E+000                  1.3590205969461813E+000                  1.6561165800254521E+001                  6.9449947757532460E-001                  2.8506886025441552E-001                  2.0431662170259823E-002                  2.2217559388178425E+000                  5.8696100683969986E-002                  3.4125194955979059E-049 
                                     832                  6.7834535859492129E-001                 -5.3079197164824699E-001                  7.0796099817392486E+000                  1.3649010771774126E+000                  1.6569288003390056E+001                  6.9428487904968250E-001                  2.8526212185141459E-001                  2.0452999098902858E-002                  2.3043471498907877E+000                  5.6213932286465387E-002                  4.6617724784458098E-049 
                                     833                  6.7068864979425880E-001                 -5.3345465311856255E-001                  7.0816981687843299E+000                  1.3702071515931971E+000                  1.6576629063636290E+001                  6.9408468476666962E-001                  2.8544411123636665E-001                  2.0471203996963672E-002                  2.3817312140904034E+000                  5.3257469793254533E-002                  6.1856663180193211E-049 
                                     834                  6.6288893752966038E-001                 -5.3618449863425488E-001                  7.0838622802525437E+000                  1.3756725235816014E+000                  1.6584201776466706E+001                  6.9387199277092049E-001                  2.8563935950800534E-001                  2.0488647721074171E-002                  2.4643712968485301E+000                  4.9565313429397975E-002                  8.2879682887012506E-049 
                                     835                  6.5468497707577866E-001                 -5.3907549910294716E-001                  7.0862092642601082E+000                  1.3815606180065239E+000                  1.6592373388205154E+001                  6.9363524092211570E-001                  2.8585905785357191E-001                  2.0505701224312389E-002                  2.5568813997825424E+000                  4.4974164016836293E-002                  1.1375521048732501E-048 
                                     836                  6.4555116271105029E-001                 -5.4231880780909569E-001                  7.0884298009987665E+000                  1.3871001145804138E+000                  1.6600071554740566E+001                  6.9340538357585935E-001                  2.8607473048963011E-001                  2.0519885934510596E-002                  2.6472900129739734E+000                  4.0245998206531033E-002                  1.5340363564765532E-048 
                                     837                  6.3831170126601300E-001                 -5.4490854522271082E-001                  7.0905535229360916E+000                  1.3923596334015498E+000                  1.6607393879110351E+001                  6.9317995352481199E-001                  2.8628844484852278E-001                  2.0531601626665230E-002                  2.7363911736407021E+000                  3.5559766977804406E-002                  2.0407575676112487E-048 
                                     838                  6.2990363046035847E-001                 -5.4793834185656132E-001                  7.0928613594372409E+000                  1.3980403646634927E+000                  1.6615314243638860E+001                  6.9292856955044979E-001                  2.8652916107181725E-001                  2.0542269377732958E-002                  2.8362679231313597E+000                  3.0515944676754593E-002                  2.7812383646864719E-048 
                                     839                  6.2133693556010738E-001                 -5.5105050380337395E-001                  7.0952159190430173E+000                  1.4037969021811476E+000                  1.6623353451477946E+001                  6.9266479195313446E-001                  2.8678419037488562E-001                  2.0551017671979865E-002                  2.9415210522930280E+000                  2.5670063693448718E-002                  3.8118056489400801E-048 
                                     840                  6.1261541621707460E-001                 -5.5424605377040748E-001                  7.0979226300507241E+000                  1.4103611558385207E+000                  1.6632538629108424E+001                  6.9235171349762537E-001                  2.8708965517518670E-001                  2.0558631327187937E-002                  3.0667959690494020E+000                  2.0774327323866137E-002                  5.4719972257618497E-048 
                                     841                  6.0149447275282475E-001                 -5.5836221712118905E-001                  7.1006866562962845E+000                  1.4170201722315332E+000                  1.6641870329834976E+001                  6.9202040383065433E-001                  2.8741551804897353E-001                  2.0564078120372198E-002                  3.1997032607547999E+000                  1.6790617690633784E-002                  7.9091739484794812E-048 
                                     842                  5.9242156536263890E-001                 -5.6175618960533180E-001                  7.1028793209391683E+000                  1.4222645216299892E+000                  1.6649231904735110E+001                  6.9174845629053106E-001                  2.8768450914278154E-001                  2.0567034566687403E-002                  3.3087793878879039E+000                  1.4467776493785658E-002                  1.0587151194230901E-047 
                                     843                  5.8551371193886292E-001                 -5.6436273601336162E-001                  7.1051125242686952E+000                  1.4275639559881235E+000                  1.6656684713920804E+001                  6.9146241253114371E-001                  2.8796850913207434E-001                  2.0569078336782010E-002                  3.4232199053309249E+000                  1.2883809574070589E-002                  1.4240119782706818E-047 
                                     844                  5.7616526766916976E-001                 -5.6792237919680788E-001                  7.1077109575467592E+000                  1.4336907837477422E+000                  1.6665313094815222E+001                  6.9111754465267095E-001                  2.8831191011342400E-001                  2.0570545233905113E-002                  3.5608576982303290E+000                  1.1983733273469979E-002                  2.0091347508746154E-047 
                                     845                  5.6665878813979498E-001                 -5.7158159208105830E-001                  7.1103611199751864E+000                  1.4398915947768940E+000                  1.6674060477378120E+001                  6.9075150298492782E-001                  2.8867714179601406E-001                  2.0571355219058063E-002                  3.7063095081789603E+000                  1.1984695241180206E-002                  2.8520005367679036E-047 
                                     846                  5.5699402482866467E-001                 -5.7534421293895788E-001                  7.1127223508647566E+000                  1.4453795731456469E+000                  1.6681813102120831E+001                  6.9041259397068611E-001                  2.8901569367526936E-001                  2.0571712354044536E-002                  3.8403854810259759E+000                  1.2634260266164954E-002                  3.8943239655808149E-047 
                                     847                  5.4964151583235643E-001                 -5.7823645150417902E-001                  7.1147798733131733E+000                  1.4501272994894663E+000                  1.6688530658343804E+001                  6.9010680600723540E-001                  2.8932133783009134E-001                  2.0571856162673319E-002                  3.9606984491137536E+000                  1.3606236833706349E-002                  5.1061710676180282E-047 
                                     848                  5.4219993667033928E-001                 -5.8119096337414045E-001                  7.1168681626431969E+000                  1.4549165521368910E+000                  1.6695315722080863E+001                  6.8978615968927437E-001                  2.8964193133786531E-001                  2.0571908972860320E-002                  4.0862402190203513E+000                  1.4913873950140141E-002                  6.7192064258556172E-047 
                                     849                  5.3466936339693993E-001                 -5.8420965600645203E-001                  7.1193448032332753E+000                  1.4605679085618315E+000                  1.6703315596946357E+001                  6.8935124459503261E-001                  2.9007685066596101E-001                  2.0571904739006386E-002                  4.2393451594456133E+000                  1.6824282455122023E-002                  9.3036952960028092E-047 
                                     850                  5.2449040456649965E-001                 -5.8833781377476801E-001                  7.1218634612100002E+000                  1.4662560984252451E+000                  1.6711411171094330E+001                  6.8896541725763738E-001                  2.9046271992939915E-001                  2.0571862812963415E-002                  4.4009853264957401E+000                  1.9133655140975626E-002                  1.2934414252056614E-046 
                                     851                  5.1675280696735282E-001                 -5.9151420291374468E-001                  7.1240581690218034E+000                  1.4711639476107976E+000                  1.6718422483129252E+001                  6.8864623323649399E-001                  2.9078195609363838E-001                  2.0571810669867574E-002                  4.5465328073543345E+000                  2.1442969232496556E-002                  1.7220095298504637E-046 
                                     852                  5.0892690705998411E-001                 -5.9476200754385322E-001                  7.1266610719395462E+000                  1.4769748893831824E+000                  1.6726686053194744E+001                  6.8814315195351272E-001                  2.9128511023621656E-001                  2.0571737810270774E-002                  4.7236714257928112E+000                  2.4558404769871537E-002                  2.4194133423956822E-046 
                                     853                  4.9835563330542165E-001                 -5.9920733469594367E-001                  7.1293092808984939E+000                  1.4828386549343255E+000                  1.6735048278357056E+001                  6.8764076668279606E-001                  2.9178757910330727E-001                  2.0571654213896728E-002                  4.9105566930705162E+000                  2.8193032903108529E-002                  3.4159838398026923E-046 
                                     854                  4.9032518981086737E-001                 -6.0263077108094265E-001                  7.1320052328901617E+000                  1.4887487499147944E+000                  1.6743497854970915E+001                  6.8711762018886513E-001                  2.9231082034708383E-001                  2.0571559464050981E-002                  5.1075559624980276E+000                  3.2436357424174111E-002                  4.8488997110599257E-046 
                                     855                  4.7948295259613860E-001                 -6.0731989287103194E-001                  7.1351451928962399E+000                  1.4955760059168157E+000                  1.6753273202479999E+001                  6.8648005723903438E-001                  2.9294850711216164E-001                  2.0571435648804037E-002                  5.3459167382271717E+000                  3.8173107280908107E-002                  7.2852349420631941E-046 
                                     856                  4.6848782764330027E-001                 -6.1215754301488601E-001                  7.1381479605889471E+000                  1.5020461405533874E+000                  1.6762552442570932E+001                  6.8584052551739705E-001                  2.9358817275143051E-001                  2.0571301731172387E-002                  5.5831130614607858E+000                  4.4584824180633080E-002                  1.0743265289364872E-045 
                                     857                  4.5874188871133226E-001                 -6.1651857883325667E-001                  7.1410030932405055E+000                  1.5081412498802413E+000                  1.6771308748283328E+001                  6.8520377131565580E-001                  2.9422507056907443E-001                  2.0571158115269772E-002                  5.8172660346583056E+000                  5.1654553316882290E-002                  1.5530568148317312E-045 
                                     858                  4.4888394151772859E-001                 -6.2100319082476885E-001                  7.1437011113505609E+000                  1.5138537619689940E+000                  1.6779526967452856E+001                  6.8457560571808651E-001                  2.9485338858532245E-001                  2.0571005696591094E-002                  6.0465570927933356E+000                  5.9339439560989138E-002                  2.1985220010889005E-045 
                                     859                  4.4034343850274904E-001                 -6.2495105264566575E-001                  7.1462325515145899E+000                  1.5191688955639544E+000                  1.6787184624382942E+001                  6.8396146387659884E-001                  2.9546769029948766E-001                  2.0570845823913553E-002                  6.2689438898692522E+000                  6.7562551543881688E-002                  3.0443127364579736E-045 
                                     860                  4.3172116272436317E-001                 -6.2899846537801862E-001                  7.1485889065502759E+000                  1.5240806490209953E+000                  1.6794269332781177E+001                  6.8336777125608072E-001                  2.9606154828101416E-001                  2.0570680462905111E-002                  6.4824859174184191E+000                  7.6215001166750951E-002                  4.1195353311833007E-045 
                                     861                  4.2447323149226512E-001                 -6.3245078781850206E-001                  7.1511976254292513E+000                  1.5294720477711743E+000                  1.6802057261576120E+001                  6.8268384327907305E-001                  2.9674568043635613E-001                  2.0570476284570871E-002                  6.7263388726921844E+000                  8.7061622433198857E-002                  5.7546658800921721E-045 
                                     862                  4.1423624283444427E-001                 -6.3740851068854543E-001                  7.1545181804463862E+000                  1.5362739114422570E+000                  1.6811895488673070E+001                  6.8177223220503469E-001                  2.9765758793725539E-001                  2.0570179857709925E-002                  7.0485539819664753E+000                  1.0307663168260901E-001                  8.7991206659489240E-045 
                                     863                  4.0240607447733823E-001                 -6.4326327534602368E-001                  7.1581361140505031E+000                  1.5436077372288630E+000                  1.6822518695133770E+001                  6.8072399909462800E-001                  2.9870619833378925E-001                  2.0569802571582807E-002                  7.4152266737276333E+000                  1.2381733068175994E-001                  1.3961087029663569E-044 
                                     864                  3.9044144993801783E-001                 -6.4933013601249234E-001                  7.1623005999200933E+000                  1.5519441170319692E+000                  1.6834614874721179E+001                  6.7944048556606362E-001                  2.9999023026975685E-001                  2.0569284164179580E-002                  7.8581011591037582E+000                  1.5277999370926584E-001                  2.3719710548671026E-044 
                                     865                  3.7529925239873357E-001                 -6.5723422340844972E-001                  7.1656215529418317E+000                  1.5585287415372808E+000                  1.6844177781456988E+001                  6.7835913110571278E-001                  3.0107207400699093E-001                  2.0568794887296349E-002                  8.2282885087027680E+000                  1.8055408992847649E-001                  3.6162868087009389E-044 
                                     866                  3.6918912504406787E-001                 -6.6049955529950788E-001                  7.1685097366194093E+000                  1.5641872944174307E+000                  1.6852408650890922E+001                  6.7736700709740727E-001                  3.0206468973867101E-001                  2.0568303163921664E-002                  8.5623668790321474E+000                  2.0868321238645943E-001                  5.2149028248808829E-044 
                                     867                  3.5688202184256956E-001                 -6.6721881564015861E-001                  7.1722599691680147E+000                  1.5714692421004544E+000                  1.6863007725385810E+001                  6.7601244038108033E-001                  3.0342000017470744E-001                  2.0567559444212291E-002                  9.0143472427466218E+000                  2.5170360496047861E-001                  8.3810445576176823E-044 
                                     868                  3.4562165330652722E-001                 -6.7354302050434733E-001                  7.1752734531354276E+000                  1.5772634513442776E+000                  1.6871446983477448E+001                  6.7486509725332755E-001                  3.0456804141026433E-001                  2.0566861336408060E-002                  9.3928188104005166E+000                  2.9248202831403181E-001                  1.2262143297014148E-043 
                                     869                  3.3819709299866757E-001                 -6.7781114575194079E-001                  7.1779819291447255E+000                  1.5824232923813817E+000                  1.6878966753099412E+001                  6.7378372891382987E-001                  3.0565012639394967E-001                  2.0566144692220512E-002                  9.7448037584096827E+000                  3.3462264714136075E-001                  1.7253920663874216E-043 
                                     870                  3.2895960484711806E-001                 -6.8323730076406941E-001                  7.1808343007464241E+000                  1.5878152081107877E+000                  1.6886826348075942E+001                  6.7259422551786097E-001                  3.0684048787377266E-001                  2.0565286608366318E-002                  1.0128162225965983E+001                  3.8545599882552550E-001                  2.4710137109762164E-043 
                                     871                  3.2086157246928138E-001                 -6.8810554608045238E-001                  7.1840281958734256E+000                  1.5937978202366891E+000                  1.6895548125809992E+001                  6.7119341191155268E-001                  3.0824240733273522E-001                  2.0564180755712091E-002                  1.0573097642613192E+001                  4.5141626677837599E-001                  3.6923161796470545E-043 
                                     872                  3.0973817567873219E-001                 -6.9497357166929430E-001                  7.1875269624416314E+000                  1.6002934654217478E+000                  1.6905015221022833E+001                  6.6957527011971274E-001                  3.0986196201004146E-001                  2.0562767870245802E-002                  1.1080423956311421E+001                  5.3646840035272114E-001                  5.7292194465688345E-043 
                                     873                  3.0014375455478998E-001                 -7.0107713639315750E-001                  7.1902703766286278E+000                  1.6053441162020574E+000                  1.6912372757117449E+001                  6.6824051594948930E-001                  3.1119799433121492E-001                  2.0561489719295833E-002                  1.1493185102030624E+001                  6.1404684283173050E-001                  8.0819337182561454E-043 
                                     874                  2.9372344111065346E-001                 -7.0526042369333575E-001                  7.1929803090920954E+000                  1.6102947063846034E+000                  1.6919579662009006E+001                  6.6685797490620435E-001                  3.1258196714836373E-001                  2.0560057945431920E-002                  1.1914003697329186E+001                  7.0152188054165443E-001                  1.1349458879998886E-042 
                                     875                  2.8445907325566833E-001                 -7.1144573606952977E-001                  7.1960948185271976E+000                  1.6159440025940870E+000                  1.6927794764070068E+001                  6.6519105552405011E-001                  3.1425076573612853E-001                  2.0558178739821353E-002                  1.2414450796167600E+001                  8.1735967549359678E-001                  1.6760635742657286E-042 
                                     876                  2.7597215051891483E-001                 -7.1727580317537698E-001                  7.1996236402130975E+000                  1.6222919126056214E+000                  1.6937010082786422E+001                  6.6318934573046628E-001                  3.1625495370818080E-001                  2.0555700561352919E-002                  1.3003539466760250E+001                  9.7162455898741529E-001                  2.6059539344952321E-042 
                                     877                  2.6461282233622563E-001                 -7.2534346689915252E-001                  7.2027606267165556E+000                  1.6278943694502412E+000                  1.6945126265327954E+001                  6.6130987191429291E-001                  3.1813698356121356E-001                  2.0553144524493527E-002                  1.3547848001438004E+001                  1.1328515408870017E+000                  3.8567319296781804E-042 
                                     878                  2.5870711146763531E-001                 -7.2966551405509583E-001                  7.2049276696389031E+000                  1.6317404406956824E+000                  1.6950687061191257E+001                  6.5994989624561862E-001                  3.1949894542967433E-001                  2.0551158324707108E-002                  1.3935285352726936E+001                  1.2595036848578238E+000                  5.0556123817251740E-042 
                                     879                  2.5280140059904493E-001                 -7.3408069564544320E-001                  7.2065924433160342E+000                  1.6346856900859297E+000                  1.6954935321123401E+001                  6.5886464766903030E-001                  3.2058586424909302E-001                  2.0549488081876621E-002                  1.4239329938023657E+001                  1.3663190365094586E+000                  6.2241846383647442E-042 
                                     880                  2.4974009921430013E-001                 -7.3640751348168976E-001                  7.2077352558557761E+000                  1.6366998002858248E+000                  1.6957838945660363E+001                  6.5810580554223630E-001                  3.2134591457382455E-001                  2.0548279883939147E-002                  1.4451459933424141E+001                  1.4448145783667985E+000                  7.1786617773325730E-042 
                                     881                  2.4667879782955526E-001                 -7.3876131093114239E-001                  7.2089235847065014E+000                  1.6390872893698976E+000                  1.6960847901075013E+001                  6.5643731203410172E-001                  3.2301786734252125E-001                  2.0544820623377036E-002                  1.4528169554163949E+001                  1.5364861520952320E+000                  8.4055353903141487E-042 
                                     882                  2.4341147956871123E-001                 -7.4130233271638390E-001                  7.2098487934817701E+000                  1.6404957676640162E+000                  1.6963188175816143E+001                  6.5643731203410161E-001                  3.2301786734252141E-001                  2.0544820623376925E-002                  1.4902234593568860E+001                  1.6032683783577397E+000                  9.3690588482675617E-042 
                                     883                  2.4177580746779234E-001                 -7.4258716858594997E-001                  7.2103123838470866E+000                  1.6412012023555602E+000                  1.6964360502185158E+001                  6.5643731203410138E-001                  3.2301786734252158E-001                  2.0544820623377036E-002                  1.5094059784433631E+001                  1.6377980292696166E+000                  9.8923179016200168E-042 
                                     884                  2.4095797141733258E-001                 -7.4323283625908609E-001                  7.2105443330775500E+000                  1.6415540774148536E+000                  1.6964946978344102E+001                  6.5643731203410138E-001                  3.2301786734252158E-001                  2.0544820623377036E-002                  1.5191158828570430E+001                  1.6553482920566487E+000                  1.0164911532879373E-041 
                                     885                  2.4054905339210308E-001                 -7.4355648984539413E-001                  7.2106603465356987E+000                  1.6417305548703933E+000                  1.6965240295498354E+001                  6.5643731203410138E-001                  3.2301786734252164E-001                  2.0544820623376925E-002                  1.5240008293574052E+001                  1.6641957439703567E+000                  1.0304039085179799E-041 
                                     886                  2.4034459437948835E-001                 -7.4371852250019166E-001                  7.2107183630171079E+000                  1.6418188036421404E+000                  1.6965386973948622E+001                  6.5643731203410138E-001                  3.2301786734252175E-001                  2.0544820623376925E-002                  1.5264508433338740E+001                  1.6686376719725204E+000                  1.0374322174877545E-041 
                                     887                  2.4024236487318060E-001                 -7.4379959040915111E-001                  7.2107473737011123E+000                  1.6418629305468455E+000                  1.6965460318155138E+001                  6.5643731203410116E-001                  3.2301786734252186E-001                  2.0544820623376925E-002                  1.5276777408042006E+001                  1.6708632018304181E+000                  1.0409645024566063E-041 
                                     888                  2.4019125012002687E-001                 -7.4384013727357634E-001                  7.2107618796545916E+000                  1.6418849946298868E+000                  1.6965496991505383E+001                  6.5643731203410083E-001                  3.2301786734252219E-001                  2.0544820623376925E-002                  1.5282916628231991E+001                  1.6719771101443699E+000                  1.0427351960537125E-041 
                                     889                  2.4016569274344995E-001                 -7.4386041393509716E-001                  7.2107721277061181E+000                  1.6419005820469825E+000                  1.6965522899962306E+001                  6.5643731203410050E-001                  3.2301786734252247E-001                  2.0544820623377036E-002                  1.5287255610881655E+001                  1.6727644957915806E+000                  1.0439879438366947E-041 
                                     890                  2.4013708435442518E-001                 -7.4388311375750171E-001                  7.2107800430712858E+000                  1.6419126215448057E+000                  1.6965542911200167E+001                  6.5643731203409994E-001                  3.2301786734252308E-001                  2.0544820623376925E-002                  1.5290607970894174E+001                  1.6733729056536288E+000                  1.0449565621050620E-041 
                                     891                  2.4012385760709462E-001                 -7.4389360966195062E-001                  7.2107854524470332E+000                  1.6419208492822417E+000                  1.6965556586840037E+001                  6.5643731203409927E-001                  3.2301786734252369E-001                  2.0544820623377036E-002                  1.5292899490123256E+001                  1.6737888193440462E+000                  1.0456190307958925E-041 
                                     892                  2.4010849438625423E-001                 -7.4390580166011377E-001                  7.2107901266318644E+000                  1.6419279588170925E+000                  1.6965568403850334E+001                  6.5643731203409850E-001                  3.2301786734252458E-001                  2.0544820623376925E-002                  1.5294879904444485E+001                  1.6741482882532315E+000                  1.0461917992291366E-041 
                                     893                  2.4009915371420071E-001                 -7.4391321464368432E-001                  7.2107927817871627E+000                  1.6419319973623034E+000                  1.6965575116461487E+001                  6.5643731203409672E-001                  3.2301786734252624E-001                  2.0544820623377036E-002                  1.5296005010681666E+001                  1.6743525172837923E+000                  1.0465172972441936E-041 
                                     894                  2.4009446153959527E-001                 -7.4391693857570751E-001                  7.2107945574061239E+000                  1.6419346981080518E+000                  1.6965579605472573E+001                  6.5643731203409506E-001                  3.2301786734252796E-001                  2.0544820623376925E-002                  1.5296757474388999E+001                  1.6744891078895949E+000                  1.0467350281631230E-041 
                                     895                  2.4008976936498982E-001                 -7.4392066258036860E-001                  7.2107961475940030E+000                  1.6419371168114882E+000                  1.6965583625689600E+001                  6.5643731203409295E-001                  3.2301786734253013E-001                  2.0544820623376925E-002                  1.5297431395108720E+001                  1.6746114434274291E+000                  1.0469300592562530E-041 
                                     896                  2.4008605725351928E-001                 -7.4392360879679809E-001                  7.2107973093116078E+000                  1.6419388838045630E+000                  1.6965586562674314E+001                  6.5643731203408962E-001                  3.2301786734253340E-001                  2.0544820623376925E-002                  1.5297923753140401E+001                  1.6747008216787358E+000                  1.0470725627608426E-041 
                                     897                  2.4008362960460181E-001                 -7.4392553558980001E-001                  7.2107981724218897E+000                  1.6419401966099127E+000                  1.6965588744737236E+001                  6.5643731203408595E-001                  3.2301786734253718E-001                  2.0544820623376925E-002                  1.5298289568121350E+001                  1.6747672292318339E+000                  1.0471784497076799E-041 
                                     898                  2.4008149566349157E-001                 -7.4392722928683963E-001                  7.2107988902340754E+000                  1.6419412884145399E+000                  1.6965590559466484E+001                  6.5643731203408107E-001                  3.2301786734254201E-001                  2.0544820623376925E-002                  1.5298593808997133E+001                  1.6748224595538364E+000                  1.0472665194899489E-041 
                                     899                  2.4007983593151672E-001                 -7.4392854661714802E-001                  7.2107994627472758E+000                  1.6419421592168499E+000                  1.6965592006859573E+001                  6.5643731203407518E-001                  3.2301786734254789E-001                  2.0544820623376925E-002                  1.5298836470927323E+001                  1.6748665114844876E+000                  1.0473367675297721E-041 
                                     900                  2.4007846990734891E-001                 -7.4392963083820485E-001                  7.2107998665177844E+000                  1.6419427733587677E+000                  1.6965593027647749E+001                  6.5643731203406486E-001                  3.2301786734255827E-001                  2.0544820623376925E-002                  1.5299007613424546E+001                  1.6748975802251755E+000                  1.0473863134593262E-041 
                                     901                  2.4007770199040646E-001                 -7.4393024034089872E-001                  7.2108001464083884E+000                  1.6419431990770943E+000                  1.6965593735250135E+001                  6.5643731203405364E-001                  3.2301786734256954E-001                  2.0544820623376814E-002                  1.5299126249441576E+001                  1.6749191171698643E+000                  1.0474206596816882E-041 
                                     902                  2.4007699067670288E-001                 -7.4393080491882213E-001                  7.2108004604524947E+000                  1.6419436767433961E+000                  1.6965594529197240E+001                  6.5643731203404243E-001                  3.2301786734258076E-001                  2.0544820623376814E-002                  1.5299259363281903E+001                  1.6749432824736379E+000                  1.0474591983152199E-041 
                                     903                  2.4007604225843160E-001                 -7.4393155769198416E-001                  7.2108008122203033E+000                  1.6419442117881562E+000                  1.6965595418515193E+001                  6.5643731203403366E-001                  3.2301786734258958E-001                  2.0544820623376703E-002                  1.5299408468736086E+001                  1.6749703509780838E+000                  1.0475023679713659E-041 
                                     904                  2.4007513157565308E-001                 -7.4393228051673754E-001                  7.2108010706913426E+000                  1.6419446049270632E+000                  1.6965596071966029E+001                  6.5643731203402456E-001                  3.2301786734259874E-001                  2.0544820623376703E-002                  1.5299518029181709E+001                  1.6749902405790971E+000                  1.0475340891865499E-041 
                                     905                  2.4007467623426379E-001                 -7.4393264193014275E-001                  7.2108011999269097E+000                  1.6419448014965612E+000                  1.6965596398691535E+001                  6.5643731203401467E-001                  3.2301786734260857E-001                  2.0544820623376703E-002                  1.5299572809779317E+001                  1.6750001854705296E+000                  1.0475499501577470E-041 
                                     906                  2.4007444856356919E-001                 -7.4393282263710059E-001                  7.2108012645447062E+000                  1.6419448997813306E+000                  1.6965596562054326E+001                  6.5643731203400346E-001                  3.2301786734261984E-001                  2.0544820623376703E-002                  1.5299600200171488E+001                  1.6750051579391125E+000                  1.0475578807344598E-041 
                                     907                  2.4007433472822184E-001                 -7.4393291299064213E-001                  7.2108013076232407E+000                  1.6419449653045042E+000                  1.6965596670962849E+001                  6.5643731203399647E-001                  3.2301786734262683E-001                  2.0544820623376703E-002                  1.5299618460467158E+001                  1.6750084729264809E+000                  1.0475631678191118E-041 
                                     908                  2.4007422089287450E-001                 -7.4393300334422985E-001                  7.2108013434426965E+000                  1.6419450197865086E+000                  1.6965596761519421E+001                  6.5643731203399225E-001                  3.2301786734263105E-001                  2.0544820623376703E-002                  1.5299633643777375E+001                  1.6750112293168475E+000                  1.0475675640078103E-041 
                                     909                  2.4007414542188890E-001                 -7.4393306324721054E-001                  7.2108013801528257E+000                  1.6567189379184839E+000                  1.6965596854332386E+001                  6.1435415939091231E-001                  3.6523855679306033E-001                  2.0407283816027411E-002                  1.3967014702973303E+001                  1.9243622022908358E+000                  1.6227153345857473E-041 
                                     910                  2.4007402686960497E-001                 -7.4393315419762140E-001                  7.2108014249329440E+000                  1.6567190127581986E+000                  1.6965596967753726E+001                  6.1435414114958797E-001                  3.6523857506978957E-001                  2.0407283780622398E-002                  1.3967023208396739E+001                  1.9243663691087274E+000                  1.6227241427851809E-041 
                                     911                  2.4007390831732103E-001                 -7.4393324514807380E-001                  7.2108014921031298E+000                  1.6567191250177531E+000                  1.6965597137885744E+001                  6.1435411378760085E-001                  3.6523860248488382E-001                  2.0407283727515324E-002                  1.3967035966541886E+001                  1.9243726193528310E+000                  1.6227373551747717E-041 
                                     912                  2.4007367121275319E-001                 -7.4393342704910059E-001                  7.2108016264435664E+000                  1.6567193495368477E+000                  1.6965597478149817E+001                  6.1435405906362550E-001                  3.6523865731507366E-001                  2.0407283621300842E-002                  1.3967061482879142E+001                  1.9243851199062836E+000                  1.6227637802860793E-041 
                                     913                  2.4007319700361751E-001                 -7.4393379085165401E-001                  7.2108018951246686E+000                  1.6567197985749396E+000                  1.6965598158678091E+001                  6.1435394961566991E-001                  3.6523876697545826E-001                  2.0407283408871768E-002                  1.3967112515730426E+001                  1.9244101212714930E+000                  1.6228166318314949E-041 
                                     914                  2.4007224858534615E-001                 -7.4393451845874814E-001                  7.2108025173345620E+000                  1.6567208384592824E+000                  1.6965599734638548E+001                  6.1435369613645263E-001                  3.6523902094659699E-001                  2.0407282916950376E-002                  1.3967230697425245E+001                  1.9244680204038149E+000                  1.6229390319603895E-041 
                                     915                  2.4006990249804316E-001                 -7.4393631834033058E-001                  7.2108034035165902E+000                  1.6567223195170206E+000                  1.6965601979193696E+001                  6.1435333509479351E-001                  3.6523938268902445E-001                  2.0407282216182043E-002                  1.3967399018706510E+001                  1.9245504864311584E+000                  1.6231133764437771E-041 
                                     916                  2.4006755641074023E-001                 -7.4393811823815548E-001                  7.2108047327950073E+000                  1.6567245411144118E+000                  1.6965605346027576E+001                  6.1435279349050909E-001                  3.6523992534465050E-001                  2.0407281164840363E-002                  1.3967651504283381E+001                  1.9246741927793238E+000                  1.6233749296598538E-041 
                                     917                  2.4006286423613438E-001                 -7.4394171808252607E-001                  7.2108073913746908E+000                  1.6567289843454325E+000                  1.6965612079708681E+001                  6.1435171015439172E-001                  3.6524101078388377E-001                  2.0407279061724459E-002                  1.3968156490056980E+001                  1.9249216315872553E+000                  1.6238981677842517E-041 
                                     918                  2.4005347988692258E-001                 -7.4394891796616636E-001                  7.2108127086254639E+000                  1.6567378708729203E+000                  1.6965625547124269E+001                  6.1434954319443724E-001                  3.6524318195109345E-001                  2.0407274854469248E-002                  1.3969166525682464E+001                  1.9254166125014491E+000                  1.6249451674335957E-041 
                                     919                  2.4003471118849906E-001                 -7.4396331851311415E-001                  7.2108219858645608E+000                  1.6567533750974501E+000                  1.6965649043745703E+001                  6.1434576219763948E-001                  3.6524697028941316E-001                  2.0407267512947413E-002                  1.3970928943329335E+001                  1.9262805263532530E+000                  1.6267735185061967E-041 
                                     920                  2.4000436180381418E-001                 -7.4398660670389472E-001                  7.2108418990170220E+000                  1.6567866527476967E+000                  1.6965699475666455E+001                  6.1433764363741583E-001                  3.6525510461868943E-001                  2.0407251743894683E-002                  1.3974712544299285E+001                  1.9281361726539825E+000                  1.6307049188280334E-041 
                                     921                  2.3992928701011978E-001                 -7.4404422601857068E-001                  7.2108790152892155E+000                  1.6568486737010839E+000                  1.6965793467274274E+001                  6.1432250229087393E-001                  3.6527027539318518E-001                  2.0407222315940832E-002                  1.3981767248410375E+001                  1.9315996458195555E+000                  1.6380579754625733E-041 
                                     922                  2.3980788947137965E-001                 -7.4413743291270418E-001                  7.2109357590953067E+000                  1.6569434782176695E+000                  1.6965937140556708E+001                  6.1429933108572798E-001                  3.6529349167850750E-001                  2.0407177235764573E-002                  1.3992558661062278E+001                  1.9369065436130088E+000                  1.6493633411819145E-041 
                                     923                  2.3962898783534167E-001                 -7.4427486989773239E-001                  7.2110275455601247E+000                  1.6570967955115927E+000                  1.6966169483438360E+001                  6.1426178840825807E-001                  3.6533110751598336E-001                  2.0407104075758520E-002                  1.4010029932455611E+001                  1.9455213227943979E+000                  1.6678153264758124E-041 
                                     924                  2.3932229931641935E-001                 -7.4451069681411608E-001                  7.2111628913905577E+000                  1.6573227824750854E+000                  1.6966511962090813E+001                  6.1420632725350988E-001                  3.6538667696644794E-001                  2.0406995780042125E-002                  1.4035828640897456E+001                  1.9582934429454351E+000                  1.6953995451063391E-041 
                                     925                  2.3891338129118969E-001                 -7.4482556742784378E-001                  7.2113176992884229E+000                  1.6575811675782153E+000                  1.6966903501274626E+001                  6.1414264721794753E-001                  3.6545048182001083E-001                  2.0406870962041634E-002                  1.4065387382416361E+001                  1.9730041732866548E+000                  1.7275089627783518E-041 
                                     926                  2.3850446326596000E-001                 -7.4514093650322444E-001                  7.2115496018109013E+000                  1.6705768068608595E+000                  1.6967490847985445E+001                  5.7930988207979273E-001                  4.0043695453125333E-001                  2.0253163388953999E-002                  1.3208301988443701E+001                  2.2735702413553818E+000                  2.4775351170020418E-041 
                                     927                  2.3768662721550063E-001                 -7.4575504830382555E-001                  7.2118580223760365E+000                  1.6710769392512814E+000                  1.6968274480498739E+001                  5.7923594654239874E-001                  4.0051100907774140E-001                  2.0253044379859864E-002                  1.3265880194265797E+001                  2.3074318187930345E+000                  2.5704302243193244E-041 
                                     928                  2.3686879116504128E-001                 -7.4637106502540940E-001                  7.2121863709257061E+000                  1.6716087459737992E+000                  1.6969107817307247E+001                  5.7915645800510673E-001                  4.0059062662167472E-001                  2.0252915373218494E-002                  1.3327422799167820E+001                  2.3440252729833966E+000                  2.6731398369221841E-041 
                                     929                  2.3594784297928259E-001                 -7.4706704628706455E-001                  7.2124477118090136E+000                  1.6720313478291648E+000                  1.6969770408227021E+001                  5.7909317875348976E-001                  4.0065400871837564E-001                  2.0252812528134601E-002                  1.3376601368194921E+001                  2.3735551129192496E+000                  2.7577858903404280E-041 
                                     930                  2.3548736888640326E-001                 -7.4741595562964991E-001                  7.2125784872762297E+000                  1.6722425956513929E+000                  1.6970101742069318E+001                  5.7906150185208716E-001                  4.0068573714805655E-001                  2.0252760999856290E-002                  1.3401275355989831E+001                  2.3884678704587112E+000                  2.8011344409700416E-041 
                                     931                  2.3525713183996358E-001                 -7.4759064111707751E-001                  7.2126657038400896E+000                  1.6723833980964067E+000                  1.6970322630187443E+001                  5.7904037137875108E-001                  4.0070690200953246E-001                  2.0252726611716509E-002                  1.3417755011666060E+001                  2.3984642403094267E+000                  2.8304189027718536E-041 
                                     932                  2.3502689479352382E-001                 -7.4776548092128403E-001                  7.2128156795746179E+000                  1.6880754479496849E+000                  1.6970703052621023E+001                  5.3771850840934765E-001                  4.4216924218673270E-001                  2.0112249403919646E-002                  1.2351969105676051E+001                  2.6388336013617248E+000                  4.1608693359643575E-041 
                                     933                  2.3446403630324517E-001                 -7.4817857984634284E-001                  7.2130277437579116E+000                  1.6884848816292941E+000                  1.6971243210352508E+001                  5.3750085822908944E-001                  4.4238739178969488E-001                  2.0111749981215676E-002                  1.2385079153005558E+001                  2.6665955615163965E+000                  4.2734214891730323E-041 
                                     934                  2.3390117781296674E-001                 -7.4859247001860019E-001                  7.2133460962395457E+000                  1.6890987306919387E+000                  1.6972053328601028E+001                  5.3717426862854134E-001                  4.4271473074801820E-001                  2.0111000623440400E-002                  1.2434948398229865E+001                  2.7088050360858777E+000                  4.4480649340654549E-041 
                                     935                  2.3277546083240966E-001                 -7.4942263976712820E-001                  7.2139839105040586E+000                  1.6903260014950718E+000                  1.6973673602705439E+001                  5.3651957949489282E-001                  4.4337145723391808E-001                  2.0108963271189051E-002                  1.2535432940376628E+001                  2.7951452195612738E+000                  4.8195389477749787E-041 
                                     936                  2.3052402687129547E-001                 -7.5109264595098468E-001                  7.2153969159417928E+000                  1.6969378156052666E+000                  1.6977251611809216E+001                  5.2489720094110115E-001                  4.5502947854705467E-001                  2.0073320511844184E-002                  6.7017837887343799E+000                  3.5418129561824352E+000                  6.2746435514180333E-041 
                                     937                  2.2531536316982176E-001                 -7.5497134285013623E-001                  7.2174999224282130E+000                  1.7001372694935875E+000                  1.6982570092464499E+001                  5.2489720094107128E-001                  4.5502947854708486E-001                  2.0073320511843851E-002                  6.9799022954505112E+000                  3.8966292535777081E+000                  8.0189970655521384E-041 
                                     938                  2.1946413220658245E-001                 -7.5942276072083070E-001                  7.2198338716686621E+000                  1.7036884980304696E+000                  1.6988473061351613E+001                  5.2489720094102121E-001                  4.5502947854713549E-001                  2.0073320511843296E-002                  7.3072080619459570E+000                  4.3315415759113129E+000                  1.0523157244494368E-040 
                                     939                  2.1306167465201598E-001                 -7.6441397424323942E-001                  7.2221147963213985E+000                  1.7071620243479868E+000                  1.6994244914694352E+001                  5.2489720094095649E-001                  4.5502947854720099E-001                  2.0073320511842518E-002                  7.6475288650176951E+000                  4.8027525886317006E+000                  1.3717949902660077E-040 
                                     940                  2.0751758905810194E-001                 -7.6884344084238876E-001                  7.2244680156575001E+000                  1.7107417218955456E+000                  1.7000195793376360E+001                  5.2489720094087711E-001                  4.5502947854728137E-001                  2.0073320511841519E-002                  8.0213919202699078E+000                  5.3418062614380775E+000                  1.8024304430457816E-040 
                                     941                  2.0075609179188048E-001                 -7.7438889934226429E-001                  7.2269690434034732E+000                  1.7145502020305756E+000                  1.7006524411007902E+001                  5.2489720094077774E-001                  4.5502947854738202E-001                  2.0073320511840187E-002                  8.4463236944901805E+000                  5.9802227615204009E+000                  2.4079338373872984E-040 
                                     942                  1.9448068440765526E-001                 -7.7968545298839920E-001                  7.2293560617254080E+000                  1.7181846337694182E+000                  1.7012564114073339E+001                  5.2489720094067049E-001                  4.5502947854749071E-001                  2.0073320511838855E-002                  8.8805504978973655E+000                  6.6594671953634537E+000                  3.1729714515200473E-040 
                                     943                  1.8834896897856249E-001                 -7.8500934737794026E-001                  7.2314966737700006E+000                  1.7214460135142815E+000                  1.7017982490193095E+001                  5.2489720094056413E-001                  4.5502947854759862E-001                  2.0073320511837300E-002                  9.2957732998812688E+000                  7.3329951901512151E+000                  4.0619348580029609E-040 
                                     944                  1.8339223937105495E-001                 -7.8942709988153736E-001                  7.2335219678761193E+000                  1.7245288646814276E+000                  1.7023106145324657E+001                  5.2489720094045578E-001                  4.5502947854770837E-001                  2.0073320511835857E-002                  9.7127254799722760E+000                  8.0318301428483139E+000                  5.1291983321681457E-040 
                                     945                  1.7788338683581192E-001                 -7.9446397680355463E-001                  7.2353707461011929E+000                  1.7273464903032130E+000                  1.7027786721768230E+001                  5.2489720094034964E-001                  4.5502947854781600E-001                  2.0073320511834414E-002                  1.0115372772819583E+001                  8.7269386583697965E+000                  6.3445760478479352E-040 
                                     946                  1.7387562221289668E-001                 -7.9821698353349368E-001                  7.2373517089130557E+000                  1.7303594389489423E+000                  1.7032795822811138E+001                  5.2489720094023029E-001                  4.5502947854793724E-001                  2.0073320511832415E-002                  1.0571518305444247E+001                  9.5374820290098050E+000                  7.9652090422691470E-040 
                                     947                  1.6770514283191937E-001                 -8.0415025577771293E-001                  7.2399095810550254E+000                  1.7342533225757200E+000                  1.7039267213801068E+001                  5.2489720094006542E-001                  4.5502947854810477E-001                  2.0073320511829751E-002                  1.1201506296678501E+001                  1.0694769501357611E+001                  1.0679318536592322E-039 
                                     948                  1.6079550036745202E-001                 -8.1103282065292626E-001                  7.2423509079757951E+000                  1.7379746909705014E+000                  1.7045448674986186E+001                  5.2489720093989678E-001                  4.5502947854827602E-001                  2.0073320511827197E-002                  1.1849524979575159E+001                  1.1928163876442277E+001                  1.4120801966219841E-039 
                                     949                  1.5529509086106408E-001                 -8.1670584823414849E-001                  7.2443433930884300E+000                  1.7410112196119325E+000                  1.7050493018121248E+001                  5.2489720093975212E-001                  4.5502947854842307E-001                  2.0073320511824866E-002                  1.2414942212143469E+001                  1.3037856923253312E+001                  1.7729527194822652E-039 
                                     950                  1.5071405487438075E-001                 -8.2157174370481878E-001                  7.2463274917309164E+000                  1.7440320675736600E+000                  1.7055513239385416E+001                  5.2489720093960224E-001                  4.5502947854857556E-001                  2.0073320511822201E-002                  1.3013039031276922E+001                  1.4243773293355423E+001                  2.2230992717321671E-039 
                                     951                  1.4529477554439349E-001                 -8.2750521514184805E-001                  7.2484593037813010E+000                  1.7472799231426055E+000                  1.7060909336642002E+001                  5.2489720093943415E-001                  4.5502947854874687E-001                  2.0073320511818982E-002                  1.3697666038036205E+001                  1.5662206124554178E+001                  2.8338017718064586E-039 
                                     952                  1.4002968267401686E-001                 -8.3346688499814714E-001                  7.2502017019406617E+000                  1.7499373165229670E+000                  1.7065322572079168E+001                  5.2489720093929093E-001                  4.5502947854889264E-001                  2.0073320511816428E-002                  1.4291854827900279E+001                  1.6924339175943462E+001                  3.4546132827748202E-039 
                                     953                  1.3661490410842275E-001                 -8.3744422374922645E-001                  7.2518470465264446E+000                  1.7524420945478560E+000                  1.7069485394407899E+001                  5.2489720093915226E-001                  4.5502947854903392E-001                  2.0073320511813764E-002                  1.4883181742349404E+001                  1.8207776123527402E+001                  4.1640818679871420E-039 
                                     954                  1.3185925928719505E-001                 -8.4313835584498020E-001                  7.2535124863974039E+000                  1.7549815807519080E+000                  1.7073703190550148E+001                  5.2489720093900738E-001                  4.5502947854918185E-001                  2.0073320511810766E-002                  1.5513750227829663E+001                  1.9604721447163140E+001                  5.0295758647764341E-039 
                                     955                  1.2839733156263125E-001                 -8.4740364079063524E-001                  7.2550774278762127E+000                  1.7573650153820446E+000                  1.7077663666386464E+001                  5.2489720093886771E-001                  4.5502947854932424E-001                  2.0073320511807990E-002                  1.6137092644148588E+001                  2.1013264054551748E+001                  6.0046874189680383E-039 
                                     956                  1.2416817169470176E-001                 -8.5276068391070814E-001                  7.2565854907838299E+000                  1.7596645104040680E+000                  1.7081482896498329E+001                  5.2489720093872949E-001                  4.5502947854946535E-001                  2.0073320511805104E-002                  1.6767836755580170E+001                  2.2464972937877775E+001                  7.1214440199691955E-039 
                                     957                  1.2103147085209706E-001                 -8.5684402447665475E-001                  7.2578941075521266E+000                  1.7616585569828893E+000                  1.7084795694062521E+001                  5.2489720093860714E-001                  4.5502947854959030E-001                  2.0073320511802550E-002                  1.7340181653917540E+001                  2.3804416201212909E+001                  8.2560894229142945E-039 
                                     958                  1.1780334101617550E-001                 -8.6115010320000562E-001                  7.2592628717356265E+000                  1.7637442528675165E+000                  1.7088260761531160E+001                  5.2489720093847658E-001                  4.5502947854972381E-001                  2.0073320511799553E-002                  1.7965001155615184E+001                  2.5289660061869657E+001                  9.6352003708006520E-039 
                                     959                  1.1440611709793566E-001                 -8.6580171334971723E-001                  7.2608131326549330E+000                  1.7661059081874466E+000                  1.7092184700275872E+001                  5.2489720093832559E-001                  4.5502947854987813E-001                  2.0073320511796222E-002                  1.8706588949888683E+001                  2.7082317471150180E+001                  1.1475028085381660E-038 
                                     960                  1.1033857249080717E-001                 -8.7154327162139145E-001                  7.2625486004016917E+000                  1.7687506794155567E+000                  1.7096578411129428E+001                  5.2489720093815251E-001                  4.5502947855005527E-001                  2.0073320511792225E-002                  1.9581974005475356E+001                  2.9238056039759542E+001                  1.3950996736629905E-038 
                                     961                  1.0610683645258805E-001                 -8.7772997157640187E-001                  7.2640448320428055E+000                  1.7710331499789664E+000                  1.7100368741069616E+001                  5.2489720093799974E-001                  4.5502947855021170E-001                  2.0073320511788562E-002                  2.0377284228704720E+001                  3.1231945562251703E+001                  1.6507113473492373E-038 
                                     962                  1.0323928546339825E-001                 -8.8205464302766368E-001                  7.2655405134429794E+000                  1.7733110810542843E+000                  1.7104153982368331E+001                  5.2489720093784431E-001                  4.5502947855037079E-001                  2.0073320511784898E-002                  2.1211716799003646E+001                  3.3358619447916745E+001                  1.9526114407712145E-038 
                                     963                  9.9043355775640995E-002                 -8.8858988054581411E-001                  7.2671613676688001E+000                  1.7757830869266873E+000                  1.7108259459655571E+001                  5.2489720093767223E-001                  4.5502947855054726E-001                  2.0073320511780457E-002                  2.2163317057964367E+001                  3.5824859583591511E+001                  2.3419354283654352E-038 
                                     964                  9.5651533242075260E-002                 -8.9406534974121332E-001                  7.2685386454974736E+000                  1.7778831577716563E+000                  1.7111747538180090E+001                  5.2489720093752334E-001                  4.5502947855070003E-001                  2.0073320511776682E-002                  2.3012520735638251E+001                  3.8061025162483148E+001                  2.7326729143761628E-038 
                                     965                  9.2640649159972152E-002                 -8.9908095044091141E-001                  7.2701591170123949E+000                  1.7803512853068106E+000                  1.7115848769591498E+001                  5.2489720093734527E-001                  4.5502947855088272E-001                  2.0073320511772019E-002                  2.4061957050425875E+001                  4.0868382530924691E+001                  3.2759226619475697E-038 
                                     966                  8.8164415400337023E-002                 -9.0682893625165151E-001                  7.2717858621451770E+000                  1.7828338609959333E+000                  1.7119970789587001E+001                  5.2489720093716263E-001                  4.5502947855107034E-001                  2.0073320511767023E-002                  2.5173622583700958E+001                  4.3892205274541418E+001                  3.9290995233430339E-038 
                                     967                  8.5208088810686061E-002                 -9.1215222681954777E-001                  7.2730873529388544E+000                  1.7848182262971160E+000                  1.7123266812617629E+001                  5.2489720093701431E-001                  4.5502947855122283E-001                  2.0073320511762915E-002                  2.6106951468120961E+001                  4.6469098379819727E+001                  4.5434719237175692E-038 
                                     968                  8.2259055552574761E-002                 -9.1763925277424729E-001                  7.2745106976837919E+000                  1.7869877536591670E+000                  1.7126870812122860E+001                  5.2489720093684977E-001                  4.5502947855139209E-001                  2.0073320511758141E-002                  2.7174767254451133E+001                  4.9458031874020399E+001                  5.3249315800635950E-038 
                                     969                  7.8798353899854887E-002                 -9.2432104002401527E-001                  7.2760572537923816E+000                  1.7893460426238355E+000                  1.7130787760093749E+001                  5.2489720093666803E-001                  4.5502947855157927E-001                  2.0073320511752701E-002                  2.8393758636754843E+001                  5.2920788183376004E+001                  6.3258729652556271E-038 
                                     970                  7.5361371890826742E-002                 -9.3123844944853185E-001                  7.2775693981579082E+000                  1.7916522541187632E+000                  1.7134617961420471E+001                  5.2489720093648740E-001                  4.5502947855176518E-001                  2.0073320511747372E-002                  2.9647911170318775E+001                  5.6537217878144077E+001                  7.4846993162034775E-038 
                                     971                  7.2121847118643875E-002                 -9.3803860829145413E-001                  7.2789566530288612E+000                  1.7937684171833599E+000                  1.7138132257049975E+001                  5.2489720093631942E-001                  4.5502947855193848E-001                  2.0073320511742043E-002                  3.0855527802573373E+001                  6.0068638860355001E+001                  8.7320920445667737E-038 
                                     972                  6.9297928464028907E-002                 -9.4420789573304653E-001                  7.2807432085809163E+000                  1.7964892180175502E+000                  1.7142653631511990E+001                  5.2489720093610015E-001                  4.5502947855216463E-001                  2.0073320511735160E-002                  3.2495278282706579E+001                  6.4937601707967744E+001                  1.0646645836278697E-037 
                                     973                  6.4380089597577336E-002                 -9.5554814085059225E-001                  7.2828734002600788E+000                  1.7997399677910375E+000                  1.7148051316431715E+001                  5.2489720093583336E-001                  4.5502947855244025E-001                  2.0073320511726389E-002                  3.4583776558427076E+001                  7.1254483695048080E+001                  1.3480973018022763E-037 
                                     974                  6.0233411287030948E-002                 -9.6577321545840422E-001                  7.2846790340053378E+000                  1.8024955684101214E+000                  1.7152626762110387E+001                  5.2489720093560333E-001                  4.5502947855267811E-001                  2.0073320511718507E-002                  3.6475024324652992E+001                  7.7080241965243346E+001                  1.6461733482989543E-037 
                                     975                  5.6819247868442099E-002                 -9.7471164857358050E-001                  7.2863996478074169E+000                  1.8051197190932784E+000                  1.7156985083170429E+001                  5.2489720093538106E-001                  4.5502947855290810E-001                  2.0073320511710846E-002                  3.8387312344801032E+001                  8.3067027479235932E+001                  1.9907893271519227E-037 
                                     976                  5.3129281166705615E-002                 -9.8497174084537387E-001                  7.2883693395737312E+000                  1.8081232096103175E+000                  1.7161973803796762E+001                  5.2489720093512315E-001                  4.5502947855317549E-001                  2.0073320511701409E-002                  4.0717112720298111E+001                  9.0484208774863916E+001                  2.4739160759850603E-037 
                                     977                  4.8821344936604574E-002                 -9.9785597621437139E-001                  7.2901077367191744E+000                  1.8107787540754792E+000                  1.7166381482280933E+001                  5.2489720093489201E-001                  4.5502947855341525E-001                  2.0073320511692749E-002                  4.2906705948855922E+001                  9.7571193596937817E+001                  2.9960648582724411E-037 
                                     978                  4.6225583121592514E-002                 -1.0061595330583930E+000                  7.2917459837868828E+000                  1.8132759783993786E+000                  1.7170529908957686E+001                  5.2489720093467218E-001                  4.5502947855364362E-001                  2.0073320511684201E-002                  4.5090931048580380E+001                  1.0474782436347147E+002                  3.5876446115437646E-037 
                                     979                  4.2401179016863230E-002                 -1.0192535763912556E+000                  7.2935529621648829E+000                  1.8160346947697037E+000                  1.7175109915892410E+001                  5.2489720093442682E-001                  4.5502947855389886E-001                  2.0073320511674320E-002                  4.7645511998314873E+001                  1.1326881805589073E+002                  4.3754052627740784E-037 
                                     980                  3.9306925500008111E-002                 -1.0307132540863682E+000                  7.2950677663412948E+000                  1.8183471044882140E+000                  1.7178949142206935E+001                  5.2489720093421921E-001                  4.5502947855411496E-001                  2.0073320511665882E-002                  4.9911056042385148E+001                  1.2093540405086264E+002                  5.1664420492786954E-037 
                                     981                  3.6716858183474470E-002                 -1.0409994795261619E+000                  7.2967561456800309E+000                  1.8209214789675197E+000                  1.7183225297679460E+001                  5.2489720093398606E-001                  4.5502947855435782E-001                  2.0073320511656112E-002                  5.2577050188176642E+001                  1.3008290972680120E+002                  6.2162104188910921E-037 
                                     982                  3.3083850308824242E-002                 -1.0566840299555214E+000                  7.2985468750365223E+000                  1.8236563121896225E+000                  1.7187765097763549E+001                  5.2489720093373682E-001                  4.5502947855461789E-001                  2.0073320511645232E-002                  5.5577487575119015E+001                  1.4053164758021282E+002                  7.5617223088695533E-037 
                                     983                  3.0306124228374136E-002                 -1.0698514589846995E+000                  7.3003133381443961E+000                  1.8263509630913677E+000                  1.7192240273057120E+001                  5.2489720093348957E-001                  4.5502947855487624E-001                  2.0073320511634130E-002                  5.8721391113314965E+001                  1.5164655630233673E+002                  9.1714254619803737E-037 
                                     984                  2.6909312694781244E-002                 -1.0876556316062342E+000                  7.3022979048686194E+000                  1.8293800386638674E+000                  1.7197270068708228E+001                  5.2489720093321035E-001                  4.5502947855516829E-001                  2.0073320511621362E-002                  6.2486626467647589E+001                  1.6516959308638292E+002                  1.1388442145725475E-036 
                                     985                  2.3599425084006104E-002                 -1.1072569229851263E+000                  7.3038132803615969E+000                  1.8316956045361561E+000                  1.7201114263363952E+001                  5.2489720093299685E-001                  4.5502947855539216E-001                  2.0073320511611037E-002                  6.5538323018697383E+001                  1.7629022060773798E+002                  1.3432816169265177E-036 
                                     986                  2.1979892307949892E-002                 -1.1178512616102694E+000                  7.3052299470753947E+000                  1.8338533979991061E+000                  1.7204702304983449E+001                  5.2489720093279679E-001                  4.5502947855560177E-001                  2.0073320511601489E-002                  6.8536104327582208E+001                  1.8734882976910217E+002                  1.5671340970630775E-036 
                                     987                  1.9080216339408786E-002                 -1.1388910683376974E+000                  7.3069762306160460E+000                  1.8365156470872663E+000                  1.7209129715874290E+001                  5.2489720093253966E-001                  4.5502947855587178E-001                  2.0073320511588610E-002                  7.2436401307581761E+001                  2.0192552596186059E+002                  1.8946148984495325E-036 
                                     988                  1.6638602167960898E-002                 -1.1592034732939753E+000                  7.3087774843400863E+000                  1.8392565202864257E+000                  1.7213694363703326E+001                  5.2489720093226255E-001                  4.5502947855616321E-001                  2.0073320511574178E-002                  7.6709022891336787E+001                  2.1812844314284681E+002                  2.3035561878335694E-036 
                                     989                  1.3788255742782361E-002                 -1.1870072829422458E+000                  7.3102886907627331E+000                  1.8415580607708841E+000                  1.7217528805554295E+001                  5.2489720093201686E-001                  4.5502947855642206E-001                  2.0073320511561077E-002                  8.0501736438720755E+001                  2.3270623567554995E+002                  2.7134349282386663E-036 
                                     990                  1.2445816067391010E-002                 -1.2021310905181648E+000                  7.3117501471900157E+000                  1.8437746244195201E+000                  1.7221230510282314E+001                  5.2489720093177206E-001                  4.5502947855668013E-001                  2.0073320511547754E-002                  8.4358031315983638E+001                  2.4770984933457368E+002                  3.1783211937763567E-036 
                                     991                  9.8531081735341777E-003                 -1.2365495889314551E+000                  7.3135383252618205E+000                  1.8464890005054251E+000                  1.7225765993548183E+001                  5.2489720093145387E-001                  4.5502947855701609E-001                  2.0073320511529991E-002                  8.9345238451767173E+001                  2.6737006220629405E+002                  3.8559011709486887E-036 
                                     992                  7.9678767358906267E-003                 -1.2677611343554334E+000                  7.3151545121782364E+000                  1.8489363700327626E+000                  1.7229863295378792E+001                  5.2489720093115111E-001                  4.5502947855733622E-001                  2.0073320511512671E-002                  9.4119849127400528E+001                  2.8645278742749872E+002                  4.5905672163202853E-036 
                                     993                  6.0629870783639054E-003                 -1.3078238383207861E+000                  7.3166871274196215E+000                  1.8512553740799444E+000                  1.7233750589234091E+001                  5.2489720093084624E-001                  4.5502947855765907E-001                  2.0073320511494686E-002                  9.8895839821397360E+001                  3.0578390094652252E+002                  5.4149771015288931E-036 
                                     994                  4.6702629850682298E-003                 -1.3460110509864096E+000                  7.3182168392835800E+000                  1.8535639536092701E+000                  1.7237628170152711E+001                  5.2489720093052517E-001                  4.5502947855799952E-001                  2.0073320511475368E-002                  1.0391564352479740E+002                  3.2635353973326050E+002                  6.3839763192106809E-036 
                                     995                  3.0319435818872056E-003                 -1.4090874172485475E+000                  7.3199312318592398E+000                  1.8561493508420850E+000                  1.7241976467982116E+001                  5.2489720093013559E-001                  4.5502947855841319E-001                  2.0073320511451165E-002                  1.0985934606760350E+002                  3.5102703561272455E+002                  7.6755652405122041E-036 
                                     996                  1.7137577760200982E-003                 -1.4921890614189148E+000                  7.3214523391476760E+000                  1.8584403220846870E+000                  1.7245835590770660E+001                  5.2489720092975600E-001                  4.5502947855881692E-001                  2.0073320511427073E-002                  1.1542916718827935E+002                  3.7444843285208952E+002                  9.0367193546865638E-036 
                                     997                  8.5214488482837809E-004                 -1.5937493167840560E+000                  7.3225432880948853E+000                  1.8600816841260597E+000                  1.7248603967058322E+001                  5.2489720092945447E-001                  4.5502947855913817E-001                  2.0073320511407422E-002                  1.1960378666006955E+002                  3.9218594733436754E+002                  1.0157923730931537E-035 
                                     998                  4.7021438490175196E-004                 -1.6800472098651822E+000                  7.3231962313224361E+000                  1.8610623982218462E+000                  1.7250260135026775E+001                  5.2489720092925896E-001                  4.5502947855934656E-001                  2.0073320511394543E-002                  1.2217657671405289E+002                  4.0319356611724578E+002                  1.0893848041444125E-035 
                                     999                  2.4010748426849714E-004                 -1.7775123166303035E+000                  7.3236561471512234E+000                  1.8617527700381991E+000                  1.7251426692939617E+001                  5.2489720092910896E-001                  4.5502947855950637E-001                  2.0073320511384662E-002                  1.2402306215533045E+002                  4.1112870361511864E+002                  1.1443723528685594E-035 
                                    1000                  1.2505403395162692E-004                 -1.8720530212080266E+000                  7.3239416425397597E+000                  1.8621810821244571E+000                  1.7252150771847017E+001                  5.2489720092900827E-001                  4.5502947855961379E-001                  2.0073320511377890E-002                  1.2518373300672935E+002                  4.1613140415128197E+002                  1.1798816966737483E-035 
                                    1001                  6.7527308793330010E-005                 -1.9613235947851697E+000                  7.3241168187179806E+000                  1.8624437972110059E+000                  1.7252595030396286E+001                  5.2489720092894188E-001                  4.5502947855968462E-001                  2.0073320511373449E-002                  1.2590144176749138E+002                  4.1923052905956928E+002                  1.2022084242423672E-035 
                                    1002                  3.8763946214106967E-005                 -2.0417131037580636E+000                  7.3242221633649356E+000                  1.8626017507251886E+000                  1.7252862181321191E+001                  5.2489720092889935E-001                  4.5502947855973008E-001                  2.0073320511370563E-002                  1.2633508590239657E+002                  4.2110512955556015E+002                  1.2158361111908860E-035 
                                    1003                  2.4382264924504217E-005                 -2.1088540586817013E+000                  7.3242836231868687E+000                  1.8626938914767119E+000                  1.7253018037875428E+001                  5.2489720092887315E-001                  4.5502947855975800E-001                  2.0073320511368786E-002                  1.2658879138881699E+002                  4.2220260095948612E+002                  1.2238573768101160E-035 
                                    1004                  1.7191424279683288E-005                 -2.1594545096887732E+000                  7.3243296508200988E+000                  1.8627628881803333E+000                  1.7253134755688631E+001                  5.2489720092885273E-001                  4.5502947855977982E-001                  2.0073320511367454E-002                  1.2677913584594123E+002                  4.2302633989648626E+002                  1.2298988865410959E-035 
                                    1005                  1.0000583634738224E-005                 -2.2378986385023860E+000                  7.3243763832587883E+000                  1.8628329398403278E+000                  1.7253253262667258E+001                  5.2489720092883063E-001                  4.5502947855980330E-001                  2.0073320511366122E-002                  1.2697269756907970E+002                  4.2386431015672014E+002                  1.2360631879460143E-035 
                                    1006                  5.0002917206267771E-006                 -2.3382551786785717E+000                  7.3244126032806811E+000                  1.8628872317363110E+000                  1.7253345112309514E+001                  5.2489720092881231E-001                  4.5502947855982301E-001                  2.0073320511364678E-002                  1.2712292759834065E+002                  4.2451490237367261E+002                  1.2408619138646844E-035 
                                    1007                  2.5001457634754384E-006                 -2.4386068291227918E+000                  7.3244354184446125E+000                  1.8629214289640030E+000                  1.7253402968416879E+001                  5.2489720092879966E-001                  4.5502947855983644E-001                  2.0073320511363901E-002                  1.2721765215721879E+002                  4.2492521670191189E+002                  1.2438941336012470E-035 
                                    1008                  1.2500727848997686E-006                 -2.5389553987588673E+000                  7.3244497902946462E+000                  1.8629429700711935E+000                  1.7253439413279175E+001                  5.2489720092879111E-001                  4.5502947855984555E-001                  2.0073320511363346E-002                  1.2727735886390123E+002                  4.2518388396438189E+002                  1.2458079766832497E-035 
                                    1009                  6.2503629561193387E-007                 -2.6393020256594557E+000                  7.3244588436730185E+000                  1.8629565394036502E+000                  1.7253462371226824E+001                  5.2489720092878533E-001                  4.5502947855985182E-001                  2.0073320511362791E-002                  1.2731498521288455E+002                  4.2534690773337525E+002                  1.2470150784862715E-035 
                                    1010                  3.1251805099577375E-007                 -2.7396474244034725E+000                  7.3244645468154239E+000                  1.8629650872613170E+000                  1.7253476833475350E+001                  5.2489720092878134E-001                  4.5502947855985598E-001                  2.0073320511362680E-002                  1.2733869367043057E+002                  4.2544963546224420E+002                  1.2477760831935838E-035 
                                    1011                  1.5625892863287178E-007                 -2.8399920407503014E+000                  7.3244693370745102E+000                  1.8629722668117239E+000                  1.7253488980759577E+001                  5.2489720092877767E-001                  4.5502947855985976E-001                  2.0073320511362569E-002                  1.2735861069590027E+002                  4.2553593869789961E+002                  1.2484156320658629E-035 
